[0;32mI (150) net_bench: begin cases=80 sweep=4[0m
[0;32mI (10948) net_bench: settings volume=128 balance=0 normalization=0[0m
[0;32mI (10953) net_bench: connected baseline: 20 seconds, decoder retained, no stream[0m
[0;32mI (30984) net_cpu: case=-1 valid=1 total_us=20047775 tasks_before=8 tasks_after=8 snapshot_bytes=1440[0m
[0;32mI (30986) net_cpu: case=-1 task=audio id=4 runtime_us=14635 existed=1[0m
[0;32mI (30992) net_cpu: case=-1 task=IDLE id=2 runtime_us=19661649 existed=1[0m
[0;32mI (30999) net_cpu: case=-1 task=tiT id=5 runtime_us=68038 existed=1[0m
[0;32mI (31006) net_cpu: case=-1 task=uiT id=1 runtime_us=41841 existed=1[0m
[0;32mI (31013) net_cpu: case=-1 task=ppT id=7 runtime_us=183223 existed=1[0m
[0;32mI (31020) net_cpu: case=-1 task=httpd id=9 runtime_us=92212 existed=1[0m
[0;32mI (31027) net_cpu: case=-1 task=sys_evt id=6 runtime_us=0 existed=1[0m
[0;32mI (31034) net_cpu: case=-1 task=Tmr Svc id=3 runtime_us=0 existed=1[0m
[0;32mI (31041) net_bench: case=0 path=/mp3-320?rate=0 output=0 begin rssi=-80 round=0 fixture=0 variant=0 wait_ms=0 read_limit=1024 batch=1[0m
[0;32mI (51196) net_cpu: case=0 valid=1 total_us=20072299 tasks_before=8 tasks_after=8 snapshot_bytes=1440[0m
[0;32mI (51198) net_cpu: case=0 task=audio id=4 runtime_us=2863352 existed=1[0m
[0;32mI (51203) net_cpu: case=0 task=IDLE id=2 runtime_us=2127945 existed=1[0m
[0;32mI (51210) net_cpu: case=0 task=tiT id=5 runtime_us=8648320 existed=1[0m
[0;32mI (51217) net_cpu: case=0 task=uiT id=1 runtime_us=38891 existed=1[0m
[0;32mI (51224) net_cpu: case=0 task=Tmr Svc id=3 runtime_us=0 existed=1[0m
[0;32mI (51231) net_cpu: case=0 task=httpd id=9 runtime_us=102241 existed=1[0m
[0;32mI (51238) net_cpu: case=0 task=ppT id=7 runtime_us=6293373 existed=1[0m
[0;32mI (51245) net_cpu: case=0 task=sys_evt id=6 runtime_us=0 existed=1[0m
[0;32mI (51254) net_bench: case=0 output=0 wall_us=20043528 bytes=4645544 open_us=81901 error=0 rssi=-79 heap_min=12840[0m
[0;32mI (51263) net_bench: case=0 recv_total_us=10974014 recv_positive_us=10592832 recv_empty_us=381182[0m
[0;32mI (51273) net_bench: case=0 cpu_lean=1 gap_metrics_valid=0 heap_is_final=1[0m
[0;32mI (51280) net_bench: case=0 sampled_heap_min=9612 rx_gap_tick_ms=306 wait_calls=826[0m
[0;32mI (51288) net_bench: case=0 calls=5660 empty=826 rx_gap_us=0 app_gap_us=0 empty_wait_us=0 recv_max_us=10100 commit_max_us=0 ready_max=0 ready_probes=0[0m
[0;32mI (51303) net_bench: case=0 pcm_frames=0 rate=0 eof=1885 underrun=1884 stack=1252[0m
[0;32mI (51311) net_bench: case=0 second=0 bytes=215272 rssi=-80[0m
[0;32mI (51317) net_bench: case=0 second=1 bytes=227720 rssi=-72[0m
[0;32mI (51323) net_bench: case=0 second=2 bytes=232944 rssi=-71[0m
[0;32mI (51329) net_bench: case=0 second=3 bytes=230992 rssi=-72[0m
[0;32mI (51335) net_bench: case=0 second=4 bytes=235816 rssi=-70[0m
[0;32mI (51341) net_bench: case=0 second=5 bytes=245376 rssi=-71[0m
[0;32mI (51347) net_bench: case=0 second=6 bytes=240384 rssi=-78[0m
[0;32mI (51354) net_bench: case=0 second=7 bytes=231744 rssi=-79[0m
[0;32mI (51360) net_bench: case=0 second=8 bytes=243496 rssi=-79[0m
[0;32mI (51366) net_bench: case=0 second=9 bytes=242032 rssi=-79[0m
[0;32mI (51372) net_bench: case=0 second=10 bytes=240168 rssi=-71[0m
[0;32mI (51378) net_bench: case=0 second=11 bytes=240672 rssi=-71[0m
[0;32mI (51385) net_bench: case=0 second=12 bytes=235384 rssi=-71[0m
[0;32mI (51391) net_bench: case=0 second=13 bytes=237912 rssi=-71[0m
[0;32mI (51397) net_bench: case=0 second=14 bytes=244128 rssi=-71[0m
[0;32mI (51403) net_bench: case=0 second=15 bytes=236288 rssi=-78[0m
[0;32mI (51409) net_bench: case=0 second=16 bytes=247256 rssi=-79[0m
[0;32mI (51416) net_bench: case=0 second=17 bytes=220016 rssi=-80[0m
[0;32mI (51422) net_bench: case=0 second=18 bytes=236488 rssi=-78[0m
[0;32mI (51428) net_bench: case=0 second=19 bytes=160536 rssi=-80[0m
[0;32mI (52435) net_bench: case=1 path=/mp3-320?rate=0 output=0 begin rssi=-80 round=0 fixture=0 variant=1 wait_ms=25 read_limit=1024 batch=1[0m
[0;32mI (72581) net_cpu: case=1 valid=1 total_us=20080409 tasks_before=8 tasks_after=8 snapshot_bytes=1440[0m
[0;32mI (72583) net_cpu: case=1 task=audio id=4 runtime_us=3557110 existed=1[0m
[0;32mI (72589) net_cpu: case=1 task=IDLE id=2 runtime_us=9973246 existed=1[0m
[0;32mI (72596) net_cpu: case=1 task=tiT id=5 runtime_us=3663443 existed=1[0m
[0;32mI (72603) net_cpu: case=1 task=uiT id=1 runtime_us=38756 existed=1[0m
[0;32mI (72610) net_cpu: case=1 task=httpd id=9 runtime_us=93605 existed=1[0m
[0;32mI (72617) net_cpu: case=1 task=ppT id=7 runtime_us=2755911 existed=1[0m
[0;32mI (72624) net_cpu: case=1 task=Tmr Svc id=3 runtime_us=0 existed=1[0m
[0;32mI (72631) net_cpu: case=1 task=sys_evt id=6 runtime_us=0 existed=1[0m
[0;32mI (72639) net_bench: case=1 output=0 wall_us=20050510 bytes=1773968 open_us=79628 error=0 rssi=-67 heap_min=12296[0m
[0;32mI (72649) net_bench: case=1 recv_total_us=3920960 recv_positive_us=3393097 recv_empty_us=527863[0m
[0;32mI (72658) net_bench: case=1 cpu_lean=1 gap_metrics_valid=0 heap_is_final=1[0m
[0;32mI (72666) net_bench: case=1 sampled_heap_min=9608 rx_gap_tick_ms=334 wait_calls=2018[0m
[0;32mI (72674) net_bench: case=1 calls=4915 empty=2018 rx_gap_us=0 app_gap_us=0 empty_wait_us=0 recv_max_us=7612 commit_max_us=0 ready_max=0 ready_probes=0[0m
[0;32mI (72688) net_bench: case=1 pcm_frames=0 rate=0 eof=1885 underrun=1884 stack=1244[0m
[0;32mI (72696) net_bench: case=1 second=0 bytes=98552 rssi=-71[0m
[0;32mI (72702) net_bench: case=1 second=1 bytes=43032 rssi=-81[0m
[0;32mI (72709) net_bench: case=1 second=2 bytes=98832 rssi=-74[0m
[0;32mI (72715) net_bench: case=1 second=3 bytes=22512 rssi=-85[0m
[0;32mI (72721) net_bench: case=1 second=4 bytes=135912 rssi=-80[0m
[0;32mI (72727) net_bench: case=1 second=5 bytes=93320 rssi=-81[0m
[0;32mI (72733) net_bench: case=1 second=6 bytes=97080 rssi=-71[0m
[0;32mI (72739) net_bench: case=1 second=7 bytes=84208 rssi=-71[0m
[0;32mI (72745) net_bench: case=1 second=8 bytes=12864 rssi=-71[0m
[0;32mI (72752) net_bench: case=1 second=9 bytes=78752 rssi=-73[0m
[0;32mI (72758) net_bench: case=1 second=10 bytes=84744 rssi=-71[0m
[0;32mI (72764) net_bench: case=1 second=11 bytes=90344 rssi=-79[0m
[0;32mI (72770) net_bench: case=1 second=12 bytes=123336 rssi=-78[0m
[0;32mI (72776) net_bench: case=1 second=13 bytes=133480 rssi=-79[0m
[0;32mI (72782) net_bench: case=1 second=14 bytes=87424 rssi=-80[0m
[0;32mI (72788) net_bench: case=1 second=15 bytes=130312 rssi=-80[0m
[0;32mI (72795) net_bench: case=1 second=16 bytes=58720 rssi=-71[0m
[0;32mI (72801) net_bench: case=1 second=17 bytes=72320 rssi=-70[0m
[0;32mI (72807) net_bench: case=1 second=18 bytes=82408 rssi=-70[0m
[0;32mI (72813) net_bench: case=1 second=19 bytes=145816 rssi=-72[0m
[0;32mI (73820) net_bench: case=2 path=/mp3-128?rate=128 output=1 begin rssi=-72 round=0 fixture=1 variant=0 wait_ms=0 read_limit=1024 batch=1[0m
[0;32mI (94930) net_cpu: case=2 valid=1 total_us=20053490 tasks_before=8 tasks_after=8 snapshot_bytes=1440[0m
[0;32mI (94932) net_cpu: case=2 task=audio id=4 runtime_us=15386948 existed=1[0m
[0;32mI (94938) net_cpu: case=2 task=IDLE id=2 runtime_us=2766845 existed=1[0m
[0;32mI (94945) net_cpu: case=2 task=uiT id=1 runtime_us=47405 existed=1[0m
[0;32mI (94952) net_cpu: case=2 task=tiT id=5 runtime_us=912943 existed=1[0m
[0;32mI (94959) net_cpu: case=2 task=ppT id=7 runtime_us=846080 existed=1[0m
[0;32mI (94966) net_cpu: case=2 task=httpd id=9 runtime_us=94745 existed=1[0m
[0;32mI (94973) net_cpu: case=2 task=Tmr Svc id=3 runtime_us=0 existed=1[0m
[0;32mI (94979) net_cpu: case=2 task=sys_evt id=6 runtime_us=0 existed=1[0m
[0;32mI (94988) net_bench: case=2 output=1 wall_us=20025611 bytes=317506 open_us=1070194 error=0 rssi=-80 heap_min=9732[0m
[0;32mI (94997) net_bench: case=2 recv_total_us=522183 recv_positive_us=503672 recv_empty_us=18511[0m
[0;32mI (95006) net_bench: case=2 cpu_lean=1 gap_metrics_valid=0 heap_is_final=1[0m
[0;32mI (95014) net_bench: case=2 sampled_heap_min=9724 rx_gap_tick_ms=117 wait_calls=127[0m
[0;32mI (95022) net_bench: case=2 calls=635 empty=127 rx_gap_us=0 app_gap_us=0 empty_wait_us=0 recv_max_us=2892 commit_max_us=79991 ready_max=0 ready_probes=0[0m
[0;32mI (95036) net_bench: case=2 pcm_frames=874368 rate=44100 eof=2394 underrun=195 stack=1244[0m
[0;32mI (95045) net_bench: case=2 second=0 bytes=14872 rssi=-79[0m
[0;32mI (95051) net_bench: case=2 second=1 bytes=16526 rssi=-70[0m
[0;32mI (95057) net_bench: case=2 second=2 bytes=15047 rssi=-79[0m
[0;32mI (95063) net_bench: case=2 second=3 bytes=16300 rssi=-71[0m
[0;32mI (95069) net_bench: case=2 second=4 bytes=16300 rssi=-71[0m
[0;32mI (95075) net_bench: case=2 second=5 bytes=15046 rssi=-72[0m
[0;32mI (95081) net_bench: case=2 second=6 bytes=16530 rssi=-81[0m
[0;32mI (95088) net_bench: case=2 second=7 bytes=16070 rssi=-81[0m
[0;32mI (95094) net_bench: case=2 second=8 bytes=16300 rssi=-80[0m
[0;32mI (95100) net_bench: case=2 second=9 bytes=15276 rssi=-80[0m
[0;32mI (95106) net_bench: case=2 second=10 bytes=16070 rssi=-71[0m
[0;32mI (95112) net_bench: case=2 second=11 bytes=16300 rssi=-71[0m
[0;32mI (95118) net_bench: case=2 second=12 bytes=15276 rssi=-71[0m
[0;32mI (95124) net_bench: case=2 second=13 bytes=16070 rssi=-71[0m
[0;32mI (95130) net_bench: case=2 second=14 bytes=16300 rssi=-71[0m
[0;32mI (95136) net_bench: case=2 second=15 bytes=16300 rssi=-70[0m
[0;32mI (95143) net_bench: case=2 second=16 bytes=15047 rssi=-71[0m
[0;32mI (95149) net_bench: case=2 second=17 bytes=16300 rssi=-79[0m
[0;32mI (95155) net_bench: case=2 second=18 bytes=16300 rssi=-80[0m
[0;32mI (95161) net_bench: case=2 second=19 bytes=15276 rssi=-81[0m
[0;32mI (96168) net_bench: case=3 path=/mp3-128?rate=128 output=1 begin rssi=-71 round=0 fixture=1 variant=1 wait_ms=25 read_limit=1024 batch=1[0m
[0;32mI (116296) net_cpu: case=3 valid=1 total_us=20062553 tasks_before=8 tasks_after=8 snapshot_bytes=1440[0m
[0;32mI (116298) net_cpu: case=3 task=audio id=4 runtime_us=15155681 existed=1[0m
[0;32mI (116304) net_cpu: case=3 task=IDLE id=2 runtime_us=3039849 existed=1[0m
[0;32mI (116311) net_cpu: case=3 task=tiT id=5 runtime_us=900611 existed=1[0m
[0;32mI (116318) net_cpu: case=3 task=uiT id=1 runtime_us=46812 existed=1[0m
[0;32mI (116325) net_cpu: case=3 task=httpd id=9 runtime_us=94457 existed=1[0m
[0;32mI (116333) net_cpu: case=3 task=ppT id=7 runtime_us=826426 existed=1[0m
[0;32mI (116339) net_cpu: case=3 task=Tmr Svc id=3 runtime_us=0 existed=1[0m
[0;32mI (116346) net_cpu: case=3 task=sys_evt id=6 runtime_us=0 existed=1[0m
[0;32mI (116355) net_bench: case=3 output=1 wall_us=20034630 bytes=312679 open_us=78474 error=0 rssi=-72 heap_min=9728[0m
[0;32mI (116364) net_bench: case=3 recv_total_us=527340 recv_positive_us=523410 recv_empty_us=3930[0m
[0;32mI (116373) net_bench: case=3 cpu_lean=1 gap_metrics_valid=0 heap_is_final=1[0m
[0;32mI (116381) net_bench: case=3 sampled_heap_min=9728 rx_gap_tick_ms=217 wait_calls=20[0m
[0;32mI (116389) net_bench: case=3 calls=523 empty=20 rx_gap_us=0 app_gap_us=0 empty_wait_us=0 recv_max_us=3221 commit_max_us=81867 ready_max=0 ready_probes=0[0m
[0;32mI (116403) net_bench: case=3 pcm_frames=861696 rate=44100 eof=2500 underrun=414 stack=1180[0m
[0;32mI (116412) net_bench: case=3 second=0 bytes=16352 rssi=-72[0m
[0;32mI (116418) net_bench: case=3 second=1 bytes=15726 rssi=-79[0m
[0;32mI (116424) net_bench: case=3 second=2 bytes=16456 rssi=-80[0m
[0;32mI (116430) net_bench: case=3 second=3 bytes=15276 rssi=-78[0m
[0;32mI (116437) net_bench: case=3 second=4 bytes=15882 rssi=-71[0m
[0;32mI (116443) net_bench: case=3 second=5 bytes=16071 rssi=-72[0m
[0;32mI (116449) net_bench: case=3 second=6 bytes=16300 rssi=-71[0m
[0;32mI (116455) net_bench: case=3 second=7 bytes=15046 rssi=-72[0m
[0;32mI (116461) net_bench: case=3 second=8 bytes=16300 rssi=-72[0m
[0;32mI (116467) net_bench: case=3 second=9 bytes=16300 rssi=-73[0m
[0;32mI (116474) net_bench: case=3 second=10 bytes=16300 rssi=-71[0m
[0;32mI (116480) net_bench: case=3 second=11 bytes=15046 rssi=-73[0m
[0;32mI (116486) net_bench: case=3 second=12 bytes=16300 rssi=-81[0m
[0;32mI (116492) net_bench: case=3 second=13 bytes=16300 rssi=-79[0m
[0;32mI (116498) net_bench: case=3 second=14 bytes=15276 rssi=-78[0m
[0;32mI (116505) net_bench: case=3 second=15 bytes=13563 rssi=-70[0m
[0;32mI (116511) net_bench: case=3 second=16 bytes=15046 rssi=-80[0m
[0;32mI (116517) net_bench: case=3 second=17 bytes=13792 rssi=-71[0m
[0;32mI (116523) net_bench: case=3 second=18 bytes=16300 rssi=-71[0m
[0;32mI (116530) net_bench: case=3 second=19 bytes=15047 rssi=-71[0m
[0;32mI (117538) net_bench: case=4 path=/mp3-320?rate=320 output=1 begin rssi=-81 round=0 fixture=2 variant=0 wait_ms=0 read_limit=1024 batch=1[0m
[0;32mI (137647) net_cpu: case=4 valid=1 total_us=20056099 tasks_before=8 tasks_after=8 snapshot_bytes=1440[0m
[0;32mI (137649) net_cpu: case=4 task=audio id=4 runtime_us=16039784 existed=1[0m
[0;32mI (137655) net_cpu: case=4 task=IDLE id=2 runtime_us=879768 existed=1[0m
[0;32mI (137662) net_cpu: case=4 task=tiT id=5 runtime_us=1655556 existed=1[0m
[0;32mI (137669) net_cpu: case=4 task=uiT id=1 runtime_us=42121 existed=1[0m
[0;32mI (137676) net_cpu: case=4 task=httpd id=9 runtime_us=86691 existed=1[0m
[0;32mI (137683) net_cpu: case=4 task=ppT id=7 runtime_us=1354033 existed=1[0m
[0;32mI (137690) net_cpu: case=4 task=Tmr Svc id=3 runtime_us=0 existed=1[0m
[0;32mI (137697) net_cpu: case=4 task=sys_evt id=6 runtime_us=0 existed=1[0m
[0;32mI (137707) net_bench: case=4 output=1 wall_us=20027959 bytes=602332 open_us=66740 error=0 rssi=-80 heap_min=10372[0m
[0;32mI (137715) net_bench: case=4 recv_total_us=1190372 recv_positive_us=1124315 recv_empty_us=66057[0m
[0;32mI (137724) net_bench: case=4 cpu_lean=1 gap_metrics_valid=0 heap_is_final=1[0m
[0;32mI (137732) net_bench: case=4 sampled_heap_min=9440 rx_gap_tick_ms=260 wait_calls=526[0m
[0;32mI (137740) net_bench: case=4 calls=1678 empty=526 rx_gap_us=0 app_gap_us=0 empty_wait_us=0 recv_max_us=3463 commit_max_us=37457 ready_max=0 ready_probes=0[0m
[0;32mI (137755) net_bench: case=4 pcm_frames=663552 rate=44100 eof=7773 underrun=3754 stack=1180[0m
[0;32mI (137764) net_bench: case=4 second=0 bytes=30772 rssi=-71[0m
[0;32mI (137770) net_bench: case=4 second=1 bytes=30302 rssi=-70[0m
[0;32mI (137776) net_bench: case=4 second=2 bytes=31347 rssi=-72[0m
[0;32mI (137782) net_bench: case=4 second=3 bytes=30302 rssi=-71[0m
[0;32mI (137788) net_bench: case=4 second=4 bytes=30302 rssi=-79[0m
[0;32mI (137795) net_bench: case=4 second=5 bytes=31347 rssi=-81[0m
[0;32mI (137801) net_bench: case=4 second=6 bytes=31347 rssi=-80[0m
[0;32mI (137808) net_bench: case=4 second=7 bytes=30302 rssi=-81[0m
[0;32mI (137813) net_bench: case=4 second=8 bytes=30302 rssi=-79[0m
[0;32mI (137819) net_bench: case=4 second=9 bytes=31347 rssi=-72[0m
[0;32mI (137825) net_bench: case=4 second=10 bytes=31347 rssi=-70[0m
[0;32mI (137831) net_bench: case=4 second=11 bytes=30302 rssi=-72[0m
[0;32mI (137838) net_bench: case=4 second=12 bytes=31347 rssi=-72[0m
[0;32mI (137844) net_bench: case=4 second=13 bytes=31347 rssi=-79[0m
[0;32mI (137850) net_bench: case=4 second=14 bytes=28298 rssi=-80[0m
[0;32mI (137856) net_bench: case=4 second=15 bytes=26037 rssi=-81[0m
[0;32mI (137863) net_bench: case=4 second=16 bytes=31347 rssi=-80[0m
[0;32mI (137869) net_bench: case=4 second=17 bytes=31347 rssi=-80[0m
[0;32mI (137875) net_bench: case=4 second=18 bytes=22988 rssi=-81[0m
[0;32mI (137881) net_bench: case=4 second=19 bytes=30302 rssi=-71[0m
[0;32mI (138889) net_bench: case=5 path=/mp3-320?rate=320 output=1 begin rssi=-70 round=0 fixture=2 variant=1 wait_ms=25 read_limit=1024 batch=1[0m
[0;32mI (159026) net_cpu: case=5 valid=1 total_us=20072170 tasks_before=8 tasks_after=8 snapshot_bytes=1440[0m
[0;32mI (159028) net_cpu: case=5 task=audio id=4 runtime_us=16441693 existed=1[0m
[0;32mI (159034) net_cpu: case=5 task=IDLE id=2 runtime_us=468248 existed=1[0m
[0;32mI (159041) net_cpu: case=5 task=uiT id=1 runtime_us=42204 existed=1[0m
[0;32mI (159048) net_cpu: case=5 task=tiT id=5 runtime_us=1683970 existed=1[0m
[0;32mI (159055) net_cpu: case=5 task=httpd id=9 runtime_us=89441 existed=1[0m
[0;32mI (159062) net_cpu: case=5 task=ppT id=7 runtime_us=1347216 existed=1[0m
[0;32mI (159069) net_cpu: case=5 task=Tmr Svc id=3 runtime_us=0 existed=1[0m
[0;32mI (159076) net_cpu: case=5 task=sys_evt id=6 runtime_us=0 existed=1[0m
[0;32mI (159085) net_bench: case=5 output=1 wall_us=20044051 bytes=622185 open_us=77765 error=0 rssi=-71 heap_min=10372[0m
[0;32mI (159094) net_bench: case=5 recv_total_us=1170994 recv_positive_us=1170277 recv_empty_us=717[0m
[0;32mI (159103) net_bench: case=5 cpu_lean=1 gap_metrics_valid=0 heap_is_final=1[0m
[0;32mI (159111) net_bench: case=5 sampled_heap_min=9548 rx_gap_tick_ms=39 wait_calls=4[0m
[0;32mI (159119) net_bench: case=5 calls=1195 empty=4 rx_gap_us=0 app_gap_us=0 empty_wait_us=0 recv_max_us=5889 commit_max_us=38072 ready_max=0 ready_probes=0[0m
[0;32mI (159133) net_bench: case=5 pcm_frames=685440 rate=44100 eof=7344 underrun=3403 stack=1180[0m
[0;32mI (159142) net_bench: case=5 second=0 bytes=30772 rssi=-81[0m
[0;32mI (159148) net_bench: case=5 second=1 bytes=31347 rssi=-79[0m
[0;32mI (159155) net_bench: case=5 second=2 bytes=31347 rssi=-79[0m
[0;32mI (159161) net_bench: case=5 second=3 bytes=30302 rssi=-80[0m
[0;32mI (159167) net_bench: case=5 second=4 bytes=31347 rssi=-72[0m
[0;32mI (159173) net_bench: case=5 second=5 bytes=30302 rssi=-72[0m
[0;32mI (159179) net_bench: case=5 second=6 bytes=31347 rssi=-71[0m
[0;32mI (159185) net_bench: case=5 second=7 bytes=31347 rssi=-71[0m
[0;32mI (159191) net_bench: case=5 second=8 bytes=30323 rssi=-71[0m
[0;32mI (159198) net_bench: case=5 second=9 bytes=32371 rssi=-79[0m
[0;32mI (159204) net_bench: case=5 second=10 bytes=30302 rssi=-79[0m
[0;32mI (159210) net_bench: case=5 second=11 bytes=31347 rssi=-79[0m
[0;32mI (159216) net_bench: case=5 second=12 bytes=31347 rssi=-71[0m
[0;32mI (159222) net_bench: case=5 second=13 bytes=31347 rssi=-71[0m
[0;32mI (159229) net_bench: case=5 second=14 bytes=31347 rssi=-72[0m
[0;32mI (159235) net_bench: case=5 second=15 bytes=30302 rssi=-72[0m
[0;32mI (159241) net_bench: case=5 second=16 bytes=31347 rssi=-72[0m
[0;32mI (159247) net_bench: case=5 second=17 bytes=31347 rssi=-78[0m
[0;32mI (159254) net_bench: case=5 second=18 bytes=31347 rssi=-79[0m
[0;32mI (159260) net_bench: case=5 second=19 bytes=31347 rssi=-71[0m
[0;32mI (160267) net_bench: case=6 path=/aac-64?rate=64 output=1 begin rssi=-79 round=0 fixture=3 variant=0 wait_ms=0 read_limit=1024 batch=1[0m
[0;32mI (180590) net_cpu: case=6 valid=1 total_us=20264836 tasks_before=8 tasks_after=8 snapshot_bytes=1440[0m
[0;32mI (180592) net_cpu: case=6 task=audio id=4 runtime_us=12140995 existed=1[0m
[0;32mI (180598) net_cpu: case=6 task=IDLE id=2 runtime_us=7004135 existed=1[0m
[0;32mI (180606) net_cpu: case=6 task=uiT id=1 runtime_us=47379 existed=1[0m
[0;32mI (180613) net_cpu: case=6 task=tiT id=5 runtime_us=465416 existed=1[0m
[0;32mI (180620) net_cpu: case=6 task=httpd id=9 runtime_us=98729 existed=1[0m
[0;32mI (180627) net_cpu: case=6 task=ppT id=7 runtime_us=508484 existed=1[0m
[0;32mI (180634) net_cpu: case=6 task=Tmr Svc id=3 runtime_us=0 existed=1[0m
[0;32mI (180641) net_cpu: case=6 task=sys_evt id=6 runtime_us=0 existed=1[0m
[0;32mI (180649) net_bench: case=6 output=1 wall_us=20236648 bytes=139971 open_us=71783 error=0 rssi=-72 heap_min=11380[0m
[0;32mI (180659) net_bench: case=6 recv_total_us=230427 recv_positive_us=217784 recv_empty_us=12643[0m
[0;32mI (180668) net_bench: case=6 cpu_lean=1 gap_metrics_valid=0 heap_is_final=1[0m
[0;32mI (180675) net_bench: case=6 sampled_heap_min=11056 rx_gap_tick_ms=241 wait_calls=101[0m
[0;32mI (180684) net_bench: case=6 calls=296 empty=101 rx_gap_us=0 app_gap_us=0 empty_wait_us=0 recv_max_us=2777 commit_max_us=181185 ready_max=0 ready_probes=0[0m
[0;32mI (180698) net_bench: case=6 pcm_frames=781312 rate=44100 eof=4201 underrun=1928 stack=1180[0m
[0;32mI (180707) net_bench: case=6 second=0 bytes=7222 rssi=-79[0m
[0;32mI (180713) net_bench: case=6 second=1 bytes=6715 rssi=-79[0m
[0;32mI (180719) net_bench: case=6 second=2 bytes=7154 rssi=-71[0m
[0;32mI (180725) net_bench: case=6 second=3 bytes=7143 rssi=-73[0m
[0;32mI (180731) net_bench: case=6 second=4 bytes=7070 rssi=-71[0m
[0;32mI (180737) net_bench: case=6 second=5 bytes=6106 rssi=-71[0m
[0;32mI (180743) net_bench: case=6 second=6 bytes=7377 rssi=-78[0m
[0;32mI (180750) net_bench: case=6 second=7 bytes=6785 rssi=-81[0m
[0;32mI (180756) net_bench: case=6 second=8 bytes=7090 rssi=-81[0m
[0;32mI (180762) net_bench: case=6 second=9 bytes=7148 rssi=-80[0m
[0;32mI (180768) net_bench: case=6 second=10 bytes=7132 rssi=-79[0m
[0;32mI (180774) net_bench: case=6 second=11 bytes=7279 rssi=-79[0m
[0;32mI (180780) net_bench: case=6 second=12 bytes=6112 rssi=-79[0m
[0;32mI (180786) net_bench: case=6 second=13 bytes=7011 rssi=-72[0m
[0;32mI (180792) net_bench: case=6 second=14 bytes=6922 rssi=-72[0m
[0;32mI (180798) net_bench: case=6 second=15 bytes=7135 rssi=-80[0m
[0;32mI (180805) net_bench: case=6 second=16 bytes=7162 rssi=-79[0m
[0;32mI (180811) net_bench: case=6 second=17 bytes=7247 rssi=-72[0m
[0;32mI (180817) net_bench: case=6 second=18 bytes=6945 rssi=-71[0m
[0;32mI (180823) net_bench: case=6 second=19 bytes=6192 rssi=-71[0m
[0;32mI (181830) net_bench: case=7 path=/aac-64?rate=64 output=1 begin rssi=-71 round=0 fixture=3 variant=1 wait_ms=25 read_limit=1024 batch=1[0m
[0;32mI (202029) net_cpu: case=7 valid=1 total_us=20138663 tasks_before=8 tasks_after=8 snapshot_bytes=1440[0m
[0;32mI (202032) net_cpu: case=7 task=audio id=4 runtime_us=12024160 existed=1[0m
[0;32mI (202038) net_cpu: case=7 task=uiT id=1 runtime_us=46944 existed=1[0m
[0;32mI (202045) net_cpu: case=7 task=IDLE id=2 runtime_us=7011025 existed=1[0m
[0;32mI (202052) net_cpu: case=7 task=tiT id=5 runtime_us=455227 existed=1[0m
[0;32mI (202059) net_cpu: case=7 task=httpd id=9 runtime_us=98090 existed=1[0m
[0;32mI (202066) net_cpu: case=7 task=ppT id=7 runtime_us=503433 existed=1[0m
[0;32mI (202073) net_cpu: case=7 task=Tmr Svc id=3 runtime_us=0 existed=1[0m
[0;32mI (202080) net_cpu: case=7 task=sys_evt id=6 runtime_us=0 existed=1[0m
[0;32mI (202089) net_bench: case=7 output=1 wall_us=20110667 bytes=138947 open_us=73000 error=0 rssi=-71 heap_min=12052[0m
[0;32mI (202098) net_bench: case=7 recv_total_us=214385 recv_positive_us=213195 recv_empty_us=1190[0m
[0;32mI (202107) net_bench: case=7 cpu_lean=1 gap_metrics_valid=0 heap_is_final=1[0m
[0;32mI (202115) net_bench: case=7 sampled_heap_min=11392 rx_gap_tick_ms=222 wait_calls=6[0m
[0;32mI (202123) net_bench: case=7 calls=200 empty=6 rx_gap_us=0 app_gap_us=0 empty_wait_us=0 recv_max_us=2823 commit_max_us=180196 ready_max=0 ready_probes=0[0m
[0;32mI (202138) net_bench: case=7 pcm_frames=775168 rate=44100 eof=4193 underrun=1938 stack=1180[0m
[0;32mI (202146) net_bench: case=7 second=0 bytes=6877 rssi=-71[0m
[0;32mI (202152) net_bench: case=7 second=1 bytes=7060 rssi=-71[0m
[0;32mI (202159) net_bench: case=7 second=2 bytes=7154 rssi=-73[0m
[0;32mI (202165) net_bench: case=7 second=3 bytes=7143 rssi=-73[0m
[0;32mI (202171) net_bench: case=7 second=4 bytes=6046 rssi=-71[0m
[0;32mI (202177) net_bench: case=7 second=5 bytes=7130 rssi=-71[0m
[0;32mI (202183) net_bench: case=7 second=6 bytes=6883 rssi=-80[0m
[0;32mI (202189) net_bench: case=7 second=7 bytes=7279 rssi=-71[0m
[0;32mI (202195) net_bench: case=7 second=8 bytes=7090 rssi=-71[0m
[0;32mI (202201) net_bench: case=7 second=9 bytes=7148 rssi=-72[0m
[0;32mI (202207) net_bench: case=7 second=10 bytes=6108 rssi=-71[0m
[0;32mI (202213) net_bench: case=7 second=11 bytes=7279 rssi=-80[0m
[0;32mI (202219) net_bench: case=7 second=12 bytes=6731 rssi=-79[0m
[0;32mI (202225) net_bench: case=7 second=13 bytes=7071 rssi=-80[0m
[0;32mI (202232) net_bench: case=7 second=14 bytes=7267 rssi=-71[0m
[0;32mI (202238) net_bench: case=7 second=15 bytes=7135 rssi=-80[0m
[0;32mI (202244) net_bench: case=7 second=16 bytes=7162 rssi=-82[0m
[0;32mI (202250) net_bench: case=7 second=17 bytes=6223 rssi=-81[0m
[0;32mI (202256) net_bench: case=7 second=18 bytes=6945 rssi=-72[0m
[0;32mI (202262) net_bench: case=7 second=19 bytes=7216 rssi=-71[0m
[0;32mI (203269) net_bench: case=8 path=/mp3-320?rate=0 output=0 begin rssi=-71 round=1 fixture=0 variant=1 wait_ms=25 read_limit=1024 batch=1[0m
[0;32mI (223390) net_cpu: case=8 valid=1 total_us=20058537 tasks_before=8 tasks_after=8 snapshot_bytes=1440[0m
[0;32mI (223394) net_cpu: case=8 task=audio id=4 runtime_us=3803288 existed=1[0m
[0;32mI (223400) net_cpu: case=8 task=IDLE id=2 runtime_us=9866167 existed=1[0m
[0;32mI (223407) net_cpu: case=8 task=tiT id=5 runtime_us=3595576 existed=1[0m
[0;32mI (223414) net_cpu: case=8 task=uiT id=1 runtime_us=38358 existed=1[0m
[0;32mI (223421) net_cpu: case=8 task=httpd id=9 runtime_us=92353 existed=1[0m
[0;32mI (223428) net_cpu: case=8 task=ppT id=7 runtime_us=2663177 existed=1[0m
[0;32mI (223435) net_cpu: case=8 task=Tmr Svc id=3 runtime_us=0 existed=1[0m
[0;32mI (223442) net_cpu: case=8 task=sys_evt id=6 runtime_us=0 existed=1[0m
[0;32mI (223451) net_bench: case=8 output=0 wall_us=20030535 bytes=1730632 open_us=75270 error=0 rssi=-79 heap_min=12964[0m
[0;32mI (223460) net_bench: case=8 recv_total_us=3802089 recv_positive_us=3213951 recv_empty_us=588138[0m
[0;32mI (223470) net_bench: case=8 cpu_lean=1 gap_metrics_valid=0 heap_is_final=1[0m
[0;32mI (223477) net_bench: case=8 sampled_heap_min=10380 rx_gap_tick_ms=651 wait_calls=2196[0m
[0;32mI (223486) net_bench: case=8 calls=5243 empty=2196 rx_gap_us=0 app_gap_us=0 empty_wait_us=0 recv_max_us=5746 commit_max_us=0 ready_max=0 ready_probes=0[0m
[0;32mI (223500) net_bench: case=8 pcm_frames=0 rate=0 eof=1883 underrun=1882 stack=1180[0m
[0;32mI (223508) net_bench: case=8 second=0 bytes=77352 rssi=-71[0m
[0;32mI (223514) net_bench: case=8 second=1 bytes=108864 rssi=-70[0m
[0;32mI (223521) net_bench: case=8 second=2 bytes=124352 rssi=-71[0m
[0;32mI (223527) net_bench: case=8 second=3 bytes=74504 rssi=-70[0m
[0;32mI (223533) net_bench: case=8 second=4 bytes=64328 rssi=-71[0m
[0;32mI (223539) net_bench: case=8 second=5 bytes=78312 rssi=-79[0m
[0;32mI (223545) net_bench: case=8 second=6 bytes=5896 rssi=-80[0m
[0;32mI (223551) net_bench: case=8 second=7 bytes=76648 rssi=-81[0m
[0;32mI (223558) net_bench: case=8 second=8 bytes=76704 rssi=-80[0m
[0;32mI (223564) net_bench: case=8 second=9 bytes=34064 rssi=-80[0m
[0;32mI (223570) net_bench: case=8 second=10 bytes=68424 rssi=-72[0m
[0;32mI (223576) net_bench: case=8 second=11 bytes=75928 rssi=-72[0m
[0;32mI (223582) net_bench: case=8 second=12 bytes=75872 rssi=-71[0m
[0;32mI (223588) net_bench: case=8 second=13 bytes=134248 rssi=-71[0m
[0;32mI (223595) net_bench: case=8 second=14 bytes=98496 rssi=-71[0m
[0;32mI (223601) net_bench: case=8 second=15 bytes=101760 rssi=-81[0m
[0;32mI (223607) net_bench: case=8 second=16 bytes=77184 rssi=-80[0m
[0;32mI (223614) net_bench: case=8 second=17 bytes=154616 rssi=-80[0m
[0;32mI (223620) net_bench: case=8 second=18 bytes=136248 rssi=-78[0m
[0;32mI (223626) net_bench: case=8 second=19 bytes=86832 rssi=-80[0m
[0;32mI (224633) net_bench: case=9 path=/mp3-320?rate=0 output=0 begin rssi=-79 round=1 fixture=0 variant=0 wait_ms=0 read_limit=1024 batch=1[0m
[0;32mI (244746) net_cpu: case=9 valid=1 total_us=20060864 tasks_before=8 tasks_after=8 snapshot_bytes=1440[0m
[0;32mI (244748) net_cpu: case=9 task=audio id=4 runtime_us=3898173 existed=1[0m
[0;32mI (244754) net_cpu: case=9 task=IDLE id=2 runtime_us=8539702 existed=1[0m
[0;32mI (244761) net_cpu: case=9 task=uiT id=1 runtime_us=38123 existed=1[0m
[0;32mI (244768) net_cpu: case=9 task=tiT id=5 runtime_us=4235395 existed=1[0m
[0;32mI (244775) net_cpu: case=9 task=httpd id=9 runtime_us=98673 existed=1[0m
[0;32mI (244782) net_cpu: case=9 task=ppT id=7 runtime_us=3250814 existed=1[0m
[0;32mI (244789) net_cpu: case=9 task=Tmr Svc id=3 runtime_us=0 existed=1[0m
[0;32mI (244796) net_cpu: case=9 task=sys_evt id=6 runtime_us=0 existed=1[0m
[0;32mI (244805) net_bench: case=9 output=0 wall_us=20032662 bytes=2170472 open_us=63983 error=0 rssi=-71 heap_min=10948[0m
[0;32mI (244814) net_bench: case=9 recv_total_us=6181344 recv_positive_us=4192570 recv_empty_us=1988774[0m
[0;32mI (244824) net_bench: case=9 cpu_lean=1 gap_metrics_valid=0 heap_is_final=1[0m
[0;32mI (244831) net_bench: case=9 sampled_heap_min=10948 rx_gap_tick_ms=325 wait_calls=10059[0m
[0;32mI (244840) net_bench: case=9 calls=13857 empty=10059 rx_gap_us=0 app_gap_us=0 empty_wait_us=0 recv_max_us=9580 commit_max_us=0 ready_max=0 ready_probes=0[0m
[0;32mI (244854) net_bench: case=9 pcm_frames=0 rate=0 eof=1883 underrun=1883 stack=1180[0m
[0;32mI (244862) net_bench: case=9 second=0 bytes=103872 rssi=-79[0m
[0;32mI (244869) net_bench: case=9 second=1 bytes=103984 rssi=-80[0m
[0;32mI (244875) net_bench: case=9 second=2 bytes=103120 rssi=-80[0m
[0;32mI (244881) net_bench: case=9 second=3 bytes=149080 rssi=-81[0m
[0;32mI (244887) net_bench: case=9 second=4 bytes=63496 rssi=-71[0m
[0;32mI (244894) net_bench: case=9 second=5 bytes=97512 rssi=-71[0m
[0;32mI (244900) net_bench: case=9 second=6 bytes=150440 rssi=-72[0m
[0;32mI (244906) net_bench: case=9 second=7 bytes=100584 rssi=-70[0m
[0;32mI (244912) net_bench: case=9 second=8 bytes=137384 rssi=-71[0m
[0;32mI (244918) net_bench: case=9 second=9 bytes=74264 rssi=-81[0m
[0;32mI (244925) net_bench: case=9 second=10 bytes=95760 rssi=-82[0m
[0;32mI (244931) net_bench: case=9 second=11 bytes=152288 rssi=-81[0m
[0;32mI (244937) net_bench: case=9 second=12 bytes=152240 rssi=-79[0m
[0;32mI (244943) net_bench: case=9 second=13 bytes=142392 rssi=-78[0m
[0;32mI (244950) net_bench: case=9 second=14 bytes=57704 rssi=-70[0m
[0;32mI (244956) net_bench: case=9 second=15 bytes=59744 rssi=-73[0m
[0;32mI (244962) net_bench: case=9 second=16 bytes=151216 rssi=-71[0m
[0;32mI (244968) net_bench: case=9 second=17 bytes=90648 rssi=-72[0m
[0;32mI (244975) net_bench: case=9 second=18 bytes=138600 rssi=-71[0m
[0;32mI (244981) net_bench: case=9 second=19 bytes=46144 rssi=-80[0m
[0;32mI (245988) net_bench: case=10 path=/mp3-128?rate=128 output=1 begin rssi=-80 round=1 fixture=1 variant=1 wait_ms=25 read_limit=1024 batch=1[0m
[0;32mI (266149) net_cpu: case=10 valid=1 total_us=20098187 tasks_before=8 tasks_after=8 snapshot_bytes=1440[0m
[0;32mI (266152) net_cpu: case=10 task=audio id=4 runtime_us=14159115 existed=1[0m
[0;32mI (266158) net_cpu: case=10 task=IDLE id=2 runtime_us=4140824 existed=1[0m
[0;32mI (266166) net_cpu: case=10 task=uiT id=1 runtime_us=46521 existed=1[0m
[0;32mI (266174) net_cpu: case=10 task=tiT id=5 runtime_us=863603 existed=1[0m
[0;32mI (266181) net_cpu: case=10 task=ppT id=7 runtime_us=793758 existed=1[0m
[0;32mI (266188) net_cpu: case=10 task=httpd id=9 runtime_us=94482 existed=1[0m
[0;32mI (266195) net_cpu: case=10 task=Tmr Svc id=3 runtime_us=0 existed=1[0m
[0;32mI (266202) net_cpu: case=10 task=sys_evt id=6 runtime_us=0 existed=1[0m
[0;32mI (266211) net_bench: case=10 output=1 wall_us=20070279 bytes=290945 open_us=75757 error=0 rssi=-81 heap_min=9732[0m
[0;32mI (266220) net_bench: case=10 recv_total_us=488259 recv_positive_us=473160 recv_empty_us=15099[0m
[0;32mI (266229) net_bench: case=10 cpu_lean=1 gap_metrics_valid=0 heap_is_final=1[0m
[0;32mI (266237) net_bench: case=10 sampled_heap_min=9088 rx_gap_tick_ms=272 wait_calls=78[0m
[0;32mI (266245) net_bench: case=10 calls=548 empty=78 rx_gap_us=0 app_gap_us=0 empty_wait_us=0 recv_max_us=2946 commit_max_us=80788 ready_max=0 ready_probes=0[0m
[0;32mI (266260) net_bench: case=10 pcm_frames=801792 rate=44100 eof=3559 underrun=1462 stack=1180[0m
[0;32mI (266269) net_bench: case=10 second=0 bytes=16352 rssi=-80[0m
[0;32mI (266275) net_bench: case=10 second=1 bytes=15046 rssi=-80[0m
[0;32mI (266281) net_bench: case=10 second=2 bytes=12539 rssi=-81[0m
[0;32mI (266287) net_bench: case=10 second=3 bytes=10030 rssi=-71[0m
[0;32mI (266294) net_bench: case=10 second=4 bytes=12769 rssi=-71[0m
[0;32mI (266300) net_bench: case=10 second=5 bytes=16070 rssi=-78[0m
[0;32mI (266306) net_bench: case=10 second=6 bytes=12539 rssi=-79[0m
[0;32mI (266312) net_bench: case=10 second=7 bytes=12538 rssi=-79[0m
[0;32mI (266319) net_bench: case=10 second=8 bytes=16300 rssi=-80[0m
[0;32mI (266325) net_bench: case=10 second=9 bytes=15046 rssi=-79[0m
[0;32mI (266331) net_bench: case=10 second=10 bytes=16300 rssi=-71[0m
[0;32mI (266337) net_bench: case=10 second=11 bytes=16300 rssi=-71[0m
[0;32mI (266344) net_bench: case=10 second=12 bytes=10031 rssi=-71[0m
[0;32mI (266350) net_bench: case=10 second=13 bytes=16300 rssi=-70[0m
[0;32mI (266356) net_bench: case=10 second=14 bytes=16300 rssi=-71[0m
[0;32mI (266363) net_bench: case=10 second=15 bytes=12539 rssi=-72[0m
[0;32mI (266369) net_bench: case=10 second=16 bytes=16300 rssi=-81[0m
[0;32mI (266375) net_bench: case=10 second=17 bytes=16300 rssi=-80[0m
[0;32mI (266382) net_bench: case=10 second=18 bytes=15046 rssi=-81[0m
[0;32mI (266388) net_bench: case=10 second=19 bytes=16300 rssi=-71[0m
[0;32mI (267395) net_bench: case=11 path=/mp3-128?rate=128 output=1 begin rssi=-80 round=1 fixture=1 variant=0 wait_ms=0 read_limit=1024 batch=1[0m
[0;32mI (287560) net_cpu: case=11 valid=1 total_us=20095924 tasks_before=8 tasks_after=8 snapshot_bytes=1440[0m
[0;32mI (287562) net_cpu: case=11 task=audio id=4 runtime_us=14994470 existed=1[0m
[0;32mI (287568) net_cpu: case=11 task=IDLE id=2 runtime_us=3250998 existed=1[0m
[0;32mI (287575) net_cpu: case=11 task=tiT id=5 runtime_us=892455 existed=1[0m
[0;32mI (287583) net_cpu: case=11 task=uiT id=1 runtime_us=47491 existed=1[0m
[0;32mI (287590) net_cpu: case=11 task=httpd id=9 runtime_us=95758 existed=1[0m
[0;32mI (287597) net_cpu: case=11 task=ppT id=7 runtime_us=815295 existed=1[0m
[0;32mI (287604) net_cpu: case=11 task=Tmr Svc id=3 runtime_us=0 existed=1[0m
[0;32mI (287611) net_cpu: case=11 task=sys_evt id=6 runtime_us=0 existed=1[0m
[0;32mI (287620) net_bench: case=11 output=1 wall_us=20066951 bytes=306409 open_us=82677 error=0 rssi=-71 heap_min=9732[0m
[0;32mI (287629) net_bench: case=11 recv_total_us=623223 recv_positive_us=504754 recv_empty_us=118469[0m
[0;32mI (287638) net_bench: case=11 cpu_lean=1 gap_metrics_valid=0 heap_is_final=1[0m
[0;32mI (287646) net_bench: case=11 sampled_heap_min=9872 rx_gap_tick_ms=429 wait_calls=881[0m
[0;32mI (287654) net_bench: case=11 calls=1375 empty=881 rx_gap_us=0 app_gap_us=0 empty_wait_us=0 recv_max_us=2718 commit_max_us=80726 ready_max=0 ready_probes=0[0m
[0;32mI (287669) net_bench: case=11 pcm_frames=844416 rate=44100 eof=2809 underrun=731 stack=1180[0m
[0;32mI (287678) net_bench: case=11 second=0 bytes=16352 rssi=-70[0m
[0;32mI (287684) net_bench: case=11 second=1 bytes=15694 rssi=-70[0m
[0;32mI (287690) net_bench: case=11 second=2 bytes=15726 rssi=-80[0m
[0;32mI (287696) net_bench: case=11 second=3 bytes=16038 rssi=-81[0m
[0;32mI (287703) net_bench: case=11 second=4 bytes=15350 rssi=-81[0m
[0;32mI (287709) net_bench: case=11 second=5 bytes=16603 rssi=-80[0m
[0;32mI (287715) net_bench: case=11 second=6 bytes=16300 rssi=-79[0m
[0;32mI (287721) net_bench: case=11 second=7 bytes=16227 rssi=-81[0m
[0;32mI (287728) net_bench: case=11 second=8 bytes=15119 rssi=-70[0m
[0;32mI (287734) net_bench: case=11 second=9 bytes=16300 rssi=-70[0m
[0;32mI (287741) net_bench: case=11 second=10 bytes=15276 rssi=-71[0m
[0;32mI (287747) net_bench: case=11 second=11 bytes=16070 rssi=-80[0m
[0;32mI (287754) net_bench: case=11 second=12 bytes=16300 rssi=-81[0m
[0;32mI (287760) net_bench: case=11 second=13 bytes=10031 rssi=-81[0m
[0;32mI (287766) net_bench: case=11 second=14 bytes=15046 rssi=-79[0m
[0;32mI (287773) net_bench: case=11 second=15 bytes=16300 rssi=-79[0m
[0;32mI (287779) net_bench: case=11 second=16 bytes=13007 rssi=-80[0m
[0;32mI (287785) net_bench: case=11 second=17 bytes=13324 rssi=-70[0m
[0;32mI (287792) net_bench: case=11 second=18 bytes=15046 rssi=-81[0m
[0;32mI (287798) net_bench: case=11 second=19 bytes=16300 rssi=-70[0m
[0;32mI (288805) net_bench: case=12 path=/mp3-320?rate=320 output=1 begin rssi=-72 round=1 fixture=2 variant=1 wait_ms=25 read_limit=1024 batch=1[0m
[0;32mI (308946) net_cpu: case=12 valid=1 total_us=20062471 tasks_before=8 tasks_after=8 snapshot_bytes=1440[0m
[0;32mI (308948) net_cpu: case=12 task=audio id=4 runtime_us=15509675 existed=1[0m
[0;32mI (308954) net_cpu: case=12 task=IDLE id=2 runtime_us=1544299 existed=1[0m
[0;32mI (308961) net_cpu: case=12 task=tiT id=5 runtime_us=1595482 existed=1[0m
[0;32mI (308969) net_cpu: case=12 task=uiT id=1 runtime_us=41062 existed=1[0m
[0;32mI (308976) net_cpu: case=12 task=httpd id=9 runtime_us=87853 existed=1[0m
[0;32mI (308983) net_cpu: case=12 task=ppT id=7 runtime_us=1285961 existed=1[0m
[0;32mI (308990) net_cpu: case=12 task=Tmr Svc id=3 runtime_us=0 existed=1[0m
[0;32mI (308997) net_cpu: case=12 task=sys_evt id=6 runtime_us=0 existed=1[0m
[0;32mI (309006) net_bench: case=12 output=1 wall_us=20034365 bytes=584569 open_us=92379 error=0 rssi=-72 heap_min=10376[0m
[0;32mI (309015) net_bench: case=12 recv_total_us=1118429 recv_positive_us=1109215 recv_empty_us=9214[0m
[0;32mI (309024) net_bench: case=12 cpu_lean=1 gap_metrics_valid=0 heap_is_final=1[0m
[0;32mI (309032) net_bench: case=12 sampled_heap_min=9552 rx_gap_tick_ms=294 wait_calls=51[0m
[0;32mI (309040) net_bench: case=12 calls=1169 empty=51 rx_gap_us=0 app_gap_us=0 empty_wait_us=0 recv_max_us=5087 commit_max_us=36585 ready_max=0 ready_probes=0[0m
[0;32mI (309055) net_bench: case=12 pcm_frames=643968 rate=44100 eof=7905 underrun=4103 stack=1180[0m
[0;32mI (309064) net_bench: case=12 second=0 bytes=29727 rssi=-81[0m
[0;32mI (309070) net_bench: case=12 second=1 bytes=22988 rssi=-80[0m
[0;32mI (309076) net_bench: case=12 second=2 bytes=30323 rssi=-81[0m
[0;32mI (309083) net_bench: case=12 second=3 bytes=31326 rssi=-70[0m
[0;32mI (309089) net_bench: case=12 second=4 bytes=31347 rssi=-71[0m
[0;32mI (309095) net_bench: case=12 second=5 bytes=31347 rssi=-70[0m
[0;32mI (309101) net_bench: case=12 second=6 bytes=30302 rssi=-71[0m
[0;32mI (309108) net_bench: case=12 second=7 bytes=31347 rssi=-72[0m
[0;32mI (309114) net_bench: case=12 second=8 bytes=30323 rssi=-73[0m
[0;32mI (309120) net_bench: case=12 second=9 bytes=31347 rssi=-70[0m
[0;32mI (309126) net_bench: case=12 second=10 bytes=31326 rssi=-80[0m
[0;32mI (309133) net_bench: case=12 second=11 bytes=31347 rssi=-80[0m
[0;32mI (309139) net_bench: case=12 second=12 bytes=31347 rssi=-79[0m
[0;32mI (309145) net_bench: case=12 second=13 bytes=21943 rssi=-81[0m
[0;32mI (309153) net_bench: case=12 second=14 bytes=21943 rssi=-71[0m
[0;32mI (309159) net_bench: case=12 second=15 bytes=31347 rssi=-71[0m
[0;32mI (309165) net_bench: case=12 second=16 bytes=21943 rssi=-70[0m
[0;32mI (309171) net_bench: case=12 second=17 bytes=31347 rssi=-71[0m
[0;32mI (309178) net_bench: case=12 second=18 bytes=31347 rssi=-72[0m
[0;32mI (309184) net_bench: case=12 second=19 bytes=30302 rssi=-79[0m
[0;32mI (310191) net_bench: case=13 path=/mp3-320?rate=320 output=1 begin rssi=-81 round=1 fixture=2 variant=0 wait_ms=0 read_limit=1024 batch=1[0m
[0;32mI (330343) net_cpu: case=13 valid=1 total_us=20077515 tasks_before=8 tasks_after=8 snapshot_bytes=1440[0m
[0;32mI (330345) net_cpu: case=13 task=audio id=4 runtime_us=16039014 existed=1[0m
[0;32mI (330351) net_cpu: case=13 task=IDLE id=2 runtime_us=906790 existed=1[0m
[0;32mI (330358) net_cpu: case=13 task=uiT id=1 runtime_us=41479 existed=1[0m
[0;32mI (330365) net_cpu: case=13 task=tiT id=5 runtime_us=1656324 existed=1[0m
[0;32mI (330373) net_cpu: case=13 task=httpd id=9 runtime_us=88502 existed=1[0m
[0;32mI (330380) net_cpu: case=13 task=ppT id=7 runtime_us=1345859 existed=1[0m
[0;32mI (330387) net_cpu: case=13 task=Tmr Svc id=3 runtime_us=0 existed=1[0m
[0;32mI (330394) net_cpu: case=13 task=sys_evt id=6 runtime_us=0 existed=1[0m
[0;32mI (330403) net_bench: case=13 output=1 wall_us=20049384 bytes=602332 open_us=88371 error=0 rssi=-82 heap_min=10432[0m
[0;32mI (330412) net_bench: case=13 recv_total_us=1183923 recv_positive_us=1110964 recv_empty_us=72959[0m
[0;32mI (330421) net_bench: case=13 cpu_lean=1 gap_metrics_valid=0 heap_is_final=1[0m
[0;32mI (330429) net_bench: case=13 sampled_heap_min=9548 rx_gap_tick_ms=287 wait_calls=574[0m
[0;32mI (330438) net_bench: case=13 calls=1727 empty=574 rx_gap_us=0 app_gap_us=0 empty_wait_us=0 recv_max_us=2878 commit_max_us=36651 ready_max=0 ready_probes=0[0m
[0;32mI (330452) net_bench: case=13 pcm_frames=663552 rate=44100 eof=7740 underrun=3787 stack=1180[0m
[0;32mI (330461) net_bench: case=13 second=0 bytes=30772 rssi=-71[0m
[0;32mI (330467) net_bench: case=13 second=1 bytes=22988 rssi=-71[0m
[0;32mI (330475) net_bench: case=13 second=2 bytes=30302 rssi=-71[0m
[0;32mI (330480) net_bench: case=13 second=3 bytes=31347 rssi=-72[0m
[0;32mI (330486) net_bench: case=13 second=4 bytes=30302 rssi=-71[0m
[0;32mI (330492) net_bench: case=13 second=5 bytes=31347 rssi=-80[0m
[0;32mI (330499) net_bench: case=13 second=6 bytes=30302 rssi=-81[0m
[0;32mI (330505) net_bench: case=13 second=7 bytes=31347 rssi=-79[0m
[0;32mI (330511) net_bench: case=13 second=8 bytes=31347 rssi=-79[0m
[0;32mI (330517) net_bench: case=13 second=9 bytes=30323 rssi=-80[0m
[0;32mI (330524) net_bench: case=13 second=10 bytes=31326 rssi=-71[0m
[0;32mI (330530) net_bench: case=13 second=11 bytes=31347 rssi=-70[0m
[0;32mI (330536) net_bench: case=13 second=12 bytes=30302 rssi=-71[0m
[0;32mI (330542) net_bench: case=13 second=13 bytes=31347 rssi=-80[0m
[0;32mI (330549) net_bench: case=13 second=14 bytes=31347 rssi=-81[0m
[0;32mI (330555) net_bench: case=13 second=15 bytes=21943 rssi=-78[0m
[0;32mI (330561) net_bench: case=13 second=16 bytes=31347 rssi=-79[0m
[0;32mI (330568) net_bench: case=13 second=17 bytes=30302 rssi=-82[0m
[0;32mI (330574) net_bench: case=13 second=18 bytes=31347 rssi=-72[0m
[0;32mI (330580) net_bench: case=13 second=19 bytes=31347 rssi=-72[0m
[0;32mI (331589) net_bench: case=14 path=/aac-64?rate=64 output=1 begin rssi=-73 round=1 fixture=3 variant=1 wait_ms=25 read_limit=1024 batch=1[0m
[0;32mI (351816) net_cpu: case=14 valid=1 total_us=20165274 tasks_before=8 tasks_after=8 snapshot_bytes=1440[0m
[0;32mI (351818) net_cpu: case=14 task=audio id=4 runtime_us=12123802 existed=1[0m
[0;32mI (351824) net_cpu: case=14 task=IDLE id=2 runtime_us=6919213 existed=1[0m
[0;32mI (351831) net_cpu: case=14 task=uiT id=1 runtime_us=47329 existed=1[0m
[0;32mI (351838) net_cpu: case=14 task=tiT id=5 runtime_us=466759 existed=1[0m
[0;32mI (351846) net_cpu: case=14 task=ppT id=7 runtime_us=510825 existed=1[0m
[0;32mI (351853) net_cpu: case=14 task=httpd id=9 runtime_us=98455 existed=1[0m
[0;32mI (351860) net_cpu: case=14 task=Tmr Svc id=3 runtime_us=0 existed=1[0m
[0;32mI (351867) net_cpu: case=14 task=sys_evt id=6 runtime_us=0 existed=1[0m
[0;32mI (351876) net_bench: case=14 output=1 wall_us=20137248 bytes=139971 open_us=74475 error=0 rssi=-81 heap_min=11504[0m
[0;32mI (351885) net_bench: case=14 recv_total_us=214248 recv_positive_us=213986 recv_empty_us=262[0m
[0;32mI (351894) net_bench: case=14 cpu_lean=1 gap_metrics_valid=0 heap_is_final=1[0m
[0;32mI (351902) net_bench: case=14 sampled_heap_min=11140 rx_gap_tick_ms=163 wait_calls=1[0m
[0;32mI (351910) net_bench: case=14 calls=196 empty=1 rx_gap_us=0 app_gap_us=0 empty_wait_us=0 recv_max_us=2561 commit_max_us=161829 ready_max=0 ready_probes=0[0m
[0;32mI (351924) net_bench: case=14 pcm_frames=781312 rate=44100 eof=4132 underrun=1859 stack=1180[0m
[0;32mI (351933) net_bench: case=14 second=0 bytes=8192 rssi=-71[0m
[0;32mI (351940) net_bench: case=14 second=1 bytes=7121 rssi=-71[0m
[0;32mI (351946) net_bench: case=14 second=2 bytes=6255 rssi=-70[0m
[0;32mI (351952) net_bench: case=14 second=3 bytes=7090 rssi=-78[0m
[0;32mI (351958) net_bench: case=14 second=4 bytes=6646 rssi=-81[0m
[0;32mI (351964) net_bench: case=14 second=5 bytes=7130 rssi=-71[0m
[0;32mI (351970) net_bench: case=14 second=6 bytes=7377 rssi=-79[0m
[0;32mI (351976) net_bench: case=14 second=7 bytes=7137 rssi=-80[0m
[0;32mI (351983) net_bench: case=14 second=8 bytes=7071 rssi=-81[0m
[0;32mI (351989) net_bench: case=14 second=9 bytes=6243 rssi=-80[0m
[0;32mI (351995) net_bench: case=14 second=10 bytes=7135 rssi=-71[0m
[0;32mI (352001) net_bench: case=14 second=11 bytes=6824 rssi=-71[0m
[0;32mI (352007) net_bench: case=14 second=12 bytes=7136 rssi=-72[0m
[0;32mI (352014) net_bench: case=14 second=13 bytes=7011 rssi=-72[0m
[0;32mI (352020) net_bench: case=14 second=14 bytes=7277 rssi=-71[0m
[0;32mI (352026) net_bench: case=14 second=15 bytes=7232 rssi=-72[0m
[0;32mI (352032) net_bench: case=14 second=16 bytes=6130 rssi=-71[0m
[0;32mI (352038) net_bench: case=14 second=17 bytes=6803 rssi=-81[0m
[0;32mI (352045) net_bench: case=14 second=18 bytes=6945 rssi=-72[0m
[0;32mI (352051) net_bench: case=14 second=19 bytes=7216 rssi=-71[0m
[0;32mI (353058) net_bench: case=15 path=/aac-64?rate=64 output=1 begin rssi=-71 round=1 fixture=3 variant=0 wait_ms=0 read_limit=1024 batch=1[0m
[0;32mI (373296) net_cpu: case=15 valid=1 total_us=20178420 tasks_before=8 tasks_after=8 snapshot_bytes=1440[0m
[0;32mI (373298) net_cpu: case=15 task=audio id=4 runtime_us=12127880 existed=1[0m
[0;32mI (373304) net_cpu: case=15 task=IDLE id=2 runtime_us=6906419 existed=1[0m
[0;32mI (373311) net_cpu: case=15 task=uiT id=1 runtime_us=47487 existed=1[0m
[0;32mI (373318) net_cpu: case=15 task=tiT id=5 runtime_us=470908 existed=1[0m
[0;32mI (373326) net_cpu: case=15 task=ppT id=7 runtime_us=528047 existed=1[0m
[0;32mI (373333) net_cpu: case=15 task=httpd id=9 runtime_us=98043 existed=1[0m
[0;32mI (373340) net_cpu: case=15 task=Tmr Svc id=3 runtime_us=0 existed=1[0m
[0;32mI (373347) net_cpu: case=15 task=sys_evt id=6 runtime_us=0 existed=1[0m
[0;32mI (373356) net_bench: case=15 output=1 wall_us=20150373 bytes=139971 open_us=72761 error=0 rssi=-80 heap_min=11496[0m
[0;32mI (373365) net_bench: case=15 recv_total_us=214052 recv_positive_us=213790 recv_empty_us=262[0m
[0;32mI (373374) net_bench: case=15 cpu_lean=1 gap_metrics_valid=0 heap_is_final=1[0m
[0;32mI (373382) net_bench: case=15 sampled_heap_min=11048 rx_gap_tick_ms=163 wait_calls=1[0m
[0;32mI (373390) net_bench: case=15 calls=196 empty=1 rx_gap_us=0 app_gap_us=0 empty_wait_us=0 recv_max_us=2942 commit_max_us=162371 ready_max=0 ready_probes=0[0m
[0;32mI (373404) net_bench: case=15 pcm_frames=781312 rate=44100 eof=4138 underrun=1864 stack=1180[0m
[0;32mI (373414) net_bench: case=15 second=0 bytes=8192 rssi=-70[0m
[0;32mI (373420) net_bench: case=15 second=1 bytes=7121 rssi=-72[0m
[0;32mI (373426) net_bench: case=15 second=2 bytes=6255 rssi=-70[0m
[0;32mI (373432) net_bench: case=15 second=3 bytes=7090 rssi=-80[0m
[0;32mI (373438) net_bench: case=15 second=4 bytes=6646 rssi=-81[0m
[0;32mI (373444) net_bench: case=15 second=5 bytes=7130 rssi=-80[0m
[0;32mI (373450) net_bench: case=15 second=6 bytes=7377 rssi=-81[0m
[0;32mI (373456) net_bench: case=15 second=7 bytes=7137 rssi=-80[0m
[0;32mI (373463) net_bench: case=15 second=8 bytes=7071 rssi=-79[0m
[0;32mI (373469) net_bench: case=15 second=9 bytes=6243 rssi=-80[0m
[0;32mI (373475) net_bench: case=15 second=10 bytes=6680 rssi=-70[0m
[0;32mI (373481) net_bench: case=15 second=11 bytes=7279 rssi=-71[0m
[0;32mI (373487) net_bench: case=15 second=12 bytes=7136 rssi=-71[0m
[0;32mI (373494) net_bench: case=15 second=13 bytes=7011 rssi=-71[0m
[0;32mI (373500) net_bench: case=15 second=14 bytes=7277 rssi=-71[0m
[0;32mI (373506) net_bench: case=15 second=15 bytes=6208 rssi=-71[0m
[0;32mI (373512) net_bench: case=15 second=16 bytes=6710 rssi=-71[0m
[0;32mI (373518) net_bench: case=15 second=17 bytes=7247 rssi=-70[0m
[0;32mI (373525) net_bench: case=15 second=18 bytes=6945 rssi=-70[0m
[0;32mI (373531) net_bench: case=15 second=19 bytes=7216 rssi=-71[0m
[0;32mI (374539) net_bench: case=16 path=/mp3-320?rate=0 output=0 begin rssi=-70 round=2 fixture=0 variant=0 wait_ms=0 read_limit=1024 batch=1[0m
[0;32mI (394671) net_cpu: case=16 valid=1 total_us=20058590 tasks_before=8 tasks_after=8 snapshot_bytes=1440[0m
[0;32mI (394673) net_cpu: case=16 task=audio id=4 runtime_us=3867856 existed=1[0m
[0;32mI (394679) net_cpu: case=16 task=IDLE id=2 runtime_us=9733415 existed=1[0m
[0;32mI (394686) net_cpu: case=16 task=uiT id=1 runtime_us=38701 existed=1[0m
[0;32mI (394693) net_cpu: case=16 task=tiT id=5 runtime_us=3549558 existed=1[0m
[0;32mI (394701) net_cpu: case=16 task=ppT id=7 runtime_us=2771111 existed=1[0m
[0;32mI (394708) net_cpu: case=16 task=httpd id=9 runtime_us=98125 existed=1[0m
[0;32mI (394715) net_cpu: case=16 task=Tmr Svc id=3 runtime_us=0 existed=1[0m
[0;32mI (394722) net_cpu: case=16 task=sys_evt id=6 runtime_us=0 existed=1[0m
[0;32mI (394731) net_bench: case=16 output=0 wall_us=20030644 bytes=1812472 open_us=86808 error=0 rssi=-72 heap_min=11624[0m
[0;32mI (394740) net_bench: case=16 recv_total_us=5416176 recv_positive_us=3328497 recv_empty_us=2087679[0m
[0;32mI (394750) net_bench: case=16 cpu_lean=1 gap_metrics_valid=0 heap_is_final=1[0m
[0;32mI (394757) net_bench: case=16 sampled_heap_min=10384 rx_gap_tick_ms=335 wait_calls=11530[0m
[0;32mI (394766) net_bench: case=16 calls=14794 empty=11530 rx_gap_us=0 app_gap_us=0 empty_wait_us=0 recv_max_us=5668 commit_max_us=0 ready_max=0 ready_probes=0[0m
[0;32mI (394781) net_bench: case=16 pcm_frames=0 rate=0 eof=1884 underrun=1883 stack=1180[0m
[0;32mI (394789) net_bench: case=16 second=0 bytes=127744 rssi=-81[0m
[0;32mI (394795) net_bench: case=16 second=1 bytes=82656 rssi=-79[0m
[0;32mI (394801) net_bench: case=16 second=2 bytes=100048 rssi=-79[0m
[0;32mI (394808) net_bench: case=16 second=3 bytes=137568 rssi=-80[0m
[0;32mI (394814) net_bench: case=16 second=4 bytes=21736 rssi=-78[0m
[0;32mI (394820) net_bench: case=16 second=5 bytes=118032 rssi=-71[0m
[0;32mI (394826) net_bench: case=16 second=6 bytes=94632 rssi=-72[0m
[0;32mI (394833) net_bench: case=16 second=7 bytes=53064 rssi=-70[0m
[0;32mI (394839) net_bench: case=16 second=8 bytes=105056 rssi=-69[0m
[0;32mI (394845) net_bench: case=16 second=9 bytes=93272 rssi=-71[0m
[0;32mI (394852) net_bench: case=16 second=10 bytes=118520 rssi=-80[0m
[0;32mI (394858) net_bench: case=16 second=11 bytes=120360 rssi=-80[0m
[0;32mI (394864) net_bench: case=16 second=12 bytes=99992 rssi=-80[0m
[0;32mI (394871) net_bench: case=16 second=13 bytes=89272 rssi=-79[0m
[0;32mI (394877) net_bench: case=16 second=14 bytes=25192 rssi=-71[0m
[0;32mI (394883) net_bench: case=16 second=15 bytes=83376 rssi=-72[0m
[0;32mI (394890) net_bench: case=16 second=16 bytes=97608 rssi=-71[0m
[0;32mI (394896) net_bench: case=16 second=17 bytes=123336 rssi=-71[0m
[0;32mI (394903) net_bench: case=16 second=18 bytes=103856 rssi=-72[0m
[0;32mI (394909) net_bench: case=16 second=19 bytes=17152 rssi=-81[0m
[0;32mI (395916) net_bench: case=17 path=/mp3-320?rate=0 output=0 begin rssi=-82 round=2 fixture=0 variant=1 wait_ms=25 read_limit=1024 batch=1[0m
[0;32mI (416036) net_cpu: case=17 valid=1 total_us=20060656 tasks_before=8 tasks_after=8 snapshot_bytes=1440[0m
[0;32mI (416042) net_cpu: case=17 task=audio id=4 runtime_us=3922162 existed=1[0m
[0;32mI (416046) net_cpu: case=17 task=IDLE id=2 runtime_us=9905478 existed=1[0m
[0;32mI (416054) net_cpu: case=17 task=tiT id=5 runtime_us=3505170 existed=1[0m
[0;32mI (416061) net_cpu: case=17 task=uiT id=1 runtime_us=38598 existed=1[0m
[0;32mI (416068) net_cpu: case=17 task=httpd id=9 runtime_us=91619 existed=1[0m
[0;32mI (416075) net_cpu: case=17 task=ppT id=7 runtime_us=2599213 existed=1[0m
[0;32mI (416083) net_cpu: case=17 task=Tmr Svc id=3 runtime_us=0 existed=1[0m
[0;32mI (416090) net_cpu: case=17 task=sys_evt id=6 runtime_us=0 existed=1[0m
[0;32mI (416098) net_bench: case=17 output=0 wall_us=20032597 bytes=1680348 open_us=72699 error=0 rssi=-81 heap_min=12188[0m
[0;32mI (416108) net_bench: case=17 recv_total_us=3542148 recv_positive_us=2882935 recv_empty_us=659213[0m
[0;32mI (416117) net_bench: case=17 cpu_lean=1 gap_metrics_valid=0 heap_is_final=1[0m
[0;32mI (416125) net_bench: case=17 sampled_heap_min=10376 rx_gap_tick_ms=340 wait_calls=2319[0m
[0;32mI (416133) net_bench: case=17 calls=5344 empty=2319 rx_gap_us=0 app_gap_us=0 empty_wait_us=0 recv_max_us=4600 commit_max_us=0 ready_max=0 ready_probes=0[0m
[0;32mI (416148) net_bench: case=17 pcm_frames=0 rate=0 eof=1883 underrun=1882 stack=1180[0m
[0;32mI (416156) net_bench: case=17 second=0 bytes=89976 rssi=-80[0m
[0;32mI (416162) net_bench: case=17 second=1 bytes=86352 rssi=-71[0m
[0;32mI (416169) net_bench: case=17 second=2 bytes=77240 rssi=-70[0m
[0;32mI (416175) net_bench: case=17 second=3 bytes=127088 rssi=-70[0m
[0;32mI (416181) net_bench: case=17 second=4 bytes=52824 rssi=-80[0m
[0;32mI (416187) net_bench: case=17 second=5 bytes=36744 rssi=-80[0m
[0;32mI (416194) net_bench: case=17 second=6 bytes=83672 rssi=-78[0m
[0;32mI (416200) net_bench: case=17 second=7 bytes=121784 rssi=-80[0m
[0;32mI (416206) net_bench: case=17 second=8 bytes=83864 rssi=-80[0m
[0;32mI (416212) net_bench: case=17 second=9 bytes=91128 rssi=-71[0m
[0;32mI (416219) net_bench: case=17 second=10 bytes=11840 rssi=-73[0m
[0;32mI (416225) net_bench: case=17 second=11 bytes=86352 rssi=-71[0m
[0;32mI (416231) net_bench: case=17 second=12 bytes=82700 rssi=-71[0m
[0;32mI (416238) net_bench: case=17 second=13 bytes=126312 rssi=-71[0m
[0;32mI (416244) net_bench: case=17 second=14 bytes=123096 rssi=-79[0m
[0;32mI (416250) net_bench: case=17 second=15 bytes=102912 rssi=-80[0m
[0;32mI (416257) net_bench: case=17 second=16 bytes=12328 rssi=-81[0m
[0;32mI (416263) net_bench: case=17 second=17 bytes=82008 rssi=-72[0m
[0;32mI (416269) net_bench: case=17 second=18 bytes=98384 rssi=-80[0m
[0;32mI (416276) net_bench: case=17 second=19 bytes=103744 rssi=-80[0m
[0;32mI (417283) net_bench: case=18 path=/mp3-128?rate=128 output=1 begin rssi=-72 round=2 fixture=1 variant=0 wait_ms=0 read_limit=1024 batch=1[0m
[0;32mI (437416) net_cpu: case=18 valid=1 total_us=20067254 tasks_before=8 tasks_after=8 snapshot_bytes=1440[0m
[0;32mI (437418) net_cpu: case=18 task=audio id=4 runtime_us=14050003 existed=1[0m
[0;32mI (437424) net_cpu: case=18 task=IDLE id=2 runtime_us=4301674 existed=1[0m
[0;32mI (437431) net_cpu: case=18 task=uiT id=1 runtime_us=46426 existed=1[0m
[0;32mI (437438) net_cpu: case=18 task=tiT id=5 runtime_us=819132 existed=1[0m
[0;32mI (437446) net_cpu: case=18 task=ppT id=7 runtime_us=757001 existed=1[0m
[0;32mI (437453) net_cpu: case=18 task=httpd id=9 runtime_us=94878 existed=1[0m
[0;32mI (437460) net_cpu: case=18 task=Tmr Svc id=3 runtime_us=0 existed=1[0m
[0;32mI (437467) net_cpu: case=18 task=sys_evt id=6 runtime_us=0 existed=1[0m
[0;32mI (437476) net_bench: case=18 output=1 wall_us=20039423 bytes=282168 open_us=79263 error=0 rssi=-72 heap_min=9728[0m
[0;32mI (437485) net_bench: case=18 recv_total_us=738600 recv_positive_us=444406 recv_empty_us=294194[0m
[0;32mI (437494) net_bench: case=18 cpu_lean=1 gap_metrics_valid=0 heap_is_final=1[0m
[0;32mI (437502) net_bench: case=18 sampled_heap_min=9428 rx_gap_tick_ms=250 wait_calls=2300[0m
[0;32mI (437510) net_bench: case=18 calls=2759 empty=2300 rx_gap_us=0 app_gap_us=0 empty_wait_us=0 recv_max_us=2845 commit_max_us=81681 ready_max=0 ready_probes=0[0m
[0;32mI (437525) net_bench: case=18 pcm_frames=777600 rate=44100 eof=3939 underrun=1852 stack=1180[0m
[0;32mI (437534) net_bench: case=18 second=0 bytes=9800 rssi=-81[0m
[0;32mI (437540) net_bench: case=18 second=1 bytes=7901 rssi=-80[0m
[0;32mI (437547) net_bench: case=18 second=2 bytes=11190 rssi=-80[0m
[0;32mI (437553) net_bench: case=18 second=3 bytes=13792 rssi=-80[0m
[0;32mI (437559) net_bench: case=18 second=4 bytes=14260 rssi=-79[0m
[0;32mI (437565) net_bench: case=18 second=5 bytes=11448 rssi=-71[0m
[0;32mI (437571) net_bench: case=18 second=6 bytes=15669 rssi=-71[0m
[0;32mI (437578) net_bench: case=18 second=7 bytes=16300 rssi=-70[0m
[0;32mI (437585) net_bench: case=18 second=8 bytes=16300 rssi=-70[0m
[0;32mI (437591) net_bench: case=18 second=9 bytes=15046 rssi=-71[0m
[0;32mI (437597) net_bench: case=18 second=10 bytes=16300 rssi=-81[0m
[0;32mI (437604) net_bench: case=18 second=11 bytes=16300 rssi=-79[0m
[0;32mI (437610) net_bench: case=18 second=12 bytes=15047 rssi=-79[0m
[0;32mI (437616) net_bench: case=18 second=13 bytes=13792 rssi=-79[0m
[0;32mI (437622) net_bench: case=18 second=14 bytes=16300 rssi=-77[0m
[0;32mI (437629) net_bench: case=18 second=15 bytes=16300 rssi=-79[0m
[0;32mI (437635) net_bench: case=18 second=16 bytes=14060 rssi=-79[0m
[0;32mI (437641) net_bench: case=18 second=17 bytes=13525 rssi=-72[0m
[0;32mI (437648) net_bench: case=18 second=18 bytes=16300 rssi=-70[0m
[0;32mI (437654) net_bench: case=18 second=19 bytes=12538 rssi=-70[0m
[0;32mI (438661) net_bench: case=19 path=/mp3-128?rate=128 output=1 begin rssi=-79 round=2 fixture=1 variant=1 wait_ms=25 read_limit=1024 batch=1[0m
[0;32mI (458789) net_cpu: case=19 valid=1 total_us=20078340 tasks_before=8 tasks_after=8 snapshot_bytes=1440[0m
[0;32mI (458791) net_cpu: case=19 task=audio id=4 runtime_us=15236661 existed=1[0m
[0;32mI (458797) net_cpu: case=19 task=IDLE id=2 runtime_us=2986492 existed=1[0m
[0;32mI (458804) net_cpu: case=19 task=tiT id=5 runtime_us=894571 existed=1[0m
[0;32mI (458812) net_cpu: case=19 task=uiT id=1 runtime_us=47231 existed=1[0m
[0;32mI (458819) net_cpu: case=19 task=httpd id=9 runtime_us=95090 existed=1[0m
[0;32mI (458826) net_cpu: case=19 task=ppT id=7 runtime_us=818953 existed=1[0m
[0;32mI (458833) net_cpu: case=19 task=Tmr Svc id=3 runtime_us=0 existed=1[0m
[0;32mI (458840) net_cpu: case=19 task=sys_evt id=6 runtime_us=0 existed=1[0m
[0;32mI (458849) net_bench: case=19 output=1 wall_us=20049323 bytes=314768 open_us=63322 error=0 rssi=-81 heap_min=9728[0m
[0;32mI (458858) net_bench: case=19 recv_total_us=514526 recv_positive_us=511323 recv_empty_us=3203[0m
[0;32mI (458867) net_bench: case=19 cpu_lean=1 gap_metrics_valid=0 heap_is_final=1[0m
[0;32mI (458875) net_bench: case=19 sampled_heap_min=9444 rx_gap_tick_ms=201 wait_calls=15[0m
[0;32mI (458883) net_bench: case=19 calls=519 empty=15 rx_gap_us=0 app_gap_us=0 empty_wait_us=0 recv_max_us=3651 commit_max_us=81187 ready_max=0 ready_probes=0[0m
[0;32mI (458897) net_bench: case=19 pcm_frames=867456 rate=44100 eof=2529 underrun=329 stack=1180[0m
[0;32mI (458906) net_bench: case=19 second=0 bytes=16352 rssi=-79[0m
[0;32mI (458913) net_bench: case=19 second=1 bytes=15046 rssi=-71[0m
[0;32mI (458921) net_bench: case=19 second=2 bytes=15047 rssi=-71[0m
[0;32mI (458926) net_bench: case=19 second=3 bytes=16300 rssi=-72[0m
[0;32mI (458932) net_bench: case=19 second=4 bytes=16300 rssi=-71[0m
[0;32mI (458939) net_bench: case=19 second=5 bytes=15046 rssi=-72[0m
[0;32mI (458945) net_bench: case=19 second=6 bytes=16300 rssi=-80[0m
[0;32mI (458951) net_bench: case=19 second=7 bytes=13792 rssi=-80[0m
[0;32mI (458957) net_bench: case=19 second=8 bytes=16300 rssi=-80[0m
[0;32mI (458963) net_bench: case=19 second=9 bytes=15046 rssi=-80[0m
[0;32mI (458970) net_bench: case=19 second=10 bytes=16300 rssi=-72[0m
[0;32mI (458976) net_bench: case=19 second=11 bytes=16300 rssi=-71[0m
[0;32mI (458982) net_bench: case=19 second=12 bytes=15047 rssi=-71[0m
[0;32mI (458989) net_bench: case=19 second=13 bytes=16300 rssi=-72[0m
[0;32mI (458995) net_bench: case=19 second=14 bytes=16300 rssi=-72[0m
[0;32mI (459001) net_bench: case=19 second=15 bytes=15046 rssi=-70[0m
[0;32mI (459008) net_bench: case=19 second=16 bytes=16300 rssi=-79[0m
[0;32mI (459014) net_bench: case=19 second=17 bytes=16300 rssi=-79[0m
[0;32mI (459020) net_bench: case=19 second=18 bytes=16300 rssi=-79[0m
[0;32mI (459027) net_bench: case=19 second=19 bytes=15046 rssi=-79[0m
[0;32mI (460034) net_bench: case=20 path=/mp3-320?rate=320 output=1 begin rssi=-72 round=2 fixture=2 variant=0 wait_ms=0 read_limit=1024 batch=1[0m
[0;32mI (480163) net_cpu: case=20 valid=1 total_us=20065335 tasks_before=8 tasks_after=8 snapshot_bytes=1440[0m
[0;32mI (480165) net_cpu: case=20 task=audio id=4 runtime_us=15781810 existed=1[0m
[0;32mI (480171) net_cpu: case=20 task=uiT id=1 runtime_us=42410 existed=1[0m
[0;32mI (480178) net_cpu: case=20 task=IDLE id=2 runtime_us=1260384 existed=1[0m
[0;32mI (480185) net_cpu: case=20 task=tiT id=5 runtime_us=1606698 existed=1[0m
[0;32mI (480193) net_cpu: case=20 task=httpd id=9 runtime_us=86476 existed=1[0m
[0;32mI (480200) net_cpu: case=20 task=ppT id=7 runtime_us=1289505 existed=1[0m
[0;32mI (480207) net_cpu: case=20 task=Tmr Svc id=3 runtime_us=0 existed=1[0m
[0;32mI (480214) net_cpu: case=20 task=sys_evt id=6 runtime_us=0 existed=1[0m
[0;32mI (480223) net_bench: case=20 output=1 wall_us=20037195 bytes=590838 open_us=77443 error=0 rssi=-72 heap_min=9592[0m
[0;32mI (480232) net_bench: case=20 recv_total_us=1240075 recv_positive_us=1109256 recv_empty_us=130819[0m
[0;32mI (480241) net_bench: case=20 cpu_lean=1 gap_metrics_valid=0 heap_is_final=1[0m
[0;32mI (480249) net_bench: case=20 sampled_heap_min=9628 rx_gap_tick_ms=271 wait_calls=1030[0m
[0;32mI (480258) net_bench: case=20 calls=2161 empty=1030 rx_gap_us=0 app_gap_us=0 empty_wait_us=0 recv_max_us=4075 commit_max_us=36721 ready_max=0 ready_probes=0[0m
[0;32mI (480272) net_bench: case=20 pcm_frames=650880 rate=44100 eof=7920 underrun=3986 stack=1180[0m
[0;32mI (480281) net_bench: case=20 second=0 bytes=30772 rssi=-78[0m
[0;32mI (480288) net_bench: case=20 second=1 bytes=31347 rssi=-80[0m
[0;32mI (480294) net_bench: case=20 second=2 bytes=31347 rssi=-80[0m
[0;32mI (480300) net_bench: case=20 second=3 bytes=30302 rssi=-79[0m
[0;32mI (480306) net_bench: case=20 second=4 bytes=31347 rssi=-78[0m
[0;32mI (480313) net_bench: case=20 second=5 bytes=30323 rssi=-71[0m
[0;32mI (480319) net_bench: case=20 second=6 bytes=31326 rssi=-71[0m
[0;32mI (480325) net_bench: case=20 second=7 bytes=31347 rssi=-71[0m
[0;32mI (480331) net_bench: case=20 second=8 bytes=31347 rssi=-70[0m
[0;32mI (480337) net_bench: case=20 second=9 bytes=30302 rssi=-72[0m
[0;32mI (480344) net_bench: case=20 second=10 bytes=31347 rssi=-79[0m
[0;32mI (480350) net_bench: case=20 second=11 bytes=31347 rssi=-81[0m
[0;32mI (480356) net_bench: case=20 second=12 bytes=15674 rssi=-79[0m
[0;32mI (480363) net_bench: case=20 second=13 bytes=31347 rssi=-80[0m
[0;32mI (480369) net_bench: case=20 second=14 bytes=31347 rssi=-72[0m
[0;32mI (480375) net_bench: case=20 second=15 bytes=31347 rssi=-71[0m
[0;32mI (480382) net_bench: case=20 second=16 bytes=23289 rssi=-71[0m
[0;32mI (480388) net_bench: case=20 second=17 bytes=31045 rssi=-73[0m
[0;32mI (480395) net_bench: case=20 second=18 bytes=31347 rssi=-71[0m
[0;32mI (480401) net_bench: case=20 second=19 bytes=22988 rssi=-78[0m
[0;32mI (481409) net_bench: case=21 path=/mp3-320?rate=320 output=1 begin rssi=-80 round=2 fixture=2 variant=1 wait_ms=25 read_limit=1024 batch=1[0m
[0;32mI (501540) net_cpu: case=21 valid=1 total_us=20065600 tasks_before=8 tasks_after=8 snapshot_bytes=1440[0m
[0;32mI (501542) net_cpu: case=21 task=audio id=4 runtime_us=15787839 existed=1[0m
[0;32mI (501548) net_cpu: case=21 task=IDLE id=2 runtime_us=1217507 existed=1[0m
[0;32mI (501556) net_cpu: case=21 task=tiT id=5 runtime_us=1620257 existed=1[0m
[0;32mI (501563) net_cpu: case=21 task=uiT id=1 runtime_us=41237 existed=1[0m
[0;32mI (501570) net_cpu: case=21 task=httpd id=9 runtime_us=86857 existed=1[0m
[0;32mI (501577) net_cpu: case=21 task=ppT id=7 runtime_us=1312573 existed=1[0m
[0;32mI (501584) net_cpu: case=21 task=Tmr Svc id=3 runtime_us=0 existed=1[0m
[0;32mI (501591) net_cpu: case=21 task=sys_evt id=6 runtime_us=0 existed=1[0m
[0;32mI (501600) net_bench: case=21 output=1 wall_us=20037477 bytes=594811 open_us=79538 error=0 rssi=-79 heap_min=12292[0m
[0;32mI (501609) net_bench: case=21 recv_total_us=1109865 recv_positive_us=1102628 recv_empty_us=7237[0m
[0;32mI (501619) net_bench: case=21 cpu_lean=1 gap_metrics_valid=0 heap_is_final=1[0m
[0;32mI (501626) net_bench: case=21 sampled_heap_min=9448 rx_gap_tick_ms=283 wait_calls=39[0m
[0;32mI (501635) net_bench: case=21 calls=1176 empty=39 rx_gap_us=0 app_gap_us=0 empty_wait_us=0 recv_max_us=3603 commit_max_us=37314 ready_max=0 ready_probes=0[0m
[0;32mI (501649) net_bench: case=21 pcm_frames=655488 rate=44100 eof=8004 underrun=3876 stack=1180[0m
[0;32mI (501658) net_bench: case=21 second=0 bytes=29727 rssi=-72[0m
[0;32mI (501665) net_bench: case=21 second=1 bytes=22988 rssi=-71[0m
[0;32mI (501672) net_bench: case=21 second=2 bytes=30302 rssi=-71[0m
[0;32mI (501678) net_bench: case=21 second=3 bytes=31347 rssi=-72[0m
[0;32mI (501684) net_bench: case=21 second=4 bytes=31347 rssi=-71[0m
[0;32mI (501690) net_bench: case=21 second=5 bytes=30323 rssi=-80[0m
[0;32mI (501696) net_bench: case=21 second=6 bytes=31326 rssi=-78[0m
[0;32mI (501703) net_bench: case=21 second=7 bytes=31347 rssi=-80[0m
[0;32mI (501709) net_bench: case=21 second=8 bytes=21943 rssi=-78[0m
[0;32mI (501715) net_bench: case=21 second=9 bytes=31347 rssi=-73[0m
[0;32mI (501721) net_bench: case=21 second=10 bytes=30302 rssi=-79[0m
[0;32mI (501728) net_bench: case=21 second=11 bytes=31347 rssi=-70[0m
[0;32mI (501734) net_bench: case=21 second=12 bytes=31347 rssi=-71[0m
[0;32mI (501740) net_bench: case=21 second=13 bytes=30302 rssi=-71[0m
[0;32mI (501747) net_bench: case=21 second=14 bytes=31347 rssi=-81[0m
[0;32mI (501753) net_bench: case=21 second=15 bytes=31347 rssi=-79[0m
[0;32mI (501759) net_bench: case=21 second=16 bytes=31347 rssi=-81[0m
[0;32mI (501766) net_bench: case=21 second=17 bytes=30302 rssi=-79[0m
[0;32mI (501772) net_bench: case=21 second=18 bytes=31347 rssi=-80[0m
[0;32mI (501778) net_bench: case=21 second=19 bytes=23826 rssi=-70[0m
[0;32mI (502786) net_bench: case=22 path=/aac-64?rate=64 output=1 begin rssi=-70 round=2 fixture=3 variant=0 wait_ms=0 read_limit=1024 batch=1[0m
[0;32mI (523030) net_cpu: case=22 valid=1 total_us=20147669 tasks_before=8 tasks_after=8 snapshot_bytes=1440[0m
[0;32mI (523032) net_cpu: case=22 task=audio id=4 runtime_us=11852130 existed=1[0m
[0;32mI (523038) net_cpu: case=22 task=IDLE id=2 runtime_us=7190893 existed=1[0m
[0;32mI (523045) net_cpu: case=22 task=uiT id=1 runtime_us=47047 existed=1[0m
[0;32mI (523052) net_cpu: case=22 task=tiT id=5 runtime_us=456347 existed=1[0m
[0;32mI (523060) net_cpu: case=22 task=httpd id=9 runtime_us=97618 existed=1[0m
[0;32mI (523067) net_cpu: case=22 task=ppT id=7 runtime_us=503799 existed=1[0m
[0;32mI (523074) net_cpu: case=22 task=Tmr Svc id=3 runtime_us=0 existed=1[0m
[0;32mI (523081) net_cpu: case=22 task=sys_evt id=6 runtime_us=0 existed=1[0m
[0;32mI (523090) net_bench: case=22 output=1 wall_us=20119701 bytes=135770 open_us=109985 error=0 rssi=-81 heap_min=11616[0m
[0;32mI (523099) net_bench: case=22 recv_total_us=284597 recv_positive_us=207298 recv_empty_us=77299[0m
[0;32mI (523109) net_bench: case=22 cpu_lean=1 gap_metrics_valid=0 heap_is_final=1[0m
[0;32mI (523116) net_bench: case=22 sampled_heap_min=11400 rx_gap_tick_ms=240 wait_calls=602[0m
[0;32mI (523124) net_bench: case=22 calls=793 empty=602 rx_gap_us=0 app_gap_us=0 empty_wait_us=0 recv_max_us=2638 commit_max_us=176710 ready_max=0 ready_probes=0[0m
[0;32mI (523139) net_bench: case=22 pcm_frames=757760 rate=44100 eof=4445 underrun=2241 stack=1180[0m
[0;32mI (523149) net_bench: case=22 second=0 bytes=6877 rssi=-80[0m
[0;32mI (523155) net_bench: case=22 second=1 bytes=7060 rssi=-79[0m
[0;32mI (523161) net_bench: case=22 second=2 bytes=7154 rssi=-70[0m
[0;32mI (523167) net_bench: case=22 second=3 bytes=6119 rssi=-79[0m
[0;32mI (523174) net_bench: case=22 second=4 bytes=7070 rssi=-79[0m
[0;32mI (523180) net_bench: case=22 second=5 bytes=7130 rssi=-79[0m
[0;32mI (523186) net_bench: case=22 second=6 bytes=6883 rssi=-79[0m
[0;32mI (523192) net_bench: case=22 second=7 bytes=7279 rssi=-79[0m
[0;32mI (523198) net_bench: case=22 second=8 bytes=7090 rssi=-80[0m
[0;32mI (523204) net_bench: case=22 second=9 bytes=4598 rssi=-81[0m
[0;32mI (523211) net_bench: case=22 second=10 bytes=5727 rssi=-80[0m
[0;32mI (523217) net_bench: case=22 second=11 bytes=6910 rssi=-71[0m
[0;32mI (523223) net_bench: case=22 second=12 bytes=7154 rssi=-71[0m
[0;32mI (523229) net_bench: case=22 second=13 bytes=7143 rssi=-72[0m
[0;32mI (523235) net_bench: case=22 second=14 bytes=7070 rssi=-72[0m
[0;32mI (523242) net_bench: case=22 second=15 bytes=7130 rssi=-72[0m
[0;32mI (523248) net_bench: case=22 second=16 bytes=6353 rssi=-70[0m
[0;32mI (523254) net_bench: case=22 second=17 bytes=7137 rssi=-80[0m
[0;32mI (523260) net_bench: case=22 second=18 bytes=6738 rssi=-78[0m
[0;32mI (523267) net_bench: case=22 second=19 bytes=7148 rssi=-72[0m
[0;32mI (524274) net_bench: case=23 path=/aac-64?rate=64 output=1 begin rssi=-80 round=2 fixture=3 variant=1 wait_ms=25 read_limit=1024 batch=1[0m
[0;32mI (544535) net_cpu: case=23 valid=1 total_us=20195597 tasks_before=8 tasks_after=8 snapshot_bytes=1440[0m
[0;32mI (544537) net_cpu: case=23 task=audio id=4 runtime_us=12126724 existed=1[0m
[0;32mI (544543) net_cpu: case=23 task=IDLE id=2 runtime_us=6947883 existed=1[0m
[0;32mI (544550) net_cpu: case=23 task=uiT id=1 runtime_us=47482 existed=1[0m
[0;32mI (544557) net_cpu: case=23 task=tiT id=5 runtime_us=467033 existed=1[0m
[0;32mI (544565) net_cpu: case=23 task=httpd id=9 runtime_us=98428 existed=1[0m
[0;32mI (544572) net_cpu: case=23 task=ppT id=7 runtime_us=508398 existed=1[0m
[0;32mI (544579) net_cpu: case=23 task=Tmr Svc id=3 runtime_us=0 existed=1[0m
[0;32mI (544586) net_cpu: case=23 task=sys_evt id=6 runtime_us=0 existed=1[0m
[0;32mI (544595) net_bench: case=23 output=1 wall_us=20167512 bytes=139971 open_us=78606 error=0 rssi=-81 heap_min=11500[0m
[0;32mI (544604) net_bench: case=23 recv_total_us=217608 recv_positive_us=217342 recv_empty_us=266[0m
[0;32mI (544613) net_bench: case=23 cpu_lean=1 gap_metrics_valid=0 heap_is_final=1[0m
[0;32mI (544621) net_bench: case=23 sampled_heap_min=11048 rx_gap_tick_ms=165 wait_calls=1[0m
[0;32mI (544629) net_bench: case=23 calls=196 empty=1 rx_gap_us=0 app_gap_us=0 empty_wait_us=0 recv_max_us=2690 commit_max_us=164513 ready_max=0 ready_probes=0[0m
[0;32mI (544643) net_bench: case=23 pcm_frames=781312 rate=44100 eof=4148 underrun=1875 stack=1180[0m
[0;32mI (544652) net_bench: case=23 second=0 bytes=8192 rssi=-80[0m
[0;32mI (544659) net_bench: case=23 second=1 bytes=7121 rssi=-78[0m
[0;32mI (544665) net_bench: case=23 second=2 bytes=6255 rssi=-79[0m
[0;32mI (544671) net_bench: case=23 second=3 bytes=7090 rssi=-80[0m
[0;32mI (544677) net_bench: case=23 second=4 bytes=6646 rssi=-81[0m
[0;32mI (544683) net_bench: case=23 second=5 bytes=7130 rssi=-80[0m
[0;32mI (544689) net_bench: case=23 second=6 bytes=7377 rssi=-80[0m
[0;32mI (544695) net_bench: case=23 second=7 bytes=7137 rssi=-79[0m
[0;32mI (544702) net_bench: case=23 second=8 bytes=7071 rssi=-70[0m
[0;32mI (544708) net_bench: case=23 second=9 bytes=6243 rssi=-80[0m
[0;32mI (544714) net_bench: case=23 second=10 bytes=6680 rssi=-70[0m
[0;32mI (544721) net_bench: case=23 second=11 bytes=7279 rssi=-71[0m
[0;32mI (544726) net_bench: case=23 second=12 bytes=7136 rssi=-71[0m
[0;32mI (544733) net_bench: case=23 second=13 bytes=7011 rssi=-71[0m
[0;32mI (544739) net_bench: case=23 second=14 bytes=7277 rssi=-71[0m
[0;32mI (544745) net_bench: case=23 second=15 bytes=6208 rssi=-73[0m
[0;32mI (544751) net_bench: case=23 second=16 bytes=6710 rssi=-79[0m
[0;32mI (544757) net_bench: case=23 second=17 bytes=7247 rssi=-80[0m
[0;32mI (544764) net_bench: case=23 second=18 bytes=6945 rssi=-80[0m
[0;32mI (544770) net_bench: case=23 second=19 bytes=7216 rssi=-80[0m
[0;32mI (545777) net_bench: case=24 path=/mp3-320?rate=0 output=0 begin rssi=-80 round=3 fixture=0 variant=1 wait_ms=25 read_limit=1024 batch=1[0m
[0;32mI (565897) net_cpu: case=24 valid=1 total_us=20062139 tasks_before=8 tasks_after=8 snapshot_bytes=1440[0m
[0;32mI (565902) net_cpu: case=24 task=audio id=4 runtime_us=3912847 existed=1[0m
[0;32mI (565908) net_cpu: case=24 task=IDLE id=2 runtime_us=9772210 existed=1[0m
[0;32mI (565914) net_cpu: case=24 task=tiT id=5 runtime_us=3581376 existed=1[0m
[0;32mI (565921) net_cpu: case=24 task=uiT id=1 runtime_us=38063 existed=1[0m
[0;32mI (565928) net_cpu: case=24 task=httpd id=9 runtime_us=92275 existed=1[0m
[0;32mI (565935) net_cpu: case=24 task=ppT id=7 runtime_us=2665592 existed=1[0m
[0;32mI (565942) net_cpu: case=24 task=Tmr Svc id=3 runtime_us=0 existed=1[0m
[0;32mI (565949) net_cpu: case=24 task=sys_evt id=6 runtime_us=0 existed=1[0m
[0;32mI (565958) net_bench: case=24 output=0 wall_us=20034134 bytes=1724040 open_us=71690 error=0 rssi=-72 heap_min=12316[0m
[0;32mI (565967) net_bench: case=24 recv_total_us=3756944 recv_positive_us=3107919 recv_empty_us=649025[0m
[0;32mI (565977) net_bench: case=24 cpu_lean=1 gap_metrics_valid=0 heap_is_final=1[0m
[0;32mI (565985) net_bench: case=24 sampled_heap_min=10948 rx_gap_tick_ms=336 wait_calls=2295[0m
[0;32mI (565993) net_bench: case=24 calls=5363 empty=2295 rx_gap_us=0 app_gap_us=0 empty_wait_us=0 recv_max_us=5435 commit_max_us=0 ready_max=0 ready_probes=0[0m
[0;32mI (566008) net_bench: case=24 pcm_frames=0 rate=0 eof=1883 underrun=1882 stack=1180[0m
[0;32mI (566016) net_bench: case=24 second=0 bytes=98552 rssi=-71[0m
[0;32mI (566022) net_bench: case=24 second=1 bytes=131432 rssi=-79[0m
[0;32mI (566028) net_bench: case=24 second=2 bytes=87960 rssi=-78[0m
[0;32mI (566035) net_bench: case=24 second=3 bytes=89280 rssi=-79[0m
[0;32mI (566041) net_bench: case=24 second=4 bytes=68904 rssi=-80[0m
[0;32mI (566047) net_bench: case=24 second=5 bytes=75040 rssi=-79[0m
[0;32mI (566053) net_bench: case=24 second=6 bytes=53120 rssi=-71[0m
[0;32mI (566060) net_bench: case=24 second=7 bytes=72952 rssi=-71[0m
[0;32mI (566066) net_bench: case=24 second=8 bytes=56576 rssi=-71[0m
[0;32mI (566072) net_bench: case=24 second=9 bytes=108088 rssi=-72[0m
[0;32mI (566079) net_bench: case=24 second=10 bytes=109640 rssi=-71[0m
[0;32mI (566086) net_bench: case=24 second=11 bytes=72472 rssi=-79[0m
[0;32mI (566092) net_bench: case=24 second=12 bytes=109456 rssi=-80[0m
[0;32mI (566099) net_bench: case=24 second=13 bytes=126024 rssi=-80[0m
[0;32mI (566105) net_bench: case=24 second=14 bytes=46096 rssi=-79[0m
[0;32mI (566111) net_bench: case=24 second=15 bytes=123872 rssi=-79[0m
[0;32mI (566118) net_bench: case=24 second=16 bytes=73784 rssi=-80[0m
[0;32mI (566124) net_bench: case=24 second=17 bytes=31336 rssi=-71[0m
[0;32mI (566130) net_bench: case=24 second=18 bytes=98624 rssi=-71[0m
[0;32mI (566137) net_bench: case=24 second=19 bytes=89808 rssi=-71[0m
[0;32mI (567144) net_bench: case=25 path=/mp3-320?rate=0 output=0 begin rssi=-71 round=3 fixture=0 variant=0 wait_ms=0 read_limit=1024 batch=1[0m
[0;32mI (587270) net_cpu: case=25 valid=1 total_us=20061692 tasks_before=8 tasks_after=8 snapshot_bytes=1440[0m
[0;32mI (587275) net_cpu: case=25 task=audio id=4 runtime_us=3893943 existed=1[0m
[0;32mI (587281) net_cpu: case=25 task=uiT id=1 runtime_us=38865 existed=1[0m
[0;32mI (587288) net_cpu: case=25 task=IDLE id=2 runtime_us=9382454 existed=1[0m
[0;32mI (587295) net_cpu: case=25 task=tiT id=5 runtime_us=3748596 existed=1[0m
[0;32mI (587302) net_cpu: case=25 task=httpd id=9 runtime_us=98082 existed=1[0m
[0;32mI (587309) net_cpu: case=25 task=ppT id=7 runtime_us=2899639 existed=1[0m
[0;32mI (587317) net_cpu: case=25 task=Tmr Svc id=3 runtime_us=0 existed=1[0m
[0;32mI (587324) net_cpu: case=25 task=sys_evt id=6 runtime_us=0 existed=1[0m
[0;32mI (587333) net_bench: case=25 output=0 wall_us=20033624 bytes=1924408 open_us=76750 error=0 rssi=-80 heap_min=12968[0m
[0;32mI (587342) net_bench: case=25 recv_total_us=5485667 recv_positive_us=3450709 recv_empty_us=2034958[0m
[0;32mI (587352) net_bench: case=25 cpu_lean=1 gap_metrics_valid=0 heap_is_final=1[0m
[0;32mI (587360) net_bench: case=25 sampled_heap_min=10828 rx_gap_tick_ms=951 wait_calls=10964[0m
[0;32mI (587369) net_bench: case=25 calls=14452 empty=10964 rx_gap_us=0 app_gap_us=0 empty_wait_us=0 recv_max_us=4999 commit_max_us=0 ready_max=0 ready_probes=0[0m
[0;32mI (587383) net_bench: case=25 pcm_frames=0 rate=0 eof=1884 underrun=1883 stack=1180[0m
[0;32mI (587391) net_bench: case=25 second=0 bytes=142264 rssi=-79[0m
[0;32mI (587398) net_bench: case=25 second=1 bytes=137272 rssi=-72[0m
[0;32mI (587404) net_bench: case=25 second=2 bytes=139472 rssi=-71[0m
[0;32mI (587410) net_bench: case=25 second=3 bytes=98976 rssi=-71[0m
[0;32mI (587416) net_bench: case=25 second=4 bytes=28408 rssi=-71[0m
[0;32mI (587423) net_bench: case=25 second=5 bytes=15008 rssi=-72[0m
[0;32mI (587429) net_bench: case=25 second=6 bytes=86304 rssi=-79[0m
[0;32mI (587435) net_bench: case=25 second=7 bytes=135768 rssi=-79[0m
[0;32mI (587441) net_bench: case=25 second=8 bytes=134832 rssi=-80[0m
[0;32mI (587448) net_bench: case=25 second=9 bytes=93808 rssi=-79[0m
[0;32mI (587454) net_bench: case=25 second=10 bytes=28456 rssi=-80[0m
[0;32mI (587460) net_bench: case=25 second=11 bytes=126552 rssi=-71[0m
[0;32mI (587467) net_bench: case=25 second=12 bytes=140064 rssi=-71[0m
[0;32mI (587473) net_bench: case=25 second=13 bytes=137384 rssi=-72[0m
[0;32mI (587480) net_bench: case=25 second=14 bytes=117200 rssi=-71[0m
[0;32mI (587486) net_bench: case=25 second=15 bytes=13400 rssi=-71[0m
[0;32mI (587492) net_bench: case=25 second=16 bytes=9648 rssi=-72[0m
[0;32mI (587499) net_bench: case=25 second=17 bytes=99160 rssi=-81[0m
[0;32mI (587505) net_bench: case=25 second=18 bytes=138056 rssi=-80[0m
[0;32mI (587511) net_bench: case=25 second=19 bytes=101840 rssi=-82[0m
[0;32mI (588519) net_bench: case=26 path=/mp3-128?rate=128 output=1 begin rssi=-81 round=3 fixture=1 variant=1 wait_ms=25 read_limit=1024 batch=1[0m
[0;32mI (608662) net_cpu: case=26 valid=1 total_us=20079831 tasks_before=8 tasks_after=8 snapshot_bytes=1440[0m
[0;32mI (608664) net_cpu: case=26 task=audio id=4 runtime_us=14952322 existed=1[0m
[0;32mI (608670) net_cpu: case=26 task=IDLE id=2 runtime_us=3290223 existed=1[0m
[0;32mI (608677) net_cpu: case=26 task=tiT id=5 runtime_us=884500 existed=1[0m
[0;32mI (608685) net_cpu: case=26 task=uiT id=1 runtime_us=46890 existed=1[0m
[0;32mI (608692) net_cpu: case=26 task=httpd id=9 runtime_us=95032 existed=1[0m
[0;32mI (608699) net_cpu: case=26 task=ppT id=7 runtime_us=811284 existed=1[0m
[0;32mI (608706) net_cpu: case=26 task=Tmr Svc id=3 runtime_us=0 existed=1[0m
[0;32mI (608713) net_cpu: case=26 task=sys_evt id=6 runtime_us=0 existed=1[0m
[0;32mI (608722) net_bench: case=26 output=1 wall_us=20051947 bytes=308499 open_us=75972 error=0 rssi=-70 heap_min=9724[0m
[0;32mI (608731) net_bench: case=26 recv_total_us=500792 recv_positive_us=494912 recv_empty_us=5880[0m
[0;32mI (608740) net_bench: case=26 cpu_lean=1 gap_metrics_valid=0 heap_is_final=1[0m
[0;32mI (608748) net_bench: case=26 sampled_heap_min=9424 rx_gap_tick_ms=299 wait_calls=30[0m
[0;32mI (608756) net_bench: case=26 calls=523 empty=30 rx_gap_us=0 app_gap_us=0 empty_wait_us=0 recv_max_us=3723 commit_max_us=80678 ready_max=0 ready_probes=0[0m
[0;32mI (608770) net_bench: case=26 pcm_frames=850176 rate=44100 eof=2852 underrun=624 stack=1180[0m
[0;32mI (608779) net_bench: case=26 second=0 bytes=15098 rssi=-71[0m
[0;32mI (608786) net_bench: case=26 second=1 bytes=16300 rssi=-70[0m
[0;32mI (608792) net_bench: case=26 second=2 bytes=16300 rssi=-71[0m
[0;32mI (608798) net_bench: case=26 second=3 bytes=16300 rssi=-71[0m
[0;32mI (608804) net_bench: case=26 second=4 bytes=11285 rssi=-71[0m
[0;32mI (608811) net_bench: case=26 second=5 bytes=15046 rssi=-80[0m
[0;32mI (608817) net_bench: case=26 second=6 bytes=16300 rssi=-73[0m
[0;32mI (608823) net_bench: case=26 second=7 bytes=16300 rssi=-71[0m
[0;32mI (608829) net_bench: case=26 second=8 bytes=15046 rssi=-79[0m
[0;32mI (608835) net_bench: case=26 second=9 bytes=16300 rssi=-71[0m
[0;32mI (608842) net_bench: case=26 second=10 bytes=16300 rssi=-72[0m
[0;32mI (608848) net_bench: case=26 second=11 bytes=16300 rssi=-70[0m
[0;32mI (608854) net_bench: case=26 second=12 bytes=15047 rssi=-71[0m
[0;32mI (608861) net_bench: case=26 second=13 bytes=16300 rssi=-80[0m
[0;32mI (608867) net_bench: case=26 second=14 bytes=12768 rssi=-80[0m
[0;32mI (608873) net_bench: case=26 second=15 bytes=13563 rssi=-79[0m
[0;32mI (608880) net_bench: case=26 second=16 bytes=16300 rssi=-72[0m
[0;32mI (608886) net_bench: case=26 second=17 bytes=16300 rssi=-70[0m
[0;32mI (608892) net_bench: case=26 second=18 bytes=15046 rssi=-71[0m
[0;32mI (608898) net_bench: case=26 second=19 bytes=16300 rssi=-71[0m
[0;32mI (609906) net_bench: case=27 path=/mp3-128?rate=128 output=1 begin rssi=-72 round=3 fixture=1 variant=0 wait_ms=0 read_limit=1024 batch=1[0m
[0;32mI (630023) net_cpu: case=27 valid=1 total_us=20060604 tasks_before=8 tasks_after=8 snapshot_bytes=1440[0m
[0;32mI (630025) net_cpu: case=27 task=audio id=4 runtime_us=15235257 existed=1[0m
[0;32mI (630031) net_cpu: case=27 task=IDLE id=2 runtime_us=2958744 existed=1[0m
[0;32mI (630038) net_cpu: case=27 task=tiT id=5 runtime_us=902642 existed=1[0m
[0;32mI (630046) net_cpu: case=27 task=uiT id=1 runtime_us=47362 existed=1[0m
[0;32mI (630053) net_cpu: case=27 task=httpd id=9 runtime_us=96154 existed=1[0m
[0;32mI (630060) net_cpu: case=27 task=ppT id=7 runtime_us=820469 existed=1[0m
[0;32mI (630067) net_cpu: case=27 task=Tmr Svc id=3 runtime_us=0 existed=1[0m
[0;32mI (630074) net_cpu: case=27 task=sys_evt id=6 runtime_us=0 existed=1[0m
[0;32mI (630083) net_bench: case=27 output=1 wall_us=20032488 bytes=313097 open_us=67408 error=0 rssi=-80 heap_min=10068[0m
[0;32mI (630092) net_bench: case=27 recv_total_us=578908 recv_positive_us=521148 recv_empty_us=57760[0m
[0;32mI (630101) net_bench: case=27 cpu_lean=1 gap_metrics_valid=0 heap_is_final=1[0m
[0;32mI (630109) net_bench: case=27 sampled_heap_min=9360 rx_gap_tick_ms=186 wait_calls=426[0m
[0;32mI (630117) net_bench: case=27 calls=935 empty=426 rx_gap_us=0 app_gap_us=0 empty_wait_us=0 recv_max_us=4394 commit_max_us=81604 ready_max=0 ready_probes=0[0m
[0;32mI (630132) net_bench: case=27 pcm_frames=862848 rate=44100 eof=2518 underrun=395 stack=1180[0m
[0;32mI (630141) net_bench: case=27 second=0 bytes=16352 rssi=-81[0m
[0;32mI (630147) net_bench: case=27 second=1 bytes=15726 rssi=-81[0m
[0;32mI (630153) net_bench: case=27 second=2 bytes=15202 rssi=-70[0m
[0;32mI (630159) net_bench: case=27 second=3 bytes=16300 rssi=-80[0m
[0;32mI (630166) net_bench: case=27 second=4 bytes=15047 rssi=-80[0m
[0;32mI (630172) net_bench: case=27 second=5 bytes=16300 rssi=-72[0m
[0;32mI (630178) net_bench: case=27 second=6 bytes=15046 rssi=-71[0m
[0;32mI (630184) net_bench: case=27 second=7 bytes=16300 rssi=-80[0m
[0;32mI (630191) net_bench: case=27 second=8 bytes=13792 rssi=-79[0m
[0;32mI (630197) net_bench: case=27 second=9 bytes=16300 rssi=-81[0m
[0;32mI (630203) net_bench: case=27 second=10 bytes=15046 rssi=-79[0m
[0;32mI (630209) net_bench: case=27 second=11 bytes=16300 rssi=-73[0m
[0;32mI (630216) net_bench: case=27 second=12 bytes=16300 rssi=-79[0m
[0;32mI (630222) net_bench: case=27 second=13 bytes=15047 rssi=-81[0m
[0;32mI (630228) net_bench: case=27 second=14 bytes=15046 rssi=-71[0m
[0;32mI (630235) net_bench: case=27 second=15 bytes=15276 rssi=-71[0m
[0;32mI (630241) net_bench: case=27 second=16 bytes=16070 rssi=-79[0m
[0;32mI (630247) net_bench: case=27 second=17 bytes=16300 rssi=-79[0m
[0;32mI (630254) net_bench: case=27 second=18 bytes=16300 rssi=-80[0m
[0;32mI (630260) net_bench: case=27 second=19 bytes=15047 rssi=-79[0m
[0;32mI (631268) net_bench: case=28 path=/mp3-320?rate=320 output=1 begin rssi=-79 round=3 fixture=2 variant=1 wait_ms=25 read_limit=1024 batch=1[0m
[0;32mI (654395) net_cpu: case=28 valid=1 total_us=20073681 tasks_before=8 tasks_after=8 snapshot_bytes=1440[0m
[0;32mI (654397) net_cpu: case=28 task=audio id=4 runtime_us=15728926 existed=1[0m
[0;32mI (654403) net_cpu: case=28 task=IDLE id=2 runtime_us=1254663 existed=1[0m
[0;32mI (654410) net_cpu: case=28 task=tiT id=5 runtime_us=1626821 existed=1[0m
[0;32mI (654418) net_cpu: case=28 task=uiT id=1 runtime_us=41758 existed=1[0m
[0;32mI (654425) net_cpu: case=28 task=httpd id=9 runtime_us=86469 existed=1[0m
[0;32mI (654432) net_cpu: case=28 task=ppT id=7 runtime_us=1335231 existed=1[0m
[0;32mI (654439) net_cpu: case=28 task=Tmr Svc id=3 runtime_us=0 existed=1[0m
[0;32mI (654446) net_cpu: case=28 task=sys_evt id=6 runtime_us=0 existed=1[0m
[0;32mI (654455) net_bench: case=28 output=1 wall_us=20045496 bytes=592928 open_us=3066649 error=0 rssi=-71 heap_min=9728[0m
[0;32mI (654464) net_bench: case=28 recv_total_us=1114861 recv_positive_us=1108205 recv_empty_us=6656[0m
[0;32mI (654474) net_bench: case=28 cpu_lean=1 gap_metrics_valid=0 heap_is_final=1[0m
[0;32mI (654481) net_bench: case=28 sampled_heap_min=9384 rx_gap_tick_ms=292 wait_calls=37[0m
[0;32mI (654490) net_bench: case=28 calls=1171 empty=37 rx_gap_us=0 app_gap_us=0 empty_wait_us=0 recv_max_us=2932 commit_max_us=37735 ready_max=0 ready_probes=0[0m
[0;32mI (654504) net_bench: case=28 pcm_frames=653184 rate=44100 eof=7902 underrun=3939 stack=1180[0m
[0;32mI (654513) net_bench: case=28 second=0 bytes=30772 rssi=-80[0m
[0;32mI (654519) net_bench: case=28 second=1 bytes=30302 rssi=-79[0m
[0;32mI (654526) net_bench: case=28 second=2 bytes=31347 rssi=-78[0m
[0;32mI (654532) net_bench: case=28 second=3 bytes=30302 rssi=-81[0m
[0;32mI (654538) net_bench: case=28 second=4 bytes=22988 rssi=-72[0m
[0;32mI (654544) net_bench: case=28 second=5 bytes=30302 rssi=-71[0m
[0;32mI (654550) net_bench: case=28 second=6 bytes=31347 rssi=-71[0m
[0;32mI (654557) net_bench: case=28 second=7 bytes=30302 rssi=-80[0m
[0;32mI (654563) net_bench: case=28 second=8 bytes=31347 rssi=-81[0m
[0;32mI (654569) net_bench: case=28 second=9 bytes=31347 rssi=-79[0m
[0;32mI (654575) net_bench: case=28 second=10 bytes=30302 rssi=-79[0m
[0;32mI (654582) net_bench: case=28 second=11 bytes=31347 rssi=-80[0m
[0;32mI (654588) net_bench: case=28 second=12 bytes=31347 rssi=-71[0m
[0;32mI (654594) net_bench: case=28 second=13 bytes=21943 rssi=-71[0m
[0;32mI (654601) net_bench: case=28 second=14 bytes=31347 rssi=-71[0m
[0;32mI (654607) net_bench: case=28 second=15 bytes=30302 rssi=-71[0m
[0;32mI (654613) net_bench: case=28 second=16 bytes=31347 rssi=-70[0m
[0;32mI (654620) net_bench: case=28 second=17 bytes=31347 rssi=-82[0m
[0;32mI (654626) net_bench: case=28 second=18 bytes=27545 rssi=-79[0m
[0;32mI (654632) net_bench: case=28 second=19 bytes=25745 rssi=-80[0m
[0;32mI (655640) net_bench: case=29 path=/mp3-320?rate=320 output=1 begin rssi=-80 round=3 fixture=2 variant=0 wait_ms=0 read_limit=1024 batch=1[0m
[0;32mI (675769) net_cpu: case=29 valid=1 total_us=20059365 tasks_before=8 tasks_after=8 snapshot_bytes=1440[0m
[0;32mI (675771) net_cpu: case=29 task=audio id=4 runtime_us=15363052 existed=1[0m
[0;32mI (675777) net_cpu: case=29 task=uiT id=1 runtime_us=41072 existed=1[0m
[0;32mI (675784) net_cpu: case=29 task=IDLE id=2 runtime_us=1722481 existed=1[0m
[0;32mI (675791) net_cpu: case=29 task=tiT id=5 runtime_us=1563609 existed=1[0m
[0;32mI (675799) net_cpu: case=29 task=httpd id=9 runtime_us=87615 existed=1[0m
[0;32mI (675806) net_cpu: case=29 task=ppT id=7 runtime_us=1283412 existed=1[0m
[0;32mI (675813) net_cpu: case=29 task=Tmr Svc id=3 runtime_us=0 existed=1[0m
[0;32mI (675820) net_cpu: case=29 task=sys_evt id=6 runtime_us=0 existed=1[0m
[0;32mI (675829) net_bench: case=29 output=1 wall_us=20031276 bytes=569940 open_us=82754 error=0 rssi=-71 heap_min=9812[0m
[0;32mI (675839) net_bench: case=29 recv_total_us=1261090 recv_positive_us=1059517 recv_empty_us=201573[0m
[0;32mI (675848) net_bench: case=29 cpu_lean=1 gap_metrics_valid=0 heap_is_final=1[0m
[0;32mI (675855) net_bench: case=29 sampled_heap_min=9516 rx_gap_tick_ms=285 wait_calls=1610[0m
[0;32mI (675864) net_bench: case=29 calls=2700 empty=1610 rx_gap_us=0 app_gap_us=0 empty_wait_us=0 recv_max_us=2977 commit_max_us=37255 ready_max=0 ready_probes=0[0m
[0;32mI (675878) net_bench: case=29 pcm_frames=627840 rate=44100 eof=8164 underrun=4363 stack=1180[0m
[0;32mI (675887) net_bench: case=29 second=0 bytes=30772 rssi=-71[0m
[0;32mI (675894) net_bench: case=29 second=1 bytes=30302 rssi=-70[0m
[0;32mI (675900) net_bench: case=29 second=2 bytes=31347 rssi=-71[0m
[0;32mI (675906) net_bench: case=29 second=3 bytes=31347 rssi=-71[0m
[0;32mI (675912) net_bench: case=29 second=4 bytes=21943 rssi=-79[0m
[0;32mI (675919) net_bench: case=29 second=5 bytes=31347 rssi=-80[0m
[0;32mI (675925) net_bench: case=29 second=6 bytes=30302 rssi=-78[0m
[0;32mI (675931) net_bench: case=29 second=7 bytes=31347 rssi=-79[0m
[0;32mI (675937) net_bench: case=29 second=8 bytes=30302 rssi=-80[0m
[0;32mI (675943) net_bench: case=29 second=9 bytes=31347 rssi=-73[0m
[0;32mI (675950) net_bench: case=29 second=10 bytes=30302 rssi=-71[0m
[0;32mI (675956) net_bench: case=29 second=11 bytes=31347 rssi=-70[0m
[0;32mI (675962) net_bench: case=29 second=12 bytes=28563 rssi=-72[0m
[0;32mI (675969) net_bench: case=29 second=13 bytes=18458 rssi=-78[0m
[0;32mI (675975) net_bench: case=29 second=14 bytes=30302 rssi=-80[0m
[0;32mI (675981) net_bench: case=29 second=15 bytes=24627 rssi=-79[0m
[0;32mI (675988) net_bench: case=29 second=16 bytes=21369 rssi=-80[0m
[0;32mI (675994) net_bench: case=29 second=17 bytes=31326 rssi=-81[0m
[0;32mI (676000) net_bench: case=29 second=18 bytes=27714 rssi=-71[0m
[0;32mI (676007) net_bench: case=29 second=19 bytes=25576 rssi=-71[0m
[0;32mI (677014) net_bench: case=30 path=/aac-64?rate=64 output=1 begin rssi=-70 round=3 fixture=3 variant=1 wait_ms=25 read_limit=1024 batch=1[0m
[0;32mI (697222) net_cpu: case=30 valid=1 total_us=20147977 tasks_before=8 tasks_after=8 snapshot_bytes=1440[0m
[0;32mI (697224) net_cpu: case=30 task=audio id=4 runtime_us=12119300 existed=1[0m
[0;32mI (697230) net_cpu: case=30 task=IDLE id=2 runtime_us=6892242 existed=1[0m
[0;32mI (697237) net_cpu: case=30 task=tiT id=5 runtime_us=470446 existed=1[0m
[0;32mI (697245) net_cpu: case=30 task=uiT id=1 runtime_us=46810 existed=1[0m
[0;32mI (697252) net_cpu: case=30 task=httpd id=9 runtime_us=96485 existed=1[0m
[0;32mI (697259) net_cpu: case=30 task=ppT id=7 runtime_us=524551 existed=1[0m
[0;32mI (697266) net_cpu: case=30 task=Tmr Svc id=3 runtime_us=0 existed=1[0m
[0;32mI (697273) net_cpu: case=30 task=sys_evt id=6 runtime_us=0 existed=1[0m
[0;32mI (697282) net_bench: case=30 output=1 wall_us=20119965 bytes=139971 open_us=73506 error=0 rssi=-72 heap_min=11504[0m
[0;32mI (697291) net_bench: case=30 recv_total_us=211316 recv_positive_us=211316 recv_empty_us=0[0m
[0;32mI (697300) net_bench: case=30 cpu_lean=1 gap_metrics_valid=0 heap_is_final=1[0m
[0;32mI (697307) net_bench: case=30 sampled_heap_min=11140 rx_gap_tick_ms=163 wait_calls=0[0m
[0;32mI (697316) net_bench: case=30 calls=195 empty=0 rx_gap_us=0 app_gap_us=0 empty_wait_us=0 recv_max_us=1824 commit_max_us=162000 ready_max=0 ready_probes=0[0m
[0;32mI (697330) net_bench: case=30 pcm_frames=781312 rate=44100 eof=4111 underrun=1838 stack=1180[0m
[0;32mI (697339) net_bench: case=30 second=0 bytes=8192 rssi=-69[0m
[0;32mI (697345) net_bench: case=30 second=1 bytes=7121 rssi=-71[0m
[0;32mI (697352) net_bench: case=30 second=2 bytes=6255 rssi=-71[0m
[0;32mI (697358) net_bench: case=30 second=3 bytes=7090 rssi=-80[0m
[0;32mI (697364) net_bench: case=30 second=4 bytes=7148 rssi=-81[0m
[0;32mI (697370) net_bench: case=30 second=5 bytes=6628 rssi=-79[0m
[0;32mI (697376) net_bench: case=30 second=6 bytes=7377 rssi=-79[0m
[0;32mI (697382) net_bench: case=30 second=7 bytes=7137 rssi=-81[0m
[0;32mI (697388) net_bench: case=30 second=8 bytes=7071 rssi=-77[0m
[0;32mI (697395) net_bench: case=30 second=9 bytes=6243 rssi=-80[0m
[0;32mI (697402) net_bench: case=30 second=10 bytes=7135 rssi=-80[0m
[0;32mI (697408) net_bench: case=30 second=11 bytes=6824 rssi=-70[0m
[0;32mI (697415) net_bench: case=30 second=12 bytes=7136 rssi=-81[0m
[0;32mI (697420) net_bench: case=30 second=13 bytes=7011 rssi=-79[0m
[0;32mI (697427) net_bench: case=30 second=14 bytes=7277 rssi=-79[0m
[0;32mI (697433) net_bench: case=30 second=15 bytes=7232 rssi=-78[0m
[0;32mI (697439) net_bench: case=30 second=16 bytes=6130 rssi=-82[0m
[0;32mI (697445) net_bench: case=30 second=17 bytes=7143 rssi=-72[0m
[0;32mI (697452) net_bench: case=30 second=18 bytes=7070 rssi=-74[0m
[0;32mI (697458) net_bench: case=30 second=19 bytes=6751 rssi=-73[0m
[0;32mI (698465) net_bench: case=31 path=/aac-64?rate=64 output=1 begin rssi=-72 round=3 fixture=3 variant=0 wait_ms=0 read_limit=1024 batch=1[0m
[0;32mI (718710) net_cpu: case=31 valid=1 total_us=20181179 tasks_before=8 tasks_after=8 snapshot_bytes=1440[0m
[0;32mI (718712) net_cpu: case=31 task=audio id=4 runtime_us=12128169 existed=1[0m
[0;32mI (718718) net_cpu: case=31 task=IDLE id=2 runtime_us=6925423 existed=1[0m
[0;32mI (718725) net_cpu: case=31 task=uiT id=1 runtime_us=47321 existed=1[0m
[0;32mI (718732) net_cpu: case=31 task=tiT id=5 runtime_us=469747 existed=1[0m
[0;32mI (718739) net_cpu: case=31 task=ppT id=7 runtime_us=512640 existed=1[0m
[0;32mI (718747) net_cpu: case=31 task=httpd id=9 runtime_us=99669 existed=1[0m
[0;32mI (718754) net_cpu: case=31 task=Tmr Svc id=3 runtime_us=0 existed=1[0m
[0;32mI (718761) net_cpu: case=31 task=sys_evt id=6 runtime_us=0 existed=1[0m
[0;32mI (718770) net_bench: case=31 output=1 wall_us=20153124 bytes=139971 open_us=77143 error=0 rssi=-72 heap_min=11496[0m
[0;32mI (718779) net_bench: case=31 recv_total_us=212530 recv_positive_us=212530 recv_empty_us=0[0m
[0;32mI (718788) net_bench: case=31 cpu_lean=1 gap_metrics_valid=0 heap_is_final=1[0m
[0;32mI (718795) net_bench: case=31 sampled_heap_min=11132 rx_gap_tick_ms=164 wait_calls=0[0m
[0;32mI (718804) net_bench: case=31 calls=196 empty=0 rx_gap_us=0 app_gap_us=0 empty_wait_us=0 recv_max_us=2533 commit_max_us=162865 ready_max=0 ready_probes=0[0m
[0;32mI (718818) net_bench: case=31 pcm_frames=781312 rate=44100 eof=4136 underrun=1863 stack=1180[0m
[0;32mI (718827) net_bench: case=31 second=0 bytes=8192 rssi=-71[0m
[0;32mI (718833) net_bench: case=31 second=1 bytes=7121 rssi=-71[0m
[0;32mI (718840) net_bench: case=31 second=2 bytes=7279 rssi=-71[0m
[0;32mI (718846) net_bench: case=31 second=3 bytes=6066 rssi=-79[0m
[0;32mI (718852) net_bench: case=31 second=4 bytes=7148 rssi=-80[0m
[0;32mI (718858) net_bench: case=31 second=5 bytes=6628 rssi=-80[0m
[0;32mI (718864) net_bench: case=31 second=6 bytes=7377 rssi=-81[0m
[0;32mI (718870) net_bench: case=31 second=7 bytes=7137 rssi=-78[0m
[0;32mI (718876) net_bench: case=31 second=8 bytes=7071 rssi=-78[0m
[0;32mI (718883) net_bench: case=31 second=9 bytes=7267 rssi=-79[0m
[0;32mI (718889) net_bench: case=31 second=10 bytes=6111 rssi=-80[0m
[0;32mI (718895) net_bench: case=31 second=11 bytes=6824 rssi=-73[0m
[0;32mI (718901) net_bench: case=31 second=12 bytes=7136 rssi=-80[0m
[0;32mI (718907) net_bench: case=31 second=13 bytes=7011 rssi=-73[0m
[0;32mI (718914) net_bench: case=31 second=14 bytes=7277 rssi=-81[0m
[0;32mI (718920) net_bench: case=31 second=15 bytes=7232 rssi=-80[0m
[0;32mI (718926) net_bench: case=31 second=16 bytes=6130 rssi=-70[0m
[0;32mI (718932) net_bench: case=31 second=17 bytes=7143 rssi=-70[0m
[0;32mI (718939) net_bench: case=31 second=18 bytes=7070 rssi=-81[0m
[0;32mI (718945) net_bench: case=31 second=19 bytes=6751 rssi=-80[0m
[0;32mI (719952) net_bench: case=32 path=/mp3-320?rate=0 output=0 begin rssi=-71 round=4 fixture=0 variant=0 wait_ms=0 read_limit=1024 batch=1[0m
[0;32mI (740075) net_cpu: case=32 valid=1 total_us=20061842 tasks_before=8 tasks_after=8 snapshot_bytes=1440[0m
[0;32mI (740079) net_cpu: case=32 task=audio id=4 runtime_us=3860154 existed=1[0m
[0;32mI (740085) net_cpu: case=32 task=IDLE id=2 runtime_us=9652639 existed=1[0m
[0;32mI (740093) net_cpu: case=32 task=uiT id=1 runtime_us=39132 existed=1[0m
[0;32mI (740101) net_cpu: case=32 task=tiT id=5 runtime_us=3617949 existed=1[0m
[0;32mI (740108) net_cpu: case=32 task=httpd id=9 runtime_us=97911 existed=1[0m
[0;32mI (740115) net_cpu: case=32 task=ppT id=7 runtime_us=2794564 existed=1[0m
[0;32mI (740122) net_cpu: case=32 task=Tmr Svc id=3 runtime_us=0 existed=1[0m
[0;32mI (740129) net_cpu: case=32 task=sys_evt id=6 runtime_us=0 existed=1[0m
[0;32mI (740138) net_bench: case=32 output=0 wall_us=20033735 bytes=1844128 open_us=72835 error=0 rssi=-80 heap_min=12324[0m
[0;32mI (740147) net_bench: case=32 recv_total_us=5461830 recv_positive_us=3388675 recv_empty_us=2073155[0m
[0;32mI (740157) net_bench: case=32 cpu_lean=1 gap_metrics_valid=0 heap_is_final=1[0m
[0;32mI (740165) net_bench: case=32 sampled_heap_min=10896 rx_gap_tick_ms=346 wait_calls=11536[0m
[0;32mI (740173) net_bench: case=32 calls=14788 empty=11536 rx_gap_us=0 app_gap_us=0 empty_wait_us=0 recv_max_us=6014 commit_max_us=0 ready_max=0 ready_probes=0[0m
[0;32mI (740188) net_bench: case=32 pcm_frames=0 rate=0 eof=1883 underrun=1882 stack=1180[0m
[0;32mI (740196) net_bench: case=32 second=0 bytes=132576 rssi=-78[0m
[0;32mI (740202) net_bench: case=32 second=1 bytes=110528 rssi=-79[0m
[0;32mI (740209) net_bench: case=32 second=2 bytes=129624 rssi=-71[0m
[0;32mI (740215) net_bench: case=32 second=3 bytes=85240 rssi=-71[0m
[0;32mI (740221) net_bench: case=32 second=4 bytes=93024 rssi=-71[0m
[0;32mI (740228) net_bench: case=32 second=5 bytes=17208 rssi=-71[0m
[0;32mI (740234) net_bench: case=32 second=6 bytes=88160 rssi=-71[0m
[0;32mI (740240) net_bench: case=32 second=7 bytes=48536 rssi=-80[0m
[0;32mI (740246) net_bench: case=32 second=8 bytes=127920 rssi=-80[0m
[0;32mI (740253) net_bench: case=32 second=9 bytes=118272 rssi=-80[0m
[0;32mI (740259) net_bench: case=32 second=10 bytes=71592 rssi=-80[0m
[0;32mI (740265) net_bench: case=32 second=11 bytes=93264 rssi=-82[0m
[0;32mI (740271) net_bench: case=32 second=12 bytes=63256 rssi=-72[0m
[0;32mI (740278) net_bench: case=32 second=13 bytes=49608 rssi=-71[0m
[0;32mI (740284) net_bench: case=32 second=14 bytes=127920 rssi=-70[0m
[0;32mI (740291) net_bench: case=32 second=15 bytes=93800 rssi=-72[0m
[0;32mI (740297) net_bench: case=32 second=16 bytes=100528 rssi=-71[0m
[0;32mI (740303) net_bench: case=32 second=17 bytes=134888 rssi=-79[0m
[0;32mI (740310) net_bench: case=32 second=18 bytes=135376 rssi=-80[0m
[0;32mI (740316) net_bench: case=32 second=19 bytes=22272 rssi=-80[0m
[0;32mI (741323) net_bench: case=33 path=/mp3-320?rate=0 output=0 begin rssi=-79 round=4 fixture=0 variant=1 wait_ms=25 read_limit=1024 batch=1[0m
[0;32mI (761441) net_cpu: case=33 valid=1 total_us=20060185 tasks_before=8 tasks_after=8 snapshot_bytes=1440[0m
[0;32mI (761445) net_cpu: case=33 task=audio id=4 runtime_us=4041648 existed=1[0m
[0;32mI (761452) net_cpu: case=33 task=IDLE id=2 runtime_us=9481269 existed=1[0m
[0;32mI (761459) net_cpu: case=33 task=tiT id=5 runtime_us=3674123 existed=1[0m
[0;32mI (761466) net_cpu: case=33 task=uiT id=1 runtime_us=38287 existed=1[0m
[0;32mI (761473) net_cpu: case=33 task=httpd id=9 runtime_us=93071 existed=1[0m
[0;32mI (761480) net_cpu: case=33 task=ppT id=7 runtime_us=2733628 existed=1[0m
[0;32mI (761487) net_cpu: case=33 task=Tmr Svc id=3 runtime_us=0 existed=1[0m
[0;32mI (761494) net_cpu: case=33 task=sys_evt id=6 runtime_us=0 existed=1[0m
[0;32mI (761503) net_bench: case=33 output=0 wall_us=20032216 bytes=1763208 open_us=70503 error=0 rssi=-71 heap_min=12312[0m
[0;32mI (761512) net_bench: case=33 recv_total_us=3744850 recv_positive_us=3116070 recv_empty_us=628780[0m
[0;32mI (761522) net_bench: case=33 cpu_lean=1 gap_metrics_valid=0 heap_is_final=1[0m
[0;32mI (761530) net_bench: case=33 sampled_heap_min=10944 rx_gap_tick_ms=335 wait_calls=2373[0m
[0;32mI (761538) net_bench: case=33 calls=5513 empty=2373 rx_gap_us=0 app_gap_us=0 empty_wait_us=0 recv_max_us=5992 commit_max_us=0 ready_max=0 ready_probes=0[0m
[0;32mI (761554) net_bench: case=33 pcm_frames=0 rate=0 eof=1884 underrun=1883 stack=1180[0m
[0;32mI (761562) net_bench: case=33 second=0 bytes=85448 rssi=-71[0m
[0;32mI (761568) net_bench: case=33 second=1 bytes=132992 rssi=-71[0m
[0;32mI (761574) net_bench: case=33 second=2 bytes=144144 rssi=-79[0m
[0;32mI (761581) net_bench: case=33 second=3 bytes=93328 rssi=-80[0m
[0;32mI (761587) net_bench: case=33 second=4 bytes=86592 rssi=-80[0m
[0;32mI (761593) net_bench: case=33 second=5 bytes=61640 rssi=-79[0m
[0;32mI (761599) net_bench: case=33 second=6 bytes=75096 rssi=-78[0m
[0;32mI (761606) net_bench: case=33 second=7 bytes=51512 rssi=-71[0m
[0;32mI (761612) net_bench: case=33 second=8 bytes=100528 rssi=-71[0m
[0;32mI (761618) net_bench: case=33 second=9 bytes=109112 rssi=-72[0m
[0;32mI (761625) net_bench: case=33 second=10 bytes=132800 rssi=-72[0m
[0;32mI (761631) net_bench: case=33 second=11 bytes=53312 rssi=-71[0m
[0;32mI (761637) net_bench: case=33 second=12 bytes=51216 rssi=-81[0m
[0;32mI (761643) net_bench: case=33 second=13 bytes=117152 rssi=-79[0m
[0;32mI (761650) net_bench: case=33 second=14 bytes=21440 rssi=-80[0m
[0;32mI (761656) net_bench: case=33 second=15 bytes=57888 rssi=-78[0m
[0;32mI (761663) net_bench: case=33 second=16 bytes=65392 rssi=-80[0m
[0;32mI (761669) net_bench: case=33 second=17 bytes=90048 rssi=-72[0m
[0;32mI (761675) net_bench: case=33 second=18 bytes=140784 rssi=-71[0m
[0;32mI (761682) net_bench: case=33 second=19 bytes=92784 rssi=-73[0m
[0;32mI (762689) net_bench: case=34 path=/mp3-128?rate=128 output=1 begin rssi=-70 round=4 fixture=1 variant=0 wait_ms=0 read_limit=1024 batch=1[0m
[0;32mI (782818) net_cpu: case=34 valid=1 total_us=20062905 tasks_before=8 tasks_after=8 snapshot_bytes=1440[0m
[0;32mI (782822) net_cpu: case=34 task=audio id=4 runtime_us=15394496 existed=1[0m
[0;32mI (782828) net_cpu: case=34 task=httpd id=9 runtime_us=94199 existed=1[0m
[0;32mI (782835) net_cpu: case=34 task=uiT id=1 runtime_us=47241 existed=1[0m
[0;32mI (782842) net_cpu: case=34 task=IDLE id=2 runtime_us=2792833 existed=1[0m
[0;32mI (782849) net_cpu: case=34 task=tiT id=5 runtime_us=906961 existed=1[0m
[0;32mI (782856) net_cpu: case=34 task=ppT id=7 runtime_us=827320 existed=1[0m
[0;32mI (782863) net_cpu: case=34 task=Tmr Svc id=3 runtime_us=0 existed=1[0m
[0;32mI (782870) net_cpu: case=34 task=sys_evt id=6 runtime_us=0 existed=1[0m
[0;32mI (782879) net_bench: case=34 output=1 wall_us=20034995 bytes=317694 open_us=79730 error=0 rssi=-80 heap_min=9700[0m
[0;32mI (782888) net_bench: case=34 recv_total_us=529356 recv_positive_us=514361 recv_empty_us=14995[0m
[0;32mI (782898) net_bench: case=34 cpu_lean=1 gap_metrics_valid=0 heap_is_final=1[0m
[0;32mI (782905) net_bench: case=34 sampled_heap_min=9580 rx_gap_tick_ms=130 wait_calls=109[0m
[0;32mI (782914) net_bench: case=34 calls=621 empty=109 rx_gap_us=0 app_gap_us=0 empty_wait_us=0 recv_max_us=3838 commit_max_us=81355 ready_max=0 ready_probes=0[0m
[0;32mI (782928) net_bench: case=34 pcm_frames=875520 rate=44100 eof=2330 underrun=185 stack=1180[0m
[0;32mI (782937) net_bench: case=34 second=0 bytes=16352 rssi=-80[0m
[0;32mI (782943) net_bench: case=34 second=1 bytes=14440 rssi=-79[0m
[0;32mI (782950) net_bench: case=34 second=2 bytes=16070 rssi=-79[0m
[0;32mI (782956) net_bench: case=34 second=3 bytes=16301 rssi=-72[0m
[0;32mI (782962) net_bench: case=34 second=4 bytes=16300 rssi=-72[0m
[0;32mI (782968) net_bench: case=34 second=5 bytes=15046 rssi=-71[0m
[0;32mI (782975) net_bench: case=34 second=6 bytes=16300 rssi=-72[0m
[0;32mI (782981) net_bench: case=34 second=7 bytes=16300 rssi=-71[0m
[0;32mI (782987) net_bench: case=34 second=8 bytes=16300 rssi=-71[0m
[0;32mI (782993) net_bench: case=34 second=9 bytes=15046 rssi=-71[0m
[0;32mI (783000) net_bench: case=34 second=10 bytes=16300 rssi=-78[0m
[0;32mI (783006) net_bench: case=34 second=11 bytes=16300 rssi=-80[0m
[0;32mI (783012) net_bench: case=34 second=12 bytes=16300 rssi=-79[0m
[0;32mI (783018) net_bench: case=34 second=13 bytes=15046 rssi=-79[0m
[0;32mI (783025) net_bench: case=34 second=14 bytes=16300 rssi=-73[0m
[0;32mI (783031) net_bench: case=34 second=15 bytes=16300 rssi=-71[0m
[0;32mI (783037) net_bench: case=34 second=16 bytes=15047 rssi=-70[0m
[0;32mI (783044) net_bench: case=34 second=17 bytes=16300 rssi=-79[0m
[0;32mI (783050) net_bench: case=34 second=18 bytes=16300 rssi=-80[0m
[0;32mI (783056) net_bench: case=34 second=19 bytes=15046 rssi=-71[0m
[0;32mI (784064) net_bench: case=35 path=/mp3-128?rate=128 output=1 begin rssi=-80 round=4 fixture=1 variant=1 wait_ms=25 read_limit=1024 batch=1[0m
[0;32mI (804238) net_cpu: case=35 valid=1 total_us=20114699 tasks_before=8 tasks_after=8 snapshot_bytes=1440[0m
[0;32mI (804240) net_cpu: case=35 task=audio id=4 runtime_us=15274888 existed=1[0m
[0;32mI (804246) net_cpu: case=35 task=IDLE id=2 runtime_us=2977787 existed=1[0m
[0;32mI (804253) net_cpu: case=35 task=tiT id=5 runtime_us=901356 existed=1[0m
[0;32mI (804261) net_cpu: case=35 task=uiT id=1 runtime_us=47078 existed=1[0m
[0;32mI (804268) net_cpu: case=35 task=httpd id=9 runtime_us=93902 existed=1[0m
[0;32mI (804275) net_cpu: case=35 task=ppT id=7 runtime_us=821546 existed=1[0m
[0;32mI (804282) net_cpu: case=35 task=Tmr Svc id=3 runtime_us=0 existed=1[0m
[0;32mI (804289) net_cpu: case=35 task=sys_evt id=6 runtime_us=0 existed=1[0m
[0;32mI (804298) net_bench: case=35 output=1 wall_us=20086755 bytes=315186 open_us=71667 error=0 rssi=-81 heap_min=10076[0m
[0;32mI (804307) net_bench: case=35 recv_total_us=514905 recv_positive_us=510440 recv_empty_us=4465[0m
[0;32mI (804316) net_bench: case=35 cpu_lean=1 gap_metrics_valid=0 heap_is_final=1[0m
[0;32mI (804324) net_bench: case=35 sampled_heap_min=9732 rx_gap_tick_ms=175 wait_calls=16[0m
[0;32mI (804332) net_bench: case=35 calls=525 empty=16 rx_gap_us=0 app_gap_us=0 empty_wait_us=0 recv_max_us=2601 commit_max_us=80974 ready_max=0 ready_probes=0[0m
[0;32mI (804347) net_bench: case=35 pcm_frames=868608 rate=44100 eof=2527 underrun=336 stack=1180[0m
[0;32mI (804355) net_bench: case=35 second=0 bytes=16352 rssi=-71[0m
[0;32mI (804362) net_bench: case=35 second=1 bytes=15694 rssi=-70[0m
[0;32mI (804368) net_bench: case=35 second=2 bytes=14702 rssi=-70[0m
[0;32mI (804374) net_bench: case=35 second=3 bytes=16415 rssi=-80[0m
[0;32mI (804380) net_bench: case=35 second=4 bytes=15046 rssi=-70[0m
[0;32mI (804387) net_bench: case=35 second=5 bytes=16300 rssi=-70[0m
[0;32mI (804393) net_bench: case=35 second=6 bytes=16300 rssi=-80[0m
[0;32mI (804399) net_bench: case=35 second=7 bytes=16300 rssi=-80[0m
[0;32mI (804405) net_bench: case=35 second=8 bytes=15046 rssi=-79[0m
[0;32mI (804412) net_bench: case=35 second=9 bytes=16300 rssi=-71[0m
[0;32mI (804418) net_bench: case=35 second=10 bytes=16300 rssi=-70[0m
[0;32mI (804424) net_bench: case=35 second=11 bytes=12538 rssi=-71[0m
[0;32mI (804430) net_bench: case=35 second=12 bytes=16300 rssi=-71[0m
[0;32mI (804437) net_bench: case=35 second=13 bytes=16301 rssi=-71[0m
[0;32mI (804443) net_bench: case=35 second=14 bytes=15046 rssi=-81[0m
[0;32mI (804449) net_bench: case=35 second=15 bytes=16300 rssi=-80[0m
[0;32mI (804456) net_bench: case=35 second=16 bytes=16300 rssi=-81[0m
[0;32mI (804462) net_bench: case=35 second=17 bytes=15046 rssi=-80[0m
[0;32mI (804468) net_bench: case=35 second=18 bytes=16300 rssi=-71[0m
[0;32mI (804475) net_bench: case=35 second=19 bytes=16300 rssi=-71[0m
[0;32mI (805482) net_bench: case=36 path=/mp3-320?rate=320 output=1 begin rssi=-71 round=4 fixture=2 variant=0 wait_ms=0 read_limit=1024 batch=1[0m
[0;32mI (825626) net_cpu: case=36 valid=1 total_us=20077426 tasks_before=8 tasks_after=8 snapshot_bytes=1440[0m
[0;32mI (825628) net_cpu: case=36 task=audio id=4 runtime_us=16037525 existed=1[0m
[0;32mI (825634) net_cpu: case=36 task=IDLE id=2 runtime_us=938796 existed=1[0m
[0;32mI (825641) net_cpu: case=36 task=tiT id=5 runtime_us=1646017 existed=1[0m
[0;32mI (825649) net_cpu: case=36 task=uiT id=1 runtime_us=41920 existed=1[0m
[0;32mI (825657) net_cpu: case=36 task=httpd id=9 runtime_us=88054 existed=1[0m
[0;32mI (825664) net_cpu: case=36 task=ppT id=7 runtime_us=1325960 existed=1[0m
[0;32mI (825671) net_cpu: case=36 task=Tmr Svc id=3 runtime_us=0 existed=1[0m
[0;32mI (825678) net_cpu: case=36 task=sys_evt id=6 runtime_us=0 existed=1[0m
[0;32mI (825687) net_bench: case=36 output=1 wall_us=20049299 bytes=602332 open_us=80353 error=0 rssi=-74 heap_min=10460[0m
[0;32mI (825696) net_bench: case=36 recv_total_us=1195662 recv_positive_us=1120360 recv_empty_us=75302[0m
[0;32mI (825705) net_bench: case=36 cpu_lean=1 gap_metrics_valid=0 heap_is_final=1[0m
[0;32mI (825713) net_bench: case=36 sampled_heap_min=9448 rx_gap_tick_ms=297 wait_calls=600[0m
[0;32mI (825722) net_bench: case=36 calls=1752 empty=600 rx_gap_us=0 app_gap_us=0 empty_wait_us=0 recv_max_us=2947 commit_max_us=38345 ready_max=0 ready_probes=0[0m
[0;32mI (825736) net_bench: case=36 pcm_frames=663552 rate=44100 eof=7749 underrun=3774 stack=1180[0m
[0;32mI (825746) net_bench: case=36 second=0 bytes=30772 rssi=-80[0m
[0;32mI (825751) net_bench: case=36 second=1 bytes=31347 rssi=-80[0m
[0;32mI (825758) net_bench: case=36 second=2 bytes=30302 rssi=-81[0m
[0;32mI (825764) net_bench: case=36 second=3 bytes=31347 rssi=-79[0m
[0;32mI (825770) net_bench: case=36 second=4 bytes=30302 rssi=-79[0m
[0;32mI (825776) net_bench: case=36 second=5 bytes=31347 rssi=-71[0m
[0;32mI (825783) net_bench: case=36 second=6 bytes=31347 rssi=-70[0m
[0;32mI (825789) net_bench: case=36 second=7 bytes=30302 rssi=-72[0m
[0;32mI (825795) net_bench: case=36 second=8 bytes=31347 rssi=-71[0m
[0;32mI (825801) net_bench: case=36 second=9 bytes=22988 rssi=-72[0m
[0;32mI (825807) net_bench: case=36 second=10 bytes=20898 rssi=-70[0m
[0;32mI (825814) net_bench: case=36 second=11 bytes=31347 rssi=-79[0m
[0;32mI (825820) net_bench: case=36 second=12 bytes=30323 rssi=-80[0m
[0;32mI (825826) net_bench: case=36 second=13 bytes=31326 rssi=-82[0m
[0;32mI (825833) net_bench: case=36 second=14 bytes=31347 rssi=-72[0m
[0;32mI (825839) net_bench: case=36 second=15 bytes=31347 rssi=-71[0m
[0;32mI (825845) net_bench: case=36 second=16 bytes=31347 rssi=-71[0m
[0;32mI (825852) net_bench: case=36 second=17 bytes=30302 rssi=-70[0m
[0;32mI (825858) net_bench: case=36 second=18 bytes=31347 rssi=-71[0m
[0;32mI (825864) net_bench: case=36 second=19 bytes=31347 rssi=-79[0m
[0;32mI (826872) net_bench: case=37 path=/mp3-320?rate=320 output=1 begin rssi=-70 round=4 fixture=2 variant=1 wait_ms=25 read_limit=1024 batch=1[0m
[0;32mI (830368) net_cpu: case=37 valid=1 total_us=3409023 tasks_before=8 tasks_after=8 snapshot_bytes=1440[0m
[0;32mI (830370) net_cpu: case=37 task=audio id=4 runtime_us=1565597 existed=1[0m
[0;32mI (830376) net_cpu: case=37 task=IDLE id=2 runtime_us=1514362 existed=1[0m
[0;32mI (830383) net_cpu: case=37 task=uiT id=1 runtime_us=6720 existed=1[0m
[0;32mI (830390) net_cpu: case=37 task=tiT id=5 runtime_us=164754 existed=1[0m
[0;32mI (830397) net_cpu: case=37 task=httpd id=9 runtime_us=14574 existed=1[0m
[0;32mI (830405) net_cpu: case=37 task=ppT id=7 runtime_us=144765 existed=1[0m
[0;32mI (830412) net_cpu: case=37 task=Tmr Svc id=3 runtime_us=0 existed=1[0m
[0;32mI (830419) net_cpu: case=37 task=sys_evt id=6 runtime_us=0 existed=1[0m
[0;32mI (830427) net_bench: case=37 output=1 wall_us=3403636 bytes=57218 open_us=78039 error=-116 rssi=-72 heap_min=12968[0m
[0;32mI (830437) net_bench: case=37 recv_total_us=116887 recv_positive_us=104925 recv_empty_us=11962[0m
[0;32mI (830446) net_bench: case=37 cpu_lean=1 gap_metrics_valid=0 heap_is_final=1[0m
[0;32mI (830454) net_bench: case=37 sampled_heap_min=9816 rx_gap_tick_ms=283 wait_calls=66[0m
[0;32mI (830462) net_bench: case=37 calls=176 empty=66 rx_gap_us=0 app_gap_us=0 empty_wait_us=0 recv_max_us=2580 commit_max_us=38771 ready_max=0 ready_probes=0[0m
[0;32mI (830476) net_bench: case=37 pcm_frames=62208 rate=44100 eof=1862 underrun=1474 stack=1180[0m
[0;32mI (830485) net_bench: case=37 second=0 bytes=30772 rssi=-70[0m
[0;32mI (830492) net_bench: case=37 second=1 bytes=21943 rssi=-70[0m
[0;32mI (830498) net_bench: case=37 second=2 bytes=4503 rssi=-72[0m
[0;32mI (830504) net_bench: case=37 second=3 bytes=0 rssi=-70[0m
[0;32mI (830510) net_bench: case=37 second=4 bytes=0 rssi=-127[0m
[0;32mI (830516) net_bench: case=37 second=5 bytes=0 rssi=-127[0m
[0;32mI (830522) net_bench: case=37 second=6 bytes=0 rssi=-127[0m
[0;32mI (830528) net_bench: case=37 second=7 bytes=0 rssi=-127[0m
[0;32mI (830534) net_bench: case=37 second=8 bytes=0 rssi=-127[0m
[0;32mI (830540) net_bench: case=37 second=9 bytes=0 rssi=-127[0m
[0;32mI (830546) net_bench: case=37 second=10 bytes=0 rssi=-127[0m
[0;32mI (830553) net_bench: case=37 second=11 bytes=0 rssi=-127[0m
[0;32mI (830559) net_bench: case=37 second=12 bytes=0 rssi=-127[0m
[0;32mI (830565) net_bench: case=37 second=13 bytes=0 rssi=-127[0m
[0;32mI (830571) net_bench: case=37 second=14 bytes=0 rssi=-127[0m
[0;32mI (830577) net_bench: case=37 second=15 bytes=0 rssi=-127[0m
[0;32mI (830583) net_bench: case=37 second=16 bytes=0 rssi=-127[0m
[0;32mI (830589) net_bench: case=37 second=17 bytes=0 rssi=-127[0m
[0;32mI (830595) net_bench: case=37 second=18 bytes=0 rssi=-127[0m
[0;32mI (830601) net_bench: case=37 second=19 bytes=0 rssi=-127[0m
[0;32mI (831608) net_bench: case=38 path=/aac-64?rate=64 output=1 begin rssi=-71 round=4 fixture=3 variant=0 wait_ms=0 read_limit=1024 batch=1[0m
[0;32mI (833593) net_cpu: case=38 valid=1 total_us=1897829 tasks_before=8 tasks_after=8 snapshot_bytes=1440[0m
[0;32mI (833596) net_cpu: case=38 task=audio id=4 runtime_us=699331 existed=1[0m
[0;32mI (833603) net_cpu: case=38 task=IDLE id=2 runtime_us=1122961 existed=1[0m
[0;32mI (833610) net_cpu: case=38 task=uiT id=1 runtime_us=3799 existed=1[0m
[0;32mI (833617) net_cpu: case=38 task=tiT id=5 runtime_us=29137 existed=1[0m
[0;32mI (833624) net_cpu: case=38 task=httpd id=9 runtime_us=8399 existed=1[0m
[0;32mI (833631) net_cpu: case=38 task=ppT id=7 runtime_us=34520 existed=1[0m
[0;32mI (833638) net_cpu: case=38 task=Tmr Svc id=3 runtime_us=0 existed=1[0m
[0;32mI (833645) net_cpu: case=38 task=sys_evt id=6 runtime_us=0 existed=1[0m
[0;32mI (833654) net_bench: case=38 output=1 wall_us=1894493 bytes=6144 open_us=76475 error=-116 rssi=-71 heap_min=14332[0m
[0;32mI (833663) net_bench: case=38 recv_total_us=140382 recv_positive_us=9336 recv_empty_us=129542[0m
[0;32mI (833673) net_bench: case=38 cpu_lean=1 gap_metrics_valid=0 heap_is_final=1[0m
[0;32mI (833680) net_bench: case=38 sampled_heap_min=13660 rx_gap_tick_ms=151 wait_calls=1033[0m
[0;32mI (833689) net_bench: case=38 calls=1043 empty=1033 rx_gap_us=0 app_gap_us=0 empty_wait_us=0 recv_max_us=1548 commit_max_us=150583 ready_max=0 ready_probes=0[0m
[0;32mI (833704) net_bench: case=38 pcm_frames=32768 rate=44100 eof=952 underrun=855 stack=1180[0m
[0;32mI (833713) net_bench: case=38 second=0 bytes=6144 rssi=-79[0m
[0;32mI (833719) net_bench: case=38 second=1 bytes=0 rssi=-81[0m
[0;32mI (833725) net_bench: case=38 second=2 bytes=0 rssi=-127[0m
[0;32mI (833730) net_bench: case=38 second=3 bytes=0 rssi=-127[0m
[0;32mI (833736) net_bench: case=38 second=4 bytes=0 rssi=-127[0m
[0;32mI (833742) net_bench: case=38 second=5 bytes=0 rssi=-127[0m
[0;32mI (833748) net_bench: case=38 second=6 bytes=0 rssi=-127[0m
[0;32mI (833754) net_bench: case=38 second=7 bytes=0 rssi=-127[0m
[0;32mI (833760) net_bench: case=38 second=8 bytes=0 rssi=-127[0m
[0;32mI (833766) net_bench: case=38 second=9 bytes=0 rssi=-127[0m
[0;32mI (833772) net_bench: case=38 second=10 bytes=0 rssi=-127[0m
[0;32mI (833778) net_bench: case=38 second=11 bytes=0 rssi=-127[0m
[0;32mI (833784) net_bench: case=38 second=12 bytes=0 rssi=-127[0m
[0;32mI (833790) net_bench: case=38 second=13 bytes=0 rssi=-127[0m
[0;32mI (833796) net_bench: case=38 second=14 bytes=0 rssi=-127[0m
[0;32mI (833803) net_bench: case=38 second=15 bytes=0 rssi=-127[0m
[0;32mI (833809) net_bench: case=38 second=16 bytes=0 rssi=-127[0m
[0;32mI (833815) net_bench: case=38 second=17 bytes=0 rssi=-127[0m
[0;32mI (833821) net_bench: case=38 second=18 bytes=0 rssi=-127[0m
[0;32mI (833827) net_bench: case=38 second=19 bytes=0 rssi=-127[0m
[0;32mI (834834) net_bench: case=39 path=/aac-64?rate=64 output=1 begin rssi=-82 round=4 fixture=3 variant=1 wait_ms=25 read_limit=1024 batch=1[0m
[0;32mI (857250) net_cpu: case=39 valid=1 total_us=20162608 tasks_before=8 tasks_after=8 snapshot_bytes=1440[0m
[0;32mI (857252) net_cpu: case=39 task=audio id=4 runtime_us=12127793 existed=1[0m
[0;32mI (857258) net_cpu: case=39 task=IDLE id=2 runtime_us=6908045 existed=1[0m
[0;32mI (857265) net_cpu: case=39 task=tiT id=5 runtime_us=467335 existed=1[0m
[0;32mI (857273) net_cpu: case=39 task=uiT id=1 runtime_us=47314 existed=1[0m
[0;32mI (857280) net_cpu: case=39 task=httpd id=9 runtime_us=98597 existed=1[0m
[0;32mI (857287) net_cpu: case=39 task=ppT id=7 runtime_us=513520 existed=1[0m
[0;32mI (857294) net_cpu: case=39 task=Tmr Svc id=3 runtime_us=0 existed=1[0m
[0;32mI (857301) net_cpu: case=39 task=sys_evt id=6 runtime_us=0 existed=1[0m
[0;32mI (857310) net_bench: case=39 output=1 wall_us=20134558 bytes=139971 open_us=2265628 error=0 rssi=-81 heap_min=11508[0m
[0;32mI (857319) net_bench: case=39 recv_total_us=216646 recv_positive_us=216123 recv_empty_us=523[0m
[0;32mI (857328) net_bench: case=39 cpu_lean=1 gap_metrics_valid=0 heap_is_final=1[0m
[0;32mI (857336) net_bench: case=39 sampled_heap_min=11420 rx_gap_tick_ms=162 wait_calls=2[0m
[0;32mI (857344) net_bench: case=39 calls=201 empty=2 rx_gap_us=0 app_gap_us=0 empty_wait_us=0 recv_max_us=2627 commit_max_us=161384 ready_max=0 ready_probes=0[0m
[0;32mI (857359) net_bench: case=39 pcm_frames=781312 rate=44100 eof=4126 underrun=1853 stack=1180[0m
[0;32mI (857368) net_bench: case=39 second=0 bytes=8192 rssi=-82[0m
[0;32mI (857374) net_bench: case=39 second=1 bytes=7121 rssi=-79[0m
[0;32mI (857380) net_bench: case=39 second=2 bytes=7279 rssi=-80[0m
[0;32mI (857386) net_bench: case=39 second=3 bytes=7090 rssi=-79[0m
[0;32mI (857392) net_bench: case=39 second=4 bytes=6124 rssi=-81[0m
[0;32mI (857398) net_bench: case=39 second=5 bytes=7132 rssi=-71[0m
[0;32mI (857405) net_bench: case=39 second=6 bytes=6873 rssi=-70[0m
[0;32mI (857411) net_bench: case=39 second=7 bytes=7137 rssi=-71[0m
[0;32mI (857417) net_bench: case=39 second=8 bytes=7071 rssi=-71[0m
[0;32mI (857423) net_bench: case=39 second=9 bytes=7267 rssi=-70[0m
[0;32mI (857429) net_bench: case=39 second=10 bytes=6111 rssi=-70[0m
[0;32mI (857435) net_bench: case=39 second=11 bytes=7162 rssi=-80[0m
[0;32mI (857442) net_bench: case=39 second=12 bytes=6798 rssi=-81[0m
[0;32mI (857448) net_bench: case=39 second=13 bytes=7011 rssi=-71[0m
[0;32mI (857454) net_bench: case=39 second=14 bytes=7277 rssi=-72[0m
[0;32mI (857460) net_bench: case=39 second=15 bytes=7232 rssi=-71[0m
[0;32mI (857468) net_bench: case=39 second=16 bytes=7154 rssi=-70[0m
[0;32mI (857473) net_bench: case=39 second=17 bytes=6119 rssi=-70[0m
[0;32mI (857479) net_bench: case=39 second=18 bytes=7070 rssi=-80[0m
[0;32mI (857485) net_bench: case=39 second=19 bytes=6751 rssi=-81[0m
[0;32mI (858492) net_bench: case=40 path=/mp3-320?rate=0 output=0 begin rssi=-81 round=5 fixture=0 variant=1 wait_ms=25 read_limit=1024 batch=1[0m
[0;32mI (878626) net_cpu: case=40 valid=1 total_us=20071936 tasks_before=8 tasks_after=8 snapshot_bytes=1440[0m
[0;32mI (878630) net_cpu: case=40 task=audio id=4 runtime_us=4122043 existed=1[0m
[0;32mI (878636) net_cpu: case=40 task=IDLE id=2 runtime_us=8780510 existed=1[0m
[0;32mI (878643) net_cpu: case=40 task=uiT id=1 runtime_us=38649 existed=1[0m
[0;32mI (878650) net_cpu: case=40 task=tiT id=5 runtime_us=4053354 existed=1[0m
[0;32mI (878657) net_cpu: case=40 task=httpd id=9 runtime_us=91985 existed=1[0m
[0;32mI (878665) net_cpu: case=40 task=ppT id=7 runtime_us=2987046 existed=1[0m
[0;32mI (878672) net_cpu: case=40 task=Tmr Svc id=3 runtime_us=0 existed=1[0m
[0;32mI (878679) net_cpu: case=40 task=sys_evt id=6 runtime_us=0 existed=1[0m
[0;32mI (878687) net_bench: case=40 output=0 wall_us=20042019 bytes=1971096 open_us=72087 error=0 rssi=-80 heap_min=12312[0m
[0;32mI (878697) net_bench: case=40 recv_total_us=4425774 recv_positive_us=3766164 recv_empty_us=659610[0m
[0;32mI (878706) net_bench: case=40 cpu_lean=1 gap_metrics_valid=0 heap_is_final=1[0m
[0;32mI (878714) net_bench: case=40 sampled_heap_min=10948 rx_gap_tick_ms=346 wait_calls=2327[0m
[0;32mI (878723) net_bench: case=40 calls=5771 empty=2327 rx_gap_us=0 app_gap_us=0 empty_wait_us=0 recv_max_us=7705 commit_max_us=0 ready_max=0 ready_probes=0[0m
[0;32mI (878737) net_bench: case=40 pcm_frames=0 rate=0 eof=1884 underrun=1883 stack=1180[0m
[0;32mI (878746) net_bench: case=40 second=0 bytes=82424 rssi=-70[0m
[0;32mI (878752) net_bench: case=40 second=1 bytes=146144 rssi=-80[0m
[0;32mI (878758) net_bench: case=40 second=2 bytes=88848 rssi=-79[0m
[0;32mI (878764) net_bench: case=40 second=3 bytes=71584 rssi=-79[0m
[0;32mI (878770) net_bench: case=40 second=4 bytes=60328 rssi=-80[0m
[0;32mI (878777) net_bench: case=40 second=5 bytes=76120 rssi=-81[0m
[0;32mI (878783) net_bench: case=40 second=6 bytes=60624 rssi=-72[0m
[0;32mI (878789) net_bench: case=40 second=7 bytes=139128 rssi=-71[0m
[0;32mI (878795) net_bench: case=40 second=8 bytes=104328 rssi=-72[0m
[0;32mI (878802) net_bench: case=40 second=9 bytes=91712 rssi=-72[0m
[0;32mI (878808) net_bench: case=40 second=10 bytes=16376 rssi=-72[0m
[0;32mI (878814) net_bench: case=40 second=11 bytes=77480 rssi=-72[0m
[0;32mI (878821) net_bench: case=40 second=12 bytes=131912 rssi=-80[0m
[0;32mI (878827) net_bench: case=40 second=13 bytes=135720 rssi=-78[0m
[0;32mI (878833) net_bench: case=40 second=14 bytes=145608 rssi=-79[0m
[0;32mI (878840) net_bench: case=40 second=15 bytes=60232 rssi=-70[0m
[0;32mI (878846) net_bench: case=40 second=16 bytes=100528 rssi=-71[0m
[0;32mI (878852) net_bench: case=40 second=17 bytes=99760 rssi=-71[0m
[0;32mI (878859) net_bench: case=40 second=18 bytes=143944 rssi=-71[0m
[0;32mI (878865) net_bench: case=40 second=19 bytes=138296 rssi=-70[0m
[0;32mI (879873) net_bench: case=41 path=/mp3-320?rate=0 output=0 begin rssi=-71 round=5 fixture=0 variant=0 wait_ms=0 read_limit=1024 batch=1[0m
[0;32mI (900058) net_cpu: case=41 valid=1 total_us=20058571 tasks_before=8 tasks_after=8 snapshot_bytes=1440[0m
[0;32mI (900064) net_cpu: case=41 task=audio id=4 runtime_us=3809385 existed=1[0m
[0;32mI (900070) net_cpu: case=41 task=IDLE id=2 runtime_us=10116769 existed=1[0m
[0;32mI (900078) net_cpu: case=41 task=uiT id=1 runtime_us=38864 existed=1[0m
[0;32mI (900085) net_cpu: case=41 task=tiT id=5 runtime_us=3377046 existed=1[0m
[0;32mI (900092) net_cpu: case=41 task=httpd id=9 runtime_us=97581 existed=1[0m
[0;32mI (900099) net_cpu: case=41 task=ppT id=7 runtime_us=2619066 existed=1[0m
[0;32mI (900106) net_cpu: case=41 task=Tmr Svc id=3 runtime_us=0 existed=1[0m
[0;32mI (900113) net_cpu: case=41 task=sys_evt id=6 runtime_us=0 existed=1[0m
[0;32mI (900122) net_bench: case=41 output=0 wall_us=20030521 bytes=1718048 open_us=137028 error=0 rssi=-71 heap_min=12964[0m
[0;32mI (900131) net_bench: case=41 recv_total_us=5297902 recv_positive_us=3231400 recv_empty_us=2066502[0m
[0;32mI (900141) net_bench: case=41 cpu_lean=1 gap_metrics_valid=0 heap_is_final=1[0m
[0;32mI (900149) net_bench: case=41 sampled_heap_min=10824 rx_gap_tick_ms=329 wait_calls=12058[0m
[0;32mI (900157) net_bench: case=41 calls=15048 empty=12058 rx_gap_us=0 app_gap_us=0 empty_wait_us=0 recv_max_us=7658 commit_max_us=0 ready_max=0 ready_probes=0[0m
[0;32mI (900172) net_bench: case=41 pcm_frames=0 rate=0 eof=1884 underrun=1883 stack=1180[0m
[0;32mI (900180) net_bench: case=41 second=0 bytes=70384 rssi=-80[0m
[0;32mI (900186) net_bench: case=41 second=1 bytes=86552 rssi=-79[0m
[0;32mI (900194) net_bench: case=41 second=2 bytes=76704 rssi=-80[0m
[0;32mI (900199) net_bench: case=41 second=3 bytes=43712 rssi=-80[0m
[0;32mI (900205) net_bench: case=41 second=4 bytes=38056 rssi=-74[0m
[0;32mI (900211) net_bench: case=41 second=5 bytes=93560 rssi=-74[0m
[0;32mI (900218) net_bench: case=41 second=6 bytes=97024 rssi=-75[0m
[0;32mI (900224) net_bench: case=41 second=7 bytes=137384 rssi=-75[0m
[0;32mI (900230) net_bench: case=41 second=8 bytes=64672 rssi=-73[0m
[0;32mI (900236) net_bench: case=41 second=9 bytes=37816 rssi=-82[0m
[0;32mI (900243) net_bench: case=41 second=10 bytes=124656 rssi=-80[0m
[0;32mI (900249) net_bench: case=41 second=11 bytes=118216 rssi=-79[0m
[0;32mI (900255) net_bench: case=41 second=12 bytes=101360 rssi=-79[0m
[0;32mI (900262) net_bench: case=41 second=13 bytes=68568 rssi=-79[0m
[0;32mI (900268) net_bench: case=41 second=14 bytes=93024 rssi=-71[0m
[0;32mI (900274) net_bench: case=41 second=15 bytes=44784 rssi=-71[0m
[0;32mI (900281) net_bench: case=41 second=16 bytes=64616 rssi=-71[0m
[0;32mI (900287) net_bench: case=41 second=17 bytes=86056 rssi=-70[0m
[0;32mI (900293) net_bench: case=41 second=18 bytes=134352 rssi=-71[0m
[0;32mI (900300) net_bench: case=41 second=19 bytes=136552 rssi=-78[0m
[0;32mI (901307) net_bench: case=42 path=/mp3-128?rate=128 output=1 begin rssi=-80 round=5 fixture=1 variant=1 wait_ms=25 read_limit=1024 batch=1[0m
[0;32mI (921446) net_cpu: case=42 valid=1 total_us=20088671 tasks_before=8 tasks_after=8 snapshot_bytes=1440[0m
[0;32mI (921448) net_cpu: case=42 task=audio id=4 runtime_us=14497289 existed=1[0m
[0;32mI (921454) net_cpu: case=42 task=IDLE id=2 runtime_us=3805585 existed=1[0m
[0;32mI (921461) net_cpu: case=42 task=uiT id=1 runtime_us=46846 existed=1[0m
[0;32mI (921469) net_cpu: case=42 task=tiT id=5 runtime_us=861788 existed=1[0m
[0;32mI (921476) net_cpu: case=42 task=ppT id=7 runtime_us=783243 existed=1[0m
[0;32mI (921484) net_cpu: case=42 task=httpd id=9 runtime_us=95778 existed=1[0m
[0;32mI (921491) net_cpu: case=42 task=Tmr Svc id=3 runtime_us=0 existed=1[0m
[0;32mI (921498) net_cpu: case=42 task=sys_evt id=6 runtime_us=0 existed=1[0m
[0;32mI (921507) net_bench: case=42 output=1 wall_us=20060771 bytes=298468 open_us=63877 error=0 rssi=-80 heap_min=10068[0m
[0;32mI (921516) net_bench: case=42 recv_total_us=495332 recv_positive_us=484210 recv_empty_us=11122[0m
[0;32mI (921525) net_bench: case=42 cpu_lean=1 gap_metrics_valid=0 heap_is_final=1[0m
[0;32mI (921533) net_bench: case=42 sampled_heap_min=9724 rx_gap_tick_ms=473 wait_calls=58[0m
[0;32mI (921541) net_bench: case=42 calls=543 empty=58 rx_gap_us=0 app_gap_us=0 empty_wait_us=0 recv_max_us=2971 commit_max_us=80345 ready_max=0 ready_probes=0[0m
[0;32mI (921556) net_bench: case=42 pcm_frames=822528 rate=44100 eof=3234 underrun=1096 stack=1180[0m
[0;32mI (921565) net_bench: case=42 second=0 bytes=15328 rssi=-73[0m
[0;32mI (921571) net_bench: case=42 second=1 bytes=9094 rssi=-71[0m
[0;32mI (921577) net_bench: case=42 second=2 bytes=9484 rssi=-71[0m
[0;32mI (921583) net_bench: case=42 second=3 bytes=15046 rssi=-74[0m
[0;32mI (921589) net_bench: case=42 second=4 bytes=13793 rssi=-82[0m
[0;32mI (921596) net_bench: case=42 second=5 bytes=16300 rssi=-82[0m
[0;32mI (921602) net_bench: case=42 second=6 bytes=16300 rssi=-82[0m
[0;32mI (921608) net_bench: case=42 second=7 bytes=15046 rssi=-78[0m
[0;32mI (921614) net_bench: case=42 second=8 bytes=16300 rssi=-79[0m
[0;32mI (921621) net_bench: case=42 second=9 bytes=16300 rssi=-79[0m
[0;32mI (921627) net_bench: case=42 second=10 bytes=15046 rssi=-79[0m
[0;32mI (921633) net_bench: case=42 second=11 bytes=16300 rssi=-72[0m
[0;32mI (921639) net_bench: case=42 second=12 bytes=16300 rssi=-71[0m
[0;32mI (921646) net_bench: case=42 second=13 bytes=15046 rssi=-71[0m
[0;32mI (921652) net_bench: case=42 second=14 bytes=16300 rssi=-79[0m
[0;32mI (921658) net_bench: case=42 second=15 bytes=16300 rssi=-79[0m
[0;32mI (921665) net_bench: case=42 second=16 bytes=15276 rssi=-80[0m
[0;32mI (921671) net_bench: case=42 second=17 bytes=16071 rssi=-79[0m
[0;32mI (921677) net_bench: case=42 second=18 bytes=12538 rssi=-80[0m
[0;32mI (921684) net_bench: case=42 second=19 bytes=16300 rssi=-72[0m
[0;32mI (922691) net_bench: case=43 path=/mp3-128?rate=128 output=1 begin rssi=-73 round=5 fixture=1 variant=0 wait_ms=0 read_limit=1024 batch=1[0m
[0;32mI (945883) net_cpu: case=43 valid=1 total_us=20132929 tasks_before=8 tasks_after=8 snapshot_bytes=1440[0m
[0;32mI (945885) net_cpu: case=43 task=audio id=4 runtime_us=15085629 existed=1[0m
[0;32mI (945891) net_cpu: case=43 task=IDLE id=2 runtime_us=3215989 existed=1[0m
[0;32mI (945898) net_cpu: case=43 task=uiT id=1 runtime_us=47335 existed=1[0m
[0;32mI (945908) net_cpu: case=43 task=tiT id=5 runtime_us=880022 existed=1[0m
[0;32mI (945914) net_cpu: case=43 task=httpd id=9 runtime_us=95046 existed=1[0m
[0;32mI (945921) net_cpu: case=43 task=ppT id=7 runtime_us=810763 existed=1[0m
[0;32mI (945928) net_cpu: case=43 task=Tmr Svc id=3 runtime_us=0 existed=1[0m
[0;32mI (945935) net_cpu: case=43 task=sys_evt id=6 runtime_us=0 existed=1[0m
[0;32mI (945944) net_bench: case=43 output=1 wall_us=20104942 bytes=309753 open_us=3072903 error=0 rssi=-71 heap_min=9428[0m
[0;32mI (945953) net_bench: case=43 recv_total_us=574636 recv_positive_us=491816 recv_empty_us=82820[0m
[0;32mI (945962) net_bench: case=43 cpu_lean=1 gap_metrics_valid=0 heap_is_final=1[0m
[0;32mI (945970) net_bench: case=43 sampled_heap_min=9428 rx_gap_tick_ms=185 wait_calls=657[0m
[0;32mI (945978) net_bench: case=43 calls=1152 empty=657 rx_gap_us=0 app_gap_us=0 empty_wait_us=0 recv_max_us=2890 commit_max_us=80786 ready_max=0 ready_probes=0[0m
[0;32mI (945993) net_bench: case=43 pcm_frames=853632 rate=44100 eof=2749 underrun=555 stack=1180[0m
[0;32mI (946002) net_bench: case=43 second=0 bytes=15098 rssi=-81[0m
[0;32mI (946009) net_bench: case=43 second=1 bytes=16300 rssi=-78[0m
[0;32mI (946014) net_bench: case=43 second=2 bytes=16300 rssi=-79[0m
[0;32mI (946021) net_bench: case=43 second=3 bytes=15276 rssi=-79[0m
[0;32mI (946027) net_bench: case=43 second=4 bytes=16071 rssi=-78[0m
[0;32mI (946033) net_bench: case=43 second=5 bytes=16300 rssi=-70[0m
[0;32mI (946039) net_bench: case=43 second=6 bytes=13792 rssi=-73[0m
[0;32mI (946046) net_bench: case=43 second=7 bytes=15276 rssi=-70[0m
[0;32mI (946052) net_bench: case=43 second=8 bytes=13562 rssi=-70[0m
[0;32mI (946058) net_bench: case=43 second=9 bytes=16300 rssi=-80[0m
[0;32mI (946064) net_bench: case=43 second=10 bytes=16300 rssi=-79[0m
[0;32mI (946071) net_bench: case=43 second=11 bytes=15047 rssi=-78[0m
[0;32mI (946077) net_bench: case=43 second=12 bytes=16300 rssi=-70[0m
[0;32mI (946083) net_bench: case=43 second=13 bytes=16300 rssi=-70[0m
[0;32mI (946089) net_bench: case=43 second=14 bytes=16300 rssi=-72[0m
[0;32mI (946096) net_bench: case=43 second=15 bytes=15046 rssi=-70[0m
[0;32mI (946102) net_bench: case=43 second=16 bytes=16300 rssi=-79[0m
[0;32mI (946109) net_bench: case=43 second=17 bytes=16300 rssi=-79[0m
[0;32mI (946115) net_bench: case=43 second=18 bytes=11285 rssi=-81[0m
[0;32mI (946121) net_bench: case=43 second=19 bytes=16300 rssi=-78[0m
[0;32mI (947128) net_bench: case=44 path=/mp3-320?rate=320 output=1 begin rssi=-80 round=5 fixture=2 variant=1 wait_ms=25 read_limit=1024 batch=1[0m
[0;32mI (967250) net_cpu: case=44 valid=1 total_us=20071400 tasks_before=8 tasks_after=8 snapshot_bytes=1440[0m
[0;32mI (967252) net_cpu: case=44 task=audio id=4 runtime_us=15561645 existed=1[0m
[0;32mI (967258) net_cpu: case=44 task=IDLE id=2 runtime_us=1429968 existed=1[0m
[0;32mI (967265) net_cpu: case=44 task=uiT id=1 runtime_us=42120 existed=1[0m
[0;32mI (967272) net_cpu: case=44 task=tiT id=5 runtime_us=1619605 existed=1[0m
[0;32mI (967280) net_cpu: case=44 task=httpd id=9 runtime_us=87201 existed=1[0m
[0;32mI (967287) net_cpu: case=44 task=ppT id=7 runtime_us=1332686 existed=1[0m
[0;32mI (967294) net_cpu: case=44 task=Tmr Svc id=3 runtime_us=0 existed=1[0m
[0;32mI (967301) net_cpu: case=44 task=sys_evt id=6 runtime_us=0 existed=1[0m
[0;32mI (967310) net_bench: case=44 output=1 wall_us=20043266 bytes=585614 open_us=63897 error=0 rssi=-80 heap_min=9728[0m
[0;32mI (967319) net_bench: case=44 recv_total_us=1101403 recv_positive_us=1093127 recv_empty_us=8276[0m
[0;32mI (967328) net_bench: case=44 cpu_lean=1 gap_metrics_valid=0 heap_is_final=1[0m
[0;32mI (967336) net_bench: case=44 sampled_heap_min=9520 rx_gap_tick_ms=270 wait_calls=46[0m
[0;32mI (967344) net_bench: case=44 calls=1166 empty=46 rx_gap_us=0 app_gap_us=0 empty_wait_us=0 recv_max_us=3816 commit_max_us=37944 ready_max=0 ready_probes=0[0m
[0;32mI (967359) net_bench: case=44 pcm_frames=645120 rate=44100 eof=7991 underrun=4088 stack=1180[0m
[0;32mI (967368) net_bench: case=44 second=0 bytes=30772 rssi=-71[0m
[0;32mI (967374) net_bench: case=44 second=1 bytes=31347 rssi=-72[0m
[0;32mI (967380) net_bench: case=44 second=2 bytes=30302 rssi=-71[0m
[0;32mI (967387) net_bench: case=44 second=3 bytes=30302 rssi=-71[0m
[0;32mI (967393) net_bench: case=44 second=4 bytes=31347 rssi=-79[0m
[0;32mI (967399) net_bench: case=44 second=5 bytes=31347 rssi=-79[0m
[0;32mI (967405) net_bench: case=44 second=6 bytes=23474 rssi=-80[0m
[0;32mI (967411) net_bench: case=44 second=7 bytes=29816 rssi=-81[0m
[0;32mI (967418) net_bench: case=44 second=8 bytes=30302 rssi=-80[0m
[0;32mI (967424) net_bench: case=44 second=9 bytes=31347 rssi=-70[0m
[0;32mI (967430) net_bench: case=44 second=10 bytes=30323 rssi=-71[0m
[0;32mI (967436) net_bench: case=44 second=11 bytes=22967 rssi=-71[0m
[0;32mI (967443) net_bench: case=44 second=12 bytes=31347 rssi=-71[0m
[0;32mI (967449) net_bench: case=44 second=13 bytes=22988 rssi=-72[0m
[0;32mI (967455) net_bench: case=44 second=14 bytes=30323 rssi=-81[0m
[0;32mI (967462) net_bench: case=44 second=15 bytes=24012 rssi=-80[0m
[0;32mI (967468) net_bench: case=44 second=16 bytes=30302 rssi=-81[0m
[0;32mI (967474) net_bench: case=44 second=17 bytes=31347 rssi=-81[0m
[0;32mI (967481) net_bench: case=44 second=18 bytes=30302 rssi=-80[0m
[0;32mI (967487) net_bench: case=44 second=19 bytes=31347 rssi=-71[0m
[0;32mI (968494) net_bench: case=45 path=/mp3-320?rate=320 output=1 begin rssi=-73 round=5 fixture=2 variant=0 wait_ms=0 read_limit=1024 batch=1[0m
[0;32mI (983111) net_cpu: case=45 valid=1 total_us=14551247 tasks_before=8 tasks_after=8 snapshot_bytes=1440[0m
[0;32mI (983114) net_cpu: case=45 task=audio id=4 runtime_us=10513917 existed=1[0m
[0;32mI (983121) net_cpu: case=45 task=IDLE id=2 runtime_us=1996103 existed=1[0m
[0;32mI (983129) net_cpu: case=45 task=tiT id=5 runtime_us=1067465 existed=1[0m
[0;32mI (983136) net_cpu: case=45 task=uiT id=1 runtime_us=29673 existed=1[0m
[0;32mI (983143) net_cpu: case=45 task=httpd id=9 runtime_us=64500 existed=1[0m
[0;32mI (983150) net_cpu: case=45 task=ppT id=7 runtime_us=878626 existed=1[0m
[0;32mI (983157) net_cpu: case=45 task=Tmr Svc id=3 runtime_us=0 existed=1[0m
[0;32mI (983164) net_cpu: case=45 task=sys_evt id=6 runtime_us=0 existed=1[0m
[0;32mI (983173) net_bench: case=45 output=1 wall_us=14530665 bytes=383124 open_us=71599 error=-116 rssi=-72 heap_min=12312[0m
[0;32mI (983182) net_bench: case=45 recv_total_us=978596 recv_positive_us=711257 recv_empty_us=265833[0m
[0;32mI (983192) net_bench: case=45 cpu_lean=1 gap_metrics_valid=0 heap_is_final=1[0m
[0;32mI (983199) net_bench: case=45 sampled_heap_min=9548 rx_gap_tick_ms=323 wait_calls=2127[0m
[0;32mI (983208) net_bench: case=45 calls=2863 empty=2127 rx_gap_us=0 app_gap_us=0 empty_wait_us=0 recv_max_us=2740 commit_max_us=36859 ready_max=0 ready_probes=0[0m
[0;32mI (983223) net_bench: case=45 pcm_frames=421632 rate=44100 eof=6298 underrun=3739 stack=1180[0m
[0;32mI (983232) net_bench: case=45 second=0 bytes=30772 rssi=-80[0m
[0;32mI (983238) net_bench: case=45 second=1 bytes=22988 rssi=-79[0m
[0;32mI (983244) net_bench: case=45 second=2 bytes=30302 rssi=-79[0m
[0;32mI (983250) net_bench: case=45 second=3 bytes=30323 rssi=-80[0m
[0;32mI (983257) net_bench: case=45 second=4 bytes=31326 rssi=-71[0m
[0;32mI (983263) net_bench: case=45 second=5 bytes=31347 rssi=-71[0m
[0;32mI (983269) net_bench: case=45 second=6 bytes=30302 rssi=-70[0m
[0;32mI (983275) net_bench: case=45 second=7 bytes=31347 rssi=-72[0m
[0;32mI (983282) net_bench: case=45 second=8 bytes=21943 rssi=-72[0m
[0;32mI (983288) net_bench: case=45 second=9 bytes=21252 rssi=-80[0m
[0;32mI (983294) net_bench: case=45 second=10 bytes=23679 rssi=-80[0m
[0;32mI (983300) net_bench: case=45 second=11 bytes=31347 rssi=-71[0m
[0;32mI (983307) net_bench: case=45 second=12 bytes=30302 rssi=-79[0m
[0;32mI (983313) net_bench: case=45 second=13 bytes=15894 rssi=-81[0m
[0;32mI (983319) net_bench: case=45 second=14 bytes=0 rssi=-72[0m
[0;32mI (983325) net_bench: case=45 second=15 bytes=0 rssi=-127[0m
[0;32mI (983331) net_bench: case=45 second=16 bytes=0 rssi=-127[0m
[0;32mI (983337) net_bench: case=45 second=17 bytes=0 rssi=-127[0m
[0;32mI (983344) net_bench: case=45 second=18 bytes=0 rssi=-127[0m
[0;32mI (983349) net_bench: case=45 second=19 bytes=0 rssi=-127[0m
[0;32mI (984356) net_bench: case=46 path=/aac-64?rate=64 output=1 begin rssi=-81 round=5 fixture=3 variant=1 wait_ms=25 read_limit=1024 batch=1[0m
[0;32mI (990772) net_cpu: case=46 valid=1 total_us=6342018 tasks_before=8 tasks_after=8 snapshot_bytes=1440[0m
[0;32mI (990774) net_cpu: case=46 task=audio id=4 runtime_us=3268303 existed=1[0m
[0;32mI (990780) net_cpu: case=46 task=IDLE id=2 runtime_us=2738949 existed=1[0m
[0;32mI (990787) net_cpu: case=46 task=uiT id=1 runtime_us=14316 existed=1[0m
[0;32mI (990794) net_cpu: case=46 task=tiT id=5 runtime_us=135631 existed=1[0m
[0;32mI (990802) net_cpu: case=46 task=httpd id=9 runtime_us=29871 existed=1[0m
[0;32mI (990809) net_cpu: case=46 task=ppT id=7 runtime_us=155844 existed=1[0m
[0;32mI (990816) net_cpu: case=46 task=Tmr Svc id=3 runtime_us=0 existed=1[0m
[0;32mI (990823) net_cpu: case=46 task=sys_evt id=6 runtime_us=0 existed=1[0m
[0;32mI (990832) net_bench: case=46 output=1 wall_us=6331619 bytes=37327 open_us=67511 error=-116 rssi=-79 heap_min=13560[0m
[0;32mI (990841) net_bench: case=46 recv_total_us=65936 recv_positive_us=58694 recv_empty_us=7242[0m
[0;32mI (990850) net_bench: case=46 cpu_lean=1 gap_metrics_valid=0 heap_is_final=1[0m
[0;32mI (990857) net_bench: case=46 sampled_heap_min=11400 rx_gap_tick_ms=166 wait_calls=39[0m
[0;32mI (990866) net_bench: case=46 calls=92 empty=39 rx_gap_us=0 app_gap_us=0 empty_wait_us=0 recv_max_us=1841 commit_max_us=164850 ready_max=0 ready_probes=0[0m
[0;32mI (990880) net_bench: case=46 pcm_frames=207872 rate=44100 eof=1820 underrun=1214 stack=1180[0m
[0;32mI (990889) net_bench: case=46 second=0 bytes=8192 rssi=-72[0m
[0;32mI (990896) net_bench: case=46 second=1 bytes=7121 rssi=-72[0m
[0;32mI (990902) net_bench: case=46 second=2 bytes=6255 rssi=-73[0m
[0;32mI (990908) net_bench: case=46 second=3 bytes=7090 rssi=-71[0m
[0;32mI (990914) net_bench: case=46 second=4 bytes=6646 rssi=-71[0m
[0;32mI (990920) net_bench: case=46 second=5 bytes=2023 rssi=-73[0m
[0;32mI (990926) net_bench: case=46 second=6 bytes=0 rssi=-72[0m
[0;32mI (990932) net_bench: case=46 second=7 bytes=0 rssi=-127[0m
[0;32mI (990938) net_bench: case=46 second=8 bytes=0 rssi=-127[0m
[0;32mI (990944) net_bench: case=46 second=9 bytes=0 rssi=-127[0m
[0;32mI (990950) net_bench: case=46 second=10 bytes=0 rssi=-127[0m
[0;32mI (990956) net_bench: case=46 second=11 bytes=0 rssi=-127[0m
[0;32mI (990962) net_bench: case=46 second=12 bytes=0 rssi=-127[0m
[0;32mI (990968) net_bench: case=46 second=13 bytes=0 rssi=-127[0m
[0;32mI (990974) net_bench: case=46 second=14 bytes=0 rssi=-127[0m
[0;32mI (990980) net_bench: case=46 second=15 bytes=0 rssi=-127[0m
[0;32mI (990986) net_bench: case=46 second=16 bytes=0 rssi=-127[0m
[0;32mI (990992) net_bench: case=46 second=17 bytes=0 rssi=-127[0m
[0;32mI (990999) net_bench: case=46 second=18 bytes=0 rssi=-127[0m
[0;32mI (991005) net_bench: case=46 second=19 bytes=0 rssi=-127[0m
[0;32mI (992012) net_bench: case=47 path=/aac-64?rate=64 output=1 begin rssi=-74 round=5 fixture=3 variant=0 wait_ms=0 read_limit=1024 batch=1[0m
[0;32mI (1012226) net_cpu: case=47 valid=1 total_us=20149475 tasks_before=8 tasks_after=8 snapshot_bytes=1440[0m
[0;32mI (1012228) net_cpu: case=47 task=audio id=4 runtime_us=12128319 existed=1[0m
[0;32mI (1012234) net_cpu: case=47 task=IDLE id=2 runtime_us=6882987 existed=1[0m
[0;32mI (1012242) net_cpu: case=47 task=tiT id=5 runtime_us=469398 existed=1[0m
[0;32mI (1012249) net_cpu: case=47 task=uiT id=1 runtime_us=46730 existed=1[0m
[0;32mI (1012256) net_cpu: case=47 task=httpd id=9 runtime_us=97318 existed=1[0m
[0;32mI (1012263) net_cpu: case=47 task=ppT id=7 runtime_us=526558 existed=1[0m
[0;32mI (1012270) net_cpu: case=47 task=Tmr Svc id=3 runtime_us=0 existed=1[0m
[0;32mI (1012278) net_cpu: case=47 task=sys_evt id=6 runtime_us=0 existed=1[0m
[0;32mI (1012286) net_bench: case=47 output=1 wall_us=20121457 bytes=139976 open_us=77234 error=0 rssi=-82 heap_min=12068[0m
[0;32mI (1012296) net_bench: case=47 recv_total_us=217365 recv_positive_us=217365 recv_empty_us=0[0m
[0;32mI (1012305) net_bench: case=47 cpu_lean=1 gap_metrics_valid=0 heap_is_final=1[0m
[0;32mI (1012312) net_bench: case=47 sampled_heap_min=11396 rx_gap_tick_ms=179 wait_calls=0[0m
[0;32mI (1012321) net_bench: case=47 calls=195 empty=0 rx_gap_us=0 app_gap_us=0 empty_wait_us=0 recv_max_us=2653 commit_max_us=178028 ready_max=0 ready_probes=0[0m
[0;32mI (1012335) net_bench: case=47 pcm_frames=781312 rate=44100 eof=4111 underrun=1838 stack=1180[0m
[0;32mI (1012345) net_bench: case=47 second=0 bytes=8245 rssi=-82[0m
[0;32mI (1012351) net_bench: case=47 second=1 bytes=6877 rssi=-83[0m
[0;32mI (1012357) net_bench: case=47 second=2 bytes=7060 rssi=-74[0m
[0;32mI (1012363) net_bench: case=47 second=3 bytes=6130 rssi=-71[0m
[0;32mI (1012370) net_bench: case=47 second=4 bytes=7143 rssi=-80[0m
[0;32mI (1012376) net_bench: case=47 second=5 bytes=7070 rssi=-79[0m
[0;32mI (1012382) net_bench: case=47 second=6 bytes=6751 rssi=-80[0m
[0;32mI (1012388) net_bench: case=47 second=7 bytes=7262 rssi=-80[0m
[0;32mI (1012394) net_bench: case=47 second=8 bytes=7279 rssi=-79[0m
[0;32mI (1012401) net_bench: case=47 second=9 bytes=7090 rssi=-81[0m
[0;32mI (1012407) net_bench: case=47 second=10 bytes=6124 rssi=-80[0m
[0;32mI (1012413) net_bench: case=47 second=11 bytes=7132 rssi=-72[0m
[0;32mI (1012420) net_bench: case=47 second=12 bytes=6873 rssi=-72[0m
[0;32mI (1012426) net_bench: case=47 second=13 bytes=7137 rssi=-81[0m
[0;32mI (1012432) net_bench: case=47 second=14 bytes=7071 rssi=-81[0m
[0;32mI (1012438) net_bench: case=47 second=15 bytes=7267 rssi=-80[0m
[0;32mI (1012445) net_bench: case=47 second=16 bytes=7135 rssi=-79[0m
[0;32mI (1012451) net_bench: case=47 second=17 bytes=6138 rssi=-79[0m
[0;32mI (1012457) net_bench: case=47 second=18 bytes=7247 rssi=-73[0m
[0;32mI (1012464) net_bench: case=47 second=19 bytes=6945 rssi=-72[0m
[0;32mI (1013471) net_bench: case=48 path=/mp3-320?rate=0 output=0 begin rssi=-74 round=6 fixture=0 variant=0 wait_ms=0 read_limit=1024 batch=1[0m
[0;32mI (1033659) net_cpu: case=48 valid=1 total_us=20063975 tasks_before=8 tasks_after=8 snapshot_bytes=1440[0m
[0;32mI (1033663) net_cpu: case=48 task=audio id=4 runtime_us=3828077 existed=1[0m
[0;32mI (1033667) net_cpu: case=48 task=IDLE id=2 runtime_us=8721050 existed=1[0m
[0;32mI (1033674) net_cpu: case=48 task=tiT id=5 runtime_us=4181863 existed=1[0m
[0;32mI (1033682) net_cpu: case=48 task=uiT id=1 runtime_us=38694 existed=1[0m
[0;32mI (1033689) net_cpu: case=48 task=httpd id=9 runtime_us=98259 existed=1[0m
[0;32mI (1033696) net_cpu: case=48 task=ppT id=7 runtime_us=3195908 existed=1[0m
[0;32mI (1033703) net_cpu: case=48 task=Tmr Svc id=3 runtime_us=0 existed=1[0m
[0;32mI (1033710) net_cpu: case=48 task=sys_evt id=6 runtime_us=0 existed=1[0m
[0;32mI (1033719) net_bench: case=48 output=0 wall_us=20035820 bytes=2143804 open_us=132340 error=0 rssi=-75 heap_min=12324[0m
[0;32mI (1033729) net_bench: case=48 recv_total_us=6113184 recv_positive_us=4193763 recv_empty_us=1919421[0m
[0;32mI (1033738) net_bench: case=48 cpu_lean=1 gap_metrics_valid=0 heap_is_final=1[0m
[0;32mI (1033746) net_bench: case=48 sampled_heap_min=9732 rx_gap_tick_ms=320 wait_calls=10164[0m
[0;32mI (1033755) net_bench: case=48 calls=13820 empty=10164 rx_gap_us=0 app_gap_us=0 empty_wait_us=0 recv_max_us=7298 commit_max_us=0 ready_max=0 ready_probes=0[0m
[0;32mI (1033770) net_bench: case=48 pcm_frames=0 rate=0 eof=1884 underrun=1883 stack=1180[0m
[0;32mI (1033778) net_bench: case=48 second=0 bytes=115112 rssi=-74[0m
[0;32mI (1033784) net_bench: case=48 second=1 bytes=144200 rssi=-81[0m
[0;32mI (1033791) net_bench: case=48 second=2 bytes=146872 rssi=-80[0m
[0;32mI (1033797) net_bench: case=48 second=3 bytes=163008 rssi=-80[0m
[0;32mI (1033803) net_bench: case=48 second=4 bytes=106672 rssi=-80[0m
[0;32mI (1033810) net_bench: case=48 second=5 bytes=51264 rssi=-74[0m
[0;32mI (1033816) net_bench: case=48 second=6 bytes=28408 rssi=-74[0m
[0;32mI (1033823) net_bench: case=48 second=7 bytes=78848 rssi=-74[0m
[0;32mI (1033829) net_bench: case=48 second=8 bytes=122024 rssi=-74[0m
[0;32mI (1033835) net_bench: case=48 second=9 bytes=88984 rssi=-74[0m
[0;32mI (1033842) net_bench: case=48 second=10 bytes=94152 rssi=-75[0m
[0;32mI (1033848) net_bench: case=48 second=11 bytes=21200 rssi=-84[0m
[0;32mI (1033855) net_bench: case=48 second=12 bytes=139328 rssi=-82[0m
[0;32mI (1033861) net_bench: case=48 second=13 bytes=137576 rssi=-81[0m
[0;32mI (1033867) net_bench: case=48 second=14 bytes=142640 rssi=-82[0m
[0;32mI (1033874) net_bench: case=48 second=15 bytes=162664 rssi=-82[0m
[0;32mI (1033880) net_bench: case=48 second=16 bytes=66808 rssi=-74[0m
[0;32mI (1033887) net_bench: case=48 second=17 bytes=49412 rssi=-74[0m
[0;32mI (1033893) net_bench: case=48 second=18 bytes=141224 rssi=-75[0m
[0;32mI (1033900) net_bench: case=48 second=19 bytes=142872 rssi=-75[0m
[0;32mI (1034907) net_bench: case=49 path=/mp3-320?rate=0 output=0 begin rssi=-75 round=6 fixture=0 variant=1 wait_ms=25 read_limit=1024 batch=1[0m
[0;32mI (1055034) net_cpu: case=49 valid=1 total_us=20061786 tasks_before=8 tasks_after=8 snapshot_bytes=1440[0m
[0;32mI (1055039) net_cpu: case=49 task=audio id=4 runtime_us=4293294 existed=1[0m
[0;32mI (1055045) net_cpu: case=49 task=IDLE id=2 runtime_us=8662163 existed=1[0m
[0;32mI (1055053) net_cpu: case=49 task=tiT id=5 runtime_us=4021475 existed=1[0m
[0;32mI (1055060) net_cpu: case=49 task=uiT id=1 runtime_us=38687 existed=1[0m
[0;32mI (1055067) net_cpu: case=49 task=httpd id=9 runtime_us=92940 existed=1[0m
[0;32mI (1055074) net_cpu: case=49 task=ppT id=7 runtime_us=2953710 existed=1[0m
[0;32mI (1055082) net_cpu: case=49 task=Tmr Svc id=3 runtime_us=0 existed=1[0m
[0;32mI (1055089) net_cpu: case=49 task=sys_evt id=6 runtime_us=0 existed=1[0m
[0;32mI (1055097) net_bench: case=49 output=0 wall_us=20033744 bytes=1943456 open_us=75584 error=0 rssi=-83 heap_min=12964[0m
[0;32mI (1055107) net_bench: case=49 recv_total_us=4281511 recv_positive_us=3556873 recv_empty_us=724638[0m
[0;32mI (1055117) net_bench: case=49 cpu_lean=1 gap_metrics_valid=0 heap_is_final=1[0m
[0;32mI (1055125) net_bench: case=49 sampled_heap_min=10940 rx_gap_tick_ms=323 wait_calls=2484[0m
[0;32mI (1055133) net_bench: case=49 calls=5967 empty=2484 rx_gap_us=0 app_gap_us=0 empty_wait_us=0 recv_max_us=5952 commit_max_us=0 ready_max=0 ready_probes=0[0m
[0;32mI (1055148) net_bench: case=49 pcm_frames=0 rate=0 eof=1884 underrun=1883 stack=1180[0m
[0;32mI (1055156) net_bench: case=49 second=0 bytes=136856 rssi=-83[0m
[0;32mI (1055162) net_bench: case=49 second=1 bytes=128944 rssi=-74[0m
[0;32mI (1055169) net_bench: case=49 second=2 bytes=48000 rssi=-73[0m
[0;32mI (1055175) net_bench: case=49 second=3 bytes=55024 rssi=-73[0m
[0;32mI (1055181) net_bench: case=49 second=4 bytes=126312 rssi=-73[0m
[0;32mI (1055188) net_bench: case=49 second=5 bytes=125488 rssi=-82[0m
[0;32mI (1055194) net_bench: case=49 second=6 bytes=90888 rssi=-83[0m
[0;32mI (1055200) net_bench: case=49 second=7 bytes=136152 rssi=-83[0m
[0;32mI (1055207) net_bench: case=49 second=8 bytes=81480 rssi=-83[0m
[0;32mI (1055213) net_bench: case=49 second=9 bytes=74752 rssi=-82[0m
[0;32mI (1055220) net_bench: case=49 second=10 bytes=143904 rssi=-83[0m
[0;32mI (1055227) net_bench: case=49 second=11 bytes=135912 rssi=-74[0m
[0;32mI (1055232) net_bench: case=49 second=12 bytes=129248 rssi=-75[0m
[0;32mI (1055239) net_bench: case=49 second=13 bytes=26264 rssi=-74[0m
[0;32mI (1055245) net_bench: case=49 second=14 bytes=72176 rssi=-74[0m
[0;32mI (1055252) net_bench: case=49 second=15 bytes=123336 rssi=-74[0m
[0;32mI (1055258) net_bench: case=49 second=16 bytes=88256 rssi=-75[0m
[0;32mI (1055265) net_bench: case=49 second=17 bytes=81824 rssi=-83[0m
[0;32mI (1055271) net_bench: case=49 second=18 bytes=57648 rssi=-83[0m
[0;32mI (1055277) net_bench: case=49 second=19 bytes=80456 rssi=-82[0m
[0;32mI (1056285) net_bench: case=50 path=/mp3-128?rate=128 output=1 begin rssi=-83 round=6 fixture=1 variant=0 wait_ms=0 read_limit=1024 batch=1[0m
[0;32mI (1076438) net_cpu: case=50 valid=1 total_us=20088017 tasks_before=8 tasks_after=8 snapshot_bytes=1440[0m
[0;32mI (1076440) net_cpu: case=50 task=audio id=4 runtime_us=15401111 existed=1[0m
[0;32mI (1076446) net_cpu: case=50 task=IDLE id=2 runtime_us=2782067 existed=1[0m
[0;32mI (1076454) net_cpu: case=50 task=tiT id=5 runtime_us=917179 existed=1[0m
[0;32mI (1076461) net_cpu: case=50 task=uiT id=1 runtime_us=46843 existed=1[0m
[0;32mI (1076468) net_cpu: case=50 task=httpd id=9 runtime_us=95124 existed=1[0m
[0;32mI (1076475) net_cpu: case=50 task=ppT id=7 runtime_us=847565 existed=1[0m
[0;32mI (1076482) net_cpu: case=50 task=Tmr Svc id=3 runtime_us=0 existed=1[0m
[0;32mI (1076490) net_cpu: case=50 task=sys_evt id=6 runtime_us=0 existed=1[0m
[0;32mI (1076499) net_bench: case=50 output=1 wall_us=20060021 bytes=317276 open_us=77103 error=0 rssi=-81 heap_min=10368[0m
[0;32mI (1076508) net_bench: case=50 recv_total_us=526124 recv_positive_us=502903 recv_empty_us=23221[0m
[0;32mI (1076517) net_bench: case=50 cpu_lean=1 gap_metrics_valid=0 heap_is_final=1[0m
[0;32mI (1076525) net_bench: case=50 sampled_heap_min=9728 rx_gap_tick_ms=100 wait_calls=168[0m
[0;32mI (1076533) net_bench: case=50 calls=672 empty=168 rx_gap_us=0 app_gap_us=0 empty_wait_us=0 recv_max_us=3370 commit_max_us=80714 ready_max=0 ready_probes=0[0m
[0;32mI (1076548) net_bench: case=50 pcm_frames=874368 rate=44100 eof=2297 underrun=161 stack=1180[0m
[0;32mI (1076557) net_bench: case=50 second=0 bytes=15098 rssi=-74[0m
[0;32mI (1076563) net_bench: case=50 second=1 bytes=16300 rssi=-74[0m
[0;32mI (1076570) net_bench: case=50 second=2 bytes=15276 rssi=-75[0m
[0;32mI (1076576) net_bench: case=50 second=3 bytes=16071 rssi=-72[0m
[0;32mI (1076582) net_bench: case=50 second=4 bytes=16300 rssi=-80[0m
[0;32mI (1076589) net_bench: case=50 second=5 bytes=16300 rssi=-79[0m
[0;32mI (1076595) net_bench: case=50 second=6 bytes=15046 rssi=-82[0m
[0;32mI (1076601) net_bench: case=50 second=7 bytes=16300 rssi=-79[0m
[0;32mI (1076608) net_bench: case=50 second=8 bytes=16300 rssi=-71[0m
[0;32mI (1076614) net_bench: case=50 second=9 bytes=16300 rssi=-72[0m
[0;32mI (1076620) net_bench: case=50 second=10 bytes=15046 rssi=-72[0m
[0;32mI (1076627) net_bench: case=50 second=11 bytes=16300 rssi=-80[0m
[0;32mI (1076633) net_bench: case=50 second=12 bytes=16300 rssi=-80[0m
[0;32mI (1076639) net_bench: case=50 second=13 bytes=16300 rssi=-80[0m
[0;32mI (1076646) net_bench: case=50 second=14 bytes=15276 rssi=-81[0m
[0;32mI (1076652) net_bench: case=50 second=15 bytes=14817 rssi=-80[0m
[0;32mI (1076659) net_bench: case=50 second=16 bytes=16300 rssi=-79[0m
[0;32mI (1076665) net_bench: case=50 second=17 bytes=16300 rssi=-80[0m
[0;32mI (1076671) net_bench: case=50 second=18 bytes=15046 rssi=-80[0m
[0;32mI (1076678) net_bench: case=50 second=19 bytes=16300 rssi=-70[0m
[0;32mI (1077685) net_bench: case=51 path=/mp3-128?rate=128 output=1 begin rssi=-71 round=6 fixture=1 variant=1 wait_ms=25 read_limit=1024 batch=1[0m
[0;32mI (1088454) net_cpu: case=51 valid=1 total_us=10708579 tasks_before=8 tasks_after=8 snapshot_bytes=1440[0m
[0;32mI (1088456) net_cpu: case=51 task=audio id=4 runtime_us=7485619 existed=1[0m
[0;32mI (1088463) net_cpu: case=51 task=IDLE id=2 runtime_us=2279229 existed=1[0m
[0;32mI (1088470) net_cpu: case=51 task=uiT id=1 runtime_us=24286 existed=1[0m
[0;32mI (1088477) net_cpu: case=51 task=tiT id=5 runtime_us=448086 existed=1[0m
[0;32mI (1088484) net_cpu: case=51 task=httpd id=9 runtime_us=49682 existed=1[0m
[0;32mI (1088491) net_cpu: case=51 task=ppT id=7 runtime_us=423477 existed=1[0m
[0;32mI (1088498) net_cpu: case=51 task=Tmr Svc id=3 runtime_us=0 existed=1[0m
[0;32mI (1088506) net_cpu: case=51 task=sys_evt id=6 runtime_us=0 existed=1[0m
[0;32mI (1088514) net_bench: case=51 output=1 wall_us=10690911 bytes=153534 open_us=60793 error=-116 rssi=-73 heap_min=12964[0m
[0;32mI (1088525) net_bench: case=51 recv_total_us=250865 recv_positive_us=242530 recv_empty_us=8335[0m
[0;32mI (1088533) net_bench: case=51 cpu_lean=1 gap_metrics_valid=0 heap_is_final=1[0m
[0;32mI (1088541) net_bench: case=51 sampled_heap_min=9824 rx_gap_tick_ms=93 wait_calls=44[0m
[0;32mI (1088549) net_bench: case=51 calls=290 empty=44 rx_gap_us=0 app_gap_us=0 empty_wait_us=0 recv_max_us=2701 commit_max_us=80450 ready_max=0 ready_probes=0[0m
[0;32mI (1088564) net_bench: case=51 pcm_frames=422784 rate=44100 eof=1851 underrun=842 stack=1180[0m
[0;32mI (1088573) net_bench: case=51 second=0 bytes=15098 rssi=-80[0m
[0;32mI (1088579) net_bench: case=51 second=1 bytes=16300 rssi=-80[0m
[0;32mI (1088586) net_bench: case=51 second=2 bytes=16300 rssi=-79[0m
[0;32mI (1088592) net_bench: case=51 second=3 bytes=15047 rssi=-81[0m
[0;32mI (1088598) net_bench: case=51 second=4 bytes=16300 rssi=-71[0m
[0;32mI (1088604) net_bench: case=51 second=5 bytes=16300 rssi=-73[0m
[0;32mI (1088611) net_bench: case=51 second=6 bytes=15046 rssi=-72[0m
[0;32mI (1088617) net_bench: case=51 second=7 bytes=16300 rssi=-79[0m
[0;32mI (1088623) net_bench: case=51 second=8 bytes=16300 rssi=-71[0m
[0;32mI (1088630) net_bench: case=51 second=9 bytes=10543 rssi=-79[0m
[0;32mI (1088636) net_bench: case=51 second=10 bytes=0 rssi=-81[0m
[0;32mI (1088642) net_bench: case=51 second=11 bytes=0 rssi=-127[0m
[0;32mI (1088648) net_bench: case=51 second=12 bytes=0 rssi=-127[0m
[0;32mI (1088654) net_bench: case=51 second=13 bytes=0 rssi=-127[0m
[0;32mI (1088661) net_bench: case=51 second=14 bytes=0 rssi=-127[0m
[0;32mI (1088667) net_bench: case=51 second=15 bytes=0 rssi=-127[0m
[0;32mI (1088673) net_bench: case=51 second=16 bytes=0 rssi=-127[0m
[0;32mI (1088679) net_bench: case=51 second=17 bytes=0 rssi=-127[0m
[0;32mI (1088685) net_bench: case=51 second=18 bytes=0 rssi=-127[0m
[0;32mI (1088691) net_bench: case=51 second=19 bytes=0 rssi=-127[0m
[0;32mI (1089698) net_bench: case=52 path=/mp3-320?rate=320 output=1 begin rssi=-72 round=6 fixture=2 variant=0 wait_ms=0 read_limit=1024 batch=1[0m
[0;32mI (1109819) net_cpu: case=52 valid=1 total_us=20067464 tasks_before=8 tasks_after=8 snapshot_bytes=1440[0m
[0;32mI (1109821) net_cpu: case=52 task=audio id=4 runtime_us=15722437 existed=1[0m
[0;32mI (1109827) net_cpu: case=52 task=IDLE id=2 runtime_us=1293607 existed=1[0m
[0;32mI (1109835) net_cpu: case=52 task=uiT id=1 runtime_us=41550 existed=1[0m
[0;32mI (1109842) net_cpu: case=52 task=tiT id=5 runtime_us=1617913 existed=1[0m
[0;32mI (1109849) net_cpu: case=52 task=httpd id=9 runtime_us=89396 existed=1[0m
[0;32mI (1109856) net_cpu: case=52 task=ppT id=7 runtime_us=1302948 existed=1[0m
[0;32mI (1109864) net_cpu: case=52 task=Tmr Svc id=3 runtime_us=0 existed=1[0m
[0;32mI (1109871) net_cpu: case=52 task=sys_evt id=6 runtime_us=0 existed=1[0m
[0;32mI (1109880) net_bench: case=52 output=1 wall_us=20039357 bytes=587704 open_us=66240 error=0 rssi=-82 heap_min=9728[0m
[0;32mI (1109889) net_bench: case=52 recv_total_us=1245880 recv_positive_us=1110925 recv_empty_us=134955[0m
[0;32mI (1109898) net_bench: case=52 cpu_lean=1 gap_metrics_valid=0 heap_is_final=1[0m
[0;32mI (1109906) net_bench: case=52 sampled_heap_min=9520 rx_gap_tick_ms=302 wait_calls=1081[0m
[0;32mI (1109915) net_bench: case=52 calls=2206 empty=1081 rx_gap_us=0 app_gap_us=0 empty_wait_us=0 recv_max_us=4102 commit_max_us=39052 ready_max=0 ready_probes=0[0m
[0;32mI (1109930) net_bench: case=52 pcm_frames=647424 rate=44100 eof=7908 underrun=4047 stack=1180[0m
[0;32mI (1109939) net_bench: case=52 second=0 bytes=30772 rssi=-72[0m
[0;32mI (1109945) net_bench: case=52 second=1 bytes=30302 rssi=-70[0m
[0;32mI (1109951) net_bench: case=52 second=2 bytes=31347 rssi=-72[0m
[0;32mI (1109958) net_bench: case=52 second=3 bytes=30302 rssi=-72[0m
[0;32mI (1109964) net_bench: case=52 second=4 bytes=22988 rssi=-73[0m
[0;32mI (1109970) net_bench: case=52 second=5 bytes=31347 rssi=-81[0m
[0;32mI (1109977) net_bench: case=52 second=6 bytes=30302 rssi=-81[0m
[0;32mI (1109983) net_bench: case=52 second=7 bytes=31347 rssi=-79[0m
[0;32mI (1109989) net_bench: case=52 second=8 bytes=31347 rssi=-82[0m
[0;32mI (1109996) net_bench: case=52 second=9 bytes=22988 rssi=-79[0m
[0;32mI (1110002) net_bench: case=52 second=10 bytes=30302 rssi=-72[0m
[0;32mI (1110008) net_bench: case=52 second=11 bytes=24033 rssi=-72[0m
[0;32mI (1110015) net_bench: case=52 second=12 bytes=30302 rssi=-71[0m
[0;32mI (1110021) net_bench: case=52 second=13 bytes=31347 rssi=-70[0m
[0;32mI (1110028) net_bench: case=52 second=14 bytes=22987 rssi=-71[0m
[0;32mI (1110034) net_bench: case=52 second=15 bytes=31347 rssi=-82[0m
[0;32mI (1110041) net_bench: case=52 second=16 bytes=30303 rssi=-79[0m
[0;32mI (1110047) net_bench: case=52 second=17 bytes=31347 rssi=-81[0m
[0;32mI (1110053) net_bench: case=52 second=18 bytes=31347 rssi=-79[0m
[0;32mI (1110060) net_bench: case=52 second=19 bytes=31347 rssi=-80[0m
[0;32mI (1111067) net_bench: case=53 path=/mp3-320?rate=320 output=1 begin rssi=-81 round=6 fixture=2 variant=1 wait_ms=25 read_limit=1024 batch=1[0m
[0;32mI (1131198) net_cpu: case=53 valid=1 total_us=20064287 tasks_before=8 tasks_after=8 snapshot_bytes=1440[0m
[0;32mI (1131200) net_cpu: case=53 task=audio id=4 runtime_us=15535818 existed=1[0m
[0;32mI (1131206) net_cpu: case=53 task=IDLE id=2 runtime_us=1506171 existed=1[0m
[0;32mI (1131214) net_cpu: case=53 task=tiT id=5 runtime_us=1602087 existed=1[0m
[0;32mI (1131221) net_cpu: case=53 task=uiT id=1 runtime_us=41696 existed=1[0m
[0;32mI (1131228) net_cpu: case=53 task=httpd id=9 runtime_us=86121 existed=1[0m
[0;32mI (1131235) net_cpu: case=53 task=ppT id=7 runtime_us=1292930 existed=1[0m
[0;32mI (1131243) net_cpu: case=53 task=Tmr Svc id=3 runtime_us=0 existed=1[0m
[0;32mI (1131250) net_cpu: case=53 task=sys_evt id=6 runtime_us=0 existed=1[0m
[0;32mI (1131259) net_bench: case=53 output=1 wall_us=20036162 bytes=584569 open_us=78954 error=0 rssi=-71 heap_min=9728[0m
[0;32mI (1131268) net_bench: case=53 recv_total_us=1106380 recv_positive_us=1096395 recv_empty_us=9985[0m
[0;32mI (1131277) net_bench: case=53 cpu_lean=1 gap_metrics_valid=0 heap_is_final=1[0m
[0;32mI (1131285) net_bench: case=53 sampled_heap_min=9468 rx_gap_tick_ms=277 wait_calls=53[0m
[0;32mI (1131293) net_bench: case=53 calls=1176 empty=53 rx_gap_us=0 app_gap_us=0 empty_wait_us=0 recv_max_us=3765 commit_max_us=38769 ready_max=0 ready_probes=0[0m
[0;32mI (1131308) net_bench: case=53 pcm_frames=643968 rate=44100 eof=7991 underrun=4106 stack=1180[0m
[0;32mI (1131317) net_bench: case=53 second=0 bytes=30772 rssi=-81[0m
[0;32mI (1131324) net_bench: case=53 second=1 bytes=30302 rssi=-79[0m
[0;32mI (1131330) net_bench: case=53 second=2 bytes=31347 rssi=-81[0m
[0;32mI (1131336) net_bench: case=53 second=3 bytes=30302 rssi=-80[0m
[0;32mI (1131342) net_bench: case=53 second=4 bytes=31347 rssi=-80[0m
[0;32mI (1131349) net_bench: case=53 second=5 bytes=31347 rssi=-80[0m
[0;32mI (1131355) net_bench: case=53 second=6 bytes=31347 rssi=-72[0m
[0;32mI (1131361) net_bench: case=53 second=7 bytes=30302 rssi=-72[0m
[0;32mI (1131368) net_bench: case=53 second=8 bytes=31347 rssi=-71[0m
[0;32mI (1131374) net_bench: case=53 second=9 bytes=22646 rssi=-72[0m
[0;32mI (1131380) net_bench: case=53 second=10 bytes=21617 rssi=-83[0m
[0;32mI (1131387) net_bench: case=53 second=11 bytes=20521 rssi=-83[0m
[0;32mI (1131393) net_bench: case=53 second=12 bytes=31347 rssi=-83[0m
[0;32mI (1131400) net_bench: case=53 second=13 bytes=31347 rssi=-79[0m
[0;32mI (1131406) net_bench: case=53 second=14 bytes=31347 rssi=-80[0m
[0;32mI (1131412) net_bench: case=53 second=15 bytes=31347 rssi=-71[0m
[0;32mI (1131419) net_bench: case=53 second=16 bytes=30302 rssi=-71[0m
[0;32mI (1131425) net_bench: case=53 second=17 bytes=31347 rssi=-72[0m
[0;32mI (1131432) net_bench: case=53 second=18 bytes=31347 rssi=-73[0m
[0;32mI (1131438) net_bench: case=53 second=19 bytes=22988 rssi=-72[0m
[0;32mI (1132445) net_bench: case=54 path=/aac-64?rate=64 output=1 begin rssi=-71 round=6 fixture=3 variant=0 wait_ms=0 read_limit=1024 batch=1[0m
[0;32mI (1152699) net_cpu: case=54 valid=1 total_us=20192690 tasks_before=8 tasks_after=8 snapshot_bytes=1440[0m
[0;32mI (1152701) net_cpu: case=54 task=audio id=4 runtime_us=12123779 existed=1[0m
[0;32mI (1152708) net_cpu: case=54 task=IDLE id=2 runtime_us=6942352 existed=1[0m
[0;32mI (1152715) net_cpu: case=54 task=uiT id=1 runtime_us=47488 existed=1[0m
[0;32mI (1152722) net_cpu: case=54 task=tiT id=5 runtime_us=468231 existed=1[0m
[0;32mI (1152729) net_cpu: case=54 task=ppT id=7 runtime_us=514179 existed=1[0m
[0;32mI (1152737) net_cpu: case=54 task=httpd id=9 runtime_us=98570 existed=1[0m
[0;32mI (1152744) net_cpu: case=54 task=Tmr Svc id=3 runtime_us=0 existed=1[0m
[0;32mI (1152751) net_cpu: case=54 task=sys_evt id=6 runtime_us=0 existed=1[0m
[0;32mI (1152760) net_bench: case=54 output=1 wall_us=20162762 bytes=139971 open_us=74376 error=0 rssi=-71 heap_min=11504[0m
[0;32mI (1152769) net_bench: case=54 recv_total_us=218307 recv_positive_us=218307 recv_empty_us=0[0m
[0;32mI (1152778) net_bench: case=54 cpu_lean=1 gap_metrics_valid=0 heap_is_final=1[0m
[0;32mI (1152786) net_bench: case=54 sampled_heap_min=11040 rx_gap_tick_ms=162 wait_calls=0[0m
[0;32mI (1152794) net_bench: case=54 calls=196 empty=0 rx_gap_us=0 app_gap_us=0 empty_wait_us=0 recv_max_us=2808 commit_max_us=161527 ready_max=0 ready_probes=0[0m
[0;32mI (1152809) net_bench: case=54 pcm_frames=781312 rate=44100 eof=4146 underrun=1873 stack=1180[0m
[0;32mI (1152818) net_bench: case=54 second=0 bytes=8192 rssi=-71[0m
[0;32mI (1152824) net_bench: case=54 second=1 bytes=7121 rssi=-72[0m
[0;32mI (1152830) net_bench: case=54 second=2 bytes=6255 rssi=-72[0m
[0;32mI (1152837) net_bench: case=54 second=3 bytes=7090 rssi=-70[0m
[0;32mI (1152843) net_bench: case=54 second=4 bytes=6646 rssi=-71[0m
[0;32mI (1152849) net_bench: case=54 second=5 bytes=7130 rssi=-73[0m
[0;32mI (1152855) net_bench: case=54 second=6 bytes=7377 rssi=-70[0m
[0;32mI (1152862) net_bench: case=54 second=7 bytes=7137 rssi=-80[0m
[0;32mI (1152868) net_bench: case=54 second=8 bytes=7071 rssi=-81[0m
[0;32mI (1152874) net_bench: case=54 second=9 bytes=6243 rssi=-71[0m
[0;32mI (1152880) net_bench: case=54 second=10 bytes=7108 rssi=-81[0m
[0;32mI (1152887) net_bench: case=54 second=11 bytes=6851 rssi=-81[0m
[0;32mI (1152893) net_bench: case=54 second=12 bytes=7136 rssi=-82[0m
[0;32mI (1152899) net_bench: case=54 second=13 bytes=7011 rssi=-82[0m
[0;32mI (1152906) net_bench: case=54 second=14 bytes=7277 rssi=-83[0m
[0;32mI (1152912) net_bench: case=54 second=15 bytes=6208 rssi=-81[0m
[0;32mI (1152918) net_bench: case=54 second=16 bytes=6710 rssi=-74[0m
[0;32mI (1152925) net_bench: case=54 second=17 bytes=7247 rssi=-73[0m
[0;32mI (1152931) net_bench: case=54 second=18 bytes=6945 rssi=-71[0m
[0;32mI (1152937) net_bench: case=54 second=19 bytes=7216 rssi=-71[0m
[0;32mI (1153944) net_bench: case=55 path=/aac-64?rate=64 output=1 begin rssi=-72 round=6 fixture=3 variant=1 wait_ms=25 read_limit=1024 batch=1[0m
[0;32mI (1174145) net_cpu: case=55 valid=1 total_us=20138828 tasks_before=8 tasks_after=8 snapshot_bytes=1440[0m
[0;32mI (1174147) net_cpu: case=55 task=audio id=4 runtime_us=12117904 existed=1[0m
[0;32mI (1174153) net_cpu: case=55 task=IDLE id=2 runtime_us=6913290 existed=1[0m
[0;32mI (1174161) net_cpu: case=55 task=uiT id=1 runtime_us=47362 existed=1[0m
[0;32mI (1174168) net_cpu: case=55 task=tiT id=5 runtime_us=461487 existed=1[0m
[0;32mI (1174175) net_cpu: case=55 task=ppT id=7 runtime_us=500547 existed=1[0m
[0;32mI (1174182) net_cpu: case=55 task=httpd id=9 runtime_us=98608 existed=1[0m
[0;32mI (1174189) net_cpu: case=55 task=Tmr Svc id=3 runtime_us=0 existed=1[0m
[0;32mI (1174196) net_cpu: case=55 task=sys_evt id=6 runtime_us=0 existed=1[0m
[0;32mI (1174205) net_bench: case=55 output=1 wall_us=20110813 bytes=139971 open_us=75633 error=0 rssi=-71 heap_min=11496[0m
[0;32mI (1174216) net_bench: case=55 recv_total_us=214881 recv_positive_us=214881 recv_empty_us=0[0m
[0;32mI (1174225) net_bench: case=55 cpu_lean=1 gap_metrics_valid=0 heap_is_final=1[0m
[0;32mI (1174232) net_bench: case=55 sampled_heap_min=11132 rx_gap_tick_ms=164 wait_calls=0[0m
[0;32mI (1174241) net_bench: case=55 calls=195 empty=0 rx_gap_us=0 app_gap_us=0 empty_wait_us=0 recv_max_us=2016 commit_max_us=162941 ready_max=0 ready_probes=0[0m
[0;32mI (1174255) net_bench: case=55 pcm_frames=781312 rate=44100 eof=4113 underrun=1839 stack=1180[0m
[0;32mI (1174265) net_bench: case=55 second=0 bytes=8192 rssi=-72[0m
[0;32mI (1174271) net_bench: case=55 second=1 bytes=7121 rssi=-71[0m
[0;32mI (1174277) net_bench: case=55 second=2 bytes=7279 rssi=-72[0m
[0;32mI (1174283) net_bench: case=55 second=3 bytes=6066 rssi=-72[0m
[0;32mI (1174289) net_bench: case=55 second=4 bytes=7148 rssi=-81[0m
[0;32mI (1174296) net_bench: case=55 second=5 bytes=6628 rssi=-71[0m
[0;32mI (1174302) net_bench: case=55 second=6 bytes=7377 rssi=-73[0m
[0;32mI (1174308) net_bench: case=55 second=7 bytes=7137 rssi=-72[0m
[0;32mI (1174314) net_bench: case=55 second=8 bytes=7071 rssi=-79[0m
[0;32mI (1174321) net_bench: case=55 second=9 bytes=6243 rssi=-71[0m
[0;32mI (1174327) net_bench: case=55 second=10 bytes=7135 rssi=-80[0m
[0;32mI (1174333) net_bench: case=55 second=11 bytes=6824 rssi=-71[0m
[0;32mI (1174339) net_bench: case=55 second=12 bytes=7136 rssi=-81[0m
[0;32mI (1174346) net_bench: case=55 second=13 bytes=7011 rssi=-81[0m
[0;32mI (1174352) net_bench: case=55 second=14 bytes=7277 rssi=-80[0m
[0;32mI (1174358) net_bench: case=55 second=15 bytes=7232 rssi=-80[0m
[0;32mI (1174365) net_bench: case=55 second=16 bytes=6130 rssi=-78[0m
[0;32mI (1174371) net_bench: case=55 second=17 bytes=6803 rssi=-71[0m
[0;32mI (1174377) net_bench: case=55 second=18 bytes=6945 rssi=-81[0m
[0;32mI (1174384) net_bench: case=55 second=19 bytes=7216 rssi=-80[0m
[0;32mI (1175391) net_bench: case=56 path=/mp3-320?rate=0 output=0 begin rssi=-81 round=7 fixture=0 variant=1 wait_ms=25 read_limit=1024 batch=1[0m
[0;32mI (1198516) net_cpu: case=56 valid=1 total_us=20061972 tasks_before=8 tasks_after=8 snapshot_bytes=1440[0m
[0;32mI (1198522) net_cpu: case=56 task=audio id=4 runtime_us=4276554 existed=1[0m
[0;32mI (1198528) net_cpu: case=56 task=IDLE id=2 runtime_us=8586558 existed=1[0m
[0;32mI (1198535) net_cpu: case=56 task=uiT id=1 runtime_us=38085 existed=1[0m
[0;32mI (1198542) net_cpu: case=56 task=tiT id=5 runtime_us=4058997 existed=1[0m
[0;32mI (1198549) net_cpu: case=56 task=httpd id=9 runtime_us=92334 existed=1[0m
[0;32mI (1198556) net_cpu: case=56 task=ppT id=7 runtime_us=3009335 existed=1[0m
[0;32mI (1198564) net_cpu: case=56 task=Tmr Svc id=3 runtime_us=0 existed=1[0m
[0;32mI (1198571) net_cpu: case=56 task=sys_evt id=6 runtime_us=0 existed=1[0m
[0;32mI (1198580) net_bench: case=56 output=0 wall_us=20033890 bytes=1977048 open_us=3074348 error=0 rssi=-74 heap_min=12316[0m
[0;32mI (1198589) net_bench: case=56 recv_total_us=4380835 recv_positive_us=3686554 recv_empty_us=694281[0m
[0;32mI (1198599) net_bench: case=56 cpu_lean=1 gap_metrics_valid=0 heap_is_final=1[0m
[0;32mI (1198607) net_bench: case=56 sampled_heap_min=10952 rx_gap_tick_ms=912 wait_calls=2443[0m
[0;32mI (1198615) net_bench: case=56 calls=5936 empty=2443 rx_gap_us=0 app_gap_us=0 empty_wait_us=0 recv_max_us=5859 commit_max_us=0 ready_max=0 ready_probes=0[0m
[0;32mI (1198630) net_bench: case=56 pcm_frames=0 rate=0 eof=1884 underrun=1883 stack=1180[0m
[0;32mI (1198638) net_bench: case=56 second=0 bytes=91480 rssi=-74[0m
[0;32mI (1198645) net_bench: case=56 second=1 bytes=138592 rssi=-73[0m
[0;32mI (1198651) net_bench: case=56 second=2 bytes=72464 rssi=-82[0m
[0;32mI (1198657) net_bench: case=56 second=3 bytes=61640 rssi=-82[0m
[0;32mI (1198664) net_bench: case=56 second=4 bytes=50680 rssi=-81[0m
[0;32mI (1198670) net_bench: case=56 second=5 bytes=129584 rssi=-81[0m
[0;32mI (1198676) net_bench: case=56 second=6 bytes=132752 rssi=-83[0m
[0;32mI (1198683) net_bench: case=56 second=7 bytes=95944 rssi=-73[0m
[0;32mI (1198689) net_bench: case=56 second=8 bytes=144480 rssi=-73[0m
[0;32mI (1198695) net_bench: case=56 second=9 bytes=19056 rssi=-73[0m
[0;32mI (1198702) net_bench: case=56 second=10 bytes=57312 rssi=-72[0m
[0;32mI (1198708) net_bench: case=56 second=11 bytes=142872 rssi=-83[0m
[0;32mI (1198715) net_bench: case=56 second=12 bytes=125000 rssi=-81[0m
[0;32mI (1198721) net_bench: case=56 second=13 bytes=83576 rssi=-81[0m
[0;32mI (1198727) net_bench: case=56 second=14 bytes=79432 rssi=-82[0m
[0;32mI (1198734) net_bench: case=56 second=15 bytes=99696 rssi=-83[0m
[0;32mI (1198740) net_bench: case=56 second=16 bytes=131144 rssi=-73[0m
[0;32mI (1198747) net_bench: case=56 second=17 bytes=115832 rssi=-72[0m
[0;32mI (1198753) net_bench: case=56 second=18 bytes=120712 rssi=-73[0m
[0;32mI (1198760) net_bench: case=56 second=19 bytes=84800 rssi=-73[0m
[0;32mI (1199767) net_bench: case=57 path=/mp3-320?rate=0 output=0 begin rssi=-73 round=7 fixture=0 variant=0 wait_ms=0 read_limit=1024 batch=1[0m
[0;32mI (1219895) net_cpu: case=57 valid=1 total_us=20062699 tasks_before=8 tasks_after=8 snapshot_bytes=1440[0m
[0;32mI (1219897) net_cpu: case=57 task=audio id=4 runtime_us=3772816 existed=1[0m
[0;32mI (1219903) net_cpu: case=57 task=IDLE id=2 runtime_us=9498284 existed=1[0m
[0;32mI (1219911) net_cpu: case=57 task=tiT id=5 runtime_us=3755463 existed=1[0m
[0;32mI (1219918) net_cpu: case=57 task=uiT id=1 runtime_us=38105 existed=1[0m
[0;32mI (1219925) net_cpu: case=57 task=httpd id=9 runtime_us=98539 existed=1[0m
[0;32mI (1219932) net_cpu: case=57 task=ppT id=7 runtime_us=2901321 existed=1[0m
[0;32mI (1219940) net_cpu: case=57 task=Tmr Svc id=3 runtime_us=0 existed=1[0m
[0;32mI (1219947) net_cpu: case=57 task=sys_evt id=6 runtime_us=0 existed=1[0m
[0;32mI (1219956) net_bench: case=57 output=0 wall_us=20034633 bytes=1927308 open_us=78731 error=0 rssi=-80 heap_min=10252[0m
[0;32mI (1219965) net_bench: case=57 recv_total_us=5706058 recv_positive_us=3741759 recv_empty_us=1964299[0m
[0;32mI (1219975) net_bench: case=57 cpu_lean=1 gap_metrics_valid=0 heap_is_final=1[0m
[0;32mI (1219983) net_bench: case=57 sampled_heap_min=10376 rx_gap_tick_ms=852 wait_calls=11178[0m
[0;32mI (1219991) net_bench: case=57 calls=14418 empty=11178 rx_gap_us=0 app_gap_us=0 empty_wait_us=0 recv_max_us=6538 commit_max_us=0 ready_max=0 ready_probes=0[0m
[0;32mI (1220006) net_bench: case=57 pcm_frames=0 rate=0 eof=1884 underrun=1883 stack=1180[0m
[0;32mI (1220014) net_bench: case=57 second=0 bytes=89976 rssi=-86[0m
[0;32mI (1220021) net_bench: case=57 second=1 bytes=98144 rssi=-74[0m
[0;32mI (1220027) net_bench: case=57 second=2 bytes=153072 rssi=-73[0m
[0;32mI (1220034) net_bench: case=57 second=3 bytes=141568 rssi=-73[0m
[0;32mI (1220041) net_bench: case=57 second=4 bytes=80064 rssi=-73[0m
[0;32mI (1220047) net_bench: case=57 second=5 bytes=81272 rssi=-75[0m
[0;32mI (1220053) net_bench: case=57 second=6 bytes=63256 rssi=-73[0m
[0;32mI (1220060) net_bench: case=57 second=7 bytes=149416 rssi=-83[0m
[0;32mI (1220066) net_bench: case=57 second=8 bytes=136496 rssi=-82[0m
[0;32mI (1220072) net_bench: case=57 second=9 bytes=113208 rssi=-81[0m
[0;32mI (1220079) net_bench: case=57 second=10 bytes=40448 rssi=-81[0m
[0;32mI (1220085) net_bench: case=57 second=11 bytes=55504 rssi=-74[0m
[0;32mI (1220092) net_bench: case=57 second=12 bytes=107016 rssi=-73[0m
[0;32mI (1220098) net_bench: case=57 second=13 bytes=122272 rssi=-73[0m
[0;32mI (1220105) net_bench: case=57 second=14 bytes=136448 rssi=-73[0m
[0;32mI (1220111) net_bench: case=57 second=15 bytes=94872 rssi=-73[0m
[0;32mI (1220118) net_bench: case=57 second=16 bytes=47656 rssi=-74[0m
[0;32mI (1220124) net_bench: case=57 second=17 bytes=61400 rssi=-83[0m
[0;32mI (1220130) net_bench: case=57 second=18 bytes=46344 rssi=-82[0m
[0;32mI (1220137) net_bench: case=57 second=19 bytes=108876 rssi=-82[0m
[0;32mI (1221144) net_bench: case=58 path=/mp3-128?rate=128 output=1 begin rssi=-81 round=7 fixture=1 variant=1 wait_ms=25 read_limit=1024 batch=1[0m
[0;32mI (1241347) net_cpu: case=58 valid=1 total_us=20064519 tasks_before=8 tasks_after=8 snapshot_bytes=1440[0m
[0;32mI (1241349) net_cpu: case=58 task=audio id=4 runtime_us=14776782 existed=1[0m
[0;32mI (1241355) net_cpu: case=58 task=IDLE id=2 runtime_us=3461932 existed=1[0m
[0;32mI (1241363) net_cpu: case=58 task=uiT id=1 runtime_us=46736 existed=1[0m
[0;32mI (1241370) net_cpu: case=58 task=tiT id=5 runtime_us=872809 existed=1[0m
[0;32mI (1241377) net_cpu: case=58 task=httpd id=9 runtime_us=96195 existed=1[0m
[0;32mI (1241384) net_cpu: case=58 task=ppT id=7 runtime_us=810253 existed=1[0m
[0;32mI (1241391) net_cpu: case=58 task=Tmr Svc id=3 runtime_us=0 existed=1[0m
[0;32mI (1241399) net_cpu: case=58 task=sys_evt id=6 runtime_us=0 existed=1[0m
[0;32mI (1241407) net_bench: case=58 output=1 wall_us=20036649 bytes=304549 open_us=151659 error=0 rssi=-82 heap_min=10372[0m
[0;32mI (1241417) net_bench: case=58 recv_total_us=510009 recv_positive_us=502034 recv_empty_us=7975[0m
[0;32mI (1241426) net_bench: case=58 cpu_lean=1 gap_metrics_valid=0 heap_is_final=1[0m
[0;32mI (1241434) net_bench: case=58 sampled_heap_min=9424 rx_gap_tick_ms=311 wait_calls=41[0m
[0;32mI (1241442) net_bench: case=58 calls=533 empty=41 rx_gap_us=0 app_gap_us=0 empty_wait_us=0 recv_max_us=4446 commit_max_us=81189 ready_max=0 ready_probes=0[0m
[0;32mI (1241457) net_bench: case=58 pcm_frames=838656 rate=44100 eof=2924 underrun=809 stack=1180[0m
[0;32mI (1241466) net_bench: case=58 second=0 bytes=16352 rssi=-82[0m
[0;32mI (1241472) net_bench: case=58 second=1 bytes=16300 rssi=-82[0m
[0;32mI (1241479) net_bench: case=58 second=2 bytes=14628 rssi=-82[0m
[0;32mI (1241485) net_bench: case=58 second=3 bytes=16300 rssi=-73[0m
[0;32mI (1241491) net_bench: case=58 second=4 bytes=16301 rssi=-73[0m
[0;32mI (1241497) net_bench: case=58 second=5 bytes=15046 rssi=-83[0m
[0;32mI (1241504) net_bench: case=58 second=6 bytes=16300 rssi=-82[0m
[0;32mI (1241510) net_bench: case=58 second=7 bytes=16300 rssi=-81[0m
[0;32mI (1241516) net_bench: case=58 second=8 bytes=12538 rssi=-81[0m
[0;32mI (1241523) net_bench: case=58 second=9 bytes=12539 rssi=-82[0m
[0;32mI (1241529) net_bench: case=58 second=10 bytes=12538 rssi=-81[0m
[0;32mI (1241535) net_bench: case=58 second=11 bytes=16300 rssi=-73[0m
[0;32mI (1241542) net_bench: case=58 second=12 bytes=16300 rssi=-73[0m
[0;32mI (1241548) net_bench: case=58 second=13 bytes=16300 rssi=-73[0m
[0;32mI (1241555) net_bench: case=58 second=14 bytes=15047 rssi=-74[0m
[0;32mI (1241561) net_bench: case=58 second=15 bytes=16300 rssi=-73[0m
[0;32mI (1241567) net_bench: case=58 second=16 bytes=16300 rssi=-74[0m
[0;32mI (1241574) net_bench: case=58 second=17 bytes=15046 rssi=-74[0m
[0;32mI (1241580) net_bench: case=58 second=18 bytes=16300 rssi=-83[0m
[0;32mI (1241587) net_bench: case=58 second=19 bytes=11514 rssi=-82[0m
[0;32mI (1242594) net_bench: case=59 path=/mp3-128?rate=128 output=1 begin rssi=-84 round=7 fixture=1 variant=0 wait_ms=0 read_limit=1024 batch=1[0m
[0;32mI (1262727) net_cpu: case=59 valid=1 total_us=20057590 tasks_before=8 tasks_after=8 snapshot_bytes=1440[0m
[0;32mI (1262729) net_cpu: case=59 task=audio id=4 runtime_us=14817161 existed=1[0m
[0;32mI (1262735) net_cpu: case=59 task=IDLE id=2 runtime_us=3400601 existed=1[0m
[0;32mI (1262743) net_cpu: case=59 task=tiT id=5 runtime_us=880284 existed=1[0m
[0;32mI (1262750) net_cpu: case=59 task=uiT id=1 runtime_us=46948 existed=1[0m
[0;32mI (1262757) net_cpu: case=59 task=httpd id=9 runtime_us=93589 existed=1[0m
[0;32mI (1262764) net_cpu: case=59 task=ppT id=7 runtime_us=820876 existed=1[0m
[0;32mI (1262771) net_cpu: case=59 task=Tmr Svc id=3 runtime_us=0 existed=1[0m
[0;32mI (1262779) net_cpu: case=59 task=sys_evt id=6 runtime_us=0 existed=1[0m
[0;32mI (1262787) net_bench: case=59 output=1 wall_us=20029713 bytes=302230 open_us=88002 error=0 rssi=-71 heap_min=10372[0m
[0;32mI (1262797) net_bench: case=59 recv_total_us=616540 recv_positive_us=481666 recv_empty_us=134874[0m
[0;32mI (1262806) net_bench: case=59 cpu_lean=1 gap_metrics_valid=0 heap_is_final=1[0m
[0;32mI (1262814) net_bench: case=59 sampled_heap_min=9724 rx_gap_tick_ms=242 wait_calls=1047[0m
[0;32mI (1262823) net_bench: case=59 calls=1531 empty=1047 rx_gap_us=0 app_gap_us=0 empty_wait_us=0 recv_max_us=2980 commit_max_us=81608 ready_max=0 ready_probes=0[0m
[0;32mI (1262837) net_bench: case=59 pcm_frames=832896 rate=44100 eof=2927 underrun=846 stack=1180[0m
[0;32mI (1262846) net_bench: case=59 second=0 bytes=15098 rssi=-74[0m
[0;32mI (1262853) net_bench: case=59 second=1 bytes=16300 rssi=-72[0m
[0;32mI (1262859) net_bench: case=59 second=2 bytes=16300 rssi=-71[0m
[0;32mI (1262865) net_bench: case=59 second=3 bytes=16300 rssi=-71[0m
[0;32mI (1262872) net_bench: case=59 second=4 bytes=15047 rssi=-72[0m
[0;32mI (1262878) net_bench: case=59 second=5 bytes=16300 rssi=-80[0m
[0;32mI (1262884) net_bench: case=59 second=6 bytes=16300 rssi=-80[0m
[0;32mI (1262891) net_bench: case=59 second=7 bytes=15046 rssi=-81[0m
[0;32mI (1262897) net_bench: case=59 second=8 bytes=16300 rssi=-71[0m
[0;32mI (1262903) net_bench: case=59 second=9 bytes=16300 rssi=-70[0m
[0;32mI (1262910) net_bench: case=59 second=10 bytes=15046 rssi=-71[0m
[0;32mI (1262916) net_bench: case=59 second=11 bytes=16300 rssi=-77[0m
[0;32mI (1262922) net_bench: case=59 second=12 bytes=12539 rssi=-81[0m
[0;32mI (1262929) net_bench: case=59 second=13 bytes=13792 rssi=-77[0m
[0;32mI (1262935) net_bench: case=59 second=14 bytes=12539 rssi=-82[0m
[0;32mI (1262942) net_bench: case=59 second=15 bytes=12538 rssi=-80[0m
[0;32mI (1262948) net_bench: case=59 second=16 bytes=16300 rssi=-79[0m
[0;32mI (1262954) net_bench: case=59 second=17 bytes=12538 rssi=-80[0m
[0;32mI (1262961) net_bench: case=59 second=18 bytes=16300 rssi=-70[0m
[0;32mI (1262967) net_bench: case=59 second=19 bytes=15047 rssi=-72[0m
[0;32mI (1263975) net_bench: case=60 path=/mp3-320?rate=320 output=1 begin rssi=-71 round=7 fixture=2 variant=1 wait_ms=25 read_limit=1024 batch=1[0m
[0;32mI (1287092) net_cpu: case=60 valid=1 total_us=20056430 tasks_before=8 tasks_after=8 snapshot_bytes=1440[0m
[0;32mI (1287094) net_cpu: case=60 task=audio id=4 runtime_us=15952639 existed=1[0m
[0;32mI (1287100) net_cpu: case=60 task=IDLE id=2 runtime_us=979332 existed=1[0m
[0;32mI (1287108) net_cpu: case=60 task=uiT id=1 runtime_us=42043 existed=1[0m
[0;32mI (1287115) net_cpu: case=60 task=tiT id=5 runtime_us=1652946 existed=1[0m
[0;32mI (1287122) net_cpu: case=60 task=httpd id=9 runtime_us=87337 existed=1[0m
[0;32mI (1287129) net_cpu: case=60 task=ppT id=7 runtime_us=1343586 existed=1[0m
[0;32mI (1287136) net_cpu: case=60 task=Tmr Svc id=3 runtime_us=0 existed=1[0m
[0;32mI (1287144) net_cpu: case=60 task=sys_evt id=6 runtime_us=0 existed=1[0m
[0;32mI (1287152) net_bench: case=60 output=1 wall_us=20028339 bytes=602353 open_us=3072995 error=0 rssi=-71 heap_min=9912[0m
[0;32mI (1287162) net_bench: case=60 recv_total_us=1125996 recv_positive_us=1121586 recv_empty_us=4410[0m
[0;32mI (1287171) net_bench: case=60 cpu_lean=1 gap_metrics_valid=0 heap_is_final=1[0m
[0;32mI (1287179) net_bench: case=60 sampled_heap_min=9548 rx_gap_tick_ms=277 wait_calls=24[0m
[0;32mI (1287188) net_bench: case=60 calls=1176 empty=24 rx_gap_us=0 app_gap_us=0 empty_wait_us=0 recv_max_us=3659 commit_max_us=38718 ready_max=0 ready_probes=0[0m
[0;32mI (1287202) net_bench: case=60 pcm_frames=663552 rate=44100 eof=7662 underrun=3735 stack=1180[0m
[0;32mI (1287211) net_bench: case=60 second=0 bytes=29727 rssi=-73[0m
[0;32mI (1287218) net_bench: case=60 second=1 bytes=31347 rssi=-71[0m
[0;32mI (1287224) net_bench: case=60 second=2 bytes=26717 rssi=-70[0m
[0;32mI (1287230) net_bench: case=60 second=3 bytes=27459 rssi=-81[0m
[0;32mI (1287237) net_bench: case=60 second=4 bytes=30461 rssi=-81[0m
[0;32mI (1287243) net_bench: case=60 second=5 bytes=31347 rssi=-80[0m
[0;32mI (1287249) net_bench: case=60 second=6 bytes=30302 rssi=-81[0m
[0;32mI (1287255) net_bench: case=60 second=7 bytes=31347 rssi=-79[0m
[0;32mI (1287262) net_bench: case=60 second=8 bytes=31347 rssi=-71[0m
[0;32mI (1287268) net_bench: case=60 second=9 bytes=30323 rssi=-71[0m
[0;32mI (1287274) net_bench: case=60 second=10 bytes=31326 rssi=-71[0m
[0;32mI (1287281) net_bench: case=60 second=11 bytes=31347 rssi=-72[0m
[0;32mI (1287287) net_bench: case=60 second=12 bytes=31347 rssi=-71[0m
[0;32mI (1287294) net_bench: case=60 second=13 bytes=31347 rssi=-71[0m
[0;32mI (1287300) net_bench: case=60 second=14 bytes=30302 rssi=-80[0m
[0;32mI (1287306) net_bench: case=60 second=15 bytes=30323 rssi=-79[0m
[0;32mI (1287313) net_bench: case=60 second=16 bytes=31326 rssi=-79[0m
[0;32mI (1287320) net_bench: case=60 second=17 bytes=22988 rssi=-71[0m
[0;32mI (1287326) net_bench: case=60 second=18 bytes=31347 rssi=-73[0m
[0;32mI (1287332) net_bench: case=60 second=19 bytes=30323 rssi=-71[0m
[0;32mI (1288339) net_bench: case=61 path=/mp3-320?rate=320 output=1 begin rssi=-73 round=7 fixture=2 variant=0 wait_ms=0 read_limit=1024 batch=1[0m
[0;32mI (1308493) net_cpu: case=61 valid=1 total_us=20077098 tasks_before=8 tasks_after=8 snapshot_bytes=1440[0m
[0;32mI (1308495) net_cpu: case=61 task=audio id=4 runtime_us=15920474 existed=1[0m
[0;32mI (1308501) net_cpu: case=61 task=IDLE id=2 runtime_us=1059681 existed=1[0m
[0;32mI (1308509) net_cpu: case=61 task=tiT id=5 runtime_us=1633146 existed=1[0m
[0;32mI (1308516) net_cpu: case=61 task=uiT id=1 runtime_us=42559 existed=1[0m
[0;32mI (1308523) net_cpu: case=61 task=httpd id=9 runtime_us=86702 existed=1[0m
[0;32mI (1308530) net_cpu: case=61 task=ppT id=7 runtime_us=1334734 existed=1[0m
[0;32mI (1308538) net_cpu: case=61 task=Tmr Svc id=3 runtime_us=0 existed=1[0m
[0;32mI (1308545) net_cpu: case=61 task=sys_evt id=6 runtime_us=0 existed=1[0m
[0;32mI (1308554) net_bench: case=61 output=1 wall_us=20048978 bytes=596063 open_us=89607 error=0 rssi=-72 heap_min=10372[0m
[0;32mI (1308563) net_bench: case=61 recv_total_us=1182254 recv_positive_us=1084341 recv_empty_us=97913[0m
[0;32mI (1308572) net_bench: case=61 cpu_lean=1 gap_metrics_valid=0 heap_is_final=1[0m
[0;32mI (1308580) net_bench: case=61 sampled_heap_min=9572 rx_gap_tick_ms=278 wait_calls=747[0m
[0;32mI (1308589) net_bench: case=61 calls=1891 empty=747 rx_gap_us=0 app_gap_us=0 empty_wait_us=0 recv_max_us=3265 commit_max_us=36890 ready_max=0 ready_probes=0[0m
[0;32mI (1308603) net_bench: case=61 pcm_frames=656640 rate=44100 eof=7802 underrun=3884 stack=1180[0m
[0;32mI (1308613) net_bench: case=61 second=0 bytes=24502 rssi=-80[0m
[0;32mI (1308619) net_bench: case=61 second=1 bytes=30323 rssi=-81[0m
[0;32mI (1308625) net_bench: case=61 second=2 bytes=31327 rssi=-81[0m
[0;32mI (1308631) net_bench: case=61 second=3 bytes=30323 rssi=-72[0m
[0;32mI (1308638) net_bench: case=61 second=4 bytes=31326 rssi=-70[0m
[0;32mI (1308644) net_bench: case=61 second=5 bytes=30302 rssi=-71[0m
[0;32mI (1308650) net_bench: case=61 second=6 bytes=29716 rssi=-71[0m
[0;32mI (1308657) net_bench: case=61 second=7 bytes=23574 rssi=-70[0m
[0;32mI (1308663) net_bench: case=61 second=8 bytes=31347 rssi=-72[0m
[0;32mI (1308669) net_bench: case=61 second=9 bytes=30302 rssi=-79[0m
[0;32mI (1308676) net_bench: case=61 second=10 bytes=23901 rssi=-80[0m
[0;32mI (1308682) net_bench: case=61 second=11 bytes=30434 rssi=-81[0m
[0;32mI (1308689) net_bench: case=61 second=12 bytes=31347 rssi=-79[0m
[0;32mI (1308695) net_bench: case=61 second=13 bytes=31347 rssi=-72[0m
[0;32mI (1308701) net_bench: case=61 second=14 bytes=30302 rssi=-71[0m
[0;32mI (1308708) net_bench: case=61 second=15 bytes=31347 rssi=-71[0m
[0;32mI (1308714) net_bench: case=61 second=16 bytes=30323 rssi=-72[0m
[0;32mI (1308721) net_bench: case=61 second=17 bytes=31326 rssi=-80[0m
[0;32mI (1308727) net_bench: case=61 second=18 bytes=31347 rssi=-78[0m
[0;32mI (1308733) net_bench: case=61 second=19 bytes=31347 rssi=-80[0m
[0;32mI (1309741) net_bench: case=62 path=/aac-64?rate=64 output=1 begin rssi=-79 round=7 fixture=3 variant=1 wait_ms=25 read_limit=1024 batch=1[0m
[0;32mI (1329984) net_cpu: case=62 valid=1 total_us=20177751 tasks_before=8 tasks_after=8 snapshot_bytes=1440[0m
[0;32mI (1329986) net_cpu: case=62 task=audio id=4 runtime_us=12127758 existed=1[0m
[0;32mI (1329992) net_cpu: case=62 task=IDLE id=2 runtime_us=6917693 existed=1[0m
[0;32mI (1330000) net_cpu: case=62 task=tiT id=5 runtime_us=469131 existed=1[0m
[0;32mI (1330007) net_cpu: case=62 task=uiT id=1 runtime_us=47205 existed=1[0m
[0;32mI (1330014) net_cpu: case=62 task=httpd id=9 runtime_us=98497 existed=1[0m
[0;32mI (1330021) net_cpu: case=62 task=ppT id=7 runtime_us=519329 existed=1[0m
[0;32mI (1330028) net_cpu: case=62 task=Tmr Svc id=3 runtime_us=0 existed=1[0m
[0;32mI (1330036) net_cpu: case=62 task=sys_evt id=6 runtime_us=0 existed=1[0m
[0;32mI (1330044) net_bench: case=62 output=1 wall_us=20149697 bytes=139971 open_us=77983 error=0 rssi=-71 heap_min=11504[0m
[0;32mI (1330054) net_bench: case=62 recv_total_us=215578 recv_positive_us=215316 recv_empty_us=262[0m
[0;32mI (1330063) net_bench: case=62 cpu_lean=1 gap_metrics_valid=0 heap_is_final=1[0m
[0;32mI (1330071) net_bench: case=62 sampled_heap_min=11140 rx_gap_tick_ms=164 wait_calls=1[0m
[0;32mI (1330079) net_bench: case=62 calls=196 empty=1 rx_gap_us=0 app_gap_us=0 empty_wait_us=0 recv_max_us=2795 commit_max_us=162942 ready_max=0 ready_probes=0[0m
[0;32mI (1330094) net_bench: case=62 pcm_frames=781312 rate=44100 eof=4137 underrun=1864 stack=1180[0m
[0;32mI (1330103) net_bench: case=62 second=0 bytes=8192 rssi=-79[0m
[0;32mI (1330109) net_bench: case=62 second=1 bytes=7121 rssi=-80[0m
[0;32mI (1330115) net_bench: case=62 second=2 bytes=6255 rssi=-79[0m
[0;32mI (1330121) net_bench: case=62 second=3 bytes=7090 rssi=-70[0m
[0;32mI (1330128) net_bench: case=62 second=4 bytes=7148 rssi=-71[0m
[0;32mI (1330134) net_bench: case=62 second=5 bytes=6628 rssi=-71[0m
[0;32mI (1330140) net_bench: case=62 second=6 bytes=7377 rssi=-72[0m
[0;32mI (1330146) net_bench: case=62 second=7 bytes=7137 rssi=-70[0m
[0;32mI (1330153) net_bench: case=62 second=8 bytes=7071 rssi=-71[0m
[0;32mI (1330159) net_bench: case=62 second=9 bytes=6243 rssi=-71[0m
[0;32mI (1330165) net_bench: case=62 second=10 bytes=7135 rssi=-80[0m
[0;32mI (1330171) net_bench: case=62 second=11 bytes=6824 rssi=-80[0m
[0;32mI (1330178) net_bench: case=62 second=12 bytes=7136 rssi=-79[0m
[0;32mI (1330184) net_bench: case=62 second=13 bytes=7011 rssi=-80[0m
[0;32mI (1330190) net_bench: case=62 second=14 bytes=7277 rssi=-83[0m
[0;32mI (1330197) net_bench: case=62 second=15 bytes=6208 rssi=-81[0m
[0;32mI (1330203) net_bench: case=62 second=16 bytes=6710 rssi=-79[0m
[0;32mI (1330209) net_bench: case=62 second=17 bytes=7247 rssi=-80[0m
[0;32mI (1330216) net_bench: case=62 second=18 bytes=6945 rssi=-79[0m
[0;32mI (1330222) net_bench: case=62 second=19 bytes=7216 rssi=-81[0m
[0;32mI (1331229) net_bench: case=63 path=/aac-64?rate=64 output=1 begin rssi=-80 round=7 fixture=3 variant=0 wait_ms=0 read_limit=1024 batch=1[0m
[0;32mI (1351562) net_cpu: case=63 valid=1 total_us=20271889 tasks_before=8 tasks_after=8 snapshot_bytes=1440[0m
[0;32mI (1351564) net_cpu: case=63 task=audio id=4 runtime_us=12149422 existed=1[0m
[0;32mI (1351570) net_cpu: case=63 task=IDLE id=2 runtime_us=6991769 existed=1[0m
[0;32mI (1351578) net_cpu: case=63 task=uiT id=1 runtime_us=47207 existed=1[0m
[0;32mI (1351585) net_cpu: case=63 task=tiT id=5 runtime_us=466864 existed=1[0m
[0;32mI (1351592) net_cpu: case=63 task=ppT id=7 runtime_us=518619 existed=1[0m
[0;32mI (1351599) net_cpu: case=63 task=httpd id=9 runtime_us=99862 existed=1[0m
[0;32mI (1351607) net_cpu: case=63 task=Tmr Svc id=3 runtime_us=0 existed=1[0m
[0;32mI (1351614) net_cpu: case=63 task=sys_evt id=6 runtime_us=0 existed=1[0m
[0;32mI (1351623) net_bench: case=63 output=1 wall_us=20243727 bytes=139971 open_us=74416 error=0 rssi=-78 heap_min=11496[0m
[0;32mI (1351633) net_bench: case=63 recv_total_us=226307 recv_positive_us=215320 recv_empty_us=10987[0m
[0;32mI (1351642) net_bench: case=63 cpu_lean=1 gap_metrics_valid=0 heap_is_final=1[0m
[0;32mI (1351650) net_bench: case=63 sampled_heap_min=11048 rx_gap_tick_ms=177 wait_calls=83[0m
[0;32mI (1351658) net_bench: case=63 calls=279 empty=83 rx_gap_us=0 app_gap_us=0 empty_wait_us=0 recv_max_us=2646 commit_max_us=176357 ready_max=0 ready_probes=0[0m
[0;32mI (1351673) net_bench: case=63 pcm_frames=781312 rate=44100 eof=4204 underrun=1931 stack=1180[0m
[0;32mI (1351682) net_bench: case=63 second=0 bytes=7222 rssi=-79[0m
[0;32mI (1351688) net_bench: case=63 second=1 bytes=6715 rssi=-81[0m
[0;32mI (1351695) net_bench: case=63 second=2 bytes=7154 rssi=-81[0m
[0;32mI (1351701) net_bench: case=63 second=3 bytes=7143 rssi=-81[0m
[0;32mI (1351707) net_bench: case=63 second=4 bytes=7070 rssi=-81[0m
[0;32mI (1351713) net_bench: case=63 second=5 bytes=6607 rssi=-80[0m
[0;32mI (1351719) net_bench: case=63 second=6 bytes=6876 rssi=-71[0m
[0;32mI (1351726) net_bench: case=63 second=7 bytes=6785 rssi=-74[0m
[0;32mI (1351732) net_bench: case=63 second=8 bytes=7090 rssi=-84[0m
[0;32mI (1351738) net_bench: case=63 second=9 bytes=7148 rssi=-81[0m
[0;32mI (1351744) net_bench: case=63 second=10 bytes=7132 rssi=-81[0m
[0;32mI (1351751) net_bench: case=63 second=11 bytes=7279 rssi=-80[0m
[0;32mI (1351757) net_bench: case=63 second=12 bytes=6112 rssi=-71[0m
[0;32mI (1351763) net_bench: case=63 second=13 bytes=7011 rssi=-71[0m
[0;32mI (1351770) net_bench: case=63 second=14 bytes=6922 rssi=-72[0m
[0;32mI (1351776) net_bench: case=63 second=15 bytes=7135 rssi=-70[0m
[0;32mI (1351782) net_bench: case=63 second=16 bytes=7162 rssi=-70[0m
[0;32mI (1351789) net_bench: case=63 second=17 bytes=7247 rssi=-71[0m
[0;32mI (1351796) net_bench: case=63 second=18 bytes=6945 rssi=-72[0m
[0;32mI (1351801) net_bench: case=63 second=19 bytes=7216 rssi=-72[0m
[0;32mI (1352808) net_bench: case=64 path=/mp3-320?rate=0 output=0 begin rssi=-70 round=8 fixture=0 variant=0 wait_ms=0 read_limit=1024 batch=1[0m
[0;32mI (1372925) net_cpu: case=64 valid=1 total_us=20059565 tasks_before=8 tasks_after=8 snapshot_bytes=1440[0m
[0;32mI (1372927) net_cpu: case=64 task=audio id=4 runtime_us=3896774 existed=1[0m
[0;32mI (1372933) net_cpu: case=64 task=IDLE id=2 runtime_us=9580970 existed=1[0m
[0;32mI (1372941) net_cpu: case=64 task=uiT id=1 runtime_us=39013 existed=1[0m
[0;32mI (1372948) net_cpu: case=64 task=tiT id=5 runtime_us=3620242 existed=1[0m
[0;32mI (1372955) net_cpu: case=64 task=httpd id=9 runtime_us=97283 existed=1[0m
[0;32mI (1372962) net_cpu: case=64 task=ppT id=7 runtime_us=2826225 existed=1[0m
[0;32mI (1372970) net_cpu: case=64 task=Tmr Svc id=3 runtime_us=0 existed=1[0m
[0;32mI (1372977) net_cpu: case=64 task=sys_evt id=6 runtime_us=0 existed=1[0m
[0;32mI (1372985) net_bench: case=64 output=0 wall_us=20031561 bytes=1855220 open_us=70678 error=0 rssi=-71 heap_min=11620[0m
[0;32mI (1372995) net_bench: case=64 recv_total_us=5345898 recv_positive_us=3284835 recv_empty_us=2061063[0m
[0;32mI (1373005) net_bench: case=64 cpu_lean=1 gap_metrics_valid=0 heap_is_final=1[0m
[0;32mI (1373012) net_bench: case=64 sampled_heap_min=10384 rx_gap_tick_ms=337 wait_calls=11332[0m
[0;32mI (1373021) net_bench: case=64 calls=14702 empty=11332 rx_gap_us=0 app_gap_us=0 empty_wait_us=0 recv_max_us=5446 commit_max_us=0 ready_max=0 ready_probes=0[0m
[0;32mI (1373036) net_bench: case=64 pcm_frames=0 rate=0 eof=1883 underrun=1882 stack=1180[0m
[0;32mI (1373044) net_bench: case=64 second=0 bytes=101768 rssi=-80[0m
[0;32mI (1373050) net_bench: case=64 second=1 bytes=139656 rssi=-80[0m
[0;32mI (1373057) net_bench: case=64 second=2 bytes=135432 rssi=-79[0m
[0;32mI (1373063) net_bench: case=64 second=3 bytes=132504 rssi=-79[0m
[0;32mI (1373070) net_bench: case=64 second=4 bytes=13936 rssi=-72[0m
[0;32mI (1373076) net_bench: case=64 second=5 bytes=114472 rssi=-72[0m
[0;32mI (1373082) net_bench: case=64 second=6 bytes=130544 rssi=-71[0m
[0;32mI (1373089) net_bench: case=64 second=7 bytes=94928 rssi=-70[0m
[0;32mI (1373095) net_bench: case=64 second=8 bytes=86112 rssi=-71[0m
[0;32mI (1373101) net_bench: case=64 second=9 bytes=18224 rssi=-79[0m
[0;32mI (1373108) net_bench: case=64 second=10 bytes=96488 rssi=-80[0m
[0;32mI (1373114) net_bench: case=64 second=11 bytes=135136 rssi=-78[0m
[0;32mI (1373121) net_bench: case=64 second=12 bytes=57408 rssi=-78[0m
[0;32mI (1373127) net_bench: case=64 second=13 bytes=121728 rssi=-80[0m
[0;32mI (1373134) net_bench: case=64 second=14 bytes=9648 rssi=-72[0m
[0;32mI (1373140) net_bench: case=64 second=15 bytes=46392 rssi=-71[0m
[0;32mI (1373146) net_bench: case=64 second=16 bytes=97608 rssi=-71[0m
[0;32mI (1373153) net_bench: case=64 second=17 bytes=134704 rssi=-71[0m
[0;32mI (1373159) net_bench: case=64 second=18 bytes=99260 rssi=-72[0m
[0;32mI (1373166) net_bench: case=64 second=19 bytes=89272 rssi=-70[0m
[0;32mI (1374173) net_bench: case=65 path=/mp3-320?rate=0 output=0 begin rssi=-79 round=8 fixture=0 variant=1 wait_ms=25 read_limit=1024 batch=1[0m
[0;32mI (1394312) net_cpu: case=65 valid=1 total_us=20069125 tasks_before=8 tasks_after=8 snapshot_bytes=1440[0m
[0;32mI (1394314) net_cpu: case=65 task=audio id=4 runtime_us=3945411 existed=1[0m
[0;32mI (1394320) net_cpu: case=65 task=IDLE id=2 runtime_us=9903583 existed=1[0m
[0;32mI (1394328) net_cpu: case=65 task=uiT id=1 runtime_us=38196 existed=1[0m
[0;32mI (1394335) net_cpu: case=65 task=tiT id=5 runtime_us=3492899 existed=1[0m
[0;32mI (1394343) net_cpu: case=65 task=httpd id=9 runtime_us=92244 existed=1[0m
[0;32mI (1394350) net_cpu: case=65 task=ppT id=7 runtime_us=2597388 existed=1[0m
[0;32mI (1394357) net_cpu: case=65 task=Tmr Svc id=3 runtime_us=0 existed=1[0m
[0;32mI (1394364) net_cpu: case=65 task=sys_evt id=6 runtime_us=0 existed=1[0m
[0;32mI (1394373) net_bench: case=65 output=0 wall_us=20041136 bytes=1680368 open_us=83034 error=0 rssi=-81 heap_min=12972[0m
[0;32mI (1394382) net_bench: case=65 recv_total_us=3616023 recv_positive_us=2989927 recv_empty_us=626096[0m
[0;32mI (1394392) net_bench: case=65 cpu_lean=1 gap_metrics_valid=0 heap_is_final=1[0m
[0;32mI (1394399) net_bench: case=65 sampled_heap_min=10824 rx_gap_tick_ms=596 wait_calls=2351[0m
[0;32mI (1394408) net_bench: case=65 calls=5373 empty=2351 rx_gap_us=0 app_gap_us=0 empty_wait_us=0 recv_max_us=5307 commit_max_us=0 ready_max=0 ready_probes=0[0m
[0;32mI (1394423) net_bench: case=65 pcm_frames=0 rate=0 eof=1884 underrun=1883 stack=1180[0m
[0;32mI (1394431) net_bench: case=65 second=0 bytes=127696 rssi=-70[0m
[0;32mI (1394437) net_bench: case=65 second=1 bytes=123576 rssi=-72[0m
[0;32mI (1394444) net_bench: case=65 second=2 bytes=126264 rssi=-71[0m
[0;32mI (1394450) net_bench: case=65 second=3 bytes=90056 rssi=-70[0m
[0;32mI (1394456) net_bench: case=65 second=4 bytes=71584 rssi=-79[0m
[0;32mI (1394463) net_bench: case=65 second=5 bytes=82016 rssi=-79[0m
[0;32mI (1394469) net_bench: case=65 second=6 bytes=64080 rssi=-79[0m
[0;32mI (1394475) net_bench: case=65 second=7 bytes=79144 rssi=-80[0m
[0;32mI (1394482) net_bench: case=65 second=8 bytes=79624 rssi=-79[0m
[0;32mI (1394488) net_bench: case=65 second=9 bytes=68128 rssi=-74[0m
[0;32mI (1394494) net_bench: case=65 second=10 bytes=83912 rssi=-74[0m
[0;32mI (1394501) net_bench: case=65 second=11 bytes=46928 rssi=-75[0m
[0;32mI (1394507) net_bench: case=65 second=12 bytes=50976 rssi=-74[0m
[0;32mI (1394514) net_bench: case=65 second=13 bytes=14472 rssi=-73[0m
[0;32mI (1394520) net_bench: case=65 second=14 bytes=103408 rssi=-82[0m
[0;32mI (1394526) net_bench: case=65 second=15 bytes=126608 rssi=-82[0m
[0;32mI (1394533) net_bench: case=65 second=16 bytes=104816 rssi=-82[0m
[0;32mI (1394539) net_bench: case=65 second=17 bytes=76648 rssi=-82[0m
[0;32mI (1394546) net_bench: case=65 second=18 bytes=78312 rssi=-82[0m
[0;32mI (1394552) net_bench: case=65 second=19 bytes=82120 rssi=-75[0m
[0;32mI (1395560) net_bench: case=66 path=/mp3-128?rate=128 output=1 begin rssi=-74 round=8 fixture=1 variant=0 wait_ms=0 read_limit=1024 batch=1[0m
[0;32mI (1415700) net_cpu: case=66 valid=1 total_us=20077355 tasks_before=8 tasks_after=8 snapshot_bytes=1440[0m
[0;32mI (1415702) net_cpu: case=66 task=audio id=4 runtime_us=14221514 existed=1[0m
[0;32mI (1415708) net_cpu: case=66 task=IDLE id=2 runtime_us=4073459 existed=1[0m
[0;32mI (1415716) net_cpu: case=66 task=tiT id=5 runtime_us=854393 existed=1[0m
[0;32mI (1415723) net_cpu: case=66 task=uiT id=1 runtime_us=46411 existed=1[0m
[0;32mI (1415730) net_cpu: case=66 task=httpd id=9 runtime_us=95160 existed=1[0m
[0;32mI (1415737) net_cpu: case=66 task=ppT id=7 runtime_us=786407 existed=1[0m
[0;32mI (1415744) net_cpu: case=66 task=Tmr Svc id=3 runtime_us=0 existed=1[0m
[0;32mI (1415752) net_cpu: case=66 task=sys_evt id=6 runtime_us=0 existed=1[0m
[0;32mI (1415760) net_bench: case=66 output=1 wall_us=20049473 bytes=285930 open_us=74615 error=0 rssi=-71 heap_min=9732[0m
[0;32mI (1415770) net_bench: case=66 recv_total_us=737287 recv_positive_us=463244 recv_empty_us=274043[0m
[0;32mI (1415779) net_bench: case=66 cpu_lean=1 gap_metrics_valid=0 heap_is_final=1[0m
[0;32mI (1415787) net_bench: case=66 sampled_heap_min=9376 rx_gap_tick_ms=333 wait_calls=2119[0m
[0;32mI (1415795) net_bench: case=66 calls=2587 empty=2119 rx_gap_us=0 app_gap_us=0 empty_wait_us=0 recv_max_us=3037 commit_max_us=81541 ready_max=0 ready_probes=0[0m
[0;32mI (1415810) net_bench: case=66 pcm_frames=787968 rate=44100 eof=3749 underrun=1681 stack=1180[0m
[0;32mI (1415819) net_bench: case=66 second=0 bytes=15896 rssi=-72[0m
[0;32mI (1415826) net_bench: case=66 second=1 bytes=15502 rssi=-83[0m
[0;32mI (1415832) net_bench: case=66 second=2 bytes=16300 rssi=-82[0m
[0;32mI (1415839) net_bench: case=66 second=3 bytes=13793 rssi=-79[0m
[0;32mI (1415845) net_bench: case=66 second=4 bytes=10030 rssi=-82[0m
[0;32mI (1415851) net_bench: case=66 second=5 bytes=13793 rssi=-79[0m
[0;32mI (1415857) net_bench: case=66 second=6 bytes=10261 rssi=-80[0m
[0;32mI (1415864) net_bench: case=66 second=7 bytes=7293 rssi=-72[0m
[0;32mI (1415870) net_bench: case=66 second=8 bytes=16232 rssi=-70[0m
[0;32mI (1415876) net_bench: case=66 second=9 bytes=12606 rssi=-72[0m
[0;32mI (1415882) net_bench: case=66 second=10 bytes=16300 rssi=-71[0m
[0;32mI (1415889) net_bench: case=66 second=11 bytes=16300 rssi=-71[0m
[0;32mI (1415895) net_bench: case=66 second=12 bytes=15047 rssi=-71[0m
[0;32mI (1415902) net_bench: case=66 second=13 bytes=16300 rssi=-79[0m
[0;32mI (1415908) net_bench: case=66 second=14 bytes=15276 rssi=-80[0m
[0;32mI (1415915) net_bench: case=66 second=15 bytes=16070 rssi=-79[0m
[0;32mI (1415921) net_bench: case=66 second=16 bytes=16300 rssi=-71[0m
[0;32mI (1415927) net_bench: case=66 second=17 bytes=16300 rssi=-72[0m
[0;32mI (1415934) net_bench: case=66 second=18 bytes=11284 rssi=-71[0m
[0;32mI (1415940) net_bench: case=66 second=19 bytes=15047 rssi=-71[0m
[0;32mI (1416947) net_bench: case=67 path=/mp3-128?rate=128 output=1 begin rssi=-72 round=8 fixture=1 variant=1 wait_ms=25 read_limit=1024 batch=1[0m
[0;32mI (1437100) net_cpu: case=67 valid=1 total_us=20089924 tasks_before=8 tasks_after=8 snapshot_bytes=1440[0m
[0;32mI (1437102) net_cpu: case=67 task=audio id=4 runtime_us=14644435 existed=1[0m
[0;32mI (1437108) net_cpu: case=67 task=IDLE id=2 runtime_us=3653083 existed=1[0m
[0;32mI (1437116) net_cpu: case=67 task=tiT id=5 runtime_us=861240 existed=1[0m
[0;32mI (1437123) net_cpu: case=67 task=uiT id=1 runtime_us=46452 existed=1[0m
[0;32mI (1437130) net_cpu: case=67 task=httpd id=9 runtime_us=94660 existed=1[0m
[0;32mI (1437137) net_cpu: case=67 task=ppT id=7 runtime_us=790312 existed=1[0m
[0;32mI (1437144) net_cpu: case=67 task=Tmr Svc id=3 runtime_us=0 existed=1[0m
[0;32mI (1437152) net_cpu: case=67 task=sys_evt id=6 runtime_us=0 existed=1[0m
[0;32mI (1437161) net_bench: case=67 output=1 wall_us=20062027 bytes=301812 open_us=75995 error=0 rssi=-81 heap_min=10376[0m
[0;32mI (1437170) net_bench: case=67 recv_total_us=488344 recv_positive_us=478302 recv_empty_us=10042[0m
[0;32mI (1437179) net_bench: case=67 cpu_lean=1 gap_metrics_valid=0 heap_is_final=1[0m
[0;32mI (1437187) net_bench: case=67 sampled_heap_min=9432 rx_gap_tick_ms=232 wait_calls=50[0m
[0;32mI (1437195) net_bench: case=67 calls=536 empty=50 rx_gap_us=0 app_gap_us=0 empty_wait_us=0 recv_max_us=4185 commit_max_us=80152 ready_max=0 ready_probes=0[0m
[0;32mI (1437210) net_bench: case=67 pcm_frames=831744 rate=44100 eof=3133 underrun=946 stack=1180[0m
[0;32mI (1437219) net_bench: case=67 second=0 bytes=16352 rssi=-82[0m
[0;32mI (1437225) net_bench: case=67 second=1 bytes=15726 rssi=-81[0m
[0;32mI (1437231) net_bench: case=67 second=2 bytes=12695 rssi=-71[0m
[0;32mI (1437238) net_bench: case=67 second=3 bytes=15276 rssi=-73[0m
[0;32mI (1437244) net_bench: case=67 second=4 bytes=16070 rssi=-71[0m
[0;32mI (1437250) net_bench: case=67 second=5 bytes=13954 rssi=-71[0m
[0;32mI (1437257) net_bench: case=67 second=6 bytes=16138 rssi=-80[0m
[0;32mI (1437263) net_bench: case=67 second=7 bytes=12539 rssi=-80[0m
[0;32mI (1437270) net_bench: case=67 second=8 bytes=16300 rssi=-80[0m
[0;32mI (1437277) net_bench: case=67 second=9 bytes=15046 rssi=-78[0m
[0;32mI (1437283) net_bench: case=67 second=10 bytes=16300 rssi=-80[0m
[0;32mI (1437290) net_bench: case=67 second=11 bytes=16300 rssi=-81[0m
[0;32mI (1437296) net_bench: case=67 second=12 bytes=15046 rssi=-80[0m
[0;32mI (1437302) net_bench: case=67 second=13 bytes=16300 rssi=-72[0m
[0;32mI (1437309) net_bench: case=67 second=14 bytes=12539 rssi=-71[0m
[0;32mI (1437315) net_bench: case=67 second=15 bytes=15868 rssi=-81[0m
[0;32mI (1437321) net_bench: case=67 second=16 bytes=14224 rssi=-80[0m
[0;32mI (1437328) net_bench: case=67 second=17 bytes=15046 rssi=-81[0m
[0;32mI (1437334) net_bench: case=67 second=18 bytes=16300 rssi=-79[0m
[0;32mI (1437341) net_bench: case=67 second=19 bytes=13793 rssi=-79[0m
[0;32mI (1438348) net_bench: case=68 path=/mp3-320?rate=320 output=1 begin rssi=-80 round=8 fixture=2 variant=0 wait_ms=0 read_limit=1024 batch=1[0m
[0;32mI (1448951) net_cpu: case=68 valid=1 total_us=10532343 tasks_before=8 tasks_after=8 snapshot_bytes=1440[0m
[0;32mI (1448954) net_cpu: case=68 task=audio id=4 runtime_us=7825866 existed=1[0m
[0;32mI (1448962) net_cpu: case=68 task=IDLE id=2 runtime_us=1189651 existed=1[0m
[0;32mI (1448969) net_cpu: case=68 task=tiT id=5 runtime_us=799391 existed=1[0m
[0;32mI (1448976) net_cpu: case=68 task=uiT id=1 runtime_us=21070 existed=1[0m
[0;32mI (1448983) net_cpu: case=68 task=httpd id=9 runtime_us=45331 existed=1[0m
[0;32mI (1448990) net_cpu: case=68 task=ppT id=7 runtime_us=649750 existed=1[0m
[0;32mI (1448998) net_cpu: case=68 task=Tmr Svc id=3 runtime_us=0 existed=1[0m
[0;32mI (1449005) net_cpu: case=68 task=sys_evt id=6 runtime_us=0 existed=1[0m
[0;32mI (1449014) net_bench: case=68 output=1 wall_us=10517223 bytes=288036 open_us=71393 error=-116 rssi=-81 heap_min=12132[0m
[0;32mI (1449023) net_bench: case=68 recv_total_us=691458 recv_positive_us=539912 recv_empty_us=150031[0m
[0;32mI (1449033) net_bench: case=68 cpu_lean=1 gap_metrics_valid=0 heap_is_final=1[0m
[0;32mI (1449040) net_bench: case=68 sampled_heap_min=9524 rx_gap_tick_ms=108 wait_calls=1193[0m
[0;32mI (1449049) net_bench: case=68 calls=1748 empty=1193 rx_gap_us=0 app_gap_us=0 empty_wait_us=0 recv_max_us=4093 commit_max_us=37351 ready_max=0 ready_probes=0[0m
[0;32mI (1449064) net_bench: case=68 pcm_frames=316800 rate=44100 eof=4430 underrun=2498 stack=1180[0m
[0;32mI (1449073) net_bench: case=68 second=0 bytes=30772 rssi=-71[0m
[0;32mI (1449079) net_bench: case=68 second=1 bytes=31347 rssi=-71[0m
[0;32mI (1449086) net_bench: case=68 second=2 bytes=30302 rssi=-73[0m
[0;32mI (1449092) net_bench: case=68 second=3 bytes=31347 rssi=-80[0m
[0;32mI (1449098) net_bench: case=68 second=4 bytes=30302 rssi=-80[0m
[0;32mI (1449105) net_bench: case=68 second=5 bytes=31347 rssi=-81[0m
[0;32mI (1449111) net_bench: case=68 second=6 bytes=31347 rssi=-79[0m
[0;32mI (1449117) net_bench: case=68 second=7 bytes=30302 rssi=-71[0m
[0;32mI (1449123) net_bench: case=68 second=8 bytes=31347 rssi=-72[0m
[0;32mI (1449130) net_bench: case=68 second=9 bytes=9623 rssi=-71[0m
[0;32mI (1449136) net_bench: case=68 second=10 bytes=0 rssi=-73[0m
[0;32mI (1449142) net_bench: case=68 second=11 bytes=0 rssi=-127[0m
[0;32mI (1449148) net_bench: case=68 second=12 bytes=0 rssi=-127[0m
[0;32mI (1449154) net_bench: case=68 second=13 bytes=0 rssi=-127[0m
[0;32mI (1449160) net_bench: case=68 second=14 bytes=0 rssi=-127[0m
[0;32mI (1449167) net_bench: case=68 second=15 bytes=0 rssi=-127[0m
[0;32mI (1449173) net_bench: case=68 second=16 bytes=0 rssi=-127[0m
[0;32mI (1449179) net_bench: case=68 second=17 bytes=0 rssi=-127[0m
[0;32mI (1449185) net_bench: case=68 second=18 bytes=0 rssi=-127[0m
[0;32mI (1449191) net_bench: case=68 second=19 bytes=0 rssi=-127[0m
[0;32mI (1450198) net_bench: case=69 path=/mp3-320?rate=320 output=1 begin rssi=-83 round=8 fixture=2 variant=1 wait_ms=25 read_limit=1024 batch=1[0m
[0;32mI (1456955) net_cpu: case=69 valid=1 total_us=6678125 tasks_before=8 tasks_after=8 snapshot_bytes=1440[0m
[0;32mI (1456957) net_cpu: case=69 task=audio id=4 runtime_us=4627015 existed=1[0m
[0;32mI (1456963) net_cpu: case=69 task=IDLE id=2 runtime_us=1149931 existed=1[0m
[0;32mI (1456971) net_cpu: case=69 task=tiT id=5 runtime_us=468410 existed=1[0m
[0;32mI (1456978) net_cpu: case=69 task=uiT id=1 runtime_us=13079 existed=1[0m
[0;32mI (1456985) net_cpu: case=69 task=httpd id=9 runtime_us=28393 existed=1[0m
[0;32mI (1456992) net_cpu: case=69 task=ppT id=7 runtime_us=391279 existed=1[0m
[0;32mI (1456999) net_cpu: case=69 task=Tmr Svc id=3 runtime_us=0 existed=1[0m
[0;32mI (1457006) net_cpu: case=69 task=sys_evt id=6 runtime_us=0 existed=1[0m
[0;32mI (1457015) net_bench: case=69 output=1 wall_us=6668293 bytes=173011 open_us=73292 error=-116 rssi=-82 heap_min=12000[0m
[0;32mI (1457025) net_bench: case=69 recv_total_us=335174 recv_positive_us=326067 recv_empty_us=9107[0m
[0;32mI (1457034) net_bench: case=69 cpu_lean=1 gap_metrics_valid=0 heap_is_final=1[0m
[0;32mI (1457042) net_bench: case=69 sampled_heap_min=9524 rx_gap_tick_ms=50 wait_calls=48[0m
[0;32mI (1457050) net_bench: case=69 calls=380 empty=48 rx_gap_us=0 app_gap_us=0 empty_wait_us=0 recv_max_us=3827 commit_max_us=37195 ready_max=0 ready_probes=0[0m
[0;32mI (1457065) net_bench: case=69 pcm_frames=190080 rate=44100 eof=2905 underrun=1766 stack=1180[0m
[0;32mI (1457074) net_bench: case=69 second=0 bytes=30772 rssi=-74[0m
[0;32mI (1457080) net_bench: case=69 second=1 bytes=31347 rssi=-82[0m
[0;32mI (1457086) net_bench: case=69 second=2 bytes=30302 rssi=-83[0m
[0;32mI (1457093) net_bench: case=69 second=3 bytes=31270 rssi=-83[0m
[0;32mI (1457099) net_bench: case=69 second=4 bytes=29334 rssi=-74[0m
[0;32mI (1457105) net_bench: case=69 second=5 bytes=19986 rssi=-82[0m
[0;32mI (1457112) net_bench: case=69 second=6 bytes=0 rssi=-74[0m
[0;32mI (1457118) net_bench: case=69 second=7 bytes=0 rssi=-127[0m
[0;32mI (1457124) net_bench: case=69 second=8 bytes=0 rssi=-127[0m
[0;32mI (1457130) net_bench: case=69 second=9 bytes=0 rssi=-127[0m
[0;32mI (1457136) net_bench: case=69 second=10 bytes=0 rssi=-127[0m
[0;32mI (1457142) net_bench: case=69 second=11 bytes=0 rssi=-127[0m
[0;32mI (1457148) net_bench: case=69 second=12 bytes=0 rssi=-127[0m
[0;32mI (1457154) net_bench: case=69 second=13 bytes=0 rssi=-127[0m
[0;32mI (1457160) net_bench: case=69 second=14 bytes=0 rssi=-127[0m
[0;32mI (1457167) net_bench: case=69 second=15 bytes=0 rssi=-127[0m
[0;32mI (1457173) net_bench: case=69 second=16 bytes=0 rssi=-127[0m
[0;32mI (1457179) net_bench: case=69 second=17 bytes=0 rssi=-127[0m
[0;32mI (1457185) net_bench: case=69 second=18 bytes=0 rssi=-127[0m
[0;32mI (1457191) net_bench: case=69 second=19 bytes=0 rssi=-127[0m
[0;32mI (1458198) net_bench: case=70 path=/aac-64?rate=64 output=1 begin rssi=-82 round=8 fixture=3 variant=0 wait_ms=0 read_limit=1024 batch=1[0m
[0;32mI (1478401) net_cpu: case=70 valid=1 total_us=20145726 tasks_before=8 tasks_after=8 snapshot_bytes=1440[0m
[0;32mI (1478404) net_cpu: case=70 task=audio id=4 runtime_us=12108388 existed=1[0m
[0;32mI (1478410) net_cpu: case=70 task=IDLE id=2 runtime_us=6949785 existed=1[0m
[0;32mI (1478418) net_cpu: case=70 task=uiT id=1 runtime_us=46949 existed=1[0m
[0;32mI (1478425) net_cpu: case=70 task=tiT id=5 runtime_us=451567 existed=1[0m
[0;32mI (1478432) net_cpu: case=70 task=httpd id=9 runtime_us=96472 existed=1[0m
[0;32mI (1478439) net_cpu: case=70 task=ppT id=7 runtime_us=493015 existed=1[0m
[0;32mI (1478446) net_cpu: case=70 task=Tmr Svc id=3 runtime_us=0 existed=1[0m
[0;32mI (1478453) net_cpu: case=70 task=sys_evt id=6 runtime_us=0 existed=1[0m
[0;32mI (1478463) net_bench: case=70 output=1 wall_us=20117442 bytes=139976 open_us=69243 error=0 rssi=-80 heap_min=12052[0m
[0;32mI (1478472) net_bench: case=70 recv_total_us=215728 recv_positive_us=215099 recv_empty_us=629[0m
[0;32mI (1478481) net_bench: case=70 cpu_lean=1 gap_metrics_valid=0 heap_is_final=1[0m
[0;32mI (1478489) net_bench: case=70 sampled_heap_min=11392 rx_gap_tick_ms=182 wait_calls=4[0m
[0;32mI (1478497) net_bench: case=70 calls=199 empty=4 rx_gap_us=0 app_gap_us=0 empty_wait_us=0 recv_max_us=2789 commit_max_us=179747 ready_max=0 ready_probes=0[0m
[0;32mI (1478512) net_bench: case=70 pcm_frames=781312 rate=44100 eof=4112 underrun=1839 stack=1180[0m
[0;32mI (1478521) net_bench: case=70 second=0 bytes=8245 rssi=-83[0m
[0;32mI (1478527) net_bench: case=70 second=1 bytes=6877 rssi=-73[0m
[0;32mI (1478533) net_bench: case=70 second=2 bytes=7060 rssi=-80[0m
[0;32mI (1478539) net_bench: case=70 second=3 bytes=6130 rssi=-78[0m
[0;32mI (1478546) net_bench: case=70 second=4 bytes=7143 rssi=-71[0m
[0;32mI (1478552) net_bench: case=70 second=5 bytes=7070 rssi=-71[0m
[0;32mI (1478558) net_bench: case=70 second=6 bytes=6751 rssi=-71[0m
[0;32mI (1478564) net_bench: case=70 second=7 bytes=7262 rssi=-80[0m
[0;32mI (1478571) net_bench: case=70 second=8 bytes=7279 rssi=-82[0m
[0;32mI (1478577) net_bench: case=70 second=9 bytes=7090 rssi=-80[0m
[0;32mI (1478583) net_bench: case=70 second=10 bytes=6124 rssi=-79[0m
[0;32mI (1478589) net_bench: case=70 second=11 bytes=7132 rssi=-71[0m
[0;32mI (1478596) net_bench: case=70 second=12 bytes=7279 rssi=-71[0m
[0;32mI (1478602) net_bench: case=70 second=13 bytes=6731 rssi=-72[0m
[0;32mI (1478608) net_bench: case=70 second=14 bytes=7071 rssi=-70[0m
[0;32mI (1478615) net_bench: case=70 second=15 bytes=7267 rssi=-79[0m
[0;32mI (1478621) net_bench: case=70 second=16 bytes=7135 rssi=-73[0m
[0;32mI (1478627) net_bench: case=70 second=17 bytes=6138 rssi=-71[0m
[0;32mI (1478634) net_bench: case=70 second=18 bytes=7247 rssi=-80[0m
[0;32mI (1478640) net_bench: case=70 second=19 bytes=6945 rssi=-80[0m
[0;32mI (1479647) net_bench: case=71 path=/aac-64?rate=64 output=1 begin rssi=-81 round=8 fixture=3 variant=1 wait_ms=25 read_limit=1024 batch=1[0m
[0;32mI (1499839) net_cpu: case=71 valid=1 total_us=20123938 tasks_before=8 tasks_after=8 snapshot_bytes=1440[0m
[0;32mI (1499841) net_cpu: case=71 task=audio id=4 runtime_us=12028216 existed=1[0m
[0;32mI (1499847) net_cpu: case=71 task=IDLE id=2 runtime_us=7003239 existed=1[0m
[0;32mI (1499855) net_cpu: case=71 task=tiT id=5 runtime_us=453250 existed=1[0m
[0;32mI (1499862) net_cpu: case=71 task=uiT id=1 runtime_us=47151 existed=1[0m
[0;32mI (1499869) net_cpu: case=71 task=httpd id=9 runtime_us=97206 existed=1[0m
[0;32mI (1499876) net_cpu: case=71 task=ppT id=7 runtime_us=496237 existed=1[0m
[0;32mI (1499883) net_cpu: case=71 task=Tmr Svc id=3 runtime_us=0 existed=1[0m
[0;32mI (1499891) net_cpu: case=71 task=sys_evt id=6 runtime_us=0 existed=1[0m
[0;32mI (1499899) net_bench: case=71 output=1 wall_us=20095981 bytes=138947 open_us=80794 error=0 rssi=-80 heap_min=12060[0m
[0;32mI (1499909) net_bench: case=71 recv_total_us=213411 recv_positive_us=212151 recv_empty_us=1260[0m
[0;32mI (1499918) net_bench: case=71 cpu_lean=1 gap_metrics_valid=0 heap_is_final=1[0m
[0;32mI (1499926) net_bench: case=71 sampled_heap_min=11048 rx_gap_tick_ms=209 wait_calls=6[0m
[0;32mI (1499934) net_bench: case=71 calls=200 empty=6 rx_gap_us=0 app_gap_us=0 empty_wait_us=0 recv_max_us=1843 commit_max_us=176235 ready_max=0 ready_probes=0[0m
[0;32mI (1499949) net_bench: case=71 pcm_frames=775168 rate=44100 eof=4183 underrun=1928 stack=1180[0m
[0;32mI (1499958) net_bench: case=71 second=0 bytes=6877 rssi=-80[0m
[0;32mI (1499964) net_bench: case=71 second=1 bytes=7060 rssi=-71[0m
[0;32mI (1499970) net_bench: case=71 second=2 bytes=7154 rssi=-71[0m
[0;32mI (1499977) net_bench: case=71 second=3 bytes=7143 rssi=-70[0m
[0;32mI (1499983) net_bench: case=71 second=4 bytes=7070 rssi=-71[0m
[0;32mI (1499989) net_bench: case=71 second=5 bytes=6106 rssi=-71[0m
[0;32mI (1499995) net_bench: case=71 second=6 bytes=7377 rssi=-81[0m
[0;32mI (1500001) net_bench: case=71 second=7 bytes=6785 rssi=-79[0m
[0;32mI (1500008) net_bench: case=71 second=8 bytes=7090 rssi=-81[0m
[0;32mI (1500014) net_bench: case=71 second=9 bytes=7148 rssi=-80[0m
[0;32mI (1500020) net_bench: case=71 second=10 bytes=7132 rssi=-81[0m
[0;32mI (1500027) net_bench: case=71 second=11 bytes=6255 rssi=-80[0m
[0;32mI (1500033) net_bench: case=71 second=12 bytes=7136 rssi=-71[0m
[0;32mI (1500039) net_bench: case=71 second=13 bytes=7011 rssi=-72[0m
[0;32mI (1500045) net_bench: case=71 second=14 bytes=6922 rssi=-71[0m
[0;32mI (1500052) net_bench: case=71 second=15 bytes=7135 rssi=-79[0m
[0;32mI (1500058) net_bench: case=71 second=16 bytes=7162 rssi=-77[0m
[0;32mI (1500064) net_bench: case=71 second=17 bytes=7247 rssi=-71[0m
[0;32mI (1500071) net_bench: case=71 second=18 bytes=6945 rssi=-72[0m
[0;32mI (1500077) net_bench: case=71 second=19 bytes=6192 rssi=-72[0m
[0;32mI (1501084) net_bench: case=72 path=/mp3-320?rate=0 output=0 begin rssi=-72 round=9 fixture=0 variant=1 wait_ms=25 read_limit=1024 batch=1[0m
[0;32mI (1521213) net_cpu: case=72 valid=1 total_us=20064698 tasks_before=8 tasks_after=8 snapshot_bytes=1440[0m
[0;32mI (1521219) net_cpu: case=72 task=audio id=4 runtime_us=3920128 existed=1[0m
[0;32mI (1521223) net_cpu: case=72 task=IDLE id=2 runtime_us=7765025 existed=1[0m
[0;32mI (1521230) net_cpu: case=72 task=uiT id=1 runtime_us=39120 existed=1[0m
[0;32mI (1521238) net_cpu: case=72 task=tiT id=5 runtime_us=4725732 existed=1[0m
[0;32mI (1521245) net_cpu: case=72 task=httpd id=9 runtime_us=95352 existed=1[0m
[0;32mI (1521252) net_cpu: case=72 task=ppT id=7 runtime_us=3521213 existed=1[0m
[0;32mI (1521259) net_cpu: case=72 task=Tmr Svc id=3 runtime_us=0 existed=1[0m
[0;32mI (1521266) net_cpu: case=72 task=sys_evt id=6 runtime_us=0 existed=1[0m
[0;32mI (1521275) net_bench: case=72 output=0 wall_us=20034636 bytes=2332448 open_us=75264 error=0 rssi=-71 heap_min=12316[0m
[0;32mI (1521285) net_bench: case=72 recv_total_us=5398350 recv_positive_us=4811014 recv_empty_us=587336[0m
[0;32mI (1521294) net_bench: case=72 cpu_lean=1 gap_metrics_valid=0 heap_is_final=1[0m
[0;32mI (1521302) net_bench: case=72 sampled_heap_min=9732 rx_gap_tick_ms=323 wait_calls=1977[0m
[0;32mI (1521311) net_bench: case=72 calls=5651 empty=1977 rx_gap_us=0 app_gap_us=0 empty_wait_us=0 recv_max_us=8189 commit_max_us=0 ready_max=0 ready_probes=0[0m
[0;32mI (1521325) net_bench: case=72 pcm_frames=0 rate=0 eof=1884 underrun=1883 stack=1180[0m
[0;32mI (1521334) net_bench: case=72 second=0 bytes=155960 rssi=-79[0m
[0;32mI (1521340) net_bench: case=72 second=1 bytes=110720 rssi=-79[0m
[0;32mI (1521346) net_bench: case=72 second=2 bytes=150096 rssi=-79[0m
[0;32mI (1521353) net_bench: case=72 second=3 bytes=98384 rssi=-81[0m
[0;32mI (1521359) net_bench: case=72 second=4 bytes=107152 rssi=-72[0m
[0;32mI (1521365) net_bench: case=72 second=5 bytes=77824 rssi=-71[0m
[0;32mI (1521372) net_bench: case=72 second=6 bytes=138888 rssi=-71[0m
[0;32mI (1521378) net_bench: case=72 second=7 bytes=160520 rssi=-70[0m
[0;32mI (1521385) net_bench: case=72 second=8 bytes=152336 rssi=-71[0m
[0;32mI (1521391) net_bench: case=72 second=9 bytes=159216 rssi=-79[0m
[0;32mI (1521397) net_bench: case=72 second=10 bytes=95168 rssi=-80[0m
[0;32mI (1521404) net_bench: case=72 second=11 bytes=98872 rssi=-80[0m
[0;32mI (1521410) net_bench: case=72 second=12 bytes=85520 rssi=-79[0m
[0;32mI (1521417) net_bench: case=72 second=13 bytes=90056 rssi=-71[0m
[0;32mI (1521423) net_bench: case=72 second=14 bytes=102912 rssi=-80[0m
[0;32mI (1521429) net_bench: case=72 second=15 bytes=136792 rssi=-71[0m
[0;32mI (1521436) net_bench: case=72 second=16 bytes=95424 rssi=-72[0m
[0;32mI (1521442) net_bench: case=72 second=17 bytes=125584 rssi=-71[0m
[0;32mI (1521449) net_bench: case=72 second=18 bytes=77480 rssi=-78[0m
[0;32mI (1521455) net_bench: case=72 second=19 bytes=112520 rssi=-78[0m
[0;32mI (1522463) net_bench: case=73 path=/mp3-320?rate=0 output=0 begin rssi=-79 round=9 fixture=0 variant=0 wait_ms=0 read_limit=1024 batch=1[0m
[0;32mI (1542589) net_cpu: case=73 valid=1 total_us=20063893 tasks_before=8 tasks_after=8 snapshot_bytes=1440[0m
[0;32mI (1542593) net_cpu: case=73 task=audio id=4 runtime_us=3861128 existed=1[0m
[0;32mI (1542599) net_cpu: case=73 task=IDLE id=2 runtime_us=7429581 existed=1[0m
[0;32mI (1542607) net_cpu: case=73 task=tiT id=5 runtime_us=4886562 existed=1[0m
[0;32mI (1542614) net_cpu: case=73 task=uiT id=1 runtime_us=38604 existed=1[0m
[0;32mI (1542621) net_cpu: case=73 task=httpd id=9 runtime_us=98332 existed=1[0m
[0;32mI (1542628) net_cpu: case=73 task=ppT id=7 runtime_us=3750632 existed=1[0m
[0;32mI (1542635) net_cpu: case=73 task=Tmr Svc id=3 runtime_us=0 existed=1[0m
[0;32mI (1542643) net_cpu: case=73 task=sys_evt id=6 runtime_us=0 existed=1[0m
[0;32mI (1542651) net_bench: case=73 output=0 wall_us=20035591 bytes=2533896 open_us=71596 error=0 rssi=-82 heap_min=12972[0m
[0;32mI (1542661) net_bench: case=73 recv_total_us=6723798 recv_positive_us=4956643 recv_empty_us=1767155[0m
[0;32mI (1542671) net_bench: case=73 cpu_lean=1 gap_metrics_valid=0 heap_is_final=1[0m
[0;32mI (1542678) net_bench: case=73 sampled_heap_min=10904 rx_gap_tick_ms=316 wait_calls=8377[0m
[0;32mI (1542687) net_bench: case=73 calls=12670 empty=8377 rx_gap_us=0 app_gap_us=0 empty_wait_us=0 recv_max_us=7379 commit_max_us=0 ready_max=0 ready_probes=0[0m
[0;32mI (1542702) net_bench: case=73 pcm_frames=0 rate=0 eof=1884 underrun=1883 stack=1180[0m
[0;32mI (1542710) net_bench: case=73 second=0 bytes=165608 rssi=-72[0m
[0;32mI (1542716) net_bench: case=73 second=1 bytes=146880 rssi=-70[0m
[0;32mI (1542724) net_bench: case=73 second=2 bytes=119000 rssi=-71[0m
[0;32mI (1542729) net_bench: case=73 second=3 bytes=158240 rssi=-71[0m
[0;32mI (1542735) net_bench: case=73 second=4 bytes=158912 rssi=-79[0m
[0;32mI (1542742) net_bench: case=73 second=5 bytes=163544 rssi=-80[0m
[0;32mI (1542748) net_bench: case=73 second=6 bytes=165640 rssi=-80[0m
[0;32mI (1542755) net_bench: case=73 second=7 bytes=80800 rssi=-79[0m
[0;32mI (1542761) net_bench: case=73 second=8 bytes=20080 rssi=-78[0m
[0;32mI (1542767) net_bench: case=73 second=9 bytes=90048 rssi=-71[0m
[0;32mI (1542774) net_bench: case=73 second=10 bytes=137808 rssi=-70[0m
[0;32mI (1542780) net_bench: case=73 second=11 bytes=147216 rssi=-74[0m
[0;32mI (1542787) net_bench: case=73 second=12 bytes=151936 rssi=-74[0m
[0;32mI (1542793) net_bench: case=73 second=13 bytes=112080 rssi=-74[0m
[0;32mI (1542800) net_bench: case=73 second=14 bytes=141032 rssi=-83[0m
[0;32mI (1542806) net_bench: case=73 second=15 bytes=39424 rssi=-82[0m
[0;32mI (1542813) net_bench: case=73 second=16 bytes=137952 rssi=-82[0m
[0;32mI (1542819) net_bench: case=73 second=17 bytes=152872 rssi=-82[0m
[0;32mI (1542826) net_bench: case=73 second=18 bytes=146680 rssi=-83[0m
[0;32mI (1542832) net_bench: case=73 second=19 bytes=97608 rssi=-75[0m
[0;32mI (1543840) net_bench: case=74 path=/mp3-128?rate=128 output=1 begin rssi=-73 round=9 fixture=1 variant=1 wait_ms=25 read_limit=1024 batch=1[0m
[0;32mI (1563969) net_cpu: case=74 valid=1 total_us=20071956 tasks_before=8 tasks_after=8 snapshot_bytes=1440[0m
[0;32mI (1563971) net_cpu: case=74 task=audio id=4 runtime_us=15369892 existed=1[0m
[0;32mI (1563977) net_cpu: case=74 task=IDLE id=2 runtime_us=2783767 existed=1[0m
[0;32mI (1563985) net_cpu: case=74 task=tiT id=5 runtime_us=920424 existed=1[0m
[0;32mI (1563992) net_cpu: case=74 task=uiT id=1 runtime_us=46615 existed=1[0m
[0;32mI (1563999) net_cpu: case=74 task=httpd id=9 runtime_us=95707 existed=1[0m
[0;32mI (1564006) net_cpu: case=74 task=ppT id=7 runtime_us=855895 existed=1[0m
[0;32mI (1564013) net_cpu: case=74 task=Tmr Svc id=3 runtime_us=0 existed=1[0m
[0;32mI (1564021) net_cpu: case=74 task=sys_evt id=6 runtime_us=0 existed=1[0m
[0;32mI (1564029) net_bench: case=74 output=1 wall_us=20043013 bytes=317276 open_us=70428 error=0 rssi=-72 heap_min=9732[0m
[0;32mI (1564039) net_bench: case=74 recv_total_us=551048 recv_positive_us=549507 recv_empty_us=1541[0m
[0;32mI (1564048) net_bench: case=74 cpu_lean=1 gap_metrics_valid=0 heap_is_final=1[0m
[0;32mI (1564056) net_bench: case=74 sampled_heap_min=9732 rx_gap_tick_ms=150 wait_calls=7[0m
[0;32mI (1564064) net_bench: case=74 calls=513 empty=7 rx_gap_us=0 app_gap_us=0 empty_wait_us=0 recv_max_us=3545 commit_max_us=80724 ready_max=0 ready_probes=0[0m
[0;32mI (1564078) net_bench: case=74 pcm_frames=874368 rate=44100 eof=2342 underrun=207 stack=1180[0m
[0;32mI (1564088) net_bench: case=74 second=0 bytes=16352 rssi=-74[0m
[0;32mI (1564094) net_bench: case=74 second=1 bytes=15726 rssi=-74[0m
[0;32mI (1564100) net_bench: case=74 second=2 bytes=16230 rssi=-81[0m
[0;32mI (1564106) net_bench: case=74 second=3 bytes=15502 rssi=-81[0m
[0;32mI (1564113) net_bench: case=74 second=4 bytes=16374 rssi=-73[0m
[0;32mI (1564119) net_bench: case=74 second=5 bytes=15579 rssi=-75[0m
[0;32mI (1564125) net_bench: case=74 second=6 bytes=16112 rssi=-76[0m
[0;32mI (1564132) net_bench: case=74 second=7 bytes=16070 rssi=-74[0m
[0;32mI (1564138) net_bench: case=74 second=8 bytes=16300 rssi=-74[0m
[0;32mI (1564144) net_bench: case=74 second=9 bytes=16300 rssi=-73[0m
[0;32mI (1564151) net_bench: case=74 second=10 bytes=15276 rssi=-72[0m
[0;32mI (1564157) net_bench: case=74 second=11 bytes=16070 rssi=-79[0m
[0;32mI (1564163) net_bench: case=74 second=12 bytes=16300 rssi=-79[0m
[0;32mI (1564170) net_bench: case=74 second=13 bytes=15276 rssi=-79[0m
[0;32mI (1564176) net_bench: case=74 second=14 bytes=14816 rssi=-79[0m
[0;32mI (1564183) net_bench: case=74 second=15 bytes=15047 rssi=-81[0m
[0;32mI (1564189) net_bench: case=74 second=16 bytes=16300 rssi=-72[0m
[0;32mI (1564195) net_bench: case=74 second=17 bytes=16300 rssi=-70[0m
[0;32mI (1564202) net_bench: case=74 second=18 bytes=15276 rssi=-70[0m
[0;32mI (1564208) net_bench: case=74 second=19 bytes=16070 rssi=-79[0m
[0;32mI (1565216) net_bench: case=75 path=/mp3-128?rate=128 output=1 begin rssi=-82 round=9 fixture=1 variant=0 wait_ms=0 read_limit=1024 batch=1[0m
[0;32mI (1585397) net_cpu: case=75 valid=1 total_us=20113996 tasks_before=8 tasks_after=8 snapshot_bytes=1440[0m
[0;32mI (1585399) net_cpu: case=75 task=audio id=4 runtime_us=14965027 existed=1[0m
[0;32mI (1585405) net_cpu: case=75 task=IDLE id=2 runtime_us=3271184 existed=1[0m
[0;32mI (1585413) net_cpu: case=75 task=uiT id=1 runtime_us=46666 existed=1[0m
[0;32mI (1585420) net_cpu: case=75 task=tiT id=5 runtime_us=897766 existed=1[0m
[0;32mI (1585427) net_cpu: case=75 task=httpd id=9 runtime_us=95273 existed=1[0m
[0;32mI (1585434) net_cpu: case=75 task=ppT id=7 runtime_us=838688 existed=1[0m
[0;32mI (1585441) net_cpu: case=75 task=Tmr Svc id=3 runtime_us=0 existed=1[0m
[0;32mI (1585449) net_cpu: case=75 task=sys_evt id=6 runtime_us=0 existed=1[0m
[0;32mI (1585457) net_bench: case=75 output=1 wall_us=20086006 bytes=305991 open_us=79438 error=0 rssi=-79 heap_min=10076[0m
[0;32mI (1585467) net_bench: case=75 recv_total_us=605118 recv_positive_us=491850 recv_empty_us=113268[0m
[0;32mI (1585476) net_bench: case=75 cpu_lean=1 gap_metrics_valid=0 heap_is_final=1[0m
[0;32mI (1585484) net_bench: case=75 sampled_heap_min=9732 rx_gap_tick_ms=234 wait_calls=879[0m
[0;32mI (1585492) net_bench: case=75 calls=1373 empty=879 rx_gap_us=0 app_gap_us=0 empty_wait_us=0 recv_max_us=2967 commit_max_us=79643 ready_max=0 ready_probes=0[0m
[0;32mI (1585507) net_bench: case=75 pcm_frames=843264 rate=44100 eof=2918 underrun=771 stack=1180[0m
[0;32mI (1585516) net_bench: case=75 second=0 bytes=16352 rssi=-82[0m
[0;32mI (1585523) net_bench: case=75 second=1 bytes=15046 rssi=-80[0m
[0;32mI (1585529) net_bench: case=75 second=2 bytes=15047 rssi=-70[0m
[0;32mI (1585535) net_bench: case=75 second=3 bytes=16300 rssi=-72[0m
[0;32mI (1585541) net_bench: case=75 second=4 bytes=16300 rssi=-72[0m
[0;32mI (1585548) net_bench: case=75 second=5 bytes=16300 rssi=-72[0m
[0;32mI (1585554) net_bench: case=75 second=6 bytes=15046 rssi=-71[0m
[0;32mI (1585560) net_bench: case=75 second=7 bytes=14387 rssi=-81[0m
[0;32mI (1585567) net_bench: case=75 second=8 bytes=16959 rssi=-70[0m
[0;32mI (1585573) net_bench: case=75 second=9 bytes=15046 rssi=-71[0m
[0;32mI (1585579) net_bench: case=75 second=10 bytes=13792 rssi=-72[0m
[0;32mI (1585586) net_bench: case=75 second=11 bytes=11285 rssi=-72[0m
[0;32mI (1585592) net_bench: case=75 second=12 bytes=14615 rssi=-80[0m
[0;32mI (1585599) net_bench: case=75 second=13 bytes=14224 rssi=-70[0m
[0;32mI (1585605) net_bench: case=75 second=14 bytes=15046 rssi=-71[0m
[0;32mI (1585611) net_bench: case=75 second=15 bytes=16300 rssi=-82[0m
[0;32mI (1585618) net_bench: case=75 second=16 bytes=16300 rssi=-80[0m
[0;32mI (1585624) net_bench: case=75 second=17 bytes=15046 rssi=-80[0m
[0;32mI (1585631) net_bench: case=75 second=18 bytes=16300 rssi=-78[0m
[0;32mI (1585637) net_bench: case=75 second=19 bytes=16300 rssi=-78[0m
[0;32mI (1586644) net_bench: case=76 path=/mp3-320?rate=320 output=1 begin rssi=-79 round=9 fixture=2 variant=1 wait_ms=25 read_limit=1024 batch=1[0m
[0;32mI (1606770) net_cpu: case=76 valid=1 total_us=20067572 tasks_before=8 tasks_after=8 snapshot_bytes=1440[0m
[0;32mI (1606772) net_cpu: case=76 task=audio id=4 runtime_us=15171105 existed=1[0m
[0;32mI (1606778) net_cpu: case=76 task=IDLE id=2 runtime_us=1924903 existed=1[0m
[0;32mI (1606786) net_cpu: case=76 task=tiT id=5 runtime_us=1576213 existed=1[0m
[0;32mI (1606793) net_cpu: case=76 task=uiT id=1 runtime_us=42008 existed=1[0m
[0;32mI (1606800) net_cpu: case=76 task=httpd id=9 runtime_us=86471 existed=1[0m
[0;32mI (1606807) net_cpu: case=76 task=ppT id=7 runtime_us=1268753 existed=1[0m
[0;32mI (1606815) net_cpu: case=76 task=Tmr Svc id=3 runtime_us=0 existed=1[0m
[0;32mI (1606822) net_cpu: case=76 task=sys_evt id=6 runtime_us=0 existed=1[0m
[0;32mI (1606831) net_bench: case=76 output=1 wall_us=20039500 bytes=570985 open_us=71118 error=0 rssi=-74 heap_min=9732[0m
[0;32mI (1606840) net_bench: case=76 recv_total_us=1078156 recv_positive_us=1064027 recv_empty_us=14129[0m
[0;32mI (1606849) net_bench: case=76 cpu_lean=1 gap_metrics_valid=0 heap_is_final=1[0m
[0;32mI (1606857) net_bench: case=76 sampled_heap_min=9552 rx_gap_tick_ms=314 wait_calls=70[0m
[0;32mI (1606866) net_bench: case=76 calls=1163 empty=70 rx_gap_us=0 app_gap_us=0 empty_wait_us=0 recv_max_us=3743 commit_max_us=37480 ready_max=0 ready_probes=0[0m
[0;32mI (1606880) net_bench: case=76 pcm_frames=628992 rate=44100 eof=8046 underrun=4357 stack=1180[0m
[0;32mI (1606889) net_bench: case=76 second=0 bytes=30772 rssi=-71[0m
[0;32mI (1606896) net_bench: case=76 second=1 bytes=31347 rssi=-71[0m
[0;32mI (1606902) net_bench: case=76 second=2 bytes=31347 rssi=-72[0m
[0;32mI (1606908) net_bench: case=76 second=3 bytes=30302 rssi=-78[0m
[0;32mI (1606915) net_bench: case=76 second=4 bytes=31188 rssi=-79[0m
[0;32mI (1606921) net_bench: case=76 second=5 bytes=30461 rssi=-78[0m
[0;32mI (1606927) net_bench: case=76 second=6 bytes=31347 rssi=-79[0m
[0;32mI (1606934) net_bench: case=76 second=7 bytes=25832 rssi=-72[0m
[0;32mI (1606940) net_bench: case=76 second=8 bytes=19056 rssi=-72[0m
[0;32mI (1606946) net_bench: case=76 second=9 bytes=29759 rssi=-71[0m
[0;32mI (1606953) net_bench: case=76 second=10 bytes=24619 rssi=-71[0m
[0;32mI (1606959) net_bench: case=76 second=11 bytes=22987 rssi=-72[0m
[0;32mI (1606965) net_bench: case=76 second=12 bytes=22988 rssi=-71[0m
[0;32mI (1606972) net_bench: case=76 second=13 bytes=31347 rssi=-80[0m
[0;32mI (1606978) net_bench: case=76 second=14 bytes=31347 rssi=-80[0m
[0;32mI (1606985) net_bench: case=76 second=15 bytes=30302 rssi=-81[0m
[0;32mI (1606991) net_bench: case=76 second=16 bytes=31324 rssi=-80[0m
[0;32mI (1606997) net_bench: case=76 second=17 bytes=31370 rssi=-81[0m
[0;32mI (1607004) net_bench: case=76 second=18 bytes=31347 rssi=-75[0m
[0;32mI (1607010) net_bench: case=76 second=19 bytes=21943 rssi=-74[0m
[0;32mI (1608018) net_bench: case=77 path=/mp3-320?rate=320 output=1 begin rssi=-74 round=9 fixture=2 variant=0 wait_ms=0 read_limit=1024 batch=1[0m
[0;32mI (1628149) net_cpu: case=77 valid=1 total_us=20073292 tasks_before=8 tasks_after=8 snapshot_bytes=1440[0m
[0;32mI (1628151) net_cpu: case=77 task=audio id=4 runtime_us=15871571 existed=1[0m
[0;32mI (1628157) net_cpu: case=77 task=IDLE id=2 runtime_us=1126750 existed=1[0m
[0;32mI (1628165) net_cpu: case=77 task=uiT id=1 runtime_us=42965 existed=1[0m
[0;32mI (1628172) net_cpu: case=77 task=tiT id=5 runtime_us=1630348 existed=1[0m
[0;32mI (1628179) net_cpu: case=77 task=httpd id=9 runtime_us=88542 existed=1[0m
[0;32mI (1628186) net_cpu: case=77 task=ppT id=7 runtime_us=1314143 existed=1[0m
[0;32mI (1628194) net_cpu: case=77 task=Tmr Svc id=3 runtime_us=0 existed=1[0m
[0;32mI (1628201) net_cpu: case=77 task=sys_evt id=6 runtime_us=0 existed=1[0m
[0;32mI (1628210) net_bench: case=77 output=1 wall_us=20045186 bytes=595018 open_us=70109 error=0 rssi=-79 heap_min=9732[0m
[0;32mI (1628219) net_bench: case=77 recv_total_us=1216414 recv_positive_us=1107852 recv_empty_us=108562[0m
[0;32mI (1628228) net_bench: case=77 cpu_lean=1 gap_metrics_valid=0 heap_is_final=1[0m
[0;32mI (1628236) net_bench: case=77 sampled_heap_min=9524 rx_gap_tick_ms=283 wait_calls=841[0m
[0;32mI (1628245) net_bench: case=77 calls=1981 empty=841 rx_gap_us=0 app_gap_us=0 empty_wait_us=0 recv_max_us=3488 commit_max_us=38661 ready_max=0 ready_probes=0[0m
[0;32mI (1628259) net_bench: case=77 pcm_frames=655488 rate=44100 eof=7750 underrun=3910 stack=1180[0m
[0;32mI (1628269) net_bench: case=77 second=0 bytes=30772 rssi=-83[0m
[0;32mI (1628275) net_bench: case=77 second=1 bytes=30302 rssi=-83[0m
[0;32mI (1628281) net_bench: case=77 second=2 bytes=31347 rssi=-74[0m
[0;32mI (1628287) net_bench: case=77 second=3 bytes=30323 rssi=-74[0m
[0;32mI (1628294) net_bench: case=77 second=4 bytes=31326 rssi=-70[0m
[0;32mI (1628300) net_bench: case=77 second=5 bytes=31347 rssi=-72[0m
[0;32mI (1628306) net_bench: case=77 second=6 bytes=22402 rssi=-71[0m
[0;32mI (1628313) net_bench: case=77 second=7 bytes=29843 rssi=-80[0m
[0;32mI (1628320) net_bench: case=77 second=8 bytes=31347 rssi=-81[0m
[0;32mI (1628325) net_bench: case=77 second=9 bytes=21943 rssi=-80[0m
[0;32mI (1628332) net_bench: case=77 second=10 bytes=31347 rssi=-80[0m
[0;32mI (1628338) net_bench: case=77 second=11 bytes=31347 rssi=-79[0m
[0;32mI (1628345) net_bench: case=77 second=12 bytes=31347 rssi=-79[0m
[0;32mI (1628351) net_bench: case=77 second=13 bytes=29257 rssi=-71[0m
[0;32mI (1628357) net_bench: case=77 second=14 bytes=24033 rssi=-70[0m
[0;32mI (1628364) net_bench: case=77 second=15 bytes=31347 rssi=-71[0m
[0;32mI (1628370) net_bench: case=77 second=16 bytes=31347 rssi=-78[0m
[0;32mI (1628377) net_bench: case=77 second=17 bytes=31347 rssi=-79[0m
[0;32mI (1628383) net_bench: case=77 second=18 bytes=31347 rssi=-78[0m
[0;32mI (1628389) net_bench: case=77 second=19 bytes=31347 rssi=-78[0m
[0;32mI (1629397) net_bench: case=78 path=/aac-64?rate=64 output=1 begin rssi=-80 round=9 fixture=3 variant=1 wait_ms=25 read_limit=1024 batch=1[0m
[0;32mI (1649568) net_cpu: case=78 valid=1 total_us=20115970 tasks_before=8 tasks_after=8 snapshot_bytes=1440[0m
[0;32mI (1649570) net_cpu: case=78 task=audio id=4 runtime_us=12023555 existed=1[0m
[0;32mI (1649577) net_cpu: case=78 task=IDLE id=2 runtime_us=6986687 existed=1[0m
[0;32mI (1649584) net_cpu: case=78 task=uiT id=1 runtime_us=47131 existed=1[0m
[0;32mI (1649591) net_cpu: case=78 task=tiT id=5 runtime_us=457992 existed=1[0m
[0;32mI (1649598) net_cpu: case=78 task=httpd id=9 runtime_us=96380 existed=1[0m
[0;32mI (1649606) net_cpu: case=78 task=ppT id=7 runtime_us=504556 existed=1[0m
[0;32mI (1649613) net_cpu: case=78 task=Tmr Svc id=3 runtime_us=0 existed=1[0m
[0;32mI (1649620) net_cpu: case=78 task=sys_evt id=6 runtime_us=0 existed=1[0m
[0;32mI (1649629) net_bench: case=78 output=1 wall_us=20087983 bytes=138947 open_us=68072 error=0 rssi=-81 heap_min=12064[0m
[0;32mI (1649638) net_bench: case=78 recv_total_us=213077 recv_positive_us=211814 recv_empty_us=1263[0m
[0;32mI (1649647) net_bench: case=78 cpu_lean=1 gap_metrics_valid=0 heap_is_final=1[0m
[0;32mI (1649655) net_bench: case=78 sampled_heap_min=11060 rx_gap_tick_ms=211 wait_calls=6[0m
[0;32mI (1649664) net_bench: case=78 calls=201 empty=6 rx_gap_us=0 app_gap_us=0 empty_wait_us=0 recv_max_us=2670 commit_max_us=176751 ready_max=0 ready_probes=0[0m
[0;32mI (1649678) net_bench: case=78 pcm_frames=775168 rate=44100 eof=4178 underrun=1923 stack=1180[0m
[0;32mI (1649687) net_bench: case=78 second=0 bytes=6877 rssi=-81[0m
[0;32mI (1649694) net_bench: case=78 second=1 bytes=7060 rssi=-70[0m
[0;32mI (1649700) net_bench: case=78 second=2 bytes=7154 rssi=-80[0m
[0;32mI (1649706) net_bench: case=78 second=3 bytes=7143 rssi=-79[0m
[0;32mI (1649712) net_bench: case=78 second=4 bytes=7070 rssi=-82[0m
[0;32mI (1649718) net_bench: case=78 second=5 bytes=6106 rssi=-83[0m
[0;32mI (1649725) net_bench: case=78 second=6 bytes=7377 rssi=-80[0m
[0;32mI (1649731) net_bench: case=78 second=7 bytes=6785 rssi=-81[0m
[0;32mI (1649737) net_bench: case=78 second=8 bytes=7090 rssi=-80[0m
[0;32mI (1649743) net_bench: case=78 second=9 bytes=7148 rssi=-81[0m
[0;32mI (1649750) net_bench: case=78 second=10 bytes=7132 rssi=-78[0m
[0;32mI (1649756) net_bench: case=78 second=11 bytes=7279 rssi=-81[0m
[0;32mI (1649762) net_bench: case=78 second=12 bytes=6112 rssi=-80[0m
[0;32mI (1649769) net_bench: case=78 second=13 bytes=7011 rssi=-70[0m
[0;32mI (1649775) net_bench: case=78 second=14 bytes=6922 rssi=-73[0m
[0;32mI (1649781) net_bench: case=78 second=15 bytes=7135 rssi=-70[0m
[0;32mI (1649787) net_bench: case=78 second=16 bytes=7162 rssi=-70[0m
[0;32mI (1649794) net_bench: case=78 second=17 bytes=7247 rssi=-70[0m
[0;32mI (1649800) net_bench: case=78 second=18 bytes=6945 rssi=-70[0m
[0;32mI (1649806) net_bench: case=78 second=19 bytes=6192 rssi=-70[0m
[0;32mI (1650814) net_bench: case=79 path=/aac-64?rate=64 output=1 begin rssi=-70 round=9 fixture=3 variant=0 wait_ms=0 read_limit=1024 batch=1[0m
[0;32mI (1671040) net_cpu: case=79 valid=1 total_us=20162152 tasks_before=8 tasks_after=8 snapshot_bytes=1440[0m
[0;32mI (1671042) net_cpu: case=79 task=audio id=4 runtime_us=12114234 existed=1[0m
[0;32mI (1671048) net_cpu: case=79 task=IDLE id=2 runtime_us=6930670 existed=1[0m
[0;32mI (1671056) net_cpu: case=79 task=uiT id=1 runtime_us=47612 existed=1[0m
[0;32mI (1671063) net_cpu: case=79 task=tiT id=5 runtime_us=465990 existed=1[0m
[0;32mI (1671070) net_cpu: case=79 task=httpd id=9 runtime_us=98357 existed=1[0m
[0;32mI (1671077) net_cpu: case=79 task=ppT id=7 runtime_us=505738 existed=1[0m
[0;32mI (1671084) net_cpu: case=79 task=Tmr Svc id=3 runtime_us=0 existed=1[0m
[0;32mI (1671092) net_cpu: case=79 task=sys_evt id=6 runtime_us=0 existed=1[0m
[0;32mI (1671100) net_bench: case=79 output=1 wall_us=20134111 bytes=139971 open_us=76745 error=0 rssi=-80 heap_min=11516[0m
[0;32mI (1671110) net_bench: case=79 recv_total_us=218580 recv_positive_us=218580 recv_empty_us=0[0m
[0;32mI (1671119) net_bench: case=79 cpu_lean=1 gap_metrics_valid=0 heap_is_final=1[0m
[0;32mI (1671126) net_bench: case=79 sampled_heap_min=11144 rx_gap_tick_ms=163 wait_calls=0[0m
[0;32mI (1671135) net_bench: case=79 calls=195 empty=0 rx_gap_us=0 app_gap_us=0 empty_wait_us=0 recv_max_us=2946 commit_max_us=164459 ready_max=0 ready_probes=0[0m
[0;32mI (1671150) net_bench: case=79 pcm_frames=781312 rate=44100 eof=4125 underrun=1851 stack=1180[0m
[0;32mI (1671159) net_bench: case=79 second=0 bytes=8192 rssi=-79[0m
[0;32mI (1671165) net_bench: case=79 second=1 bytes=7121 rssi=-80[0m
[0;32mI (1671171) net_bench: case=79 second=2 bytes=6255 rssi=-79[0m
[0;32mI (1671177) net_bench: case=79 second=3 bytes=7090 rssi=-80[0m
[0;32mI (1671184) net_bench: case=79 second=4 bytes=6646 rssi=-80[0m
[0;32mI (1671190) net_bench: case=79 second=5 bytes=7130 rssi=-80[0m
[0;32mI (1671196) net_bench: case=79 second=6 bytes=7377 rssi=-79[0m
[0;32mI (1671202) net_bench: case=79 second=7 bytes=7137 rssi=-80[0m
[0;32mI (1671208) net_bench: case=79 second=8 bytes=7071 rssi=-80[0m
[0;32mI (1671215) net_bench: case=79 second=9 bytes=6243 rssi=-79[0m
[0;32mI (1671221) net_bench: case=79 second=10 bytes=7135 rssi=-71[0m
[0;32mI (1671227) net_bench: case=79 second=11 bytes=6824 rssi=-73[0m
[0;32mI (1671234) net_bench: case=79 second=12 bytes=7136 rssi=-72[0m
[0;32mI (1671240) net_bench: case=79 second=13 bytes=7011 rssi=-71[0m
[0;32mI (1671246) net_bench: case=79 second=14 bytes=7277 rssi=-71[0m
[0;32mI (1671252) net_bench: case=79 second=15 bytes=7232 rssi=-72[0m
[0;32mI (1671259) net_bench: case=79 second=16 bytes=6130 rssi=-72[0m
[0;32mI (1671265) net_bench: case=79 second=17 bytes=6803 rssi=-79[0m
[0;32mI (1671272) net_bench: case=79 second=18 bytes=6945 rssi=-72[0m
[0;32mI (1671278) net_bench: case=79 second=19 bytes=7216 rssi=-72[0m
[0;32mI (1672285) net_bench: complete[0m
