[0;32mI (149) net_bench: begin cases=80 sweep=5[0m
[0;32mI (11017) net_bench: settings volume=128 balance=0 normalization=0[0m
[0;32mI (11022) net_bench: connected baseline: 20 seconds, decoder retained, no stream[0m
[0;32mI (31053) net_cpu: case=-1 valid=1 total_us=20047609 tasks_before=8 tasks_after=8 snapshot_bytes=1440[0m
[0;32mI (31055) net_cpu: case=-1 task=audio id=4 runtime_us=14600 existed=1[0m
[0;32mI (31061) net_cpu: case=-1 task=IDLE id=2 runtime_us=19641691 existed=1[0m
[0;32mI (31068) net_cpu: case=-1 task=tiT id=5 runtime_us=75006 existed=1[0m
[0;32mI (31075) net_cpu: case=-1 task=uiT id=1 runtime_us=41828 existed=1[0m
[0;32mI (31082) net_cpu: case=-1 task=httpd id=9 runtime_us=91480 existed=1[0m
[0;32mI (31089) net_cpu: case=-1 task=ppT id=7 runtime_us=196791 existed=1[0m
[0;32mI (31096) net_cpu: case=-1 task=sys_evt id=6 runtime_us=0 existed=1[0m
[0;32mI (31103) net_cpu: case=-1 task=Tmr Svc id=3 runtime_us=0 existed=1[0m
[0;32mI (31110) net_bench: case=0 path=/mp3-320?rate=0 output=0 begin rssi=-82 round=0 fixture=0 variant=0 wait_ms=25 read_limit=1024 batch=1[0m
[0;32mI (51253) net_cpu: case=0 valid=1 total_us=20076275 tasks_before=8 tasks_after=8 snapshot_bytes=1440[0m
[0;32mI (51255) net_cpu: case=0 task=audio id=4 runtime_us=4432095 existed=1[0m
[0;32mI (51261) net_cpu: case=0 task=IDLE id=2 runtime_us=7511778 existed=1[0m
[0;32mI (51268) net_cpu: case=0 task=uiT id=1 runtime_us=38781 existed=1[0m
[0;32mI (51275) net_cpu: case=0 task=tiT id=5 runtime_us=4588359 existed=1[0m
[0;32mI (51282) net_cpu: case=0 task=Tmr Svc id=3 runtime_us=0 existed=1[0m
[0;32mI (51289) net_cpu: case=0 task=httpd id=9 runtime_us=94355 existed=1[0m
[0;32mI (51296) net_cpu: case=0 task=ppT id=7 runtime_us=3411292 existed=1[0m
[0;32mI (51303) net_cpu: case=0 task=sys_evt id=6 runtime_us=0 existed=1[0m
[0;32mI (51311) net_bench: case=0 output=0 wall_us=20048073 bytes=2220632 open_us=71534 error=0 rssi=-83 heap_min=10944[0m
[0;32mI (51320) net_bench: case=0 recv_total_us=4428444 recv_positive_us=3655046 recv_empty_us=773398[0m
[0;32mI (51330) net_bench: case=0 cpu_lean=1 gap_metrics_valid=0 heap_is_final=1[0m
[0;32mI (51337) net_bench: case=0 sampled_heap_min=11532 rx_gap_tick_ms=315 wait_calls=2480[0m
[0;32mI (51346) net_bench: case=0 calls=6519 empty=2480 rx_gap_us=0 app_gap_us=0 empty_wait_us=0 recv_max_us=4411 commit_max_us=0 ready_max=0 ready_probes=0[0m
[0;32mI (51360) net_bench: case=0 pcm_frames=0 rate=0 eof=1885 underrun=1884 stack=1252[0m
[0;32mI (51368) net_bench: case=0 second=0 bytes=60440 rssi=-68[0m
[0;32mI (51374) net_bench: case=0 second=1 bytes=154424 rssi=-67[0m
[0;32mI (51381) net_bench: case=0 second=2 bytes=97272 rssi=-68[0m
[0;32mI (51386) net_bench: case=0 second=3 bytes=105640 rssi=-66[0m
[0;32mI (51392) net_bench: case=0 second=4 bytes=140304 rssi=-82[0m
[0;32mI (51399) net_bench: case=0 second=5 bytes=91656 rssi=-82[0m
[0;32mI (51405) net_bench: case=0 second=6 bytes=133632 rssi=-82[0m
[0;32mI (51411) net_bench: case=0 second=7 bytes=147272 rssi=-82[0m
[0;32mI (51417) net_bench: case=0 second=8 bytes=144888 rssi=-82[0m
[0;32mI (51423) net_bench: case=0 second=9 bytes=80992 rssi=-68[0m
[0;32mI (51429) net_bench: case=0 second=10 bytes=84744 rssi=-67[0m
[0;32mI (51435) net_bench: case=0 second=11 bytes=75336 rssi=-68[0m
[0;32mI (51441) net_bench: case=0 second=12 bytes=84448 rssi=-67[0m
[0;32mI (51448) net_bench: case=0 second=13 bytes=95712 rssi=-68[0m
[0;32mI (51454) net_bench: case=0 second=14 bytes=75632 rssi=-83[0m
[0;32mI (51460) net_bench: case=0 second=15 bytes=101608 rssi=-83[0m
[0;32mI (51466) net_bench: case=0 second=16 bytes=145368 rssi=-83[0m
[0;32mI (51472) net_bench: case=0 second=17 bytes=146736 rssi=-85[0m
[0;32mI (51479) net_bench: case=0 second=18 bytes=149416 rssi=-83[0m
[0;32mI (51485) net_bench: case=0 second=19 bytes=105112 rssi=-68[0m
[0;32mI (52492) net_bench: case=1 path=/mp3-320?rate=0 output=0 begin rssi=-68 round=0 fixture=0 variant=1 wait_ms=25 read_limit=1536 batch=1[0m
[0;32mI (72636) net_cpu: case=1 valid=1 total_us=20081828 tasks_before=8 tasks_after=8 snapshot_bytes=1440[0m
[0;32mI (72638) net_cpu: case=1 task=audio id=4 runtime_us=4635953 existed=1[0m
[0;32mI (72644) net_cpu: case=1 task=IDLE id=2 runtime_us=7110589 existed=1[0m
[0;32mI (72651) net_cpu: case=1 task=tiT id=5 runtime_us=4700702 existed=1[0m
[0;32mI (72658) net_cpu: case=1 task=uiT id=1 runtime_us=39091 existed=1[0m
[0;32mI (72665) net_cpu: case=1 task=httpd id=9 runtime_us=93576 existed=1[0m
[0;32mI (72672) net_cpu: case=1 task=ppT id=7 runtime_us=3502755 existed=1[0m
[0;32mI (72679) net_cpu: case=1 task=Tmr Svc id=3 runtime_us=0 existed=1[0m
[0;32mI (72686) net_cpu: case=1 task=sys_evt id=6 runtime_us=0 existed=1[0m
[0;32mI (72695) net_bench: case=1 output=0 wall_us=20053606 bytes=2279892 open_us=76214 error=0 rssi=-66 heap_min=10372[0m
[0;32mI (72704) net_bench: case=1 recv_total_us=4547783 recv_positive_us=3711673 recv_empty_us=836110[0m
[0;32mI (72713) net_bench: case=1 cpu_lean=1 gap_metrics_valid=0 heap_is_final=1[0m
[0;32mI (72720) net_bench: case=1 sampled_heap_min=11668 rx_gap_tick_ms=319 wait_calls=2668[0m
[0;32mI (72729) net_bench: case=1 calls=6655 empty=2668 rx_gap_us=0 app_gap_us=0 empty_wait_us=0 recv_max_us=5562 commit_max_us=0 ready_max=0 ready_probes=0[0m
[0;32mI (72743) net_bench: case=1 pcm_frames=0 rate=0 eof=1885 underrun=1884 stack=1244[0m
[0;32mI (72751) net_bench: case=1 second=0 bytes=121064 rssi=-82[0m
[0;32mI (72757) net_bench: case=1 second=1 bytes=167584 rssi=-81[0m
[0;32mI (72763) net_bench: case=1 second=2 bytes=133040 rssi=-82[0m
[0;32mI (72770) net_bench: case=1 second=3 bytes=53896 rssi=-84[0m
[0;32mI (72776) net_bench: case=1 second=4 bytes=75632 rssi=-68[0m
[0;32mI (72782) net_bench: case=1 second=5 bytes=115592 rssi=-68[0m
[0;32mI (72788) net_bench: case=1 second=6 bytes=107792 rssi=-67[0m
[0;32mI (72794) net_bench: case=1 second=7 bytes=120656 rssi=-65[0m
[0;32mI (72800) net_bench: case=1 second=8 bytes=88736 rssi=-66[0m
[0;32mI (72806) net_bench: case=1 second=9 bytes=133280 rssi=-83[0m
[0;32mI (72812) net_bench: case=1 second=10 bytes=116128 rssi=-82[0m
[0;32mI (72819) net_bench: case=1 second=11 bytes=75928 rssi=-85[0m
[0;32mI (72825) net_bench: case=1 second=12 bytes=122856 rssi=-85[0m
[0;32mI (72831) net_bench: case=1 second=13 bytes=136736 rssi=-83[0m
[0;32mI (72837) net_bench: case=1 second=14 bytes=100980 rssi=-67[0m
[0;32mI (72843) net_bench: case=1 second=15 bytes=136792 rssi=-66[0m
[0;32mI (72850) net_bench: case=1 second=16 bytes=95224 rssi=-66[0m
[0;32mI (72856) net_bench: case=1 second=17 bytes=142504 rssi=-66[0m
[0;32mI (72862) net_bench: case=1 second=18 bytes=136792 rssi=-68[0m
[0;32mI (72868) net_bench: case=1 second=19 bytes=98680 rssi=-84[0m
[0;32mI (73875) net_bench: case=2 path=/mp3-128?rate=128 output=1 begin rssi=-82 round=0 fixture=1 variant=0 wait_ms=25 read_limit=1024 batch=1[0m
[0;32mI (95019) net_cpu: case=2 valid=1 total_us=20089626 tasks_before=8 tasks_after=8 snapshot_bytes=1440[0m
[0;32mI (95021) net_cpu: case=2 task=audio id=4 runtime_us=13162859 existed=1[0m
[0;32mI (95027) net_cpu: case=2 task=IDLE id=2 runtime_us=5331691 existed=1[0m
[0;32mI (95034) net_cpu: case=2 task=uiT id=1 runtime_us=46930 existed=1[0m
[0;32mI (95041) net_cpu: case=2 task=tiT id=5 runtime_us=748113 existed=1[0m
[0;32mI (95048) net_cpu: case=2 task=httpd id=9 runtime_us=94325 existed=1[0m
[0;32mI (95055) net_cpu: case=2 task=ppT id=7 runtime_us=707556 existed=1[0m
[0;32mI (95062) net_cpu: case=2 task=Tmr Svc id=3 runtime_us=0 existed=1[0m
[0;32mI (95068) net_cpu: case=2 task=sys_evt id=6 runtime_us=0 existed=1[0m
[0;32mI (95077) net_bench: case=2 output=1 wall_us=20061733 bytes=262107 open_us=1066586 error=0 rssi=-80 heap_min=10372[0m
[0;32mI (95086) net_bench: case=2 recv_total_us=456654 recv_positive_us=428115 recv_empty_us=28539[0m
[0;32mI (95095) net_bench: case=2 cpu_lean=1 gap_metrics_valid=0 heap_is_final=1[0m
[0;32mI (95103) net_bench: case=2 sampled_heap_min=9720 rx_gap_tick_ms=322 wait_calls=157[0m
[0;32mI (95111) net_bench: case=2 calls=587 empty=157 rx_gap_us=0 app_gap_us=0 empty_wait_us=0 recv_max_us=3374 commit_max_us=82836 ready_max=0 ready_probes=0[0m
[0;32mI (95125) net_bench: case=2 pcm_frames=722304 rate=44100 eof=4798 underrun=2803 stack=1244[0m
[0;32mI (95134) net_bench: case=2 second=0 bytes=6048 rssi=-69[0m
[0;32mI (95140) net_bench: case=2 second=1 bytes=6293 rssi=-66[0m
[0;32mI (95146) net_bench: case=2 second=2 bytes=7264 rssi=-66[0m
[0;32mI (95152) net_bench: case=2 second=3 bytes=4193 rssi=-66[0m
[0;32mI (95158) net_bench: case=2 second=4 bytes=7504 rssi=-84[0m
[0;32mI (95164) net_bench: case=2 second=5 bytes=13889 rssi=-86[0m
[0;32mI (95170) net_bench: case=2 second=6 bytes=10126 rssi=-80[0m
[0;32mI (95176) net_bench: case=2 second=7 bytes=16204 rssi=-83[0m
[0;32mI (95182) net_bench: case=2 second=8 bytes=15046 rssi=-79[0m
[0;32mI (95188) net_bench: case=2 second=9 bytes=16301 rssi=-65[0m
[0;32mI (95195) net_bench: case=2 second=10 bytes=16300 rssi=-66[0m
[0;32mI (95201) net_bench: case=2 second=11 bytes=15046 rssi=-66[0m
[0;32mI (95207) net_bench: case=2 second=12 bytes=16300 rssi=-67[0m
[0;32mI (95213) net_bench: case=2 second=13 bytes=16300 rssi=-67[0m
[0;32mI (95219) net_bench: case=2 second=14 bytes=16300 rssi=-67[0m
[0;32mI (95225) net_bench: case=2 second=15 bytes=15046 rssi=-67[0m
[0;32mI (95231) net_bench: case=2 second=16 bytes=16300 rssi=-79[0m
[0;32mI (95237) net_bench: case=2 second=17 bytes=16300 rssi=-80[0m
[0;32mI (95244) net_bench: case=2 second=18 bytes=15047 rssi=-76[0m
[0;32mI (95251) net_bench: case=2 second=19 bytes=16300 rssi=-64[0m
[0;32mI (96257) net_bench: case=3 path=/mp3-128?rate=128 output=1 begin rssi=-69 round=0 fixture=1 variant=1 wait_ms=25 read_limit=1536 batch=1[0m
[0;32mI (116393) net_cpu: case=3 valid=1 total_us=20078631 tasks_before=8 tasks_after=8 snapshot_bytes=1440[0m
[0;32mI (116395) net_cpu: case=3 task=audio id=4 runtime_us=15001596 existed=1[0m
[0;32mI (116401) net_cpu: case=3 task=IDLE id=2 runtime_us=3317823 existed=1[0m
[0;32mI (116408) net_cpu: case=3 task=uiT id=1 runtime_us=48777 existed=1[0m
[0;32mI (116415) net_cpu: case=3 task=tiT id=5 runtime_us=827762 existed=1[0m
[0;32mI (116422) net_cpu: case=3 task=ppT id=7 runtime_us=788197 existed=1[0m
[0;32mI (116429) net_cpu: case=3 task=httpd id=9 runtime_us=94677 existed=1[0m
[0;32mI (116436) net_cpu: case=3 task=Tmr Svc id=3 runtime_us=0 existed=1[0m
[0;32mI (116443) net_cpu: case=3 task=sys_evt id=6 runtime_us=0 existed=1[0m
[0;32mI (116452) net_bench: case=3 output=1 wall_us=20050698 bytes=302460 open_us=70301 error=0 rssi=-66 heap_min=9720[0m
[0;32mI (116461) net_bench: case=3 recv_total_us=435377 recv_positive_us=424355 recv_empty_us=11022[0m
[0;32mI (116470) net_bench: case=3 cpu_lean=1 gap_metrics_valid=0 heap_is_final=1[0m
[0;32mI (116478) net_bench: case=3 sampled_heap_min=9420 rx_gap_tick_ms=448 wait_calls=46[0m
[0;32mI (116486) net_bench: case=3 calls=304 empty=46 rx_gap_us=0 app_gap_us=0 empty_wait_us=0 recv_max_us=4483 commit_max_us=81757 ready_max=0 ready_probes=0[0m
[0;32mI (116500) net_bench: case=3 pcm_frames=832896 rate=44100 eof=3016 underrun=916 stack=1164[0m
[0;32mI (116509) net_bench: case=3 second=0 bytes=15328 rssi=-70[0m
[0;32mI (116515) net_bench: case=3 second=1 bytes=16300 rssi=-77[0m
[0;32mI (116522) net_bench: case=3 second=2 bytes=16144 rssi=-78[0m
[0;32mI (116528) net_bench: case=3 second=3 bytes=15202 rssi=-81[0m
[0;32mI (116534) net_bench: case=3 second=4 bytes=16300 rssi=-65[0m
[0;32mI (116540) net_bench: case=3 second=5 bytes=16301 rssi=-66[0m
[0;32mI (116546) net_bench: case=3 second=6 bytes=9365 rssi=-67[0m
[0;32mI (116552) net_bench: case=3 second=7 bytes=11950 rssi=-65[0m
[0;32mI (116558) net_bench: case=3 second=8 bytes=13792 rssi=-66[0m
[0;32mI (116564) net_bench: case=3 second=9 bytes=15047 rssi=-65[0m
[0;32mI (116570) net_bench: case=3 second=10 bytes=16300 rssi=-73[0m
[0;32mI (116577) net_bench: case=3 second=11 bytes=16300 rssi=-73[0m
[0;32mI (116583) net_bench: case=3 second=12 bytes=12538 rssi=-81[0m
[0;32mI (116589) net_bench: case=3 second=13 bytes=16300 rssi=-77[0m
[0;32mI (116595) net_bench: case=3 second=14 bytes=16300 rssi=-80[0m
[0;32mI (116602) net_bench: case=3 second=15 bytes=15046 rssi=-84[0m
[0;32mI (116608) net_bench: case=3 second=16 bytes=16300 rssi=-66[0m
[0;32mI (116614) net_bench: case=3 second=17 bytes=16300 rssi=-67[0m
[0;32mI (116620) net_bench: case=3 second=18 bytes=15046 rssi=-69[0m
[0;32mI (116627) net_bench: case=3 second=19 bytes=16301 rssi=-66[0m
[0;32mI (117634) net_bench: case=4 path=/mp3-320?rate=320 output=1 begin rssi=-82 round=0 fixture=2 variant=0 wait_ms=25 read_limit=1024 batch=1[0m
[0;32mI (137784) net_cpu: case=4 valid=1 total_us=20088010 tasks_before=8 tasks_after=8 snapshot_bytes=1440[0m
[0;32mI (137786) net_cpu: case=4 task=audio id=4 runtime_us=16130417 existed=1[0m
[0;32mI (137793) net_cpu: case=4 task=IDLE id=2 runtime_us=826745 existed=1[0m
[0;32mI (137799) net_cpu: case=4 task=uiT id=1 runtime_us=41306 existed=1[0m
[0;32mI (137806) net_cpu: case=4 task=tiT id=5 runtime_us=1649576 existed=1[0m
[0;32mI (137813) net_cpu: case=4 task=httpd id=9 runtime_us=86613 existed=1[0m
[0;32mI (137820) net_cpu: case=4 task=ppT id=7 runtime_us=1353738 existed=1[0m
[0;32mI (137827) net_cpu: case=4 task=Tmr Svc id=3 runtime_us=0 existed=1[0m
[0;32mI (137834) net_cpu: case=4 task=sys_evt id=6 runtime_us=0 existed=1[0m
[0;32mI (137844) net_bench: case=4 output=1 wall_us=20059833 bytes=595018 open_us=75612 error=0 rssi=-83 heap_min=9408[0m
[0;32mI (137853) net_bench: case=4 recv_total_us=1117727 recv_positive_us=1112645 recv_empty_us=5082[0m
[0;32mI (137862) net_bench: case=4 cpu_lean=1 gap_metrics_valid=0 heap_is_final=1[0m
[0;32mI (137870) net_bench: case=4 sampled_heap_min=9596 rx_gap_tick_ms=264 wait_calls=18[0m
[0;32mI (137878) net_bench: case=4 calls=1157 empty=18 rx_gap_us=0 app_gap_us=0 empty_wait_us=0 recv_max_us=4741 commit_max_us=40010 ready_max=0 ready_probes=0[0m
[0;32mI (137893) net_bench: case=4 pcm_frames=655488 rate=44100 eof=7888 underrun=3900 stack=1164[0m
[0;32mI (137902) net_bench: case=4 second=0 bytes=29727 rssi=-69[0m
[0;32mI (137908) net_bench: case=4 second=1 bytes=30302 rssi=-67[0m
[0;32mI (137914) net_bench: case=4 second=2 bytes=30302 rssi=-67[0m
[0;32mI (137920) net_bench: case=4 second=3 bytes=30302 rssi=-66[0m
[0;32mI (137926) net_bench: case=4 second=4 bytes=30302 rssi=-84[0m
[0;32mI (137932) net_bench: case=4 second=5 bytes=30302 rssi=-82[0m
[0;32mI (137938) net_bench: case=4 second=6 bytes=30303 rssi=-83[0m
[0;32mI (137944) net_bench: case=4 second=7 bytes=30302 rssi=-83[0m
[0;32mI (137951) net_bench: case=4 second=8 bytes=29257 rssi=-81[0m
[0;32mI (137957) net_bench: case=4 second=9 bytes=31347 rssi=-67[0m
[0;32mI (137963) net_bench: case=4 second=10 bytes=29257 rssi=-66[0m
[0;32mI (137969) net_bench: case=4 second=11 bytes=30302 rssi=-67[0m
[0;32mI (137975) net_bench: case=4 second=12 bytes=30302 rssi=-66[0m
[0;32mI (137982) net_bench: case=4 second=13 bytes=30302 rssi=-68[0m
[0;32mI (137988) net_bench: case=4 second=14 bytes=19853 rssi=-83[0m
[0;32mI (137994) net_bench: case=4 second=15 bytes=30303 rssi=-83[0m
[0;32mI (138000) net_bench: case=4 second=16 bytes=30302 rssi=-82[0m
[0;32mI (138007) net_bench: case=4 second=17 bytes=30302 rssi=-81[0m
[0;32mI (138013) net_bench: case=4 second=18 bytes=30302 rssi=-66[0m
[0;32mI (138019) net_bench: case=4 second=19 bytes=31347 rssi=-67[0m
[0;32mI (139026) net_bench: case=5 path=/mp3-320?rate=320 output=1 begin rssi=-82 round=0 fixture=2 variant=1 wait_ms=25 read_limit=1536 batch=1[0m
[0;32mI (159174) net_cpu: case=5 valid=1 total_us=20085642 tasks_before=8 tasks_after=8 snapshot_bytes=1440[0m
[0;32mI (159176) net_cpu: case=5 task=audio id=4 runtime_us=14999440 existed=1[0m
[0;32mI (159182) net_cpu: case=5 task=IDLE id=2 runtime_us=2193086 existed=1[0m
[0;32mI (159189) net_cpu: case=5 task=tiT id=5 runtime_us=1496505 existed=1[0m
[0;32mI (159196) net_cpu: case=5 task=uiT id=1 runtime_us=41926 existed=1[0m
[0;32mI (159203) net_cpu: case=5 task=httpd id=9 runtime_us=82450 existed=1[0m
[0;32mI (159210) net_cpu: case=5 task=ppT id=7 runtime_us=1273679 existed=1[0m
[0;32mI (159217) net_cpu: case=5 task=Tmr Svc id=3 runtime_us=0 existed=1[0m
[0;32mI (159224) net_cpu: case=5 task=sys_evt id=6 runtime_us=0 existed=1[0m
[0;32mI (159233) net_bench: case=5 output=1 wall_us=20057504 bytes=555333 open_us=75557 error=0 rssi=-66 heap_min=10364[0m
[0;32mI (159242) net_bench: case=5 recv_total_us=920619 recv_positive_us=905495 recv_empty_us=15124[0m
[0;32mI (159251) net_bench: case=5 cpu_lean=1 gap_metrics_valid=0 heap_is_final=1[0m
[0;32mI (159259) net_bench: case=5 sampled_heap_min=9520 rx_gap_tick_ms=298 wait_calls=87[0m
[0;32mI (159267) net_bench: case=5 calls=643 empty=87 rx_gap_us=0 app_gap_us=0 empty_wait_us=0 recv_max_us=4043 commit_max_us=42425 ready_max=0 ready_probes=0[0m
[0;32mI (159282) net_bench: case=5 pcm_frames=611712 rate=44100 eof=8384 underrun=4664 stack=1164[0m
[0;32mI (159290) net_bench: case=5 second=0 bytes=30793 rssi=-82[0m
[0;32mI (159297) net_bench: case=5 second=1 bytes=31347 rssi=-83[0m
[0;32mI (159303) net_bench: case=5 second=2 bytes=31347 rssi=-82[0m
[0;32mI (159309) net_bench: case=5 second=3 bytes=23874 rssi=-83[0m
[0;32mI (159315) net_bench: case=5 second=4 bytes=28371 rssi=-83[0m
[0;32mI (159321) net_bench: case=5 second=5 bytes=24627 rssi=-82[0m
[0;32mI (159327) net_bench: case=5 second=6 bytes=28663 rssi=-66[0m
[0;32mI (159334) net_bench: case=5 second=7 bytes=22987 rssi=-66[0m
[0;32mI (159340) net_bench: case=5 second=8 bytes=21943 rssi=-66[0m
[0;32mI (159346) net_bench: case=5 second=9 bytes=31347 rssi=-66[0m
[0;32mI (159352) net_bench: case=5 second=10 bytes=31347 rssi=-83[0m
[0;32mI (159358) net_bench: case=5 second=11 bytes=31347 rssi=-82[0m
[0;32mI (159364) net_bench: case=5 second=12 bytes=30302 rssi=-83[0m
[0;32mI (159371) net_bench: case=5 second=13 bytes=31347 rssi=-81[0m
[0;32mI (159377) net_bench: case=5 second=14 bytes=31347 rssi=-82[0m
[0;32mI (159383) net_bench: case=5 second=15 bytes=21943 rssi=-81[0m
[0;32mI (159389) net_bench: case=5 second=16 bytes=31347 rssi=-67[0m
[0;32mI (159396) net_bench: case=5 second=17 bytes=15440 rssi=-69[0m
[0;32mI (159402) net_bench: case=5 second=18 bytes=31581 rssi=-68[0m
[0;32mI (159408) net_bench: case=5 second=19 bytes=22988 rssi=-67[0m
[0;32mI (160415) net_bench: case=6 path=/aac-64?rate=64 output=1 begin rssi=-67 round=0 fixture=3 variant=0 wait_ms=25 read_limit=1024 batch=1[0m
[0;32mI (180679) net_cpu: case=6 valid=1 total_us=20201007 tasks_before=8 tasks_after=8 snapshot_bytes=1440[0m
[0;32mI (180681) net_cpu: case=6 task=audio id=4 runtime_us=12039892 existed=1[0m
[0;32mI (180687) net_cpu: case=6 task=IDLE id=2 runtime_us=7031384 existed=1[0m
[0;32mI (180694) net_cpu: case=6 task=uiT id=1 runtime_us=47987 existed=1[0m
[0;32mI (180701) net_cpu: case=6 task=tiT id=5 runtime_us=474138 existed=1[0m
[0;32mI (180708) net_cpu: case=6 task=httpd id=9 runtime_us=97487 existed=1[0m
[0;32mI (180715) net_cpu: case=6 task=ppT id=7 runtime_us=511960 existed=1[0m
[0;32mI (180722) net_cpu: case=6 task=Tmr Svc id=3 runtime_us=0 existed=1[0m
[0;32mI (180729) net_cpu: case=6 task=sys_evt id=6 runtime_us=0 existed=1[0m
[0;32mI (180739) net_bench: case=6 output=1 wall_us=20172956 bytes=138625 open_us=76288 error=0 rssi=-84 heap_min=11404[0m
[0;32mI (180747) net_bench: case=6 recv_total_us=218063 recv_positive_us=216589 recv_empty_us=1474[0m
[0;32mI (180756) net_bench: case=6 cpu_lean=1 gap_metrics_valid=0 heap_is_final=1[0m
[0;32mI (180764) net_bench: case=6 sampled_heap_min=11044 rx_gap_tick_ms=179 wait_calls=8[0m
[0;32mI (180772) net_bench: case=6 calls=202 empty=8 rx_gap_us=0 app_gap_us=0 empty_wait_us=0 recv_max_us=1907 commit_max_us=177505 ready_max=0 ready_probes=0[0m
[0;32mI (180786) net_bench: case=6 pcm_frames=773120 rate=44100 eof=4273 underrun=2023 stack=1164[0m
[0;32mI (180795) net_bench: case=6 second=0 bytes=7222 rssi=-82[0m
[0;32mI (180801) net_bench: case=6 second=1 bytes=6715 rssi=-83[0m
[0;32mI (180807) net_bench: case=6 second=2 bytes=7154 rssi=-83[0m
[0;32mI (180813) net_bench: case=6 second=3 bytes=7143 rssi=-82[0m
[0;32mI (180819) net_bench: case=6 second=4 bytes=7070 rssi=-82[0m
[0;32mI (180826) net_bench: case=6 second=5 bytes=6106 rssi=-81[0m
[0;32mI (180832) net_bench: case=6 second=6 bytes=7377 rssi=-67[0m
[0;32mI (180838) net_bench: case=6 second=7 bytes=6785 rssi=-66[0m
[0;32mI (180844) net_bench: case=6 second=8 bytes=7090 rssi=-66[0m
[0;32mI (180850) net_bench: case=6 second=9 bytes=7148 rssi=-68[0m
[0;32mI (180856) net_bench: case=6 second=10 bytes=7132 rssi=-66[0m
[0;32mI (180862) net_bench: case=6 second=11 bytes=6255 rssi=-67[0m
[0;32mI (180868) net_bench: case=6 second=12 bytes=6731 rssi=-83[0m
[0;32mI (180874) net_bench: case=6 second=13 bytes=7071 rssi=-67[0m
[0;32mI (180880) net_bench: case=6 second=14 bytes=7267 rssi=-69[0m
[0;32mI (180887) net_bench: case=6 second=15 bytes=7135 rssi=-82[0m
[0;32mI (180893) net_bench: case=6 second=16 bytes=7162 rssi=-80[0m
[0;32mI (180899) net_bench: case=6 second=17 bytes=5774 rssi=-77[0m
[0;32mI (180905) net_bench: case=6 second=18 bytes=7011 rssi=-68[0m
[0;32mI (180911) net_bench: case=6 second=19 bytes=7277 rssi=-68[0m
[0;32mI (181918) net_bench: case=7 path=/aac-64?rate=64 output=1 begin rssi=-68 round=0 fixture=3 variant=1 wait_ms=25 read_limit=1536 batch=1[0m
[0;32mI (203198) net_cpu: case=7 valid=1 total_us=20215450 tasks_before=8 tasks_after=8 snapshot_bytes=1440[0m
[0;32mI (203200) net_cpu: case=7 task=audio id=4 runtime_us=12135852 existed=1[0m
[0;32mI (203206) net_cpu: case=7 task=IDLE id=2 runtime_us=6962277 existed=1[0m
[0;32mI (203213) net_cpu: case=7 task=uiT id=1 runtime_us=48776 existed=1[0m
[0;32mI (203220) net_cpu: case=7 task=tiT id=5 runtime_us=461802 existed=1[0m
[0;32mI (203227) net_cpu: case=7 task=httpd id=9 runtime_us=98610 existed=1[0m
[0;32mI (203234) net_cpu: case=7 task=ppT id=7 runtime_us=508527 existed=1[0m
[0;32mI (203241) net_cpu: case=7 task=Tmr Svc id=3 runtime_us=0 existed=1[0m
[0;32mI (203248) net_cpu: case=7 task=sys_evt id=6 runtime_us=0 existed=1[0m
[0;32mI (203257) net_bench: case=7 output=1 wall_us=20187374 bytes=140350 open_us=1077909 error=0 rssi=-83 heap_min=11500[0m
[0;32mI (203266) net_bench: case=7 recv_total_us=176905 recv_positive_us=176905 recv_empty_us=0[0m
[0;32mI (203275) net_bench: case=7 cpu_lean=1 gap_metrics_valid=0 heap_is_final=1[0m
[0;32mI (203283) net_bench: case=7 sampled_heap_min=11052 rx_gap_tick_ms=231 wait_calls=0[0m
[0;32mI (203291) net_bench: case=7 calls=104 empty=0 rx_gap_us=0 app_gap_us=0 empty_wait_us=0 recv_max_us=2948 commit_max_us=228923 ready_max=0 ready_probes=0[0m
[0;32mI (203305) net_bench: case=7 pcm_frames=784384 rate=44100 eof=4123 underrun=1842 stack=1164[0m
[0;32mI (203314) net_bench: case=7 second=0 bytes=8192 rssi=-69[0m
[0;32mI (203320) net_bench: case=7 second=1 bytes=7615 rssi=-66[0m
[0;32mI (203326) net_bench: case=7 second=2 bytes=5761 rssi=-83[0m
[0;32mI (203332) net_bench: case=7 second=3 bytes=7090 rssi=-82[0m
[0;32mI (203338) net_bench: case=7 second=4 bytes=7148 rssi=-82[0m
[0;32mI (203345) net_bench: case=7 second=5 bytes=7132 rssi=-83[0m
[0;32mI (203350) net_bench: case=7 second=6 bytes=7279 rssi=-83[0m
[0;32mI (203357) net_bench: case=7 second=7 bytes=7136 rssi=-83[0m
[0;32mI (203363) net_bench: case=7 second=8 bytes=7011 rssi=-83[0m
[0;32mI (203369) net_bench: case=7 second=9 bytes=5898 rssi=-84[0m
[0;32mI (203375) net_bench: case=7 second=10 bytes=7135 rssi=-83[0m
[0;32mI (203381) net_bench: case=7 second=11 bytes=7162 rssi=-83[0m
[0;32mI (203387) net_bench: case=7 second=12 bytes=7247 rssi=-82[0m
[0;32mI (203393) net_bench: case=7 second=13 bytes=6945 rssi=-82[0m
[0;32mI (203399) net_bench: case=7 second=14 bytes=7216 rssi=-83[0m
[0;32mI (203405) net_bench: case=7 second=15 bytes=7262 rssi=-84[0m
[0;32mI (203412) net_bench: case=7 second=16 bytes=5778 rssi=-67[0m
[0;32mI (203418) net_bench: case=7 second=17 bytes=7143 rssi=-66[0m
[0;32mI (203424) net_bench: case=7 second=18 bytes=7070 rssi=-69[0m
[0;32mI (203430) net_bench: case=7 second=19 bytes=7130 rssi=-67[0m
[0;32mI (204437) net_bench: case=8 path=/mp3-320?rate=0 output=0 begin rssi=-67 round=1 fixture=0 variant=1 wait_ms=25 read_limit=1536 batch=1[0m
[0;32mI (224563) net_cpu: case=8 valid=1 total_us=20065367 tasks_before=8 tasks_after=8 snapshot_bytes=1440[0m
[0;32mI (224565) net_cpu: case=8 task=audio id=4 runtime_us=4686314 existed=1[0m
[0;32mI (224572) net_cpu: case=8 task=IDLE id=2 runtime_us=6785031 existed=1[0m
[0;32mI (224579) net_cpu: case=8 task=uiT id=1 runtime_us=38070 existed=1[0m
[0;32mI (224585) net_cpu: case=8 task=tiT id=5 runtime_us=4857966 existed=1[0m
[0;32mI (224593) net_cpu: case=8 task=httpd id=9 runtime_us=91688 existed=1[0m
[0;32mI (224600) net_cpu: case=8 task=ppT id=7 runtime_us=3606403 existed=1[0m
[0;32mI (224607) net_cpu: case=8 task=Tmr Svc id=3 runtime_us=0 existed=1[0m
[0;32mI (224614) net_cpu: case=8 task=sys_evt id=6 runtime_us=0 existed=1[0m
[0;32mI (224622) net_bench: case=8 output=0 wall_us=20038111 bytes=2363080 open_us=72110 error=0 rssi=-66 heap_min=12308[0m
[0;32mI (224632) net_bench: case=8 recv_total_us=4736325 recv_positive_us=3888689 recv_empty_us=847636[0m
[0;32mI (224641) net_bench: case=8 cpu_lean=1 gap_metrics_valid=0 heap_is_final=1[0m
[0;32mI (224649) net_bench: case=8 sampled_heap_min=10940 rx_gap_tick_ms=314 wait_calls=2696[0m
[0;32mI (224657) net_bench: case=8 calls=6714 empty=2696 rx_gap_us=0 app_gap_us=0 empty_wait_us=0 recv_max_us=5395 commit_max_us=0 ready_max=0 ready_probes=0[0m
[0;32mI (224671) net_bench: case=8 pcm_frames=0 rate=0 eof=1884 underrun=1883 stack=1164[0m
[0;32mI (224680) net_bench: case=8 second=0 bytes=157624 rssi=-84[0m
[0;32mI (224686) net_bench: case=8 second=1 bytes=152280 rssi=-84[0m
[0;32mI (224692) net_bench: case=8 second=2 bytes=153168 rssi=-86[0m
[0;32mI (224698) net_bench: case=8 second=3 bytes=153944 rssi=-66[0m
[0;32mI (224705) net_bench: case=8 second=4 bytes=148288 rssi=-68[0m
[0;32mI (224711) net_bench: case=8 second=5 bytes=142984 rssi=-67[0m
[0;32mI (224717) net_bench: case=8 second=6 bytes=104800 rssi=-66[0m
[0;32mI (224723) net_bench: case=8 second=7 bytes=92784 rssi=-66[0m
[0;32mI (224729) net_bench: case=8 second=8 bytes=140784 rssi=-84[0m
[0;32mI (224736) net_bench: case=8 second=9 bytes=147512 rssi=-82[0m
[0;32mI (224742) net_bench: case=8 second=10 bytes=99808 rssi=-83[0m
[0;32mI (224748) net_bench: case=8 second=11 bytes=100048 rssi=-82[0m
[0;32mI (224755) net_bench: case=8 second=12 bytes=79384 rssi=-84[0m
[0;32mI (224762) net_bench: case=8 second=13 bytes=54968 rssi=-68[0m
[0;32mI (224768) net_bench: case=8 second=14 bytes=61696 rssi=-67[0m
[0;32mI (224774) net_bench: case=8 second=15 bytes=81824 rssi=-66[0m
[0;32mI (224780) net_bench: case=8 second=16 bytes=113688 rssi=-66[0m
[0;32mI (224787) net_bench: case=8 second=17 bytes=120104 rssi=-67[0m
[0;32mI (224793) net_bench: case=8 second=18 bytes=135184 rssi=-82[0m
[0;32mI (224799) net_bench: case=8 second=19 bytes=122208 rssi=-83[0m
[0;32mI (225807) net_bench: case=9 path=/mp3-320?rate=0 output=0 begin rssi=-67 round=1 fixture=0 variant=0 wait_ms=25 read_limit=1024 batch=1[0m
[0;32mI (245926) net_cpu: case=9 valid=1 total_us=20064783 tasks_before=8 tasks_after=8 snapshot_bytes=1440[0m
[0;32mI (245930) net_cpu: case=9 task=audio id=4 runtime_us=4645451 existed=1[0m
[0;32mI (245936) net_cpu: case=9 task=IDLE id=2 runtime_us=7064662 existed=1[0m
[0;32mI (245943) net_cpu: case=9 task=tiT id=5 runtime_us=4727007 existed=1[0m
[0;32mI (245950) net_cpu: case=9 task=uiT id=1 runtime_us=38082 existed=1[0m
[0;32mI (245958) net_cpu: case=9 task=httpd id=9 runtime_us=91881 existed=1[0m
[0;32mI (245965) net_cpu: case=9 task=ppT id=7 runtime_us=3498036 existed=1[0m
[0;32mI (245972) net_cpu: case=9 task=Tmr Svc id=3 runtime_us=0 existed=1[0m
[0;32mI (245979) net_cpu: case=9 task=sys_evt id=6 runtime_us=0 existed=1[0m
[0;32mI (245988) net_bench: case=9 output=0 wall_us=20036522 bytes=2286232 open_us=67487 error=0 rssi=-66 heap_min=12308[0m
[0;32mI (245997) net_bench: case=9 recv_total_us=4541432 recv_positive_us=3707431 recv_empty_us=834001[0m
[0;32mI (246007) net_bench: case=9 cpu_lean=1 gap_metrics_valid=0 heap_is_final=1[0m
[0;32mI (246014) net_bench: case=9 sampled_heap_min=10940 rx_gap_tick_ms=324 wait_calls=2620[0m
[0;32mI (246023) net_bench: case=9 calls=6800 empty=2620 rx_gap_us=0 app_gap_us=0 empty_wait_us=0 recv_max_us=5844 commit_max_us=0 ready_max=0 ready_probes=0[0m
[0;32mI (246037) net_bench: case=9 pcm_frames=0 rate=0 eof=1884 underrun=1883 stack=1164[0m
[0;32mI (246045) net_bench: case=9 second=0 bytes=99088 rssi=-66[0m
[0;32mI (246051) net_bench: case=9 second=1 bytes=112376 rssi=-66[0m
[0;32mI (246058) net_bench: case=9 second=2 bytes=101840 rssi=-67[0m
[0;32mI (246064) net_bench: case=9 second=3 bytes=142896 rssi=-84[0m
[0;32mI (246070) net_bench: case=9 second=4 bytes=120952 rssi=-82[0m
[0;32mI (246076) net_bench: case=9 second=5 bytes=118328 rssi=-83[0m
[0;32mI (246083) net_bench: case=9 second=6 bytes=141624 rssi=-85[0m
[0;32mI (246089) net_bench: case=9 second=7 bytes=100584 rssi=-81[0m
[0;32mI (246095) net_bench: case=9 second=8 bytes=97072 rssi=-67[0m
[0;32mI (246101) net_bench: case=9 second=9 bytes=148288 rssi=-67[0m
[0;32mI (246107) net_bench: case=9 second=10 bytes=135424 rssi=-82[0m
[0;32mI (246114) net_bench: case=9 second=11 bytes=99032 rssi=-68[0m
[0;32mI (246120) net_bench: case=9 second=12 bytes=143224 rssi=-66[0m
[0;32mI (246126) net_bench: case=9 second=13 bytes=93560 rssi=-83[0m
[0;32mI (246132) net_bench: case=9 second=14 bytes=90400 rssi=-84[0m
[0;32mI (246139) net_bench: case=9 second=15 bytes=113984 rssi=-82[0m
[0;32mI (246145) net_bench: case=9 second=16 bytes=92728 rssi=-83[0m
[0;32mI (246151) net_bench: case=9 second=17 bytes=68608 rssi=-83[0m
[0;32mI (246158) net_bench: case=9 second=18 bytes=123048 rssi=-66[0m
[0;32mI (246164) net_bench: case=9 second=19 bytes=143176 rssi=-68[0m
[0;32mI (247171) net_bench: case=10 path=/mp3-128?rate=128 output=1 begin rssi=-67 round=1 fixture=1 variant=1 wait_ms=25 read_limit=1536 batch=1[0m
[0;32mI (267343) net_cpu: case=10 valid=1 total_us=20106440 tasks_before=8 tasks_after=8 snapshot_bytes=1440[0m
[0;32mI (267345) net_cpu: case=10 task=audio id=4 runtime_us=12541416 existed=1[0m
[0;32mI (267351) net_cpu: case=10 task=IDLE id=2 runtime_us=5951547 existed=1[0m
[0;32mI (267358) net_cpu: case=10 task=uiT id=1 runtime_us=46247 existed=1[0m
[0;32mI (267366) net_cpu: case=10 task=tiT id=5 runtime_us=751933 existed=1[0m
[0;32mI (267373) net_cpu: case=10 task=httpd id=9 runtime_us=92354 existed=1[0m
[0;32mI (267380) net_cpu: case=10 task=ppT id=7 runtime_us=723724 existed=1[0m
[0;32mI (267387) net_cpu: case=10 task=Tmr Svc id=3 runtime_us=0 existed=1[0m
[0;32mI (267394) net_cpu: case=10 task=sys_evt id=6 runtime_us=0 existed=1[0m
[0;32mI (267403) net_bench: case=10 output=1 wall_us=20078563 bytes=248544 open_us=78302 error=0 rssi=-66 heap_min=9884[0m
[0;32mI (267412) net_bench: case=10 recv_total_us=383907 recv_positive_us=346579 recv_empty_us=37328[0m
[0;32mI (267421) net_bench: case=10 cpu_lean=1 gap_metrics_valid=0 heap_is_final=1[0m
[0;32mI (267429) net_bench: case=10 sampled_heap_min=9420 rx_gap_tick_ms=590 wait_calls=193[0m
[0;32mI (267437) net_bench: case=10 calls=428 empty=193 rx_gap_us=0 app_gap_us=0 empty_wait_us=0 recv_max_us=2935 commit_max_us=81213 ready_max=0 ready_probes=0[0m
[0;32mI (267452) net_bench: case=10 pcm_frames=684288 rate=44100 eof=5324 underrun=3466 stack=1164[0m
[0;32mI (267461) net_bench: case=10 second=0 bytes=15328 rssi=-83[0m
[0;32mI (267467) net_bench: case=10 second=1 bytes=7523 rssi=-66[0m
[0;32mI (267473) net_bench: case=10 second=2 bytes=9600 rssi=-83[0m
[0;32mI (267479) net_bench: case=10 second=3 bytes=10394 rssi=-84[0m
[0;32mI (267485) net_bench: case=10 second=4 bytes=3216 rssi=-83[0m
[0;32mI (267492) net_bench: case=10 second=5 bytes=8949 rssi=-67[0m
[0;32mI (267498) net_bench: case=10 second=6 bytes=9218 rssi=-66[0m
[0;32mI (267504) net_bench: case=10 second=7 bytes=13179 rssi=-67[0m
[0;32mI (267510) net_bench: case=10 second=8 bytes=12539 rssi=-67[0m
[0;32mI (267516) net_bench: case=10 second=9 bytes=10644 rssi=-84[0m
[0;32mI (267523) net_bench: case=10 second=10 bytes=12107 rssi=-82[0m
[0;32mI (267529) net_bench: case=10 second=11 bytes=14224 rssi=-83[0m
[0;32mI (267535) net_bench: case=10 second=12 bytes=16300 rssi=-84[0m
[0;32mI (267542) net_bench: case=10 second=13 bytes=16300 rssi=-84[0m
[0;32mI (267548) net_bench: case=10 second=14 bytes=13792 rssi=-83[0m
[0;32mI (267554) net_bench: case=10 second=15 bytes=16300 rssi=-67[0m
[0;32mI (267560) net_bench: case=10 second=16 bytes=16300 rssi=-65[0m
[0;32mI (267567) net_bench: case=10 second=17 bytes=15046 rssi=-66[0m
[0;32mI (267573) net_bench: case=10 second=18 bytes=13534 rssi=-68[0m
[0;32mI (267579) net_bench: case=10 second=19 bytes=14051 rssi=-84[0m
[0;32mI (268587) net_bench: case=11 path=/mp3-128?rate=128 output=1 begin rssi=-86 round=1 fixture=1 variant=0 wait_ms=25 read_limit=1024 batch=1[0m
[0;32mI (288718) net_cpu: case=11 valid=1 total_us=20059630 tasks_before=8 tasks_after=8 snapshot_bytes=1440[0m
[0;32mI (288720) net_cpu: case=11 task=audio id=4 runtime_us=15296382 existed=1[0m
[0;32mI (288726) net_cpu: case=11 task=IDLE id=2 runtime_us=2883600 existed=1[0m
[0;32mI (288733) net_cpu: case=11 task=uiT id=1 runtime_us=48153 existed=1[0m
[0;32mI (288740) net_cpu: case=11 task=tiT id=5 runtime_us=905648 existed=1[0m
[0;32mI (288747) net_cpu: case=11 task=httpd id=9 runtime_us=94877 existed=1[0m
[0;32mI (288755) net_cpu: case=11 task=ppT id=7 runtime_us=831226 existed=1[0m
[0;32mI (288762) net_cpu: case=11 task=Tmr Svc id=3 runtime_us=0 existed=1[0m
[0;32mI (288769) net_cpu: case=11 task=sys_evt id=6 runtime_us=0 existed=1[0m
[0;32mI (288778) net_bench: case=11 output=1 wall_us=20031686 bytes=305573 open_us=84610 error=0 rssi=-82 heap_min=9720[0m
[0;32mI (288787) net_bench: case=11 recv_total_us=512909 recv_positive_us=504914 recv_empty_us=7995[0m
[0;32mI (288796) net_bench: case=11 cpu_lean=1 gap_metrics_valid=0 heap_is_final=1[0m
[0;32mI (288804) net_bench: case=11 sampled_heap_min=9320 rx_gap_tick_ms=236 wait_calls=42[0m
[0;32mI (288812) net_bench: case=11 calls=535 empty=42 rx_gap_us=0 app_gap_us=0 empty_wait_us=0 recv_max_us=3801 commit_max_us=82510 ready_max=0 ready_probes=0[0m
[0;32mI (288826) net_bench: case=11 pcm_frames=842112 rate=44100 eof=2849 underrun=746 stack=1164[0m
[0;32mI (288835) net_bench: case=11 second=0 bytes=16352 rssi=-81[0m
[0;32mI (288842) net_bench: case=11 second=1 bytes=15694 rssi=-83[0m
[0;32mI (288848) net_bench: case=11 second=2 bytes=15726 rssi=-66[0m
[0;32mI (288854) net_bench: case=11 second=3 bytes=16456 rssi=-67[0m
[0;32mI (288860) net_bench: case=11 second=4 bytes=14817 rssi=-69[0m
[0;32mI (288867) net_bench: case=11 second=5 bytes=16300 rssi=-67[0m
[0;32mI (288873) net_bench: case=11 second=6 bytes=16300 rssi=-67[0m
[0;32mI (288879) net_bench: case=11 second=7 bytes=15046 rssi=-65[0m
[0;32mI (288885) net_bench: case=11 second=8 bytes=16300 rssi=-82[0m
[0;32mI (288891) net_bench: case=11 second=9 bytes=16300 rssi=-83[0m
[0;32mI (288898) net_bench: case=11 second=10 bytes=16300 rssi=-81[0m
[0;32mI (288904) net_bench: case=11 second=11 bytes=15882 rssi=-84[0m
[0;32mI (288910) net_bench: case=11 second=12 bytes=16300 rssi=-68[0m
[0;32mI (288917) net_bench: case=11 second=13 bytes=15046 rssi=-68[0m
[0;32mI (288923) net_bench: case=11 second=14 bytes=14305 rssi=-77[0m
[0;32mI (288929) net_bench: case=11 second=15 bytes=9519 rssi=-67[0m
[0;32mI (288935) net_bench: case=11 second=16 bytes=15046 rssi=-66[0m
[0;32mI (288942) net_bench: case=11 second=17 bytes=16300 rssi=-81[0m
[0;32mI (288948) net_bench: case=11 second=18 bytes=16300 rssi=-84[0m
[0;32mI (288954) net_bench: case=11 second=19 bytes=11284 rssi=-83[0m
[0;32mI (289963) net_bench: case=12 path=/mp3-320?rate=320 output=1 begin rssi=-83 round=1 fixture=2 variant=1 wait_ms=25 read_limit=1536 batch=1[0m
[0;32mI (310089) net_cpu: case=12 valid=1 total_us=20064217 tasks_before=8 tasks_after=8 snapshot_bytes=1440[0m
[0;32mI (310091) net_cpu: case=12 task=audio id=4 runtime_us=15229865 existed=1[0m
[0;32mI (310097) net_cpu: case=12 task=IDLE id=2 runtime_us=1948729 existed=1[0m
[0;32mI (310104) net_cpu: case=12 task=tiT id=5 runtime_us=1498983 existed=1[0m
[0;32mI (310112) net_cpu: case=12 task=uiT id=1 runtime_us=42007 existed=1[0m
[0;32mI (310119) net_cpu: case=12 task=httpd id=9 runtime_us=82218 existed=1[0m
[0;32mI (310126) net_cpu: case=12 task=ppT id=7 runtime_us=1264251 existed=1[0m
[0;32mI (310133) net_cpu: case=12 task=Tmr Svc id=3 runtime_us=0 existed=1[0m
[0;32mI (310140) net_cpu: case=12 task=sys_evt id=6 runtime_us=0 existed=1[0m
[0;32mI (310149) net_bench: case=12 output=1 wall_us=20036065 bytes=566826 open_us=74652 error=0 rssi=-69 heap_min=9964[0m
[0;32mI (310158) net_bench: case=12 recv_total_us=941378 recv_positive_us=925932 recv_empty_us=15446[0m
[0;32mI (310167) net_bench: case=12 cpu_lean=1 gap_metrics_valid=0 heap_is_final=1[0m
[0;32mI (310175) net_bench: case=12 sampled_heap_min=9580 rx_gap_tick_ms=867 wait_calls=78[0m
[0;32mI (310183) net_bench: case=12 calls=632 empty=78 rx_gap_us=0 app_gap_us=0 empty_wait_us=0 recv_max_us=4987 commit_max_us=37936 ready_max=0 ready_probes=0[0m
[0;32mI (310198) net_bench: case=12 pcm_frames=624384 rate=44100 eof=8130 underrun=4419 stack=1164[0m
[0;32mI (310207) net_bench: case=12 second=0 bytes=30793 rssi=-67[0m
[0;32mI (310213) net_bench: case=12 second=1 bytes=22988 rssi=-81[0m
[0;32mI (310219) net_bench: case=12 second=2 bytes=23874 rssi=-77[0m
[0;32mI (310225) net_bench: case=12 second=3 bytes=3216 rssi=-80[0m
[0;32mI (310232) net_bench: case=12 second=4 bytes=27244 rssi=-79[0m
[0;32mI (310238) net_bench: case=12 second=5 bytes=30302 rssi=-79[0m
[0;32mI (310244) net_bench: case=12 second=6 bytes=31347 rssi=-66[0m
[0;32mI (310250) net_bench: case=12 second=7 bytes=21943 rssi=-66[0m
[0;32mI (310256) net_bench: case=12 second=8 bytes=31347 rssi=-67[0m
[0;32mI (310263) net_bench: case=12 second=9 bytes=31347 rssi=-66[0m
[0;32mI (310269) net_bench: case=12 second=10 bytes=31347 rssi=-82[0m
[0;32mI (310275) net_bench: case=12 second=11 bytes=31347 rssi=-81[0m
[0;32mI (310282) net_bench: case=12 second=12 bytes=31347 rssi=-83[0m
[0;32mI (310288) net_bench: case=12 second=13 bytes=31347 rssi=-83[0m
[0;32mI (310294) net_bench: case=12 second=14 bytes=31347 rssi=-83[0m
[0;32mI (310301) net_bench: case=12 second=15 bytes=31347 rssi=-66[0m
[0;32mI (310307) net_bench: case=12 second=16 bytes=31347 rssi=-68[0m
[0;32mI (310313) net_bench: case=12 second=17 bytes=30302 rssi=-66[0m
[0;32mI (310319) net_bench: case=12 second=18 bytes=31347 rssi=-67[0m
[0;32mI (310326) net_bench: case=12 second=19 bytes=31347 rssi=-82[0m
[0;32mI (311333) net_bench: case=13 path=/mp3-320?rate=320 output=1 begin rssi=-83 round=1 fixture=2 variant=0 wait_ms=25 read_limit=1024 batch=1[0m
[0;32mI (331464) net_cpu: case=13 valid=1 total_us=20076956 tasks_before=8 tasks_after=8 snapshot_bytes=1440[0m
[0;32mI (331466) net_cpu: case=13 task=audio id=4 runtime_us=16284149 existed=1[0m
[0;32mI (331472) net_cpu: case=13 task=IDLE id=2 runtime_us=671717 existed=1[0m
[0;32mI (331479) net_cpu: case=13 task=uiT id=1 runtime_us=42101 existed=1[0m
[0;32mI (331487) net_cpu: case=13 task=tiT id=5 runtime_us=1669576 existed=1[0m
[0;32mI (331494) net_cpu: case=13 task=httpd id=9 runtime_us=86606 existed=1[0m
[0;32mI (331501) net_cpu: case=13 task=ppT id=7 runtime_us=1323723 existed=1[0m
[0;32mI (331508) net_cpu: case=13 task=Tmr Svc id=3 runtime_us=0 existed=1[0m
[0;32mI (331515) net_cpu: case=13 task=sys_evt id=6 runtime_us=0 existed=1[0m
[0;32mI (331524) net_bench: case=13 output=1 wall_us=20048804 bytes=603245 open_us=67202 error=0 rssi=-82 heap_min=12948[0m
[0;32mI (331533) net_bench: case=13 recv_total_us=1162691 recv_positive_us=1161059 recv_empty_us=1632[0m
[0;32mI (331542) net_bench: case=13 cpu_lean=1 gap_metrics_valid=0 heap_is_final=1[0m
[0;32mI (331550) net_bench: case=13 sampled_heap_min=9712 rx_gap_tick_ms=38 wait_calls=9[0m
[0;32mI (331558) net_bench: case=13 calls=1162 empty=9 rx_gap_us=0 app_gap_us=0 empty_wait_us=0 recv_max_us=4128 commit_max_us=37554 ready_max=0 ready_probes=0[0m
[0;32mI (331573) net_bench: case=13 pcm_frames=664704 rate=44100 eof=7661 underrun=3748 stack=1164[0m
[0;32mI (331582) net_bench: case=13 second=0 bytes=29727 rssi=-66[0m
[0;32mI (331588) net_bench: case=13 second=1 bytes=30302 rssi=-67[0m
[0;32mI (331594) net_bench: case=13 second=2 bytes=30302 rssi=-65[0m
[0;32mI (331600) net_bench: case=13 second=3 bytes=30302 rssi=-67[0m
[0;32mI (331607) net_bench: case=13 second=4 bytes=30323 rssi=-82[0m
[0;32mI (331613) net_bench: case=13 second=5 bytes=30281 rssi=-68[0m
[0;32mI (331619) net_bench: case=13 second=6 bytes=31347 rssi=-82[0m
[0;32mI (331625) net_bench: case=13 second=7 bytes=30303 rssi=-84[0m
[0;32mI (331632) net_bench: case=13 second=8 bytes=30302 rssi=-83[0m
[0;32mI (331638) net_bench: case=13 second=9 bytes=30302 rssi=-82[0m
[0;32mI (331644) net_bench: case=13 second=10 bytes=30302 rssi=-68[0m
[0;32mI (331650) net_bench: case=13 second=11 bytes=30302 rssi=-65[0m
[0;32mI (331657) net_bench: case=13 second=12 bytes=31347 rssi=-70[0m
[0;32mI (331663) net_bench: case=13 second=13 bytes=30302 rssi=-66[0m
[0;32mI (331669) net_bench: case=13 second=14 bytes=30323 rssi=-82[0m
[0;32mI (331676) net_bench: case=13 second=15 bytes=31326 rssi=-82[0m
[0;32mI (331682) net_bench: case=13 second=16 bytes=30302 rssi=-81[0m
[0;32mI (331688) net_bench: case=13 second=17 bytes=30302 rssi=-82[0m
[0;32mI (331695) net_bench: case=13 second=18 bytes=30302 rssi=-81[0m
[0;32mI (331701) net_bench: case=13 second=19 bytes=24946 rssi=-66[0m
[0;32mI (332709) net_bench: case=14 path=/aac-64?rate=64 output=1 begin rssi=-82 round=1 fixture=3 variant=1 wait_ms=25 read_limit=1536 batch=1[0m
[0;32mI (352919) net_cpu: case=14 valid=1 total_us=20157816 tasks_before=8 tasks_after=8 snapshot_bytes=1440[0m
[0;32mI (352921) net_cpu: case=14 task=audio id=4 runtime_us=12106196 existed=1[0m
[0;32mI (352927) net_cpu: case=14 task=IDLE id=2 runtime_us=6875680 existed=1[0m
[0;32mI (352934) net_cpu: case=14 task=uiT id=1 runtime_us=48821 existed=1[0m
[0;32mI (352941) net_cpu: case=14 task=tiT id=5 runtime_us=478961 existed=1[0m
[0;32mI (352948) net_cpu: case=14 task=ppT id=7 runtime_us=550830 existed=1[0m
[0;32mI (352956) net_cpu: case=14 task=httpd id=9 runtime_us=97886 existed=1[0m
[0;32mI (352963) net_cpu: case=14 task=Tmr Svc id=3 runtime_us=0 existed=1[0m
[0;32mI (352970) net_cpu: case=14 task=sys_evt id=6 runtime_us=0 existed=1[0m
[0;32mI (352979) net_bench: case=14 output=1 wall_us=20129746 bytes=139976 open_us=64607 error=0 rssi=-67 heap_min=11560[0m
[0;32mI (352988) net_bench: case=14 recv_total_us=174760 recv_positive_us=174760 recv_empty_us=0[0m
[0;32mI (352997) net_bench: case=14 cpu_lean=1 gap_metrics_valid=0 heap_is_final=1[0m
[0;32mI (353004) net_bench: case=14 sampled_heap_min=11044 rx_gap_tick_ms=231 wait_calls=0[0m
[0;32mI (353013) net_bench: case=14 calls=103 empty=0 rx_gap_us=0 app_gap_us=0 empty_wait_us=0 recv_max_us=2902 commit_max_us=229016 ready_max=0 ready_probes=0[0m
[0;32mI (353027) net_bench: case=14 pcm_frames=781312 rate=44100 eof=4119 underrun=1846 stack=1164[0m
[0;32mI (353036) net_bench: case=14 second=0 bytes=8245 rssi=-67[0m
[0;32mI (353042) net_bench: case=14 second=1 bytes=7222 rssi=-83[0m
[0;32mI (353049) net_bench: case=14 second=2 bytes=7067 rssi=-65[0m
[0;32mI (353055) net_bench: case=14 second=3 bytes=5778 rssi=-83[0m
[0;32mI (353062) net_bench: case=14 second=4 bytes=7143 rssi=-82[0m
[0;32mI (353067) net_bench: case=14 second=5 bytes=7070 rssi=-84[0m
[0;32mI (353073) net_bench: case=14 second=6 bytes=7130 rssi=-83[0m
[0;32mI (353079) net_bench: case=14 second=7 bytes=7377 rssi=-83[0m
[0;32mI (353085) net_bench: case=14 second=8 bytes=7137 rssi=-66[0m
[0;32mI (353092) net_bench: case=14 second=9 bytes=7071 rssi=-66[0m
[0;32mI (353098) net_bench: case=14 second=10 bytes=5791 rssi=-83[0m
[0;32mI (353104) net_bench: case=14 second=11 bytes=7132 rssi=-67[0m
[0;32mI (353110) net_bench: case=14 second=12 bytes=7279 rssi=-67[0m
[0;32mI (353116) net_bench: case=14 second=13 bytes=7136 rssi=-67[0m
[0;32mI (353123) net_bench: case=14 second=14 bytes=7011 rssi=-66[0m
[0;32mI (353129) net_bench: case=14 second=15 bytes=7277 rssi=-66[0m
[0;32mI (353135) net_bench: case=14 second=16 bytes=7232 rssi=-65[0m
[0;32mI (353141) net_bench: case=14 second=17 bytes=5686 rssi=-66[0m
[0;32mI (353148) net_bench: case=14 second=18 bytes=7247 rssi=-66[0m
[0;32mI (353154) net_bench: case=14 second=19 bytes=6945 rssi=-66[0m
[0;32mI (354161) net_bench: case=15 path=/aac-64?rate=64 output=1 begin rssi=-65 round=1 fixture=3 variant=0 wait_ms=25 read_limit=1024 batch=1[0m
[0;32mI (374388) net_cpu: case=15 valid=1 total_us=20166330 tasks_before=8 tasks_after=8 snapshot_bytes=1440[0m
[0;32mI (374390) net_cpu: case=15 task=audio id=4 runtime_us=12036844 existed=1[0m
[0;32mI (374396) net_cpu: case=15 task=uiT id=1 runtime_us=47916 existed=1[0m
[0;32mI (374403) net_cpu: case=15 task=IDLE id=2 runtime_us=6985257 existed=1[0m
[0;32mI (374410) net_cpu: case=15 task=tiT id=5 runtime_us=474350 existed=1[0m
[0;32mI (374418) net_cpu: case=15 task=httpd id=9 runtime_us=96575 existed=1[0m
[0;32mI (374425) net_cpu: case=15 task=ppT id=7 runtime_us=525567 existed=1[0m
[0;32mI (374432) net_cpu: case=15 task=Tmr Svc id=3 runtime_us=0 existed=1[0m
[0;32mI (374439) net_cpu: case=15 task=sys_evt id=6 runtime_us=0 existed=1[0m
[0;32mI (374448) net_bench: case=15 output=1 wall_us=20138302 bytes=138625 open_us=73784 error=0 rssi=-66 heap_min=11408[0m
[0;32mI (374457) net_bench: case=15 recv_total_us=218561 recv_positive_us=217584 recv_empty_us=977[0m
[0;32mI (374466) net_bench: case=15 cpu_lean=1 gap_metrics_valid=0 heap_is_final=1[0m
[0;32mI (374474) net_bench: case=15 sampled_heap_min=11132 rx_gap_tick_ms=207 wait_calls=5[0m
[0;32mI (374482) net_bench: case=15 calls=198 empty=5 rx_gap_us=0 app_gap_us=0 empty_wait_us=0 recv_max_us=2701 commit_max_us=180214 ready_max=0 ready_probes=0[0m
[0;32mI (374496) net_bench: case=15 pcm_frames=773120 rate=44100 eof=4245 underrun=1996 stack=1164[0m
[0;32mI (374505) net_bench: case=15 second=0 bytes=6877 rssi=-66[0m
[0;32mI (374512) net_bench: case=15 second=1 bytes=7060 rssi=-66[0m
[0;32mI (374518) net_bench: case=15 second=2 bytes=7154 rssi=-66[0m
[0;32mI (374524) net_bench: case=15 second=3 bytes=6119 rssi=-66[0m
[0;32mI (374530) net_bench: case=15 second=4 bytes=7070 rssi=-83[0m
[0;32mI (374536) net_bench: case=15 second=5 bytes=7130 rssi=-82[0m
[0;32mI (374542) net_bench: case=15 second=6 bytes=6883 rssi=-82[0m
[0;32mI (374548) net_bench: case=15 second=7 bytes=7279 rssi=-66[0m
[0;32mI (374555) net_bench: case=15 second=8 bytes=7090 rssi=-84[0m
[0;32mI (374561) net_bench: case=15 second=9 bytes=7148 rssi=-83[0m
[0;32mI (374567) net_bench: case=15 second=10 bytes=6108 rssi=-82[0m
[0;32mI (374573) net_bench: case=15 second=11 bytes=6873 rssi=-82[0m
[0;32mI (374579) net_bench: case=15 second=12 bytes=7137 rssi=-83[0m
[0;32mI (374586) net_bench: case=15 second=13 bytes=7071 rssi=-82[0m
[0;32mI (374592) net_bench: case=15 second=14 bytes=7267 rssi=-82[0m
[0;32mI (374598) net_bench: case=15 second=15 bytes=6111 rssi=-66[0m
[0;32mI (374604) net_bench: case=15 second=16 bytes=7162 rssi=-66[0m
[0;32mI (374611) net_bench: case=15 second=17 bytes=6798 rssi=-66[0m
[0;32mI (374617) net_bench: case=15 second=18 bytes=7011 rssi=-66[0m
[0;32mI (374623) net_bench: case=15 second=19 bytes=7277 rssi=-67[0m
[0;32mI (375630) net_bench: case=16 path=/mp3-320?rate=0 output=0 begin rssi=-66 round=2 fixture=0 variant=0 wait_ms=25 read_limit=1024 batch=1[0m
[0;32mI (395758) net_cpu: case=16 valid=1 total_us=20067231 tasks_before=8 tasks_after=8 snapshot_bytes=1440[0m
[0;32mI (395760) net_cpu: case=16 task=audio id=4 runtime_us=5106228 existed=1[0m
[0;32mI (395766) net_cpu: case=16 task=IDLE id=2 runtime_us=4987419 existed=1[0m
[0;32mI (395774) net_cpu: case=16 task=tiT id=5 runtime_us=5670430 existed=1[0m
[0;32mI (395781) net_cpu: case=16 task=uiT id=1 runtime_us=38564 existed=1[0m
[0;32mI (395788) net_cpu: case=16 task=httpd id=9 runtime_us=92857 existed=1[0m
[0;32mI (395795) net_cpu: case=16 task=ppT id=7 runtime_us=4172094 existed=1[0m
[0;32mI (395802) net_cpu: case=16 task=Tmr Svc id=3 runtime_us=0 existed=1[0m
[0;32mI (395809) net_cpu: case=16 task=sys_evt id=6 runtime_us=0 existed=1[0m
[0;32mI (395818) net_bench: case=16 output=0 wall_us=20038777 bytes=2773464 open_us=72141 error=0 rssi=-68 heap_min=12312[0m
[0;32mI (395827) net_bench: case=16 recv_total_us=5693562 recv_positive_us=4693649 recv_empty_us=999913[0m
[0;32mI (395837) net_bench: case=16 cpu_lean=1 gap_metrics_valid=0 heap_is_final=1[0m
[0;32mI (395844) net_bench: case=16 sampled_heap_min=10364 rx_gap_tick_ms=317 wait_calls=2689[0m
[0;32mI (395853) net_bench: case=16 calls=7703 empty=2689 rx_gap_us=0 app_gap_us=0 empty_wait_us=0 recv_max_us=4266 commit_max_us=0 ready_max=0 ready_probes=0[0m
[0;32mI (395867) net_bench: case=16 pcm_frames=0 rate=0 eof=1884 underrun=1883 stack=1164[0m
[0;32mI (395876) net_bench: case=16 second=0 bytes=151136 rssi=-81[0m
[0;32mI (395882) net_bench: case=16 second=1 bytes=153008 rssi=-82[0m
[0;32mI (395888) net_bench: case=16 second=2 bytes=145552 rssi=-82[0m
[0;32mI (395895) net_bench: case=16 second=3 bytes=151512 rssi=-66[0m
[0;32mI (395901) net_bench: case=16 second=4 bytes=145664 rssi=-66[0m
[0;32mI (395907) net_bench: case=16 second=5 bytes=144000 rssi=-67[0m
[0;32mI (395914) net_bench: case=16 second=6 bytes=148824 rssi=-66[0m
[0;32mI (395920) net_bench: case=16 second=7 bytes=142632 rssi=-67[0m
[0;32mI (395926) net_bench: case=16 second=8 bytes=151504 rssi=-66[0m
[0;32mI (395932) net_bench: case=16 second=9 bytes=150728 rssi=-82[0m
[0;32mI (395939) net_bench: case=16 second=10 bytes=147760 rssi=-81[0m
[0;32mI (395945) net_bench: case=16 second=11 bytes=149360 rssi=-83[0m
[0;32mI (395952) net_bench: case=16 second=12 bytes=104280 rssi=-67[0m
[0;32mI (395958) net_bench: case=16 second=13 bytes=139912 rssi=-66[0m
[0;32mI (395964) net_bench: case=16 second=14 bytes=102296 rssi=-66[0m
[0;32mI (395971) net_bench: case=16 second=15 bytes=65928 rssi=-65[0m
[0;32mI (395977) net_bench: case=16 second=16 bytes=134296 rssi=-66[0m
[0;32mI (395984) net_bench: case=16 second=17 bytes=150136 rssi=-65[0m
[0;32mI (395990) net_bench: case=16 second=18 bytes=148544 rssi=-83[0m
[0;32mI (395996) net_bench: case=16 second=19 bytes=146392 rssi=-83[0m
[0;32mI (397004) net_bench: case=17 path=/mp3-320?rate=0 output=0 begin rssi=-82 round=2 fixture=0 variant=1 wait_ms=25 read_limit=1536 batch=1[0m
[0;32mI (418136) net_cpu: case=17 valid=1 total_us=20070098 tasks_before=8 tasks_after=8 snapshot_bytes=1440[0m
[0;32mI (418140) net_cpu: case=17 task=audio id=4 runtime_us=4791581 existed=1[0m
[0;32mI (418146) net_cpu: case=17 task=IDLE id=2 runtime_us=6130028 existed=1[0m
[0;32mI (418153) net_cpu: case=17 task=tiT id=5 runtime_us=5193836 existed=1[0m
[0;32mI (418160) net_cpu: case=17 task=uiT id=1 runtime_us=38254 existed=1[0m
[0;32mI (418167) net_cpu: case=17 task=httpd id=9 runtime_us=93049 existed=1[0m
[0;32mI (418174) net_cpu: case=17 task=ppT id=7 runtime_us=3824311 existed=1[0m
[0;32mI (418181) net_cpu: case=17 task=Tmr Svc id=3 runtime_us=0 existed=1[0m
[0;32mI (418188) net_cpu: case=17 task=sys_evt id=6 runtime_us=0 existed=1[0m
[0;32mI (418198) net_bench: case=17 output=0 wall_us=20041832 bytes=2542472 open_us=1072447 error=0 rssi=-66 heap_min=12300[0m
[0;32mI (418207) net_bench: case=17 recv_total_us=5118108 recv_positive_us=4194948 recv_empty_us=923160[0m
[0;32mI (418216) net_bench: case=17 cpu_lean=1 gap_metrics_valid=0 heap_is_final=1[0m
[0;32mI (418224) net_bench: case=17 sampled_heap_min=10928 rx_gap_tick_ms=317 wait_calls=2609[0m
[0;32mI (418233) net_bench: case=17 calls=7092 empty=2609 rx_gap_us=0 app_gap_us=0 empty_wait_us=0 recv_max_us=5202 commit_max_us=0 ready_max=0 ready_probes=0[0m
[0;32mI (418247) net_bench: case=17 pcm_frames=0 rate=0 eof=1885 underrun=1884 stack=1164[0m
[0;32mI (418255) net_bench: case=17 second=0 bytes=104448 rssi=-66[0m
[0;32mI (418262) net_bench: case=17 second=1 bytes=98976 rssi=-66[0m
[0;32mI (418268) net_bench: case=17 second=2 bytes=144592 rssi=-84[0m
[0;32mI (418274) net_bench: case=17 second=3 bytes=93376 rssi=-82[0m
[0;32mI (418280) net_bench: case=17 second=4 bytes=113984 rssi=-82[0m
[0;32mI (418287) net_bench: case=17 second=5 bytes=127144 rssi=-81[0m
[0;32mI (418293) net_bench: case=17 second=6 bytes=78016 rssi=-83[0m
[0;32mI (418299) net_bench: case=17 second=7 bytes=131432 rssi=-67[0m
[0;32mI (418306) net_bench: case=17 second=8 bytes=148880 rssi=-65[0m
[0;32mI (418312) net_bench: case=17 second=9 bytes=146440 rssi=-66[0m
[0;32mI (418318) net_bench: case=17 second=10 bytes=149952 rssi=-67[0m
[0;32mI (418325) net_bench: case=17 second=11 bytes=117736 rssi=-66[0m
[0;32mI (418331) net_bench: case=17 second=12 bytes=142928 rssi=-82[0m
[0;32mI (418337) net_bench: case=17 second=13 bytes=138400 rssi=-83[0m
[0;32mI (418344) net_bench: case=17 second=14 bytes=111008 rssi=-83[0m
[0;32mI (418350) net_bench: case=17 second=15 bytes=139232 rssi=-82[0m
[0;32mI (418357) net_bench: case=17 second=16 bytes=153408 rssi=-81[0m
[0;32mI (418363) net_bench: case=17 second=17 bytes=146976 rssi=-66[0m
[0;32mI (418369) net_bench: case=17 second=18 bytes=104872 rssi=-66[0m
[0;32mI (418376) net_bench: case=17 second=19 bytes=150672 rssi=-67[0m
[0;32mI (419383) net_bench: case=18 path=/mp3-128?rate=128 output=1 begin rssi=-66 round=2 fixture=1 variant=0 wait_ms=25 read_limit=1024 batch=1[0m
[0;32mI (431386) net_cpu: case=18 valid=1 total_us=10932272 tasks_before=8 tasks_after=8 snapshot_bytes=1440[0m
[0;32mI (431388) net_cpu: case=18 task=audio id=4 runtime_us=7861089 existed=1[0m
[0;32mI (431395) net_cpu: case=18 task=IDLE id=2 runtime_us=2106899 existed=1[0m
[0;32mI (431401) net_cpu: case=18 task=uiT id=1 runtime_us=25806 existed=1[0m
[0;32mI (431408) net_cpu: case=18 task=tiT id=5 runtime_us=460051 existed=1[0m
[0;32mI (431416) net_cpu: case=18 task=httpd id=9 runtime_us=51308 existed=1[0m
[0;32mI (431423) net_cpu: case=18 task=ppT id=7 runtime_us=427341 existed=1[0m
[0;32mI (431430) net_cpu: case=18 task=Tmr Svc id=3 runtime_us=0 existed=1[0m
[0;32mI (431437) net_cpu: case=18 task=sys_evt id=6 runtime_us=0 existed=1[0m
[0;32mI (431446) net_bench: case=18 output=1 wall_us=10916737 bytes=157142 open_us=1071371 error=-116 rssi=-68 heap_min=12292[0m
[0;32mI (431457) net_bench: case=18 recv_total_us=265389 recv_positive_us=257533 recv_empty_us=7856[0m
[0;32mI (431465) net_bench: case=18 cpu_lean=1 gap_metrics_valid=0 heap_is_final=1[0m
[0;32mI (431472) net_bench: case=18 sampled_heap_min=9864 rx_gap_tick_ms=136 wait_calls=45[0m
[0;32mI (431480) net_bench: case=18 calls=296 empty=45 rx_gap_us=0 app_gap_us=0 empty_wait_us=0 recv_max_us=3554 commit_max_us=80606 ready_max=0 ready_probes=0[0m
[0;32mI (431495) net_bench: case=18 pcm_frames=432000 rate=44100 eof=1907 underrun=858 stack=1164[0m
[0;32mI (431504) net_bench: case=18 second=0 bytes=15098 rssi=-82[0m
[0;32mI (431510) net_bench: case=18 second=1 bytes=16300 rssi=-82[0m
[0;32mI (431516) net_bench: case=18 second=2 bytes=16300 rssi=-82[0m
[0;32mI (431523) net_bench: case=18 second=3 bytes=16300 rssi=-83[0m
[0;32mI (431529) net_bench: case=18 second=4 bytes=15047 rssi=-83[0m
[0;32mI (431535) net_bench: case=18 second=5 bytes=16300 rssi=-65[0m
[0;32mI (431541) net_bench: case=18 second=6 bytes=16300 rssi=-68[0m
[0;32mI (431547) net_bench: case=18 second=7 bytes=15046 rssi=-66[0m
[0;32mI (431554) net_bench: case=18 second=8 bytes=16300 rssi=-82[0m
[0;32mI (431560) net_bench: case=18 second=9 bytes=14151 rssi=-83[0m
[0;32mI (431566) net_bench: case=18 second=10 bytes=0 rssi=-84[0m
[0;32mI (431572) net_bench: case=18 second=11 bytes=0 rssi=-127[0m
[0;32mI (431578) net_bench: case=18 second=12 bytes=0 rssi=-127[0m
[0;32mI (431584) net_bench: case=18 second=13 bytes=0 rssi=-127[0m
[0;32mI (431590) net_bench: case=18 second=14 bytes=0 rssi=-127[0m
[0;32mI (431596) net_bench: case=18 second=15 bytes=0 rssi=-127[0m
[0;32mI (431603) net_bench: case=18 second=16 bytes=0 rssi=-127[0m
[0;32mI (431608) net_bench: case=18 second=17 bytes=0 rssi=-127[0m
[0;32mI (431615) net_bench: case=18 second=18 bytes=0 rssi=-127[0m
[0;32mI (431621) net_bench: case=18 second=19 bytes=0 rssi=-127[0m
[0;32mI (432628) net_bench: case=19 path=/mp3-128?rate=128 output=1 begin rssi=-67 round=2 fixture=1 variant=1 wait_ms=25 read_limit=1536 batch=1[0m
[0;32mI (453746) net_cpu: case=19 valid=1 total_us=20065596 tasks_before=8 tasks_after=8 snapshot_bytes=1440[0m
[0;32mI (453748) net_cpu: case=19 task=audio id=4 runtime_us=13372001 existed=1[0m
[0;32mI (453754) net_cpu: case=19 task=IDLE id=2 runtime_us=4968539 existed=1[0m
[0;32mI (453761) net_cpu: case=19 task=tiT id=5 runtime_us=812583 existed=1[0m
[0;32mI (453769) net_cpu: case=19 task=uiT id=1 runtime_us=46698 existed=1[0m
[0;32mI (453776) net_cpu: case=19 task=httpd id=9 runtime_us=92561 existed=1[0m
[0;32mI (453783) net_cpu: case=19 task=ppT id=7 runtime_us=773364 existed=1[0m
[0;32mI (453791) net_cpu: case=19 task=Tmr Svc id=3 runtime_us=0 existed=1[0m
[0;32mI (453797) net_cpu: case=19 task=sys_evt id=6 runtime_us=0 existed=1[0m
[0;32mI (453806) net_bench: case=19 output=1 wall_us=20037775 bytes=265680 open_us=1065389 error=0 rssi=-84 heap_min=9712[0m
[0;32mI (453815) net_bench: case=19 recv_total_us=414084 recv_positive_us=388099 recv_empty_us=25985[0m
[0;32mI (453824) net_bench: case=19 cpu_lean=1 gap_metrics_valid=0 heap_is_final=1[0m
[0;32mI (453832) net_bench: case=19 sampled_heap_min=9712 rx_gap_tick_ms=324 wait_calls=144[0m
[0;32mI (453840) net_bench: case=19 calls=439 empty=144 rx_gap_us=0 app_gap_us=0 empty_wait_us=0 recv_max_us=3499 commit_max_us=82737 ready_max=0 ready_probes=0[0m
[0;32mI (453855) net_bench: case=19 pcm_frames=731520 rate=44100 eof=4582 underrun=2632 stack=1164[0m
[0;32mI (453864) net_bench: case=19 second=0 bytes=16384 rssi=-83[0m
[0;32mI (453870) net_bench: case=19 second=1 bytes=15694 rssi=-68[0m
[0;32mI (453876) net_bench: case=19 second=2 bytes=16686 rssi=-67[0m
[0;32mI (453883) net_bench: case=19 second=3 bytes=13678 rssi=-67[0m
[0;32mI (453889) net_bench: case=19 second=4 bytes=10250 rssi=-83[0m
[0;32mI (453895) net_bench: case=19 second=5 bytes=11180 rssi=-82[0m
[0;32mI (453901) net_bench: case=19 second=6 bytes=12643 rssi=-82[0m
[0;32mI (453907) net_bench: case=19 second=7 bytes=14942 rssi=-81[0m
[0;32mI (453914) net_bench: case=19 second=8 bytes=13792 rssi=-82[0m
[0;32mI (453920) net_bench: case=19 second=9 bytes=11284 rssi=-84[0m
[0;32mI (453926) net_bench: case=19 second=10 bytes=10044 rssi=-67[0m
[0;32mI (453933) net_bench: case=19 second=11 bytes=16287 rssi=-66[0m
[0;32mI (453939) net_bench: case=19 second=12 bytes=11285 rssi=-67[0m
[0;32mI (453945) net_bench: case=19 second=13 bytes=16300 rssi=-66[0m
[0;32mI (453951) net_bench: case=19 second=14 bytes=12538 rssi=-66[0m
[0;32mI (453958) net_bench: case=19 second=15 bytes=13793 rssi=-81[0m
[0;32mI (453964) net_bench: case=19 second=16 bytes=10031 rssi=-81[0m
[0;32mI (453970) net_bench: case=19 second=17 bytes=13792 rssi=-82[0m
[0;32mI (453977) net_bench: case=19 second=18 bytes=11217 rssi=-82[0m
[0;32mI (453983) net_bench: case=19 second=19 bytes=13860 rssi=-68[0m
[0;32mI (454990) net_bench: case=20 path=/mp3-320?rate=320 output=1 begin rssi=-67 round=2 fixture=2 variant=0 wait_ms=25 read_limit=1024 batch=1[0m
[0;32mI (473715) net_cpu: case=20 valid=1 total_us=18655384 tasks_before=8 tasks_after=8 snapshot_bytes=1440[0m
[0;32mI (473717) net_cpu: case=20 task=audio id=4 runtime_us=11975069 existed=1[0m
[0;32mI (473723) net_cpu: case=20 task=IDLE id=2 runtime_us=4307822 existed=1[0m
[0;32mI (473730) net_cpu: case=20 task=tiT id=5 runtime_us=1233029 existed=1[0m
[0;32mI (473738) net_cpu: case=20 task=uiT id=1 runtime_us=37803 existed=1[0m
[0;32mI (473745) net_cpu: case=20 task=httpd id=9 runtime_us=80851 existed=1[0m
[0;32mI (473752) net_cpu: case=20 task=ppT id=7 runtime_us=1021203 existed=1[0m
[0;32mI (473759) net_cpu: case=20 task=Tmr Svc id=3 runtime_us=0 existed=1[0m
[0;32mI (473766) net_cpu: case=20 task=sys_evt id=6 runtime_us=0 existed=1[0m
[0;32mI (473775) net_bench: case=20 output=1 wall_us=18629338 bytes=436034 open_us=80498 error=-116 rssi=-67 heap_min=12312[0m
[0;32mI (473784) net_bench: case=20 recv_total_us=850604 recv_positive_us=817681 recv_empty_us=32923[0m
[0;32mI (473794) net_bench: case=20 cpu_lean=1 gap_metrics_valid=0 heap_is_final=1[0m
[0;32mI (473801) net_bench: case=20 sampled_heap_min=9424 rx_gap_tick_ms=318 wait_calls=178[0m
[0;32mI (473810) net_bench: case=20 calls=1015 empty=178 rx_gap_us=0 app_gap_us=0 empty_wait_us=0 recv_max_us=4063 commit_max_us=37176 ready_max=0 ready_probes=0[0m
[0;32mI (473824) net_bench: case=20 pcm_frames=480384 rate=44100 eof=8728 underrun=5794 stack=1164[0m
[0;32mI (473833) net_bench: case=20 second=0 bytes=21368 rssi=-83[0m
[0;32mI (473840) net_bench: case=20 second=1 bytes=30302 rssi=-68[0m
[0;32mI (473846) net_bench: case=20 second=2 bytes=20898 rssi=-82[0m
[0;32mI (473852) net_bench: case=20 second=3 bytes=30302 rssi=-83[0m
[0;32mI (473858) net_bench: case=20 second=4 bytes=31347 rssi=-82[0m
[0;32mI (473865) net_bench: case=20 second=5 bytes=30302 rssi=-67[0m
[0;32mI (473871) net_bench: case=20 second=6 bytes=30302 rssi=-65[0m
[0;32mI (473877) net_bench: case=20 second=7 bytes=30302 rssi=-65[0m
[0;32mI (473883) net_bench: case=20 second=8 bytes=30302 rssi=-66[0m
[0;32mI (473889) net_bench: case=20 second=9 bytes=30302 rssi=-67[0m
[0;32mI (473896) net_bench: case=20 second=10 bytes=22988 rssi=-82[0m
[0;32mI (473902) net_bench: case=20 second=11 bytes=22988 rssi=-86[0m
[0;32mI (473908) net_bench: case=20 second=12 bytes=16024 rssi=-84[0m
[0;32mI (473915) net_bench: case=20 second=13 bytes=28907 rssi=-84[0m
[0;32mI (473921) net_bench: case=20 second=14 bytes=21248 rssi=-70[0m
[0;32mI (473927) net_bench: case=20 second=15 bytes=17899 rssi=-89[0m
[0;32mI (473934) net_bench: case=20 second=16 bytes=6432 rssi=-69[0m
[0;32mI (473940) net_bench: case=20 second=17 bytes=13821 rssi=-67[0m
[0;32mI (473946) net_bench: case=20 second=18 bytes=0 rssi=-67[0m
[0;32mI (473952) net_bench: case=20 second=19 bytes=0 rssi=-127[0m
[0;32mI (474959) net_bench: case=21 path=/mp3-320?rate=320 output=1 begin rssi=-67 round=2 fixture=2 variant=1 wait_ms=25 read_limit=1536 batch=1[0m
[0;32mI (495097) net_cpu: case=21 valid=1 total_us=20070214 tasks_before=8 tasks_after=8 snapshot_bytes=1440[0m
[0;32mI (495099) net_cpu: case=21 task=audio id=4 runtime_us=14999549 existed=1[0m
[0;32mI (495106) net_cpu: case=21 task=IDLE id=2 runtime_us=2267186 existed=1[0m
[0;32mI (495112) net_cpu: case=21 task=uiT id=1 runtime_us=42786 existed=1[0m
[0;32mI (495119) net_cpu: case=21 task=tiT id=5 runtime_us=1457057 existed=1[0m
[0;32mI (495127) net_cpu: case=21 task=httpd id=9 runtime_us=84794 existed=1[0m
[0;32mI (495134) net_cpu: case=21 task=ppT id=7 runtime_us=1219472 existed=1[0m
[0;32mI (495141) net_cpu: case=21 task=Tmr Svc id=3 runtime_us=0 existed=1[0m
[0;32mI (495148) net_cpu: case=21 task=sys_evt id=6 runtime_us=0 existed=1[0m
[0;32mI (495157) net_bench: case=21 output=1 wall_us=20042096 bytes=560557 open_us=80213 error=0 rssi=-81 heap_min=10024[0m
[0;32mI (495166) net_bench: case=21 recv_total_us=933602 recv_positive_us=917551 recv_empty_us=16051[0m
[0;32mI (495175) net_bench: case=21 cpu_lean=1 gap_metrics_valid=0 heap_is_final=1[0m
[0;32mI (495183) net_bench: case=21 sampled_heap_min=9592 rx_gap_tick_ms=323 wait_calls=93[0m
[0;32mI (495191) net_bench: case=21 calls=645 empty=93 rx_gap_us=0 app_gap_us=0 empty_wait_us=0 recv_max_us=5052 commit_max_us=37402 ready_max=0 ready_probes=0[0m
[0;32mI (495206) net_bench: case=21 pcm_frames=617472 rate=44100 eof=8072 underrun=4556 stack=1164[0m
[0;32mI (495215) net_bench: case=21 second=0 bytes=15119 rssi=-67[0m
[0;32mI (495221) net_bench: case=21 second=1 bytes=21943 rssi=-80[0m
[0;32mI (495227) net_bench: case=21 second=2 bytes=6270 rssi=-68[0m
[0;32mI (495233) net_bench: case=21 second=3 bytes=31347 rssi=-65[0m
[0;32mI (495240) net_bench: case=21 second=4 bytes=29257 rssi=-71[0m
[0;32mI (495246) net_bench: case=21 second=5 bytes=22988 rssi=-66[0m
[0;32mI (495252) net_bench: case=21 second=6 bytes=27544 rssi=-84[0m
[0;32mI (495258) net_bench: case=21 second=7 bytes=27835 rssi=-82[0m
[0;32mI (495265) net_bench: case=21 second=8 bytes=31347 rssi=-78[0m
[0;32mI (495271) net_bench: case=21 second=9 bytes=31347 rssi=-80[0m
[0;32mI (495277) net_bench: case=21 second=10 bytes=31347 rssi=-67[0m
[0;32mI (495283) net_bench: case=21 second=11 bytes=32392 rssi=-68[0m
[0;32mI (495290) net_bench: case=21 second=12 bytes=31347 rssi=-67[0m
[0;32mI (495296) net_bench: case=21 second=13 bytes=31347 rssi=-67[0m
[0;32mI (495302) net_bench: case=21 second=14 bytes=31347 rssi=-82[0m
[0;32mI (495309) net_bench: case=21 second=15 bytes=31347 rssi=-82[0m
[0;32mI (495315) net_bench: case=21 second=16 bytes=31347 rssi=-81[0m
[0;32mI (495321) net_bench: case=21 second=17 bytes=31347 rssi=-81[0m
[0;32mI (495328) net_bench: case=21 second=18 bytes=32392 rssi=-82[0m
[0;32mI (495334) net_bench: case=21 second=19 bytes=31347 rssi=-82[0m
[0;32mI (496341) net_bench: case=22 path=/aac-64?rate=64 output=1 begin rssi=-82 round=2 fixture=3 variant=0 wait_ms=25 read_limit=1024 batch=1[0m
[0;32mI (516592) net_cpu: case=22 valid=1 total_us=20196493 tasks_before=8 tasks_after=8 snapshot_bytes=1440[0m
[0;32mI (516594) net_cpu: case=22 task=audio id=4 runtime_us=12142483 existed=1[0m
[0;32mI (516600) net_cpu: case=22 task=IDLE id=2 runtime_us=6938969 existed=1[0m
[0;32mI (516607) net_cpu: case=22 task=uiT id=1 runtime_us=49083 existed=1[0m
[0;32mI (516614) net_cpu: case=22 task=tiT id=5 runtime_us=468861 existed=1[0m
[0;32mI (516621) net_cpu: case=22 task=ppT id=7 runtime_us=499440 existed=1[0m
[0;32mI (516629) net_cpu: case=22 task=httpd id=9 runtime_us=98880 existed=1[0m
[0;32mI (516636) net_cpu: case=22 task=Tmr Svc id=3 runtime_us=0 existed=1[0m
[0;32mI (516643) net_cpu: case=22 task=sys_evt id=6 runtime_us=0 existed=1[0m
[0;32mI (516652) net_bench: case=22 output=1 wall_us=20168421 bytes=139971 open_us=67425 error=0 rssi=-80 heap_min=11492[0m
[0;32mI (516661) net_bench: case=22 recv_total_us=221108 recv_positive_us=221108 recv_empty_us=0[0m
[0;32mI (516670) net_bench: case=22 cpu_lean=1 gap_metrics_valid=0 heap_is_final=1[0m
[0;32mI (516677) net_bench: case=22 sampled_heap_min=11128 rx_gap_tick_ms=163 wait_calls=0[0m
[0;32mI (516686) net_bench: case=22 calls=195 empty=0 rx_gap_us=0 app_gap_us=0 empty_wait_us=0 recv_max_us=2637 commit_max_us=161802 ready_max=0 ready_probes=0[0m
[0;32mI (516700) net_bench: case=22 pcm_frames=781312 rate=44100 eof=4150 underrun=1877 stack=1164[0m
[0;32mI (516709) net_bench: case=22 second=0 bytes=8192 rssi=-81[0m
[0;32mI (516715) net_bench: case=22 second=1 bytes=7121 rssi=-82[0m
[0;32mI (516722) net_bench: case=22 second=2 bytes=7279 rssi=-67[0m
[0;32mI (516728) net_bench: case=22 second=3 bytes=6066 rssi=-82[0m
[0;32mI (516734) net_bench: case=22 second=4 bytes=7148 rssi=-83[0m
[0;32mI (516740) net_bench: case=22 second=5 bytes=6628 rssi=-83[0m
[0;32mI (516746) net_bench: case=22 second=6 bytes=7377 rssi=-83[0m
[0;32mI (516752) net_bench: case=22 second=7 bytes=7137 rssi=-82[0m
[0;32mI (516758) net_bench: case=22 second=8 bytes=7071 rssi=-81[0m
[0;32mI (516765) net_bench: case=22 second=9 bytes=6243 rssi=-82[0m
[0;32mI (516771) net_bench: case=22 second=10 bytes=7135 rssi=-68[0m
[0;32mI (516777) net_bench: case=22 second=11 bytes=6824 rssi=-66[0m
[0;32mI (516783) net_bench: case=22 second=12 bytes=7136 rssi=-66[0m
[0;32mI (516790) net_bench: case=22 second=13 bytes=7011 rssi=-67[0m
[0;32mI (516796) net_bench: case=22 second=14 bytes=7277 rssi=-67[0m
[0;32mI (516802) net_bench: case=22 second=15 bytes=6208 rssi=-66[0m
[0;32mI (516808) net_bench: case=22 second=16 bytes=6710 rssi=-81[0m
[0;32mI (516814) net_bench: case=22 second=17 bytes=7247 rssi=-66[0m
[0;32mI (516820) net_bench: case=22 second=18 bytes=6945 rssi=-66[0m
[0;32mI (516827) net_bench: case=22 second=19 bytes=7216 rssi=-67[0m
[0;32mI (517834) net_bench: case=23 path=/aac-64?rate=64 output=1 begin rssi=-81 round=2 fixture=3 variant=1 wait_ms=25 read_limit=1536 batch=1[0m
[0;32mI (538206) net_cpu: case=23 valid=1 total_us=20309836 tasks_before=8 tasks_after=8 snapshot_bytes=1440[0m
[0;32mI (538208) net_cpu: case=23 task=audio id=4 runtime_us=12146229 existed=1[0m
[0;32mI (538214) net_cpu: case=23 task=IDLE id=2 runtime_us=7040320 existed=1[0m
[0;32mI (538221) net_cpu: case=23 task=uiT id=1 runtime_us=48766 existed=1[0m
[0;32mI (538229) net_cpu: case=23 task=tiT id=5 runtime_us=458615 existed=1[0m
[0;32mI (538236) net_cpu: case=23 task=httpd id=9 runtime_us=98447 existed=1[0m
[0;32mI (538243) net_cpu: case=23 task=ppT id=7 runtime_us=517964 existed=1[0m
[0;32mI (538250) net_cpu: case=23 task=Tmr Svc id=3 runtime_us=0 existed=1[0m
[0;32mI (538257) net_cpu: case=23 task=sys_evt id=6 runtime_us=0 existed=1[0m
[0;32mI (538266) net_bench: case=23 output=1 wall_us=20281659 bytes=140350 open_us=75530 error=0 rssi=-80 heap_min=11492[0m
[0;32mI (538275) net_bench: case=23 recv_total_us=171613 recv_positive_us=170470 recv_empty_us=1143[0m
[0;32mI (538284) net_bench: case=23 cpu_lean=1 gap_metrics_valid=0 heap_is_final=1[0m
[0;32mI (538292) net_bench: case=23 sampled_heap_min=11128 rx_gap_tick_ms=233 wait_calls=6[0m
[0;32mI (538300) net_bench: case=23 calls=105 empty=6 rx_gap_us=0 app_gap_us=0 empty_wait_us=0 recv_max_us=2997 commit_max_us=231116 ready_max=0 ready_probes=0[0m
[0;32mI (538314) net_bench: case=23 pcm_frames=784384 rate=44100 eof=4194 underrun=1913 stack=1164[0m
[0;32mI (538324) net_bench: case=23 second=0 bytes=7222 rssi=-80[0m
[0;32mI (538330) net_bench: case=23 second=1 bytes=7067 rssi=-82[0m
[0;32mI (538336) net_bench: case=23 second=2 bytes=7279 rssi=-81[0m
[0;32mI (538342) net_bench: case=23 second=3 bytes=7090 rssi=-83[0m
[0;32mI (538348) net_bench: case=23 second=4 bytes=7148 rssi=-66[0m
[0;32mI (538354) net_bench: case=23 second=5 bytes=5604 rssi=-82[0m
[0;32mI (538360) net_bench: case=23 second=6 bytes=7377 rssi=-82[0m
[0;32mI (538367) net_bench: case=23 second=7 bytes=7137 rssi=-81[0m
[0;32mI (538373) net_bench: case=23 second=8 bytes=7071 rssi=-82[0m
[0;32mI (538379) net_bench: case=23 second=9 bytes=7267 rssi=-82[0m
[0;32mI (538385) net_bench: case=23 second=10 bytes=7135 rssi=-82[0m
[0;32mI (538391) net_bench: case=23 second=11 bytes=7162 rssi=-81[0m
[0;32mI (538397) net_bench: case=23 second=12 bytes=5774 rssi=-82[0m
[0;32mI (538404) net_bench: case=23 second=13 bytes=7011 rssi=-69[0m
[0;32mI (538410) net_bench: case=23 second=14 bytes=7277 rssi=-81[0m
[0;32mI (538416) net_bench: case=23 second=15 bytes=7232 rssi=-82[0m
[0;32mI (538422) net_bench: case=23 second=16 bytes=7154 rssi=-66[0m
[0;32mI (538429) net_bench: case=23 second=17 bytes=7143 rssi=-65[0m
[0;32mI (538435) net_bench: case=23 second=18 bytes=7070 rssi=-64[0m
[0;32mI (538441) net_bench: case=23 second=19 bytes=7130 rssi=-66[0m
[0;32mI (539448) net_bench: case=24 path=/mp3-320?rate=0 output=0 begin rssi=-66 round=3 fixture=0 variant=1 wait_ms=25 read_limit=1536 batch=1[0m
[0;32mI (559585) net_cpu: case=24 valid=1 total_us=20077558 tasks_before=8 tasks_after=8 snapshot_bytes=1440[0m
[0;32mI (559587) net_cpu: case=24 task=audio id=4 runtime_us=4882205 existed=1[0m
[0;32mI (559594) net_cpu: case=24 task=IDLE id=2 runtime_us=5318555 existed=1[0m
[0;32mI (559601) net_cpu: case=24 task=tiT id=5 runtime_us=5612319 existed=1[0m
[0;32mI (559608) net_cpu: case=24 task=uiT id=1 runtime_us=38035 existed=1[0m
[0;32mI (559615) net_cpu: case=24 task=httpd id=9 runtime_us=95221 existed=1[0m
[0;32mI (559622) net_cpu: case=24 task=ppT id=7 runtime_us=4131222 existed=1[0m
[0;32mI (559629) net_cpu: case=24 task=Tmr Svc id=3 runtime_us=0 existed=1[0m
[0;32mI (559636) net_cpu: case=24 task=sys_evt id=6 runtime_us=0 existed=1[0m
[0;32mI (559645) net_bench: case=24 output=0 wall_us=20049205 bytes=2767704 open_us=73537 error=0 rssi=-68 heap_min=12308[0m
[0;32mI (559655) net_bench: case=24 recv_total_us=5556189 recv_positive_us=4667286 recv_empty_us=888903[0m
[0;32mI (559664) net_bench: case=24 cpu_lean=1 gap_metrics_valid=0 heap_is_final=1[0m
[0;32mI (559672) net_bench: case=24 sampled_heap_min=12184 rx_gap_tick_ms=307 wait_calls=2527[0m
[0;32mI (559680) net_bench: case=24 calls=7340 empty=2527 rx_gap_us=0 app_gap_us=0 empty_wait_us=0 recv_max_us=6303 commit_max_us=0 ready_max=0 ready_probes=0[0m
[0;32mI (559695) net_bench: case=24 pcm_frames=0 rate=0 eof=1885 underrun=1884 stack=1164[0m
[0;32mI (559703) net_bench: case=24 second=0 bytes=156792 rssi=-82[0m
[0;32mI (559709) net_bench: case=24 second=1 bytes=158472 rssi=-82[0m
[0;32mI (559716) net_bench: case=24 second=2 bytes=163352 rssi=-82[0m
[0;32mI (559722) net_bench: case=24 second=3 bytes=160376 rssi=-69[0m
[0;32mI (559728) net_bench: case=24 second=4 bytes=130360 rssi=-65[0m
[0;32mI (559734) net_bench: case=24 second=5 bytes=155904 rssi=-67[0m
[0;32mI (559741) net_bench: case=24 second=6 bytes=154480 rssi=-67[0m
[0;32mI (559747) net_bench: case=24 second=7 bytes=149360 rssi=-67[0m
[0;32mI (559753) net_bench: case=24 second=8 bytes=159008 rssi=-81[0m
[0;32mI (559760) net_bench: case=24 second=9 bytes=135184 rssi=-81[0m
[0;32mI (559766) net_bench: case=24 second=10 bytes=141856 rssi=-82[0m
[0;32mI (559772) net_bench: case=24 second=11 bytes=91176 rssi=-82[0m
[0;32mI (559779) net_bench: case=24 second=12 bytes=87368 rssi=-83[0m
[0;32mI (559785) net_bench: case=24 second=13 bytes=135960 rssi=-68[0m
[0;32mI (559792) net_bench: case=24 second=14 bytes=141672 rssi=-68[0m
[0;32mI (559798) net_bench: case=24 second=15 bytes=111360 rssi=-66[0m
[0;32mI (559804) net_bench: case=24 second=16 bytes=154776 rssi=-66[0m
[0;32mI (559811) net_bench: case=24 second=17 bytes=79088 rssi=-67[0m
[0;32mI (559817) net_bench: case=24 second=18 bytes=153648 rssi=-81[0m
[0;32mI (559823) net_bench: case=24 second=19 bytes=147512 rssi=-80[0m
[0;32mI (560831) net_bench: case=25 path=/mp3-320?rate=0 output=0 begin rssi=-82 round=3 fixture=0 variant=0 wait_ms=25 read_limit=1024 batch=1[0m
[0;32mI (580960) net_cpu: case=25 valid=1 total_us=20070592 tasks_before=8 tasks_after=8 snapshot_bytes=1440[0m
[0;32mI (580962) net_cpu: case=25 task=audio id=4 runtime_us=5022159 existed=1[0m
[0;32mI (580969) net_cpu: case=25 task=IDLE id=2 runtime_us=4312875 existed=1[0m
[0;32mI (580976) net_cpu: case=25 task=tiT id=5 runtime_us=6110467 existed=1[0m
[0;32mI (580984) net_cpu: case=25 task=uiT id=1 runtime_us=38555 existed=1[0m
[0;32mI (580990) net_cpu: case=25 task=httpd id=9 runtime_us=94762 existed=1[0m
[0;32mI (580997) net_cpu: case=25 task=ppT id=7 runtime_us=4493486 existed=1[0m
[0;32mI (581004) net_cpu: case=25 task=Tmr Svc id=3 runtime_us=0 existed=1[0m
[0;32mI (581011) net_cpu: case=25 task=sys_evt id=6 runtime_us=0 existed=1[0m
[0;32mI (581020) net_bench: case=25 output=0 wall_us=20041840 bytes=3011248 open_us=71945 error=0 rssi=-82 heap_min=12296[0m
[0;32mI (581029) net_bench: case=25 recv_total_us=6167915 recv_positive_us=5270813 recv_empty_us=897102[0m
[0;32mI (581039) net_bench: case=25 cpu_lean=1 gap_metrics_valid=0 heap_is_final=1[0m
[0;32mI (581047) net_bench: case=25 sampled_heap_min=12164 rx_gap_tick_ms=66 wait_calls=2430[0m
[0;32mI (581055) net_bench: case=25 calls=7793 empty=2430 rx_gap_us=0 app_gap_us=0 empty_wait_us=0 recv_max_us=6232 commit_max_us=0 ready_max=0 ready_probes=0[0m
[0;32mI (581070) net_bench: case=25 pcm_frames=0 rate=0 eof=1885 underrun=1884 stack=1164[0m
[0;32mI (581078) net_bench: case=25 second=0 bytes=153816 rssi=-66[0m
[0;32mI (581084) net_bench: case=25 second=1 bytes=156088 rssi=-69[0m
[0;32mI (581090) net_bench: case=25 second=2 bytes=153112 rssi=-68[0m
[0;32mI (581097) net_bench: case=25 second=3 bytes=158768 rssi=-81[0m
[0;32mI (581103) net_bench: case=25 second=4 bytes=156328 rssi=-81[0m
[0;32mI (581110) net_bench: case=25 second=5 bytes=159016 rssi=-82[0m
[0;32mI (581116) net_bench: case=25 second=6 bytes=115056 rssi=-81[0m
[0;32mI (581122) net_bench: case=25 second=7 bytes=122264 rssi=-81[0m
[0;32mI (581128) net_bench: case=25 second=8 bytes=158288 rssi=-70[0m
[0;32mI (581135) net_bench: case=25 second=9 bytes=157456 rssi=-69[0m
[0;32mI (581141) net_bench: case=25 second=10 bytes=157400 rssi=-67[0m
[0;32mI (581147) net_bench: case=25 second=11 bytes=159008 rssi=-68[0m
[0;32mI (581154) net_bench: case=25 second=12 bytes=162224 rssi=-67[0m
[0;32mI (581160) net_bench: case=25 second=13 bytes=154296 rssi=-82[0m
[0;32mI (581167) net_bench: case=25 second=14 bytes=160376 rssi=-82[0m
[0;32mI (581173) net_bench: case=25 second=15 bytes=158424 rssi=-81[0m
[0;32mI (581179) net_bench: case=25 second=16 bytes=150432 rssi=-80[0m
[0;32mI (581186) net_bench: case=25 second=17 bytes=156328 rssi=-81[0m
[0;32mI (581192) net_bench: case=25 second=18 bytes=126072 rssi=-66[0m
[0;32mI (581199) net_bench: case=25 second=19 bytes=136496 rssi=-69[0m
[0;32mI (582206) net_bench: case=26 path=/mp3-128?rate=128 output=1 begin rssi=-67 round=3 fixture=1 variant=1 wait_ms=25 read_limit=1536 batch=1[0m
[0;32mI (602336) net_cpu: case=26 valid=1 total_us=20058964 tasks_before=8 tasks_after=8 snapshot_bytes=1440[0m
[0;32mI (602338) net_cpu: case=26 task=audio id=4 runtime_us=15072392 existed=1[0m
[0;32mI (602344) net_cpu: case=26 task=IDLE id=2 runtime_us=3154407 existed=1[0m
[0;32mI (602351) net_cpu: case=26 task=uiT id=1 runtime_us=47306 existed=1[0m
[0;32mI (602358) net_cpu: case=26 task=tiT id=5 runtime_us=865463 existed=1[0m
[0;32mI (602366) net_cpu: case=26 task=httpd id=9 runtime_us=93982 existed=1[0m
[0;32mI (602373) net_cpu: case=26 task=ppT id=7 runtime_us=825642 existed=1[0m
[0;32mI (602380) net_cpu: case=26 task=Tmr Svc id=3 runtime_us=0 existed=1[0m
[0;32mI (602387) net_cpu: case=26 task=sys_evt id=6 runtime_us=0 existed=1[0m
[0;32mI (602396) net_bench: case=26 output=1 wall_us=20031113 bytes=302042 open_us=83793 error=0 rssi=-67 heap_min=10952[0m
[0;32mI (602405) net_bench: case=26 recv_total_us=421710 recv_positive_us=412676 recv_empty_us=9034[0m
[0;32mI (602414) net_bench: case=26 cpu_lean=1 gap_metrics_valid=0 heap_is_final=1[0m
[0;32mI (602422) net_bench: case=26 sampled_heap_min=9708 rx_gap_tick_ms=332 wait_calls=49[0m
[0;32mI (602430) net_bench: case=26 calls=328 empty=49 rx_gap_us=0 app_gap_us=0 empty_wait_us=0 recv_max_us=2875 commit_max_us=81483 ready_max=0 ready_probes=0[0m
[0;32mI (602445) net_bench: case=26 pcm_frames=831744 rate=44100 eof=2996 underrun=924 stack=1164[0m
[0;32mI (602453) net_bench: case=26 second=0 bytes=16384 rssi=-66[0m
[0;32mI (602460) net_bench: case=26 second=1 bytes=15244 rssi=-80[0m
[0;32mI (602466) net_bench: case=26 second=2 bytes=12121 rssi=-81[0m
[0;32mI (602472) net_bench: case=26 second=3 bytes=15046 rssi=-82[0m
[0;32mI (602478) net_bench: case=26 second=4 bytes=16300 rssi=-66[0m
[0;32mI (602485) net_bench: case=26 second=5 bytes=12538 rssi=-66[0m
[0;32mI (602491) net_bench: case=26 second=6 bytes=12539 rssi=-68[0m
[0;32mI (602497) net_bench: case=26 second=7 bytes=16300 rssi=-69[0m
[0;32mI (602503) net_bench: case=26 second=8 bytes=16300 rssi=-68[0m
[0;32mI (602510) net_bench: case=26 second=9 bytes=16300 rssi=-66[0m
[0;32mI (602516) net_bench: case=26 second=10 bytes=15046 rssi=-66[0m
[0;32mI (602522) net_bench: case=26 second=11 bytes=16300 rssi=-81[0m
[0;32mI (602528) net_bench: case=26 second=12 bytes=12539 rssi=-67[0m
[0;32mI (602535) net_bench: case=26 second=13 bytes=16300 rssi=-82[0m
[0;32mI (602541) net_bench: case=26 second=14 bytes=16300 rssi=-80[0m
[0;32mI (602547) net_bench: case=26 second=15 bytes=13792 rssi=-81[0m
[0;32mI (602554) net_bench: case=26 second=16 bytes=15046 rssi=-80[0m
[0;32mI (602560) net_bench: case=26 second=17 bytes=16300 rssi=-67[0m
[0;32mI (602566) net_bench: case=26 second=18 bytes=16300 rssi=-66[0m
[0;32mI (602573) net_bench: case=26 second=19 bytes=15047 rssi=-66[0m
[0;32mI (603580) net_bench: case=27 path=/mp3-128?rate=128 output=1 begin rssi=-81 round=3 fixture=1 variant=0 wait_ms=25 read_limit=1024 batch=1[0m
[0;32mI (623729) net_cpu: case=27 valid=1 total_us=20094592 tasks_before=8 tasks_after=8 snapshot_bytes=1440[0m
[0;32mI (623731) net_cpu: case=27 task=audio id=4 runtime_us=14771214 existed=1[0m
[0;32mI (623737) net_cpu: case=27 task=IDLE id=2 runtime_us=3556379 existed=1[0m
[0;32mI (623744) net_cpu: case=27 task=tiT id=5 runtime_us=853575 existed=1[0m
[0;32mI (623752) net_cpu: case=27 task=uiT id=1 runtime_us=47469 existed=1[0m
[0;32mI (623759) net_cpu: case=27 task=httpd id=9 runtime_us=94124 existed=1[0m
[0;32mI (623766) net_cpu: case=27 task=ppT id=7 runtime_us=773679 existed=1[0m
[0;32mI (623773) net_cpu: case=27 task=Tmr Svc id=3 runtime_us=0 existed=1[0m
[0;32mI (623780) net_cpu: case=27 task=sys_evt id=6 runtime_us=0 existed=1[0m
[0;32mI (623789) net_bench: case=27 output=1 wall_us=20066650 bytes=295543 open_us=67262 error=0 rssi=-81 heap_min=10360[0m
[0;32mI (623798) net_bench: case=27 recv_total_us=500341 recv_positive_us=488089 recv_empty_us=12252[0m
[0;32mI (623807) net_bench: case=27 cpu_lean=1 gap_metrics_valid=0 heap_is_final=1[0m
[0;32mI (623815) net_bench: case=27 sampled_heap_min=9416 rx_gap_tick_ms=242 wait_calls=66[0m
[0;32mI (623823) net_bench: case=27 calls=549 empty=66 rx_gap_us=0 app_gap_us=0 empty_wait_us=0 recv_max_us=2045 commit_max_us=82881 ready_max=0 ready_probes=0[0m
[0;32mI (623838) net_bench: case=27 pcm_frames=814464 rate=44100 eof=3438 underrun=1237 stack=1164[0m
[0;32mI (623847) net_bench: case=27 second=0 bytes=16352 rssi=-66[0m
[0;32mI (623853) net_bench: case=27 second=1 bytes=15726 rssi=-66[0m
[0;32mI (623859) net_bench: case=27 second=2 bytes=11742 rssi=-66[0m
[0;32mI (623865) net_bench: case=27 second=3 bytes=14745 rssi=-69[0m
[0;32mI (623872) net_bench: case=27 second=4 bytes=16300 rssi=-66[0m
[0;32mI (623878) net_bench: case=27 second=5 bytes=15046 rssi=-68[0m
[0;32mI (623884) net_bench: case=27 second=6 bytes=16300 rssi=-82[0m
[0;32mI (623890) net_bench: case=27 second=7 bytes=16300 rssi=-82[0m
[0;32mI (623897) net_bench: case=27 second=8 bytes=15046 rssi=-81[0m
[0;32mI (623903) net_bench: case=27 second=9 bytes=13793 rssi=-68[0m
[0;32mI (623909) net_bench: case=27 second=10 bytes=14079 rssi=-78[0m
[0;32mI (623915) net_bench: case=27 second=11 bytes=13506 rssi=-66[0m
[0;32mI (623922) net_bench: case=27 second=12 bytes=15276 rssi=-67[0m
[0;32mI (623928) net_bench: case=27 second=13 bytes=16070 rssi=-81[0m
[0;32mI (623934) net_bench: case=27 second=14 bytes=13342 rssi=-78[0m
[0;32mI (623941) net_bench: case=27 second=15 bytes=12989 rssi=-79[0m
[0;32mI (623947) net_bench: case=27 second=16 bytes=11341 rssi=-82[0m
[0;32mI (623953) net_bench: case=27 second=17 bytes=16243 rssi=-74[0m
[0;32mI (623960) net_bench: case=27 second=18 bytes=15047 rssi=-81[0m
[0;32mI (623966) net_bench: case=27 second=19 bytes=16300 rssi=-66[0m
[0;32mI (624973) net_bench: case=28 path=/mp3-320?rate=320 output=1 begin rssi=-68 round=3 fixture=2 variant=1 wait_ms=25 read_limit=1536 batch=1[0m
[0;32mI (645098) net_cpu: case=28 valid=1 total_us=20071452 tasks_before=8 tasks_after=8 snapshot_bytes=1440[0m
[0;32mI (645100) net_cpu: case=28 task=audio id=4 runtime_us=16705751 existed=1[0m
[0;32mI (645106) net_cpu: case=28 task=IDLE id=2 runtime_us=251728 existed=1[0m
[0;32mI (645113) net_cpu: case=28 task=tiT id=5 runtime_us=1647854 existed=1[0m
[0;32mI (645121) net_cpu: case=28 task=uiT id=1 runtime_us=42076 existed=1[0m
[0;32mI (645128) net_cpu: case=28 task=httpd id=9 runtime_us=82950 existed=1[0m
[0;32mI (645135) net_cpu: case=28 task=ppT id=7 runtime_us=1342604 existed=1[0m
[0;32mI (645142) net_cpu: case=28 task=Tmr Svc id=3 runtime_us=0 existed=1[0m
[0;32mI (645149) net_cpu: case=28 task=sys_evt id=6 runtime_us=0 existed=1[0m
[0;32mI (645158) net_bench: case=28 output=1 wall_us=20043313 bytes=627431 open_us=66728 error=0 rssi=-66 heap_min=9712[0m
[0;32mI (645167) net_bench: case=28 recv_total_us=1064735 recv_positive_us=1064239 recv_empty_us=496[0m
[0;32mI (645176) net_bench: case=28 cpu_lean=1 gap_metrics_valid=0 heap_is_final=1[0m
[0;32mI (645184) net_bench: case=28 sampled_heap_min=9576 rx_gap_tick_ms=40 wait_calls=3[0m
[0;32mI (645192) net_bench: case=28 calls=609 empty=3 rx_gap_us=0 app_gap_us=0 empty_wait_us=0 recv_max_us=5115 commit_max_us=37623 ready_max=0 ready_probes=0[0m
[0;32mI (645206) net_bench: case=28 pcm_frames=691200 rate=44100 eof=7227 underrun=3308 stack=1164[0m
[0;32mI (645215) net_bench: case=28 second=0 bytes=30793 rssi=-79[0m
[0;32mI (645222) net_bench: case=28 second=1 bytes=31347 rssi=-79[0m
[0;32mI (645228) net_bench: case=28 second=2 bytes=32392 rssi=-80[0m
[0;32mI (645234) net_bench: case=28 second=3 bytes=30302 rssi=-80[0m
[0;32mI (645240) net_bench: case=28 second=4 bytes=31347 rssi=-68[0m
[0;32mI (645247) net_bench: case=28 second=5 bytes=31347 rssi=-66[0m
[0;32mI (645254) net_bench: case=28 second=6 bytes=32392 rssi=-66[0m
[0;32mI (645260) net_bench: case=28 second=7 bytes=30302 rssi=-66[0m
[0;32mI (645266) net_bench: case=28 second=8 bytes=32392 rssi=-68[0m
[0;32mI (645272) net_bench: case=28 second=9 bytes=30302 rssi=-66[0m
[0;32mI (645279) net_bench: case=28 second=10 bytes=32392 rssi=-82[0m
[0;32mI (645285) net_bench: case=28 second=11 bytes=31347 rssi=-79[0m
[0;32mI (645291) net_bench: case=28 second=12 bytes=31347 rssi=-79[0m
[0;32mI (645298) net_bench: case=28 second=13 bytes=31347 rssi=-81[0m
[0;32mI (645304) net_bench: case=28 second=14 bytes=31347 rssi=-65[0m
[0;32mI (645310) net_bench: case=28 second=15 bytes=31347 rssi=-66[0m
[0;32mI (645317) net_bench: case=28 second=16 bytes=31347 rssi=-67[0m
[0;32mI (645323) net_bench: case=28 second=17 bytes=31347 rssi=-68[0m
[0;32mI (645329) net_bench: case=28 second=18 bytes=31347 rssi=-81[0m
[0;32mI (645336) net_bench: case=28 second=19 bytes=31347 rssi=-79[0m
[0;32mI (646343) net_bench: case=29 path=/mp3-320?rate=320 output=1 begin rssi=-81 round=3 fixture=2 variant=0 wait_ms=25 read_limit=1024 batch=1[0m
[0;32mI (666469) net_cpu: case=29 valid=1 total_us=20066636 tasks_before=8 tasks_after=8 snapshot_bytes=1440[0m
[0;32mI (666471) net_cpu: case=29 task=audio id=4 runtime_us=16425396 existed=1[0m
[0;32mI (666477) net_cpu: case=29 task=IDLE id=2 runtime_us=480088 existed=1[0m
[0;32mI (666484) net_cpu: case=29 task=uiT id=1 runtime_us=42025 existed=1[0m
[0;32mI (666491) net_cpu: case=29 task=tiT id=5 runtime_us=1681582 existed=1[0m
[0;32mI (666499) net_cpu: case=29 task=httpd id=9 runtime_us=86520 existed=1[0m
[0;32mI (666506) net_cpu: case=29 task=ppT id=7 runtime_us=1352899 existed=1[0m
[0;32mI (666514) net_cpu: case=29 task=Tmr Svc id=3 runtime_us=0 existed=1[0m
[0;32mI (666521) net_cpu: case=29 task=sys_evt id=6 runtime_us=0 existed=1[0m
[0;32mI (666530) net_bench: case=29 output=1 wall_us=20038491 bytes=608602 open_us=73362 error=0 rssi=-79 heap_min=10460[0m
[0;32mI (666539) net_bench: case=29 recv_total_us=1173048 recv_positive_us=1172610 recv_empty_us=438[0m
[0;32mI (666548) net_bench: case=29 cpu_lean=1 gap_metrics_valid=0 heap_is_final=1[0m
[0;32mI (666556) net_bench: case=29 sampled_heap_min=9508 rx_gap_tick_ms=37 wait_calls=3[0m
[0;32mI (666564) net_bench: case=29 calls=1167 empty=3 rx_gap_us=0 app_gap_us=0 empty_wait_us=0 recv_max_us=6426 commit_max_us=36633 ready_max=0 ready_probes=0[0m
[0;32mI (666578) net_bench: case=29 pcm_frames=670464 rate=44100 eof=7587 underrun=3651 stack=1164[0m
[0;32mI (666588) net_bench: case=29 second=0 bytes=30772 rssi=-66[0m
[0;32mI (666594) net_bench: case=29 second=1 bytes=30302 rssi=-66[0m
[0;32mI (666600) net_bench: case=29 second=2 bytes=30302 rssi=-68[0m
[0;32mI (666606) net_bench: case=29 second=3 bytes=30302 rssi=-67[0m
[0;32mI (666612) net_bench: case=29 second=4 bytes=31347 rssi=-79[0m
[0;32mI (666619) net_bench: case=29 second=5 bytes=30302 rssi=-79[0m
[0;32mI (666625) net_bench: case=29 second=6 bytes=30302 rssi=-80[0m
[0;32mI (666631) net_bench: case=29 second=7 bytes=30302 rssi=-79[0m
[0;32mI (666637) net_bench: case=29 second=8 bytes=30303 rssi=-81[0m
[0;32mI (666644) net_bench: case=29 second=9 bytes=30302 rssi=-81[0m
[0;32mI (666650) net_bench: case=29 second=10 bytes=30302 rssi=-66[0m
[0;32mI (666656) net_bench: case=29 second=11 bytes=30302 rssi=-66[0m
[0;32mI (666663) net_bench: case=29 second=12 bytes=30302 rssi=-66[0m
[0;32mI (666669) net_bench: case=29 second=13 bytes=30302 rssi=-66[0m
[0;32mI (666675) net_bench: case=29 second=14 bytes=30302 rssi=-80[0m
[0;32mI (666681) net_bench: case=29 second=15 bytes=30302 rssi=-80[0m
[0;32mI (666688) net_bench: case=29 second=16 bytes=30323 rssi=-80[0m
[0;32mI (666694) net_bench: case=29 second=17 bytes=31326 rssi=-80[0m
[0;32mI (666700) net_bench: case=29 second=18 bytes=30302 rssi=-80[0m
[0;32mI (666707) net_bench: case=29 second=19 bytes=30303 rssi=-79[0m
[0;32mI (667714) net_bench: case=30 path=/aac-64?rate=64 output=1 begin rssi=-67 round=3 fixture=3 variant=1 wait_ms=25 read_limit=1536 batch=1[0m
[0;32mI (688104) net_cpu: case=30 valid=1 total_us=20323457 tasks_before=8 tasks_after=8 snapshot_bytes=1440[0m
[0;32mI (688106) net_cpu: case=30 task=audio id=4 runtime_us=12143283 existed=1[0m
[0;32mI (688112) net_cpu: case=30 task=IDLE id=2 runtime_us=7028647 existed=1[0m
[0;32mI (688119) net_cpu: case=30 task=tiT id=5 runtime_us=469549 existed=1[0m
[0;32mI (688126) net_cpu: case=30 task=uiT id=1 runtime_us=48782 existed=1[0m
[0;32mI (688134) net_cpu: case=30 task=httpd id=9 runtime_us=97960 existed=1[0m
[0;32mI (688141) net_cpu: case=30 task=ppT id=7 runtime_us=536195 existed=1[0m
[0;32mI (688148) net_cpu: case=30 task=Tmr Svc id=3 runtime_us=0 existed=1[0m
[0;32mI (688155) net_cpu: case=30 task=sys_evt id=6 runtime_us=0 existed=1[0m
[0;32mI (688164) net_bench: case=30 output=1 wall_us=20295238 bytes=140350 open_us=80103 error=0 rssi=-66 heap_min=11492[0m
[0;32mI (688173) net_bench: case=30 recv_total_us=175201 recv_positive_us=174273 recv_empty_us=928[0m
[0;32mI (688182) net_bench: case=30 cpu_lean=1 gap_metrics_valid=0 heap_is_final=1[0m
[0;32mI (688190) net_bench: case=30 sampled_heap_min=11128 rx_gap_tick_ms=233 wait_calls=5[0m
[0;32mI (688198) net_bench: case=30 calls=105 empty=5 rx_gap_us=0 app_gap_us=0 empty_wait_us=0 recv_max_us=2943 commit_max_us=234593 ready_max=0 ready_probes=0[0m
[0;32mI (688212) net_bench: case=30 pcm_frames=784384 rate=44100 eof=4202 underrun=1921 stack=1164[0m
[0;32mI (688221) net_bench: case=30 second=0 bytes=7222 rssi=-80[0m
[0;32mI (688228) net_bench: case=30 second=1 bytes=7067 rssi=-66[0m
[0;32mI (688234) net_bench: case=30 second=2 bytes=7279 rssi=-67[0m
[0;32mI (688240) net_bench: case=30 second=3 bytes=7090 rssi=-67[0m
[0;32mI (688246) net_bench: case=30 second=4 bytes=7148 rssi=-66[0m
[0;32mI (688252) net_bench: case=30 second=5 bytes=5604 rssi=-80[0m
[0;32mI (688258) net_bench: case=30 second=6 bytes=7377 rssi=-80[0m
[0;32mI (688264) net_bench: case=30 second=7 bytes=7137 rssi=-80[0m
[0;32mI (688271) net_bench: case=30 second=8 bytes=7071 rssi=-80[0m
[0;32mI (688277) net_bench: case=30 second=9 bytes=7267 rssi=-80[0m
[0;32mI (688284) net_bench: case=30 second=10 bytes=7135 rssi=-80[0m
[0;32mI (688289) net_bench: case=30 second=11 bytes=7162 rssi=-81[0m
[0;32mI (688295) net_bench: case=30 second=12 bytes=5774 rssi=-80[0m
[0;32mI (688302) net_bench: case=30 second=13 bytes=7011 rssi=-81[0m
[0;32mI (688308) net_bench: case=30 second=14 bytes=7277 rssi=-82[0m
[0;32mI (688314) net_bench: case=30 second=15 bytes=7232 rssi=-79[0m
[0;32mI (688320) net_bench: case=30 second=16 bytes=7154 rssi=-78[0m
[0;32mI (688326) net_bench: case=30 second=17 bytes=7143 rssi=-66[0m
[0;32mI (688333) net_bench: case=30 second=18 bytes=7070 rssi=-66[0m
[0;32mI (688339) net_bench: case=30 second=19 bytes=7130 rssi=-66[0m
[0;32mI (689346) net_bench: case=31 path=/aac-64?rate=64 output=1 begin rssi=-67 round=3 fixture=3 variant=0 wait_ms=25 read_limit=1024 batch=1[0m
[0;32mI (709622) net_cpu: case=31 valid=1 total_us=20216657 tasks_before=8 tasks_after=8 snapshot_bytes=1440[0m
[0;32mI (709624) net_cpu: case=31 task=audio id=4 runtime_us=12142876 existed=1[0m
[0;32mI (709630) net_cpu: case=31 task=IDLE id=2 runtime_us=6934078 existed=1[0m
[0;32mI (709637) net_cpu: case=31 task=uiT id=1 runtime_us=48653 existed=1[0m
[0;32mI (709644) net_cpu: case=31 task=tiT id=5 runtime_us=480006 existed=1[0m
[0;32mI (709651) net_cpu: case=31 task=ppT id=7 runtime_us=514398 existed=1[0m
[0;32mI (709659) net_cpu: case=31 task=httpd id=9 runtime_us=98102 existed=1[0m
[0;32mI (709666) net_cpu: case=31 task=Tmr Svc id=3 runtime_us=0 existed=1[0m
[0;32mI (709673) net_cpu: case=31 task=sys_evt id=6 runtime_us=0 existed=1[0m
[0;32mI (709682) net_bench: case=31 output=1 wall_us=20188618 bytes=139971 open_us=72077 error=0 rssi=-79 heap_min=11496[0m
[0;32mI (709691) net_bench: case=31 recv_total_us=223915 recv_positive_us=223661 recv_empty_us=254[0m
[0;32mI (709700) net_bench: case=31 cpu_lean=1 gap_metrics_valid=0 heap_is_final=1[0m
[0;32mI (709708) net_bench: case=31 sampled_heap_min=11048 rx_gap_tick_ms=164 wait_calls=1[0m
[0;32mI (709716) net_bench: case=31 calls=196 empty=1 rx_gap_us=0 app_gap_us=0 empty_wait_us=0 recv_max_us=2652 commit_max_us=162952 ready_max=0 ready_probes=0[0m
[0;32mI (709730) net_bench: case=31 pcm_frames=781312 rate=44100 eof=4166 underrun=1893 stack=1164[0m
[0;32mI (709739) net_bench: case=31 second=0 bytes=8192 rssi=-66[0m
[0;32mI (709746) net_bench: case=31 second=1 bytes=7121 rssi=-69[0m
[0;32mI (709752) net_bench: case=31 second=2 bytes=6255 rssi=-69[0m
[0;32mI (709758) net_bench: case=31 second=3 bytes=7090 rssi=-81[0m
[0;32mI (709764) net_bench: case=31 second=4 bytes=6646 rssi=-80[0m
[0;32mI (709770) net_bench: case=31 second=5 bytes=7130 rssi=-66[0m
[0;32mI (709776) net_bench: case=31 second=6 bytes=7377 rssi=-80[0m
[0;32mI (709782) net_bench: case=31 second=7 bytes=7137 rssi=-80[0m
[0;32mI (709789) net_bench: case=31 second=8 bytes=7071 rssi=-82[0m
[0;32mI (709795) net_bench: case=31 second=9 bytes=6243 rssi=-79[0m
[0;32mI (709801) net_bench: case=31 second=10 bytes=6680 rssi=-66[0m
[0;32mI (709807) net_bench: case=31 second=11 bytes=7279 rssi=-82[0m
[0;32mI (709813) net_bench: case=31 second=12 bytes=6728 rssi=-69[0m
[0;32mI (709820) net_bench: case=31 second=13 bytes=7419 rssi=-85[0m
[0;32mI (709826) net_bench: case=31 second=14 bytes=7277 rssi=-68[0m
[0;32mI (709832) net_bench: case=31 second=15 bytes=6208 rssi=-65[0m
[0;32mI (709838) net_bench: case=31 second=16 bytes=6710 rssi=-66[0m
[0;32mI (709844) net_bench: case=31 second=17 bytes=7247 rssi=-66[0m
[0;32mI (709851) net_bench: case=31 second=18 bytes=6945 rssi=-66[0m
[0;32mI (709857) net_bench: case=31 second=19 bytes=7216 rssi=-66[0m
[0;32mI (710864) net_bench: case=32 path=/mp3-320?rate=0 output=0 begin rssi=-66 round=4 fixture=0 variant=0 wait_ms=25 read_limit=1024 batch=1[0m
[0;32mI (731002) net_cpu: case=32 valid=1 total_us=20068591 tasks_before=8 tasks_after=8 snapshot_bytes=1440[0m
[0;32mI (731004) net_cpu: case=32 task=audio id=4 runtime_us=3552288 existed=1[0m
[0;32mI (731010) net_cpu: case=32 task=IDLE id=2 runtime_us=7176506 existed=1[0m
[0;32mI (731017) net_cpu: case=32 task=tiT id=5 runtime_us=5277795 existed=1[0m
[0;32mI (731025) net_cpu: case=32 task=uiT id=1 runtime_us=38322 existed=1[0m
[0;32mI (731032) net_cpu: case=32 task=httpd id=9 runtime_us=94694 existed=1[0m
[0;32mI (731039) net_cpu: case=32 task=ppT id=7 runtime_us=3929573 existed=1[0m
[0;32mI (731046) net_cpu: case=32 task=Tmr Svc id=3 runtime_us=0 existed=1[0m
[0;32mI (731053) net_cpu: case=32 task=sys_evt id=6 runtime_us=0 existed=1[0m
[0;32mI (731062) net_bench: case=32 output=0 wall_us=20040205 bytes=2615424 open_us=79814 error=0 rssi=-69 heap_min=12308[0m
[0;32mI (731071) net_bench: case=32 recv_total_us=5896122 recv_positive_us=5352407 recv_empty_us=543715[0m
[0;32mI (731081) net_bench: case=32 cpu_lean=1 gap_metrics_valid=0 heap_is_final=1[0m
[0;32mI (731088) net_bench: case=32 sampled_heap_min=9728 rx_gap_tick_ms=229 wait_calls=1522[0m
[0;32mI (731097) net_bench: case=32 calls=5626 empty=1522 rx_gap_us=0 app_gap_us=0 empty_wait_us=0 recv_max_us=7748 commit_max_us=0 ready_max=0 ready_probes=0[0m
[0;32mI (731111) net_bench: case=32 pcm_frames=0 rate=0 eof=1885 underrun=1884 stack=1164[0m
[0;32mI (731119) net_bench: case=32 second=0 bytes=204296 rssi=-80[0m
[0;32mI (731126) net_bench: case=32 second=1 bytes=209992 rssi=-82[0m
[0;32mI (731132) net_bench: case=32 second=2 bytes=114416 rssi=-78[0m
[0;32mI (731138) net_bench: case=32 second=3 bytes=19296 rssi=-80[0m
[0;32mI (731145) net_bench: case=32 second=4 bytes=21440 rssi=-67[0m
[0;32mI (731151) net_bench: case=32 second=5 bytes=18760 rssi=-66[0m
[0;32mI (731158) net_bench: case=32 second=6 bytes=33232 rssi=-67[0m
[0;32mI (731164) net_bench: case=32 second=7 bytes=64856 rssi=-66[0m
[0;32mI (731170) net_bench: case=32 second=8 bytes=111544 rssi=-69[0m
[0;32mI (731177) net_bench: case=32 second=9 bytes=169728 rssi=-80[0m
[0;32mI (731183) net_bench: case=32 second=10 bytes=172608 rssi=-79[0m
[0;32mI (731190) net_bench: case=32 second=11 bytes=170912 rssi=-80[0m
[0;32mI (731196) net_bench: case=32 second=12 bytes=173968 rssi=-79[0m
[0;32mI (731202) net_bench: case=32 second=13 bytes=167784 rssi=-79[0m
[0;32mI (731209) net_bench: case=32 second=14 bytes=172416 rssi=-66[0m
[0;32mI (731215) net_bench: case=32 second=15 bytes=171344 rssi=-67[0m
[0;32mI (731222) net_bench: case=32 second=16 bytes=145016 rssi=-66[0m
[0;32mI (731228) net_bench: case=32 second=17 bytes=123336 rssi=-68[0m
[0;32mI (731235) net_bench: case=32 second=18 bytes=177776 rssi=-67[0m
[0;32mI (731241) net_bench: case=32 second=19 bytes=172704 rssi=-79[0m
[0;32mI (732248) net_bench: case=33 path=/mp3-320?rate=0 output=0 begin rssi=-81 round=4 fixture=0 variant=1 wait_ms=25 read_limit=1536 batch=1[0m
[0;32mI (752391) net_cpu: case=33 valid=1 total_us=20073729 tasks_before=8 tasks_after=8 snapshot_bytes=1440[0m
[0;32mI (752395) net_cpu: case=33 task=audio id=4 runtime_us=4579670 existed=1[0m
[0;32mI (752401) net_cpu: case=33 task=IDLE id=2 runtime_us=3981075 existed=1[0m
[0;32mI (752408) net_cpu: case=33 task=tiT id=5 runtime_us=6534920 existed=1[0m
[0;32mI (752415) net_cpu: case=33 task=uiT id=1 runtime_us=38104 existed=1[0m
[0;32mI (752422) net_cpu: case=33 task=httpd id=9 runtime_us=95475 existed=1[0m
[0;32mI (752429) net_cpu: case=33 task=ppT id=7 runtime_us=4844979 existed=1[0m
[0;32mI (752436) net_cpu: case=33 task=Tmr Svc id=3 runtime_us=0 existed=1[0m
[0;32mI (752443) net_cpu: case=33 task=sys_evt id=6 runtime_us=0 existed=1[0m
[0;32mI (752453) net_bench: case=33 output=0 wall_us=20044946 bytes=3289384 open_us=79788 error=0 rssi=-80 heap_min=12176[0m
[0;32mI (752462) net_bench: case=33 recv_total_us=6724337 recv_positive_us=5908908 recv_empty_us=815429[0m
[0;32mI (752471) net_bench: case=33 cpu_lean=1 gap_metrics_valid=0 heap_is_final=1[0m
[0;32mI (752479) net_bench: case=33 sampled_heap_min=11524 rx_gap_tick_ms=203 wait_calls=1999[0m
[0;32mI (752487) net_bench: case=33 calls=7187 empty=1999 rx_gap_us=0 app_gap_us=0 empty_wait_us=0 recv_max_us=6647 commit_max_us=0 ready_max=0 ready_probes=0[0m
[0;32mI (752502) net_bench: case=33 pcm_frames=0 rate=0 eof=1885 underrun=1884 stack=1164[0m
[0;32mI (752510) net_bench: case=33 second=0 bytes=174000 rssi=-66[0m
[0;32mI (752516) net_bench: case=33 second=1 bytes=173720 rssi=-67[0m
[0;32mI (752523) net_bench: case=33 second=2 bytes=175864 rssi=-65[0m
[0;32mI (752529) net_bench: case=33 second=3 bytes=177824 rssi=-67[0m
[0;32mI (752535) net_bench: case=33 second=4 bytes=124464 rssi=-66[0m
[0;32mI (752542) net_bench: case=33 second=5 bytes=141672 rssi=-67[0m
[0;32mI (752548) net_bench: case=33 second=6 bytes=172408 rssi=-79[0m
[0;32mI (752554) net_bench: case=33 second=7 bytes=173240 rssi=-81[0m
[0;32mI (752561) net_bench: case=33 second=8 bytes=180264 rssi=-80[0m
[0;32mI (752567) net_bench: case=33 second=9 bytes=173240 rssi=-80[0m
[0;32mI (752573) net_bench: case=33 second=10 bytes=179840 rssi=-66[0m
[0;32mI (752580) net_bench: case=33 second=11 bytes=173480 rssi=-66[0m
[0;32mI (752586) net_bench: case=33 second=12 bytes=166512 rssi=-66[0m
[0;32mI (752592) net_bench: case=33 second=13 bytes=149896 rssi=-66[0m
[0;32mI (752599) net_bench: case=33 second=14 bytes=86944 rssi=-66[0m
[0;32mI (752605) net_bench: case=33 second=15 bytes=171632 rssi=-80[0m
[0;32mI (752612) net_bench: case=33 second=16 bytes=175568 rssi=-79[0m
[0;32mI (752618) net_bench: case=33 second=17 bytes=171632 rssi=-79[0m
[0;32mI (752624) net_bench: case=33 second=18 bytes=175088 rssi=-81[0m
[0;32mI (752631) net_bench: case=33 second=19 bytes=172096 rssi=-81[0m
[0;32mI (753638) net_bench: case=34 path=/mp3-128?rate=128 output=1 begin rssi=-80 round=4 fixture=1 variant=0 wait_ms=25 read_limit=1024 batch=1[0m
[0;32mI (769870) net_cpu: case=34 valid=1 total_us=16147888 tasks_before=8 tasks_after=8 snapshot_bytes=1440[0m
[0;32mI (769872) net_cpu: case=34 task=audio id=4 runtime_us=12104364 existed=1[0m
[0;32mI (769878) net_cpu: case=34 task=IDLE id=2 runtime_us=2564504 existed=1[0m
[0;32mI (769886) net_cpu: case=34 task=uiT id=1 runtime_us=38144 existed=1[0m
[0;32mI (769893) net_cpu: case=34 task=tiT id=5 runtime_us=711199 existed=1[0m
[0;32mI (769900) net_cpu: case=34 task=httpd id=9 runtime_us=77118 existed=1[0m
[0;32mI (769907) net_cpu: case=34 task=ppT id=7 runtime_us=652931 existed=1[0m
[0;32mI (769914) net_cpu: case=34 task=Tmr Svc id=3 runtime_us=0 existed=1[0m
[0;32mI (769921) net_cpu: case=34 task=sys_evt id=6 runtime_us=0 existed=1[0m
[0;32mI (769930) net_bench: case=34 output=1 wall_us=16125316 bytes=241220 open_us=91713 error=-116 rssi=-67 heap_min=12288[0m
[0;32mI (769939) net_bench: case=34 recv_total_us=438617 recv_positive_us=429627 recv_empty_us=8990[0m
[0;32mI (769948) net_bench: case=34 cpu_lean=1 gap_metrics_valid=0 heap_is_final=1[0m
[0;32mI (769956) net_bench: case=34 sampled_heap_min=9860 rx_gap_tick_ms=82 wait_calls=45[0m
[0;32mI (769964) net_bench: case=34 calls=445 empty=45 rx_gap_us=0 app_gap_us=0 empty_wait_us=0 recv_max_us=3752 commit_max_us=80851 ready_max=0 ready_probes=0[0m
[0;32mI (769979) net_bench: case=34 pcm_frames=664704 rate=44100 eof=2412 underrun=818 stack=1164[0m
[0;32mI (769988) net_bench: case=34 second=0 bytes=16352 rssi=-65[0m
[0;32mI (769994) net_bench: case=34 second=1 bytes=15694 rssi=-66[0m
[0;32mI (770000) net_bench: case=34 second=2 bytes=15726 rssi=-66[0m
[0;32mI (770006) net_bench: case=34 second=3 bytes=16230 rssi=-79[0m
[0;32mI (770013) net_bench: case=34 second=4 bytes=16182 rssi=-66[0m
[0;32mI (770019) net_bench: case=34 second=5 bytes=16415 rssi=-80[0m
[0;32mI (770025) net_bench: case=34 second=6 bytes=15276 rssi=-80[0m
[0;32mI (770031) net_bench: case=34 second=7 bytes=16070 rssi=-66[0m
[0;32mI (770038) net_bench: case=34 second=8 bytes=16039 rssi=-66[0m
[0;32mI (770044) net_bench: case=34 second=9 bytes=15537 rssi=-67[0m
[0;32mI (770050) net_bench: case=34 second=10 bytes=16070 rssi=-66[0m
[0;32mI (770056) net_bench: case=34 second=11 bytes=16300 rssi=-66[0m
[0;32mI (770063) net_bench: case=34 second=12 bytes=16300 rssi=-68[0m
[0;32mI (770069) net_bench: case=34 second=13 bytes=15046 rssi=-68[0m
[0;32mI (770075) net_bench: case=34 second=14 bytes=16530 rssi=-78[0m
[0;32mI (770082) net_bench: case=34 second=15 bytes=1453 rssi=-81[0m
[0;32mI (770088) net_bench: case=34 second=16 bytes=0 rssi=-68[0m
[0;32mI (770094) net_bench: case=34 second=17 bytes=0 rssi=-127[0m
[0;32mI (770100) net_bench: case=34 second=18 bytes=0 rssi=-127[0m
[0;32mI (770106) net_bench: case=34 second=19 bytes=0 rssi=-127[0m
[0;32mI (771113) net_bench: case=35 path=/mp3-128?rate=128 output=1 begin rssi=-79 round=4 fixture=1 variant=1 wait_ms=25 read_limit=1536 batch=1[0m
[0;32mI (791309) net_cpu: case=35 valid=1 total_us=20140974 tasks_before=8 tasks_after=8 snapshot_bytes=1440[0m
[0;32mI (791311) net_cpu: case=35 task=audio id=4 runtime_us=15905243 existed=1[0m
[0;32mI (791317) net_cpu: case=35 task=IDLE id=2 runtime_us=2346168 existed=1[0m
[0;32mI (791324) net_cpu: case=35 task=uiT id=1 runtime_us=49161 existed=1[0m
[0;32mI (791331) net_cpu: case=35 task=tiT id=5 runtime_us=912000 existed=1[0m
[0;32mI (791339) net_cpu: case=35 task=httpd id=9 runtime_us=96108 existed=1[0m
[0;32mI (791346) net_cpu: case=35 task=ppT id=7 runtime_us=833186 existed=1[0m
[0;32mI (791353) net_cpu: case=35 task=Tmr Svc id=3 runtime_us=0 existed=1[0m
[0;32mI (791360) net_cpu: case=35 task=sys_evt id=6 runtime_us=0 existed=1[0m
[0;32mI (791369) net_bench: case=35 output=1 wall_us=20112975 bytes=320431 open_us=67989 error=0 rssi=-66 heap_min=9864[0m
[0;32mI (791378) net_bench: case=35 recv_total_us=490917 recv_positive_us=490515 recv_empty_us=402[0m
[0;32mI (791387) net_bench: case=35 cpu_lean=1 gap_metrics_valid=0 heap_is_final=1[0m
[0;32mI (791395) net_bench: case=35 sampled_heap_min=9740 rx_gap_tick_ms=88 wait_calls=2[0m
[0;32mI (791403) net_bench: case=35 calls=338 empty=2 rx_gap_us=0 app_gap_us=0 empty_wait_us=0 recv_max_us=4145 commit_max_us=85827 ready_max=0 ready_probes=0[0m
[0;32mI (791417) net_bench: case=35 pcm_frames=882432 rate=44100 eof=2178 underrun=122 stack=1164[0m
[0;32mI (791426) net_bench: case=35 second=0 bytes=16384 rssi=-80[0m
[0;32mI (791432) net_bench: case=35 second=1 bytes=16498 rssi=-80[0m
[0;32mI (791438) net_bench: case=35 second=2 bytes=15882 rssi=-79[0m
[0;32mI (791445) net_bench: case=35 second=3 bytes=15726 rssi=-67[0m
[0;32mI (791451) net_bench: case=35 second=4 bytes=16718 rssi=-67[0m
[0;32mI (791457) net_bench: case=35 second=5 bytes=15202 rssi=-67[0m
[0;32mI (791463) net_bench: case=35 second=6 bytes=16186 rssi=-67[0m
[0;32mI (791470) net_bench: case=35 second=7 bytes=16415 rssi=-68[0m
[0;32mI (791476) net_bench: case=35 second=8 bytes=16300 rssi=-67[0m
[0;32mI (791482) net_bench: case=35 second=9 bytes=15046 rssi=-66[0m
[0;32mI (791488) net_bench: case=35 second=10 bytes=16300 rssi=-81[0m
[0;32mI (791495) net_bench: case=35 second=11 bytes=16300 rssi=-79[0m
[0;32mI (791501) net_bench: case=35 second=12 bytes=15046 rssi=-80[0m
[0;32mI (791507) net_bench: case=35 second=13 bytes=16300 rssi=-66[0m
[0;32mI (791514) net_bench: case=35 second=14 bytes=16300 rssi=-66[0m
[0;32mI (791520) net_bench: case=35 second=15 bytes=16300 rssi=-66[0m
[0;32mI (791526) net_bench: case=35 second=16 bytes=15882 rssi=-67[0m
[0;32mI (791533) net_bench: case=35 second=17 bytes=16300 rssi=-64[0m
[0;32mI (791539) net_bench: case=35 second=18 bytes=15046 rssi=-68[0m
[0;32mI (791545) net_bench: case=35 second=19 bytes=16300 rssi=-79[0m
[0;32mI (792553) net_bench: case=36 path=/mp3-320?rate=320 output=1 begin rssi=-80 round=4 fixture=2 variant=0 wait_ms=25 read_limit=1024 batch=1[0m
[0;32mI (812694) net_cpu: case=36 valid=1 total_us=20079428 tasks_before=8 tasks_after=8 snapshot_bytes=1440[0m
[0;32mI (812696) net_cpu: case=36 task=audio id=4 runtime_us=16464805 existed=1[0m
[0;32mI (812702) net_cpu: case=36 task=IDLE id=2 runtime_us=493729 existed=1[0m
[0;32mI (812709) net_cpu: case=36 task=tiT id=5 runtime_us=1688410 existed=1[0m
[0;32mI (812717) net_cpu: case=36 task=uiT id=1 runtime_us=42127 existed=1[0m
[0;32mI (812724) net_cpu: case=36 task=httpd id=9 runtime_us=85184 existed=1[0m
[0;32mI (812731) net_cpu: case=36 task=ppT id=7 runtime_us=1305601 existed=1[0m
[0;32mI (812738) net_cpu: case=36 task=Tmr Svc id=3 runtime_us=0 existed=1[0m
[0;32mI (812745) net_cpu: case=36 task=sys_evt id=6 runtime_us=0 existed=1[0m
[0;32mI (812754) net_bench: case=36 output=1 wall_us=20051230 bytes=612781 open_us=75007 error=0 rssi=-81 heap_min=10372[0m
[0;32mI (812763) net_bench: case=36 recv_total_us=1204448 recv_positive_us=1204117 recv_empty_us=331[0m
[0;32mI (812772) net_bench: case=36 cpu_lean=1 gap_metrics_valid=0 heap_is_final=1[0m
[0;32mI (812780) net_bench: case=36 sampled_heap_min=9720 rx_gap_tick_ms=37 wait_calls=2[0m
[0;32mI (812788) net_bench: case=36 calls=1173 empty=2 rx_gap_us=0 app_gap_us=0 empty_wait_us=0 recv_max_us=4113 commit_max_us=36029 ready_max=0 ready_probes=0[0m
[0;32mI (812802) net_bench: case=36 pcm_frames=675072 rate=44100 eof=7435 underrun=3583 stack=1164[0m
[0;32mI (812812) net_bench: case=36 second=0 bytes=30772 rssi=-67[0m
[0;32mI (812818) net_bench: case=36 second=1 bytes=30302 rssi=-66[0m
[0;32mI (812824) net_bench: case=36 second=2 bytes=30302 rssi=-65[0m
[0;32mI (812830) net_bench: case=36 second=3 bytes=30302 rssi=-66[0m
[0;32mI (812836) net_bench: case=36 second=4 bytes=30302 rssi=-80[0m
[0;32mI (812843) net_bench: case=36 second=5 bytes=30302 rssi=-81[0m
[0;32mI (812849) net_bench: case=36 second=6 bytes=31347 rssi=-81[0m
[0;32mI (812855) net_bench: case=36 second=7 bytes=30302 rssi=-80[0m
[0;32mI (812861) net_bench: case=36 second=8 bytes=30303 rssi=-68[0m
[0;32mI (812868) net_bench: case=36 second=9 bytes=31347 rssi=-67[0m
[0;32mI (812874) net_bench: case=36 second=10 bytes=30302 rssi=-69[0m
[0;32mI (812880) net_bench: case=36 second=11 bytes=30323 rssi=-66[0m
[0;32mI (812886) net_bench: case=36 second=12 bytes=31326 rssi=-80[0m
[0;32mI (812893) net_bench: case=36 second=13 bytes=30302 rssi=-80[0m
[0;32mI (812899) net_bench: case=36 second=14 bytes=31347 rssi=-79[0m
[0;32mI (812905) net_bench: case=36 second=15 bytes=30302 rssi=-80[0m
[0;32mI (812912) net_bench: case=36 second=16 bytes=31347 rssi=-81[0m
[0;32mI (812918) net_bench: case=36 second=17 bytes=30302 rssi=-80[0m
[0;32mI (812924) net_bench: case=36 second=18 bytes=30302 rssi=-67[0m
[0;32mI (812931) net_bench: case=36 second=19 bytes=31347 rssi=-67[0m
[0;32mI (813938) net_bench: case=37 path=/mp3-320?rate=320 output=1 begin rssi=-67 round=4 fixture=2 variant=1 wait_ms=25 read_limit=1536 batch=1[0m
[0;32mI (834083) net_cpu: case=37 valid=1 total_us=20090042 tasks_before=8 tasks_after=8 snapshot_bytes=1440[0m
[0;32mI (834085) net_cpu: case=37 task=audio id=4 runtime_us=16702953 existed=1[0m
[0;32mI (834091) net_cpu: case=37 task=IDLE id=2 runtime_us=259767 existed=1[0m
[0;32mI (834098) net_cpu: case=37 task=uiT id=1 runtime_us=42623 existed=1[0m
[0;32mI (834105) net_cpu: case=37 task=tiT id=5 runtime_us=1639855 existed=1[0m
[0;32mI (834113) net_cpu: case=37 task=httpd id=9 runtime_us=82530 existed=1[0m
[0;32mI (834120) net_cpu: case=37 task=ppT id=7 runtime_us=1363802 existed=1[0m
[0;32mI (834127) net_cpu: case=37 task=Tmr Svc id=3 runtime_us=0 existed=1[0m
[0;32mI (834134) net_cpu: case=37 task=sys_evt id=6 runtime_us=0 existed=1[0m
[0;32mI (834143) net_bench: case=37 output=1 wall_us=20061824 bytes=623251 open_us=68544 error=0 rssi=-68 heap_min=9720[0m
[0;32mI (834152) net_bench: case=37 recv_total_us=1036787 recv_positive_us=1035978 recv_empty_us=809[0m
[0;32mI (834161) net_bench: case=37 cpu_lean=1 gap_metrics_valid=0 heap_is_final=1[0m
[0;32mI (834169) net_bench: case=37 sampled_heap_min=9520 rx_gap_tick_ms=41 wait_calls=5[0m
[0;32mI (834177) net_bench: case=37 calls=611 empty=5 rx_gap_us=0 app_gap_us=0 empty_wait_us=0 recv_max_us=5662 commit_max_us=39844 ready_max=0 ready_probes=0[0m
[0;32mI (834191) net_bench: case=37 pcm_frames=686592 rate=44100 eof=7542 underrun=3397 stack=1164[0m
[0;32mI (834200) net_bench: case=37 second=0 bytes=30793 rssi=-80[0m
[0;32mI (834207) net_bench: case=37 second=1 bytes=31347 rssi=-80[0m
[0;32mI (834213) net_bench: case=37 second=2 bytes=31347 rssi=-80[0m
[0;32mI (834219) net_bench: case=37 second=3 bytes=31347 rssi=-66[0m
[0;32mI (834225) net_bench: case=37 second=4 bytes=30302 rssi=-68[0m
[0;32mI (834232) net_bench: case=37 second=5 bytes=31347 rssi=-67[0m
[0;32mI (834238) net_bench: case=37 second=6 bytes=31347 rssi=-66[0m
[0;32mI (834244) net_bench: case=37 second=7 bytes=30302 rssi=-66[0m
[0;32mI (834250) net_bench: case=37 second=8 bytes=31347 rssi=-80[0m
[0;32mI (834256) net_bench: case=37 second=9 bytes=31347 rssi=-81[0m
[0;32mI (834263) net_bench: case=37 second=10 bytes=31347 rssi=-79[0m
[0;32mI (834269) net_bench: case=37 second=11 bytes=30302 rssi=-81[0m
[0;32mI (834275) net_bench: case=37 second=12 bytes=31347 rssi=-80[0m
[0;32mI (834282) net_bench: case=37 second=13 bytes=31347 rssi=-79[0m
[0;32mI (834288) net_bench: case=37 second=14 bytes=31347 rssi=-67[0m
[0;32mI (834294) net_bench: case=37 second=15 bytes=31347 rssi=-66[0m
[0;32mI (834301) net_bench: case=37 second=16 bytes=31347 rssi=-66[0m
[0;32mI (834307) net_bench: case=37 second=17 bytes=31347 rssi=-66[0m
[0;32mI (834313) net_bench: case=37 second=18 bytes=31347 rssi=-68[0m
[0;32mI (834320) net_bench: case=37 second=19 bytes=31347 rssi=-79[0m
[0;32mI (835327) net_bench: case=38 path=/aac-64?rate=64 output=1 begin rssi=-79 round=4 fixture=3 variant=0 wait_ms=25 read_limit=1024 batch=1[0m
[0;32mI (856601) net_cpu: case=38 valid=1 total_us=20214603 tasks_before=8 tasks_after=8 snapshot_bytes=1440[0m
[0;32mI (856603) net_cpu: case=38 task=audio id=4 runtime_us=12152794 existed=1[0m
[0;32mI (856610) net_cpu: case=38 task=IDLE id=2 runtime_us=6925215 existed=1[0m
[0;32mI (856616) net_cpu: case=38 task=uiT id=1 runtime_us=48624 existed=1[0m
[0;32mI (856623) net_cpu: case=38 task=tiT id=5 runtime_us=480472 existed=1[0m
[0;32mI (856631) net_cpu: case=38 task=httpd id=9 runtime_us=96379 existed=1[0m
[0;32mI (856638) net_cpu: case=38 task=ppT id=7 runtime_us=512408 existed=1[0m
[0;32mI (856645) net_cpu: case=38 task=Tmr Svc id=3 runtime_us=0 existed=1[0m
[0;32mI (856652) net_cpu: case=38 task=sys_evt id=6 runtime_us=0 existed=1[0m
[0;32mI (856661) net_bench: case=38 output=1 wall_us=20186482 bytes=139971 open_us=1072545 error=0 rssi=-67 heap_min=11500[0m
[0;32mI (856670) net_bench: case=38 recv_total_us=224665 recv_positive_us=224423 recv_empty_us=242[0m
[0;32mI (856679) net_bench: case=38 cpu_lean=1 gap_metrics_valid=0 heap_is_final=1[0m
[0;32mI (856687) net_bench: case=38 sampled_heap_min=11052 rx_gap_tick_ms=163 wait_calls=1[0m
[0;32mI (856695) net_bench: case=38 calls=196 empty=1 rx_gap_us=0 app_gap_us=0 empty_wait_us=0 recv_max_us=2154 commit_max_us=161728 ready_max=0 ready_probes=0[0m
[0;32mI (856710) net_bench: case=38 pcm_frames=781312 rate=44100 eof=4166 underrun=1893 stack=1164[0m
[0;32mI (856719) net_bench: case=38 second=0 bytes=8192 rssi=-80[0m
[0;32mI (856725) net_bench: case=38 second=1 bytes=7121 rssi=-80[0m
[0;32mI (856731) net_bench: case=38 second=2 bytes=6255 rssi=-80[0m
[0;32mI (856737) net_bench: case=38 second=3 bytes=6666 rssi=-65[0m
[0;32mI (856743) net_bench: case=38 second=4 bytes=7070 rssi=-67[0m
[0;32mI (856749) net_bench: case=38 second=5 bytes=7130 rssi=-67[0m
[0;32mI (856755) net_bench: case=38 second=6 bytes=7377 rssi=-66[0m
[0;32mI (856762) net_bench: case=38 second=7 bytes=6113 rssi=-66[0m
[0;32mI (856768) net_bench: case=38 second=8 bytes=7071 rssi=-80[0m
[0;32mI (856774) net_bench: case=38 second=9 bytes=6815 rssi=-79[0m
[0;32mI (856780) net_bench: case=38 second=10 bytes=7132 rssi=-66[0m
[0;32mI (856786) net_bench: case=38 second=11 bytes=7279 rssi=-79[0m
[0;32mI (856793) net_bench: case=38 second=12 bytes=7136 rssi=-80[0m
[0;32mI (856800) net_bench: case=38 second=13 bytes=7011 rssi=-81[0m
[0;32mI (856806) net_bench: case=38 second=14 bytes=7277 rssi=-79[0m
[0;32mI (856812) net_bench: case=38 second=15 bytes=6208 rssi=-79[0m
[0;32mI (856819) net_bench: case=38 second=16 bytes=6710 rssi=-66[0m
[0;32mI (856825) net_bench: case=38 second=17 bytes=7247 rssi=-79[0m
[0;32mI (856831) net_bench: case=38 second=18 bytes=6945 rssi=-79[0m
[0;32mI (856837) net_bench: case=38 second=19 bytes=7216 rssi=-79[0m
[0;32mI (857844) net_bench: case=39 path=/aac-64?rate=64 output=1 begin rssi=-66 round=4 fixture=3 variant=1 wait_ms=25 read_limit=1536 batch=1[0m
[0;32mI (879096) net_cpu: case=39 valid=1 total_us=20209083 tasks_before=8 tasks_after=8 snapshot_bytes=1440[0m
[0;32mI (879098) net_cpu: case=39 task=audio id=4 runtime_us=12131892 existed=1[0m
[0;32mI (879104) net_cpu: case=39 task=IDLE id=2 runtime_us=6965051 existed=1[0m
[0;32mI (879112) net_cpu: case=39 task=uiT id=1 runtime_us=49184 existed=1[0m
[0;32mI (879118) net_cpu: case=39 task=tiT id=5 runtime_us=461169 existed=1[0m
[0;32mI (879126) net_cpu: case=39 task=httpd id=9 runtime_us=98004 existed=1[0m
[0;32mI (879133) net_cpu: case=39 task=ppT id=7 runtime_us=505617 existed=1[0m
[0;32mI (879140) net_cpu: case=39 task=Tmr Svc id=3 runtime_us=0 existed=1[0m
[0;32mI (879147) net_cpu: case=39 task=sys_evt id=6 runtime_us=0 existed=1[0m
[0;32mI (879156) net_bench: case=39 output=1 wall_us=20181028 bytes=140350 open_us=1057019 error=0 rssi=-67 heap_min=11496[0m
[0;32mI (879165) net_bench: case=39 recv_total_us=181308 recv_positive_us=181308 recv_empty_us=0[0m
[0;32mI (879174) net_bench: case=39 cpu_lean=1 gap_metrics_valid=0 heap_is_final=1[0m
[0;32mI (879182) net_bench: case=39 sampled_heap_min=11048 rx_gap_tick_ms=230 wait_calls=0[0m
[0;32mI (879190) net_bench: case=39 calls=104 empty=0 rx_gap_us=0 app_gap_us=0 empty_wait_us=0 recv_max_us=2928 commit_max_us=229686 ready_max=0 ready_probes=0[0m
[0;32mI (879205) net_bench: case=39 pcm_frames=784384 rate=44100 eof=4113 underrun=1832 stack=1164[0m
[0;32mI (879215) net_bench: case=39 second=0 bytes=8192 rssi=-79[0m
[0;32mI (879221) net_bench: case=39 second=1 bytes=7615 rssi=-79[0m
[0;32mI (879227) net_bench: case=39 second=2 bytes=5761 rssi=-67[0m
[0;32mI (879233) net_bench: case=39 second=3 bytes=7090 rssi=-66[0m
[0;32mI (879239) net_bench: case=39 second=4 bytes=7148 rssi=-66[0m
[0;32mI (879245) net_bench: case=39 second=5 bytes=7132 rssi=-68[0m
[0;32mI (879251) net_bench: case=39 second=6 bytes=7279 rssi=-68[0m
[0;32mI (879257) net_bench: case=39 second=7 bytes=7136 rssi=-66[0m
[0;32mI (879264) net_bench: case=39 second=8 bytes=7011 rssi=-66[0m
[0;32mI (879270) net_bench: case=39 second=9 bytes=7277 rssi=-67[0m
[0;32mI (879276) net_bench: case=39 second=10 bytes=5756 rssi=-66[0m
[0;32mI (879282) net_bench: case=39 second=11 bytes=7162 rssi=-81[0m
[0;32mI (879288) net_bench: case=39 second=12 bytes=7247 rssi=-80[0m
[0;32mI (879295) net_bench: case=39 second=13 bytes=6945 rssi=-82[0m
[0;32mI (879301) net_bench: case=39 second=14 bytes=7216 rssi=-80[0m
[0;32mI (879307) net_bench: case=39 second=15 bytes=7262 rssi=-80[0m
[0;32mI (879314) net_bench: case=39 second=16 bytes=5778 rssi=-79[0m
[0;32mI (879320) net_bench: case=39 second=17 bytes=7143 rssi=-79[0m
[0;32mI (879326) net_bench: case=39 second=18 bytes=7070 rssi=-81[0m
[0;32mI (879332) net_bench: case=39 second=19 bytes=7130 rssi=-80[0m
[0;32mI (880339) net_bench: case=40 path=/mp3-320?rate=0 output=0 begin rssi=-67 round=5 fixture=0 variant=1 wait_ms=25 read_limit=1536 batch=1[0m
[0;32mI (900457) net_cpu: case=40 valid=1 total_us=20064734 tasks_before=8 tasks_after=8 snapshot_bytes=1440[0m
[0;32mI (900461) net_cpu: case=40 task=audio id=4 runtime_us=3745321 existed=1[0m
[0;32mI (900467) net_cpu: case=40 task=IDLE id=2 runtime_us=9494069 existed=1[0m
[0;32mI (900474) net_cpu: case=40 task=tiT id=5 runtime_us=3827208 existed=1[0m
[0;32mI (900482) net_cpu: case=40 task=uiT id=1 runtime_us=38230 existed=1[0m
[0;32mI (900489) net_cpu: case=40 task=httpd id=9 runtime_us=93289 existed=1[0m
[0;32mI (900496) net_cpu: case=40 task=ppT id=7 runtime_us=2868403 existed=1[0m
[0;32mI (900503) net_cpu: case=40 task=Tmr Svc id=3 runtime_us=0 existed=1[0m
[0;32mI (900510) net_cpu: case=40 task=sys_evt id=6 runtime_us=0 existed=1[0m
[0;32mI (900519) net_bench: case=40 output=0 wall_us=20036669 bytes=1860304 open_us=66349 error=0 rssi=-81 heap_min=12948[0m
[0;32mI (900528) net_bench: case=40 recv_total_us=3732769 recv_positive_us=3118654 recv_empty_us=614115[0m
[0;32mI (900538) net_bench: case=40 cpu_lean=1 gap_metrics_valid=0 heap_is_final=1[0m
[0;32mI (900545) net_bench: case=40 sampled_heap_min=11524 rx_gap_tick_ms=74 wait_calls=2188[0m
[0;32mI (900554) net_bench: case=40 calls=5353 empty=2188 rx_gap_us=0 app_gap_us=0 empty_wait_us=0 recv_max_us=6071 commit_max_us=0 ready_max=0 ready_probes=0[0m
[0;32mI (900568) net_bench: case=40 pcm_frames=0 rate=0 eof=1884 underrun=1883 stack=1164[0m
[0;32mI (900577) net_bench: case=40 second=0 bytes=172280 rssi=-67[0m
[0;32mI (900583) net_bench: case=40 second=1 bytes=174016 rssi=-66[0m
[0;32mI (900589) net_bench: case=40 second=2 bytes=177048 rssi=-69[0m
[0;32mI (900595) net_bench: case=40 second=3 bytes=82544 rssi=-67[0m
[0;32mI (900602) net_bench: case=40 second=4 bytes=76944 rssi=-66[0m
[0;32mI (900608) net_bench: case=40 second=5 bytes=85336 rssi=-80[0m
[0;32mI (900614) net_bench: case=40 second=6 bytes=86888 rssi=-80[0m
[0;32mI (900620) net_bench: case=40 second=7 bytes=75336 rssi=-80[0m
[0;32mI (900627) net_bench: case=40 second=8 bytes=74616 rssi=-80[0m
[0;32mI (900633) net_bench: case=40 second=9 bytes=75392 rssi=-65[0m
[0;32mI (900640) net_bench: case=40 second=10 bytes=73784 rssi=-66[0m
[0;32mI (900646) net_bench: case=40 second=11 bytes=86056 rssi=-67[0m
[0;32mI (900653) net_bench: case=40 second=12 bytes=74024 rssi=-66[0m
[0;32mI (900659) net_bench: case=40 second=13 bytes=74320 rssi=-66[0m
[0;32mI (900665) net_bench: case=40 second=14 bytes=74320 rssi=-67[0m
[0;32mI (900672) net_bench: case=40 second=15 bytes=75632 rssi=-80[0m
[0;32mI (900678) net_bench: case=40 second=16 bytes=92248 rssi=-80[0m
[0;32mI (900684) net_bench: case=40 second=17 bytes=76168 rssi=-66[0m
[0;32mI (900691) net_bench: case=40 second=18 bytes=76112 rssi=-66[0m
[0;32mI (900697) net_bench: case=40 second=19 bytes=76168 rssi=-80[0m
[0;32mI (901704) net_bench: case=41 path=/mp3-320?rate=0 output=0 begin rssi=-67 round=5 fixture=0 variant=0 wait_ms=25 read_limit=1024 batch=1[0m
[0;32mI (921838) net_cpu: case=41 valid=1 total_us=20072781 tasks_before=8 tasks_after=8 snapshot_bytes=1440[0m
[0;32mI (921840) net_cpu: case=41 task=audio id=4 runtime_us=4648411 existed=1[0m
[0;32mI (921847) net_cpu: case=41 task=IDLE id=2 runtime_us=3509819 existed=1[0m
[0;32mI (921854) net_cpu: case=41 task=uiT id=1 runtime_us=38787 existed=1[0m
[0;32mI (921861) net_cpu: case=41 task=tiT id=5 runtime_us=6786406 existed=1[0m
[0;32mI (921868) net_cpu: case=41 task=httpd id=9 runtime_us=99052 existed=1[0m
[0;32mI (921875) net_cpu: case=41 task=ppT id=7 runtime_us=4990653 existed=1[0m
[0;32mI (921882) net_cpu: case=41 task=Tmr Svc id=3 runtime_us=0 existed=1[0m
[0;32mI (921889) net_cpu: case=41 task=sys_evt id=6 runtime_us=0 existed=1[0m
[0;32mI (921898) net_bench: case=41 output=0 wall_us=20044177 bytes=3377096 open_us=71984 error=0 rssi=-67 heap_min=12176[0m
[0;32mI (921907) net_bench: case=41 recv_total_us=7266482 recv_positive_us=6465384 recv_empty_us=801098[0m
[0;32mI (921917) net_bench: case=41 cpu_lean=1 gap_metrics_valid=0 heap_is_final=1[0m
[0;32mI (921925) net_bench: case=41 sampled_heap_min=10880 rx_gap_tick_ms=66 wait_calls=1919[0m
[0;32mI (921933) net_bench: case=41 calls=7531 empty=1919 rx_gap_us=0 app_gap_us=0 empty_wait_us=0 recv_max_us=6431 commit_max_us=0 ready_max=0 ready_probes=0[0m
[0;32mI (921948) net_bench: case=41 pcm_frames=0 rate=0 eof=1885 underrun=1884 stack=1164[0m
[0;32mI (921956) net_bench: case=41 second=0 bytes=163464 rssi=-80[0m
[0;32mI (921962) net_bench: case=41 second=1 bytes=166864 rssi=-79[0m
[0;32mI (921968) net_bench: case=41 second=2 bytes=169784 rssi=-80[0m
[0;32mI (921975) net_bench: case=41 second=3 bytes=176456 rssi=-80[0m
[0;32mI (921981) net_bench: case=41 second=4 bytes=173248 rssi=-68[0m
[0;32mI (921987) net_bench: case=41 second=5 bytes=179824 rssi=-68[0m
[0;32mI (921994) net_bench: case=41 second=6 bytes=173480 rssi=-66[0m
[0;32mI (922000) net_bench: case=41 second=7 bytes=171824 rssi=-67[0m
[0;32mI (922006) net_bench: case=41 second=8 bytes=172128 rssi=-67[0m
[0;32mI (922013) net_bench: case=41 second=9 bytes=171056 rssi=-80[0m
[0;32mI (922019) net_bench: case=41 second=10 bytes=172848 rssi=-80[0m
[0;32mI (922025) net_bench: case=41 second=11 bytes=173432 rssi=-80[0m
[0;32mI (922032) net_bench: case=41 second=12 bytes=173736 rssi=-79[0m
[0;32mI (922038) net_bench: case=41 second=13 bytes=174752 rssi=-80[0m
[0;32mI (922045) net_bench: case=41 second=14 bytes=176936 rssi=-67[0m
[0;32mI (922051) net_bench: case=41 second=15 bytes=146928 rssi=-67[0m
[0;32mI (922057) net_bench: case=41 second=16 bytes=121192 rssi=-67[0m
[0;32mI (922064) net_bench: case=41 second=17 bytes=172752 rssi=-66[0m
[0;32mI (922070) net_bench: case=41 second=18 bytes=173888 rssi=-67[0m
[0;32mI (922077) net_bench: case=41 second=19 bytes=171968 rssi=-79[0m
[0;32mI (923084) net_bench: case=42 path=/mp3-128?rate=128 output=1 begin rssi=-66 round=5 fixture=1 variant=1 wait_ms=25 read_limit=1536 batch=1[0m
[0;32mI (944248) net_cpu: case=42 valid=1 total_us=20098407 tasks_before=8 tasks_after=8 snapshot_bytes=1440[0m
[0;32mI (944250) net_cpu: case=42 task=audio id=4 runtime_us=15817314 existed=1[0m
[0;32mI (944256) net_cpu: case=42 task=IDLE id=2 runtime_us=2391441 existed=1[0m
[0;32mI (944263) net_cpu: case=42 task=uiT id=1 runtime_us=48188 existed=1[0m
[0;32mI (944270) net_cpu: case=42 task=tiT id=5 runtime_us=902967 existed=1[0m
[0;32mI (944278) net_cpu: case=42 task=httpd id=9 runtime_us=95135 existed=1[0m
[0;32mI (944286) net_cpu: case=42 task=ppT id=7 runtime_us=845211 existed=1[0m
[0;32mI (944293) net_cpu: case=42 task=Tmr Svc id=3 runtime_us=0 existed=1[0m
[0;32mI (944300) net_cpu: case=42 task=sys_evt id=6 runtime_us=0 existed=1[0m
[0;32mI (944309) net_bench: case=42 output=1 wall_us=20070446 bytes=318760 open_us=1078849 error=0 rssi=-81 heap_min=10460[0m
[0;32mI (944318) net_bench: case=42 recv_total_us=452503 recv_positive_us=451523 recv_empty_us=980[0m
[0;32mI (944327) net_bench: case=42 cpu_lean=1 gap_metrics_valid=0 heap_is_final=1[0m
[0;32mI (944335) net_bench: case=42 sampled_heap_min=9816 rx_gap_tick_ms=84 wait_calls=5[0m
[0;32mI (944343) net_bench: case=42 calls=273 empty=5 rx_gap_us=0 app_gap_us=0 empty_wait_us=0 recv_max_us=3714 commit_max_us=81819 ready_max=0 ready_probes=0[0m
[0;32mI (944357) net_bench: case=42 pcm_frames=877824 rate=44100 eof=2170 underrun=114 stack=1164[0m
[0;32mI (944366) net_bench: case=42 second=0 bytes=15328 rssi=-65[0m
[0;32mI (944372) net_bench: case=42 second=1 bytes=15726 rssi=-67[0m
[0;32mI (944379) net_bench: case=42 second=2 bytes=16874 rssi=-68[0m
[0;32mI (944385) net_bench: case=42 second=3 bytes=15046 rssi=-66[0m
[0;32mI (944391) net_bench: case=42 second=4 bytes=16300 rssi=-80[0m
[0;32mI (944397) net_bench: case=42 second=5 bytes=16301 rssi=-81[0m
[0;32mI (944404) net_bench: case=42 second=6 bytes=16300 rssi=-80[0m
[0;32mI (944410) net_bench: case=42 second=7 bytes=15046 rssi=-80[0m
[0;32mI (944416) net_bench: case=42 second=8 bytes=16300 rssi=-81[0m
[0;32mI (944422) net_bench: case=42 second=9 bytes=16300 rssi=-81[0m
[0;32mI (944429) net_bench: case=42 second=10 bytes=16300 rssi=-67[0m
[0;32mI (944435) net_bench: case=42 second=11 bytes=15046 rssi=-66[0m
[0;32mI (944441) net_bench: case=42 second=12 bytes=16300 rssi=-65[0m
[0;32mI (944447) net_bench: case=42 second=13 bytes=16300 rssi=-66[0m
[0;32mI (944454) net_bench: case=42 second=14 bytes=16300 rssi=-67[0m
[0;32mI (944460) net_bench: case=42 second=15 bytes=15046 rssi=-67[0m
[0;32mI (944466) net_bench: case=42 second=16 bytes=16300 rssi=-79[0m
[0;32mI (944473) net_bench: case=42 second=17 bytes=16300 rssi=-80[0m
[0;32mI (944479) net_bench: case=42 second=18 bytes=15047 rssi=-80[0m
[0;32mI (944485) net_bench: case=42 second=19 bytes=16300 rssi=-67[0m
[0;32mI (945493) net_bench: case=43 path=/mp3-128?rate=128 output=1 begin rssi=-80 round=5 fixture=1 variant=0 wait_ms=25 read_limit=1024 batch=1[0m
[0;32mI (965617) net_cpu: case=43 valid=1 total_us=20064469 tasks_before=8 tasks_after=8 snapshot_bytes=1440[0m
[0;32mI (965621) net_cpu: case=43 task=audio id=4 runtime_us=15531779 existed=1[0m
[0;32mI (965627) net_cpu: case=43 task=httpd id=9 runtime_us=94553 existed=1[0m
[0;32mI (965634) net_cpu: case=43 task=uiT id=1 runtime_us=48070 existed=1[0m
[0;32mI (965641) net_cpu: case=43 task=IDLE id=2 runtime_us=2652188 existed=1[0m
[0;32mI (965648) net_cpu: case=43 task=tiT id=5 runtime_us=903102 existed=1[0m
[0;32mI (965656) net_cpu: case=43 task=ppT id=7 runtime_us=836665 existed=1[0m
[0;32mI (965663) net_cpu: case=43 task=Tmr Svc id=3 runtime_us=0 existed=1[0m
[0;32mI (965670) net_cpu: case=43 task=sys_evt id=6 runtime_us=0 existed=1[0m
[0;32mI (965679) net_bench: case=43 output=1 wall_us=20035535 bytes=311007 open_us=73511 error=0 rssi=-67 heap_min=9784[0m
[0;32mI (965688) net_bench: case=43 recv_total_us=515504 recv_positive_us=511623 recv_empty_us=3881[0m
[0;32mI (965697) net_bench: case=43 cpu_lean=1 gap_metrics_valid=0 heap_is_final=1[0m
[0;32mI (965704) net_bench: case=43 sampled_heap_min=9724 rx_gap_tick_ms=217 wait_calls=20[0m
[0;32mI (965713) net_bench: case=43 calls=518 empty=20 rx_gap_us=0 app_gap_us=0 empty_wait_us=0 recv_max_us=2704 commit_max_us=80395 ready_max=0 ready_probes=0[0m
[0;32mI (965728) net_bench: case=43 pcm_frames=857088 rate=44100 eof=2710 underrun=444 stack=1164[0m
[0;32mI (965736) net_bench: case=43 second=0 bytes=15098 rssi=-67[0m
[0;32mI (965742) net_bench: case=43 second=1 bytes=16300 rssi=-79[0m
[0;32mI (965749) net_bench: case=43 second=2 bytes=16300 rssi=-80[0m
[0;32mI (965755) net_bench: case=43 second=3 bytes=15047 rssi=-81[0m
[0;32mI (965761) net_bench: case=43 second=4 bytes=16300 rssi=-81[0m
[0;32mI (965767) net_bench: case=43 second=5 bytes=15809 rssi=-80[0m
[0;32mI (965774) net_bench: case=43 second=6 bytes=10240 rssi=-68[0m
[0;32mI (965780) net_bench: case=43 second=7 bytes=16581 rssi=-68[0m
[0;32mI (965786) net_bench: case=43 second=8 bytes=15046 rssi=-82[0m
[0;32mI (965792) net_bench: case=43 second=9 bytes=16301 rssi=-65[0m
[0;32mI (965799) net_bench: case=43 second=10 bytes=15046 rssi=-66[0m
[0;32mI (965805) net_bench: case=43 second=11 bytes=16300 rssi=-79[0m
[0;32mI (965811) net_bench: case=43 second=12 bytes=16300 rssi=-65[0m
[0;32mI (965818) net_bench: case=43 second=13 bytes=15046 rssi=-80[0m
[0;32mI (965824) net_bench: case=43 second=14 bytes=16300 rssi=-80[0m
[0;32mI (965830) net_bench: case=43 second=15 bytes=16300 rssi=-80[0m
[0;32mI (965837) net_bench: case=43 second=16 bytes=16300 rssi=-79[0m
[0;32mI (965844) net_bench: case=43 second=17 bytes=15047 rssi=-79[0m
[0;32mI (965850) net_bench: case=43 second=18 bytes=16300 rssi=-79[0m
[0;32mI (965856) net_bench: case=43 second=19 bytes=15046 rssi=-66[0m
[0;32mI (966864) net_bench: case=44 path=/mp3-320?rate=320 output=1 begin rssi=-66 round=5 fixture=2 variant=1 wait_ms=25 read_limit=1536 batch=1[0m
[0;32mI (986520) net_cpu: case=44 valid=1 total_us=19604520 tasks_before=8 tasks_after=8 snapshot_bytes=1440[0m
[0;32mI (986522) net_cpu: case=44 task=audio id=4 runtime_us=15479649 existed=1[0m
[0;32mI (986528) net_cpu: case=44 task=IDLE id=2 runtime_us=1179609 existed=1[0m
[0;32mI (986535) net_cpu: case=44 task=uiT id=1 runtime_us=40346 existed=1[0m
[0;32mI (986543) net_cpu: case=44 task=tiT id=5 runtime_us=1544715 existed=1[0m
[0;32mI (986551) net_cpu: case=44 task=httpd id=9 runtime_us=76282 existed=1[0m
[0;32mI (986558) net_cpu: case=44 task=ppT id=7 runtime_us=1284354 existed=1[0m
[0;32mI (986565) net_cpu: case=44 task=Tmr Svc id=3 runtime_us=0 existed=1[0m
[0;32mI (986572) net_cpu: case=44 task=sys_evt id=6 runtime_us=0 existed=1[0m
[0;32mI (986581) net_bench: case=44 output=1 wall_us=19577012 bytes=577171 open_us=65143 error=-116 rssi=-67 heap_min=12312[0m
[0;32mI (986591) net_bench: case=44 recv_total_us=980429 recv_positive_us=973044 recv_empty_us=7385[0m
[0;32mI (986600) net_bench: case=44 cpu_lean=1 gap_metrics_valid=0 heap_is_final=1[0m
[0;32mI (986607) net_bench: case=44 sampled_heap_min=9512 rx_gap_tick_ms=61 wait_calls=42[0m
[0;32mI (986616) net_bench: case=44 calls=597 empty=42 rx_gap_us=0 app_gap_us=0 empty_wait_us=0 recv_max_us=6235 commit_max_us=37558 ready_max=0 ready_probes=0[0m
[0;32mI (986630) net_bench: case=44 pcm_frames=635904 rate=44100 eof=7597 underrun=3860 stack=1164[0m
[0;32mI (986639) net_bench: case=44 second=0 bytes=29748 rssi=-66[0m
[0;32mI (986645) net_bench: case=44 second=1 bytes=31347 rssi=-67[0m
[0;32mI (986651) net_bench: case=44 second=2 bytes=31347 rssi=-68[0m
[0;32mI (986658) net_bench: case=44 second=3 bytes=30302 rssi=-68[0m
[0;32mI (986664) net_bench: case=44 second=4 bytes=31347 rssi=-65[0m
[0;32mI (986670) net_bench: case=44 second=5 bytes=31347 rssi=-80[0m
[0;32mI (986676) net_bench: case=44 second=6 bytes=31347 rssi=-81[0m
[0;32mI (986683) net_bench: case=44 second=7 bytes=31347 rssi=-79[0m
[0;32mI (986689) net_bench: case=44 second=8 bytes=31347 rssi=-80[0m
[0;32mI (986695) net_bench: case=44 second=9 bytes=30302 rssi=-80[0m
[0;32mI (986701) net_bench: case=44 second=10 bytes=31347 rssi=-80[0m
[0;32mI (986708) net_bench: case=44 second=11 bytes=31347 rssi=-66[0m
[0;32mI (986714) net_bench: case=44 second=12 bytes=31347 rssi=-66[0m
[0;32mI (986720) net_bench: case=44 second=13 bytes=31347 rssi=-66[0m
[0;32mI (986727) net_bench: case=44 second=14 bytes=31347 rssi=-66[0m
[0;32mI (986733) net_bench: case=44 second=15 bytes=30302 rssi=-68[0m
[0;32mI (986739) net_bench: case=44 second=16 bytes=31347 rssi=-79[0m
[0;32mI (986745) net_bench: case=44 second=17 bytes=31347 rssi=-80[0m
[0;32mI (986752) net_bench: case=44 second=18 bytes=17659 rssi=-80[0m
[0;32mI (986758) net_bench: case=44 second=19 bytes=0 rssi=-79[0m
[0;32mI (987765) net_bench: case=45 path=/mp3-320?rate=320 output=1 begin rssi=-67 round=5 fixture=2 variant=0 wait_ms=25 read_limit=1024 batch=1[0m
[0;32mI (1007888) net_cpu: case=45 valid=1 total_us=20069582 tasks_before=8 tasks_after=8 snapshot_bytes=1440[0m
[0;32mI (1007890) net_cpu: case=45 task=audio id=4 runtime_us=16439012 existed=1[0m
[0;32mI (1007896) net_cpu: case=45 task=IDLE id=2 runtime_us=485445 existed=1[0m
[0;32mI (1007904) net_cpu: case=45 task=uiT id=1 runtime_us=42586 existed=1[0m
[0;32mI (1007911) net_cpu: case=45 task=tiT id=5 runtime_us=1690857 existed=1[0m
[0;32mI (1007918) net_cpu: case=45 task=httpd id=9 runtime_us=87824 existed=1[0m
[0;32mI (1007925) net_cpu: case=45 task=ppT id=7 runtime_us=1325366 existed=1[0m
[0;32mI (1007933) net_cpu: case=45 task=Tmr Svc id=3 runtime_us=0 existed=1[0m
[0;32mI (1007940) net_cpu: case=45 task=sys_evt id=6 runtime_us=0 existed=1[0m
[0;32mI (1007948) net_bench: case=45 output=1 wall_us=20041468 bytes=609646 open_us=66936 error=0 rssi=-79 heap_min=9856[0m
[0;32mI (1007958) net_bench: case=45 recv_total_us=1197723 recv_positive_us=1197235 recv_empty_us=488[0m
[0;32mI (1007967) net_bench: case=45 cpu_lean=1 gap_metrics_valid=0 heap_is_final=1[0m
[0;32mI (1007975) net_bench: case=45 sampled_heap_min=9508 rx_gap_tick_ms=39 wait_calls=3[0m
[0;32mI (1007983) net_bench: case=45 calls=1168 empty=3 rx_gap_us=0 app_gap_us=0 empty_wait_us=0 recv_max_us=3721 commit_max_us=38656 ready_max=0 ready_probes=0[0m
[0;32mI (1007998) net_bench: case=45 pcm_frames=671616 rate=44100 eof=7594 underrun=3636 stack=1164[0m
[0;32mI (1008007) net_bench: case=45 second=0 bytes=30772 rssi=-80[0m
[0;32mI (1008013) net_bench: case=45 second=1 bytes=30302 rssi=-82[0m
[0;32mI (1008019) net_bench: case=45 second=2 bytes=31347 rssi=-67[0m
[0;32mI (1008026) net_bench: case=45 second=3 bytes=30302 rssi=-68[0m
[0;32mI (1008032) net_bench: case=45 second=4 bytes=30302 rssi=-68[0m
[0;32mI (1008038) net_bench: case=45 second=5 bytes=30302 rssi=-67[0m
[0;32mI (1008045) net_bench: case=45 second=6 bytes=30302 rssi=-65[0m
[0;32mI (1008051) net_bench: case=45 second=7 bytes=30302 rssi=-79[0m
[0;32mI (1008057) net_bench: case=45 second=8 bytes=30303 rssi=-79[0m
[0;32mI (1008064) net_bench: case=45 second=9 bytes=30302 rssi=-79[0m
[0;32mI (1008070) net_bench: case=45 second=10 bytes=30323 rssi=-80[0m
[0;32mI (1008076) net_bench: case=45 second=11 bytes=31326 rssi=-66[0m
[0;32mI (1008083) net_bench: case=45 second=12 bytes=30302 rssi=-66[0m
[0;32mI (1008089) net_bench: case=45 second=13 bytes=30302 rssi=-67[0m
[0;32mI (1008095) net_bench: case=45 second=14 bytes=30302 rssi=-68[0m
[0;32mI (1008102) net_bench: case=45 second=15 bytes=30302 rssi=-65[0m
[0;32mI (1008108) net_bench: case=45 second=16 bytes=31347 rssi=-66[0m
[0;32mI (1008115) net_bench: case=45 second=17 bytes=30302 rssi=-68[0m
[0;32mI (1008121) net_bench: case=45 second=18 bytes=30302 rssi=-80[0m
[0;32mI (1008128) net_bench: case=45 second=19 bytes=30302 rssi=-80[0m
[0;32mI (1009135) net_bench: case=46 path=/aac-64?rate=64 output=1 begin rssi=-79 round=5 fixture=3 variant=1 wait_ms=25 read_limit=1536 batch=1[0m
[0;32mI (1021263) net_cpu: case=46 valid=1 total_us=12042499 tasks_before=8 tasks_after=8 snapshot_bytes=1440[0m
[0;32mI (1021265) net_cpu: case=46 task=audio id=4 runtime_us=6643898 existed=1[0m
[0;32mI (1021271) net_cpu: case=46 task=IDLE id=2 runtime_us=4769886 existed=1[0m
[0;32mI (1021279) net_cpu: case=46 task=tiT id=5 runtime_us=255657 existed=1[0m
[0;32mI (1021286) net_cpu: case=46 task=uiT id=1 runtime_us=28410 existed=1[0m
[0;32mI (1021293) net_cpu: case=46 task=httpd id=9 runtime_us=58268 existed=1[0m
[0;32mI (1021300) net_cpu: case=46 task=ppT id=7 runtime_us=287389 existed=1[0m
[0;32mI (1021307) net_cpu: case=46 task=Tmr Svc id=3 runtime_us=0 existed=1[0m
[0;32mI (1021315) net_cpu: case=46 task=sys_evt id=6 runtime_us=0 existed=1[0m
[0;32mI (1021324) net_bench: case=46 output=1 wall_us=12025459 bytes=76499 open_us=87494 error=-116 rssi=-65 heap_min=13996[0m
[0;32mI (1021333) net_bench: case=46 recv_total_us=101279 recv_positive_us=93699 recv_empty_us=7580[0m
[0;32mI (1021342) net_bench: case=46 cpu_lean=1 gap_metrics_valid=0 heap_is_final=1[0m
[0;32mI (1021350) net_bench: case=46 sampled_heap_min=11388 rx_gap_tick_ms=231 wait_calls=43[0m
[0;32mI (1021359) net_bench: case=46 calls=98 empty=43 rx_gap_us=0 app_gap_us=0 empty_wait_us=0 recv_max_us=2691 commit_max_us=228165 ready_max=0 ready_probes=0[0m
[0;32mI (1021373) net_bench: case=46 pcm_frames=427008 rate=44100 eof=3013 underrun=1770 stack=1164[0m
[0;32mI (1021382) net_bench: case=46 second=0 bytes=7222 rssi=-78[0m
[0;32mI (1021388) net_bench: case=46 second=1 bytes=7067 rssi=-79[0m
[0;32mI (1021394) net_bench: case=46 second=2 bytes=7279 rssi=-80[0m
[0;32mI (1021401) net_bench: case=46 second=3 bytes=7090 rssi=-79[0m
[0;32mI (1021407) net_bench: case=46 second=4 bytes=7148 rssi=-80[0m
[0;32mI (1021413) net_bench: case=46 second=5 bytes=5604 rssi=-80[0m
[0;32mI (1021419) net_bench: case=46 second=6 bytes=7377 rssi=-78[0m
[0;32mI (1021426) net_bench: case=46 second=7 bytes=7137 rssi=-66[0m
[0;32mI (1021432) net_bench: case=46 second=8 bytes=7071 rssi=-67[0m
[0;32mI (1021438) net_bench: case=46 second=9 bytes=7267 rssi=-79[0m
[0;32mI (1021444) net_bench: case=46 second=10 bytes=6237 rssi=-65[0m
[0;32mI (1021451) net_bench: case=46 second=11 bytes=0 rssi=-68[0m
[0;32mI (1021457) net_bench: case=46 second=12 bytes=0 rssi=-127[0m
[0;32mI (1021463) net_bench: case=46 second=13 bytes=0 rssi=-127[0m
[0;32mI (1021469) net_bench: case=46 second=14 bytes=0 rssi=-127[0m
[0;32mI (1021475) net_bench: case=46 second=15 bytes=0 rssi=-127[0m
[0;32mI (1021481) net_bench: case=46 second=16 bytes=0 rssi=-127[0m
[0;32mI (1021487) net_bench: case=46 second=17 bytes=0 rssi=-127[0m
[0;32mI (1021494) net_bench: case=46 second=18 bytes=0 rssi=-127[0m
[0;32mI (1021500) net_bench: case=46 second=19 bytes=0 rssi=-127[0m
[0;32mI (1022508) net_bench: case=47 path=/aac-64?rate=64 output=1 begin rssi=-68 round=5 fixture=3 variant=0 wait_ms=25 read_limit=1024 batch=1[0m
[0;32mI (1042776) net_cpu: case=47 valid=1 total_us=20208118 tasks_before=8 tasks_after=8 snapshot_bytes=1440[0m
[0;32mI (1042778) net_cpu: case=47 task=audio id=4 runtime_us=12143388 existed=1[0m
[0;32mI (1042784) net_cpu: case=47 task=IDLE id=2 runtime_us=6938426 existed=1[0m
[0;32mI (1042792) net_cpu: case=47 task=uiT id=1 runtime_us=48969 existed=1[0m
[0;32mI (1042799) net_cpu: case=47 task=tiT id=5 runtime_us=473558 existed=1[0m
[0;32mI (1042806) net_cpu: case=47 task=httpd id=9 runtime_us=97924 existed=1[0m
[0;32mI (1042813) net_cpu: case=47 task=ppT id=7 runtime_us=507726 existed=1[0m
[0;32mI (1042820) net_cpu: case=47 task=Tmr Svc id=3 runtime_us=0 existed=1[0m
[0;32mI (1042827) net_cpu: case=47 task=sys_evt id=6 runtime_us=0 existed=1[0m
[0;32mI (1042837) net_bench: case=47 output=1 wall_us=20180021 bytes=139971 open_us=73443 error=0 rssi=-80 heap_min=11480[0m
[0;32mI (1042846) net_bench: case=47 recv_total_us=223891 recv_positive_us=223644 recv_empty_us=247[0m
[0;32mI (1042855) net_bench: case=47 cpu_lean=1 gap_metrics_valid=0 heap_is_final=1[0m
[0;32mI (1042863) net_bench: case=47 sampled_heap_min=11116 rx_gap_tick_ms=174 wait_calls=1[0m
[0;32mI (1042871) net_bench: case=47 calls=196 empty=1 rx_gap_us=0 app_gap_us=0 empty_wait_us=0 recv_max_us=2091 commit_max_us=173039 ready_max=0 ready_probes=0[0m
[0;32mI (1042886) net_bench: case=47 pcm_frames=781312 rate=44100 eof=4162 underrun=1888 stack=1164[0m
[0;32mI (1042895) net_bench: case=47 second=0 bytes=8246 rssi=-67[0m
[0;32mI (1042901) net_bench: case=47 second=1 bytes=7067 rssi=-69[0m
[0;32mI (1042907) net_bench: case=47 second=2 bytes=7279 rssi=-67[0m
[0;32mI (1042913) net_bench: case=47 second=3 bytes=7090 rssi=-66[0m
[0;32mI (1042920) net_bench: case=47 second=4 bytes=6124 rssi=-67[0m
[0;32mI (1042926) net_bench: case=47 second=5 bytes=6628 rssi=-81[0m
[0;32mI (1042932) net_bench: case=47 second=6 bytes=7377 rssi=-66[0m
[0;32mI (1042939) net_bench: case=47 second=7 bytes=7137 rssi=-82[0m
[0;32mI (1042945) net_bench: case=47 second=8 bytes=7071 rssi=-81[0m
[0;32mI (1042951) net_bench: case=47 second=9 bytes=7267 rssi=-79[0m
[0;32mI (1042957) net_bench: case=47 second=10 bytes=6111 rssi=-81[0m
[0;32mI (1042963) net_bench: case=47 second=11 bytes=6824 rssi=-66[0m
[0;32mI (1042970) net_bench: case=47 second=12 bytes=7136 rssi=-80[0m
[0;32mI (1042976) net_bench: case=47 second=13 bytes=7011 rssi=-65[0m
[0;32mI (1042982) net_bench: case=47 second=14 bytes=7277 rssi=-67[0m
[0;32mI (1042989) net_bench: case=47 second=15 bytes=7232 rssi=-66[0m
[0;32mI (1042995) net_bench: case=47 second=16 bytes=6130 rssi=-66[0m
[0;32mI (1043001) net_bench: case=47 second=17 bytes=6803 rssi=-66[0m
[0;32mI (1043008) net_bench: case=47 second=18 bytes=6945 rssi=-67[0m
[0;32mI (1043014) net_bench: case=47 second=19 bytes=7216 rssi=-67[0m
[0;32mI (1044021) net_bench: case=48 path=/mp3-320?rate=0 output=0 begin rssi=-66 round=6 fixture=0 variant=0 wait_ms=25 read_limit=1024 batch=1[0m
[0;32mI (1064159) net_cpu: case=48 valid=1 total_us=20071722 tasks_before=8 tasks_after=8 snapshot_bytes=1440[0m
[0;32mI (1064161) net_cpu: case=48 task=audio id=4 runtime_us=4686848 existed=1[0m
[0;32mI (1064167) net_cpu: case=48 task=IDLE id=2 runtime_us=3300551 existed=1[0m
[0;32mI (1064175) net_cpu: case=48 task=tiT id=5 runtime_us=6890926 existed=1[0m
[0;32mI (1064182) net_cpu: case=48 task=uiT id=1 runtime_us=38502 existed=1[0m
[0;32mI (1064189) net_cpu: case=48 task=httpd id=9 runtime_us=97979 existed=1[0m
[0;32mI (1064196) net_cpu: case=48 task=ppT id=7 runtime_us=5058775 existed=1[0m
[0;32mI (1064203) net_cpu: case=48 task=Tmr Svc id=3 runtime_us=0 existed=1[0m
[0;32mI (1064212) net_cpu: case=48 task=sys_evt id=6 runtime_us=0 existed=1[0m
[0;32mI (1064220) net_bench: case=48 output=0 wall_us=20043274 bytes=3426696 open_us=80085 error=0 rssi=-68 heap_min=12944[0m
[0;32mI (1064230) net_bench: case=48 recv_total_us=7345212 recv_positive_us=6557623 recv_empty_us=787589[0m
[0;32mI (1064239) net_bench: case=48 cpu_lean=1 gap_metrics_valid=0 heap_is_final=1[0m
[0;32mI (1064247) net_bench: case=48 sampled_heap_min=11644 rx_gap_tick_ms=38 wait_calls=1939[0m
[0;32mI (1064256) net_bench: case=48 calls=7572 empty=1939 rx_gap_us=0 app_gap_us=0 empty_wait_us=0 recv_max_us=9599 commit_max_us=0 ready_max=0 ready_probes=0[0m
[0;32mI (1064270) net_bench: case=48 pcm_frames=0 rate=0 eof=1884 underrun=1883 stack=1164[0m
[0;32mI (1064279) net_bench: case=48 second=0 bytes=161856 rssi=-81[0m
[0;32mI (1064285) net_bench: case=48 second=1 bytes=164384 rssi=-79[0m
[0;32mI (1064291) net_bench: case=48 second=2 bytes=176992 rssi=-79[0m
[0;32mI (1064298) net_bench: case=48 second=3 bytes=172952 rssi=-66[0m
[0;32mI (1064304) net_bench: case=48 second=4 bytes=173776 rssi=-81[0m
[0;32mI (1064311) net_bench: case=48 second=5 bytes=171696 rssi=-67[0m
[0;32mI (1064317) net_bench: case=48 second=6 bytes=176992 rssi=-66[0m
[0;32mI (1064323) net_bench: case=48 second=7 bytes=176072 rssi=-68[0m
[0;32mI (1064330) net_bench: case=48 second=8 bytes=174848 rssi=-81[0m
[0;32mI (1064336) net_bench: case=48 second=9 bytes=166912 rssi=-81[0m
[0;32mI (1064343) net_bench: case=48 second=10 bytes=172352 rssi=-81[0m
[0;32mI (1064349) net_bench: case=48 second=11 bytes=173432 rssi=-66[0m
[0;32mI (1064356) net_bench: case=48 second=12 bytes=173528 rssi=-80[0m
[0;32mI (1064362) net_bench: case=48 second=13 bytes=175576 rssi=-67[0m
[0;32mI (1064369) net_bench: case=48 second=14 bytes=173240 rssi=-67[0m
[0;32mI (1064375) net_bench: case=48 second=15 bytes=162136 rssi=-66[0m
[0;32mI (1064382) net_bench: case=48 second=16 bytes=164576 rssi=-68[0m
[0;32mI (1064388) net_bench: case=48 second=17 bytes=174016 rssi=-65[0m
[0;32mI (1064395) net_bench: case=48 second=18 bytes=166808 rssi=-79[0m
[0;32mI (1064401) net_bench: case=48 second=19 bytes=174016 rssi=-80[0m
[0;32mI (1065409) net_bench: case=49 path=/mp3-320?rate=0 output=0 begin rssi=-82 round=6 fixture=0 variant=1 wait_ms=25 read_limit=1536 batch=1[0m
[0;32mI (1085551) net_cpu: case=49 valid=1 total_us=20072397 tasks_before=8 tasks_after=8 snapshot_bytes=1440[0m
[0;32mI (1085555) net_cpu: case=49 task=audio id=4 runtime_us=4695172 existed=1[0m
[0;32mI (1085561) net_cpu: case=49 task=IDLE id=2 runtime_us=3245169 existed=1[0m
[0;32mI (1085568) net_cpu: case=49 task=uiT id=1 runtime_us=38697 existed=1[0m
[0;32mI (1085576) net_cpu: case=49 task=tiT id=5 runtime_us=6894436 existed=1[0m
[0;32mI (1085583) net_cpu: case=49 task=httpd id=9 runtime_us=95973 existed=1[0m
[0;32mI (1085590) net_cpu: case=49 task=ppT id=7 runtime_us=5103611 existed=1[0m
[0;32mI (1085597) net_cpu: case=49 task=Tmr Svc id=3 runtime_us=0 existed=1[0m
[0;32mI (1085604) net_cpu: case=49 task=sys_evt id=6 runtime_us=0 existed=1[0m
[0;32mI (1085614) net_bench: case=49 output=0 wall_us=20043808 bytes=3479608 open_us=80030 error=0 rssi=-80 heap_min=12292[0m
[0;32mI (1085623) net_bench: case=49 recv_total_us=7077005 recv_positive_us=6252124 recv_empty_us=824881[0m
[0;32mI (1085632) net_bench: case=49 cpu_lean=1 gap_metrics_valid=0 heap_is_final=1[0m
[0;32mI (1085640) net_bench: case=49 sampled_heap_min=11520 rx_gap_tick_ms=23 wait_calls=1973[0m
[0;32mI (1085649) net_bench: case=49 calls=7454 empty=1973 rx_gap_us=0 app_gap_us=0 empty_wait_us=0 recv_max_us=6820 commit_max_us=0 ready_max=0 ready_probes=0[0m
[0;32mI (1085663) net_bench: case=49 pcm_frames=0 rate=0 eof=1884 underrun=1884 stack=1164[0m
[0;32mI (1085672) net_bench: case=49 second=0 bytes=174480 rssi=-82[0m
[0;32mI (1085678) net_bench: case=49 second=1 bytes=176400 rssi=-68[0m
[0;32mI (1085684) net_bench: case=49 second=2 bytes=174016 rssi=-67[0m
[0;32mI (1085691) net_bench: case=49 second=3 bytes=174240 rssi=-81[0m
[0;32mI (1085697) net_bench: case=49 second=4 bytes=176696 rssi=-80[0m
[0;32mI (1085704) net_bench: case=49 second=5 bytes=175680 rssi=-67[0m
[0;32mI (1085710) net_bench: case=49 second=6 bytes=172520 rssi=-80[0m
[0;32mI (1085716) net_bench: case=49 second=7 bytes=176160 rssi=-81[0m
[0;32mI (1085723) net_bench: case=49 second=8 bytes=173720 rssi=-80[0m
[0;32mI (1085729) net_bench: case=49 second=9 bytes=172944 rssi=-65[0m
[0;32mI (1085736) net_bench: case=49 second=10 bytes=164608 rssi=-67[0m
[0;32mI (1085742) net_bench: case=49 second=11 bytes=173056 rssi=-69[0m
[0;32mI (1085749) net_bench: case=49 second=12 bytes=178600 rssi=-66[0m
[0;32mI (1085755) net_bench: case=49 second=13 bytes=172760 rssi=-68[0m
[0;32mI (1085762) net_bench: case=49 second=14 bytes=172464 rssi=-79[0m
[0;32mI (1085768) net_bench: case=49 second=15 bytes=175920 rssi=-81[0m
[0;32mI (1085775) net_bench: case=49 second=16 bytes=168176 rssi=-82[0m
[0;32mI (1085781) net_bench: case=49 second=17 bytes=178304 rssi=-81[0m
[0;32mI (1085788) net_bench: case=49 second=18 bytes=175384 rssi=-80[0m
[0;32mI (1085794) net_bench: case=49 second=19 bytes=173480 rssi=-66[0m
[0;32mI (1086801) net_bench: case=50 path=/mp3-128?rate=128 output=1 begin rssi=-69 round=6 fixture=1 variant=0 wait_ms=25 read_limit=1024 batch=1[0m
[0;32mI (1106912) net_cpu: case=50 valid=1 total_us=20056931 tasks_before=8 tasks_after=8 snapshot_bytes=1440[0m
[0;32mI (1106914) net_cpu: case=50 task=audio id=4 runtime_us=15812660 existed=1[0m
[0;32mI (1106920) net_cpu: case=50 task=IDLE id=2 runtime_us=2343365 existed=1[0m
[0;32mI (1106928) net_cpu: case=50 task=uiT id=1 runtime_us=48135 existed=1[0m
[0;32mI (1106935) net_cpu: case=50 task=tiT id=5 runtime_us=924720 existed=1[0m
[0;32mI (1106942) net_cpu: case=50 task=httpd id=9 runtime_us=95485 existed=1[0m
[0;32mI (1106949) net_cpu: case=50 task=ppT id=7 runtime_us=833128 existed=1[0m
[0;32mI (1106957) net_cpu: case=50 task=Tmr Svc id=3 runtime_us=0 existed=1[0m
[0;32mI (1106964) net_cpu: case=50 task=sys_evt id=6 runtime_us=0 existed=1[0m
[0;32mI (1106972) net_bench: case=50 output=1 wall_us=20028983 bytes=317276 open_us=67222 error=0 rssi=-67 heap_min=9716[0m
[0;32mI (1106982) net_bench: case=50 recv_total_us=521590 recv_positive_us=520828 recv_empty_us=762[0m
[0;32mI (1106991) net_bench: case=50 cpu_lean=1 gap_metrics_valid=0 heap_is_final=1[0m
[0;32mI (1106999) net_bench: case=50 sampled_heap_min=9564 rx_gap_tick_ms=148 wait_calls=4[0m
[0;32mI (1107007) net_bench: case=50 calls=509 empty=4 rx_gap_us=0 app_gap_us=0 empty_wait_us=0 recv_max_us=2701 commit_max_us=81258 ready_max=0 ready_probes=0[0m
[0;32mI (1107021) net_bench: case=50 pcm_frames=874368 rate=44100 eof=2422 underrun=195 stack=1164[0m
[0;32mI (1107030) net_bench: case=50 second=0 bytes=15098 rssi=-67[0m
[0;32mI (1107037) net_bench: case=50 second=1 bytes=16300 rssi=-79[0m
[0;32mI (1107043) net_bench: case=50 second=2 bytes=16300 rssi=-80[0m
[0;32mI (1107049) net_bench: case=50 second=3 bytes=15047 rssi=-81[0m
[0;32mI (1107056) net_bench: case=50 second=4 bytes=16300 rssi=-80[0m
[0;32mI (1107062) net_bench: case=50 second=5 bytes=16300 rssi=-80[0m
[0;32mI (1107068) net_bench: case=50 second=6 bytes=15046 rssi=-81[0m
[0;32mI (1107075) net_bench: case=50 second=7 bytes=16300 rssi=-66[0m
[0;32mI (1107081) net_bench: case=50 second=8 bytes=16300 rssi=-67[0m
[0;32mI (1107087) net_bench: case=50 second=9 bytes=16300 rssi=-66[0m
[0;32mI (1107094) net_bench: case=50 second=10 bytes=15046 rssi=-66[0m
[0;32mI (1107100) net_bench: case=50 second=11 bytes=16300 rssi=-81[0m
[0;32mI (1107106) net_bench: case=50 second=12 bytes=16300 rssi=-66[0m
[0;32mI (1107113) net_bench: case=50 second=13 bytes=15046 rssi=-81[0m
[0;32mI (1107119) net_bench: case=50 second=14 bytes=16300 rssi=-69[0m
[0;32mI (1107126) net_bench: case=50 second=15 bytes=16300 rssi=-67[0m
[0;32mI (1107132) net_bench: case=50 second=16 bytes=15047 rssi=-66[0m
[0;32mI (1107138) net_bench: case=50 second=17 bytes=16300 rssi=-66[0m
[0;32mI (1107145) net_bench: case=50 second=18 bytes=16300 rssi=-67[0m
[0;32mI (1107152) net_bench: case=50 second=19 bytes=15046 rssi=-66[0m
[0;32mI (1108160) net_bench: case=51 path=/mp3-128?rate=128 output=1 begin rssi=-80 round=6 fixture=1 variant=1 wait_ms=25 read_limit=1536 batch=1[0m
[0;32mI (1128318) net_cpu: case=51 valid=1 total_us=20095835 tasks_before=8 tasks_after=8 snapshot_bytes=1440[0m
[0;32mI (1128320) net_cpu: case=51 task=audio id=4 runtime_us=15809310 existed=1[0m
[0;32mI (1128326) net_cpu: case=51 task=IDLE id=2 runtime_us=2412507 existed=1[0m
[0;32mI (1128334) net_cpu: case=51 task=tiT id=5 runtime_us=893764 existed=1[0m
[0;32mI (1128341) net_cpu: case=51 task=uiT id=1 runtime_us=48385 existed=1[0m
[0;32mI (1128348) net_cpu: case=51 task=httpd id=9 runtime_us=95285 existed=1[0m
[0;32mI (1128355) net_cpu: case=51 task=ppT id=7 runtime_us=837131 existed=1[0m
[0;32mI (1128362) net_cpu: case=51 task=Tmr Svc id=3 runtime_us=0 existed=1[0m
[0;32mI (1128370) net_cpu: case=51 task=sys_evt id=6 runtime_us=0 existed=1[0m
[0;32mI (1128379) net_bench: case=51 output=1 wall_us=20067907 bytes=318760 open_us=75061 error=0 rssi=-80 heap_min=10456[0m
[0;32mI (1128388) net_bench: case=51 recv_total_us=439576 recv_positive_us=438802 recv_empty_us=774[0m
[0;32mI (1128397) net_bench: case=51 cpu_lean=1 gap_metrics_valid=0 heap_is_final=1[0m
[0;32mI (1128405) net_bench: case=51 sampled_heap_min=9812 rx_gap_tick_ms=145 wait_calls=4[0m
[0;32mI (1128413) net_bench: case=51 calls=267 empty=4 rx_gap_us=0 app_gap_us=0 empty_wait_us=0 recv_max_us=2893 commit_max_us=83823 ready_max=0 ready_probes=0[0m
[0;32mI (1128427) net_bench: case=51 pcm_frames=877824 rate=44100 eof=2237 underrun=166 stack=1164[0m
[0;32mI (1128437) net_bench: case=51 second=0 bytes=15328 rssi=-79[0m
[0;32mI (1128443) net_bench: case=51 second=1 bytes=16300 rssi=-79[0m
[0;32mI (1128449) net_bench: case=51 second=2 bytes=16144 rssi=-65[0m
[0;32mI (1128455) net_bench: case=51 second=3 bytes=15202 rssi=-66[0m
[0;32mI (1128462) net_bench: case=51 second=4 bytes=16300 rssi=-80[0m
[0;32mI (1128468) net_bench: case=51 second=5 bytes=16301 rssi=-80[0m
[0;32mI (1128474) net_bench: case=51 second=6 bytes=16300 rssi=-79[0m
[0;32mI (1128481) net_bench: case=51 second=7 bytes=15046 rssi=-80[0m
[0;32mI (1128487) net_bench: case=51 second=8 bytes=16300 rssi=-79[0m
[0;32mI (1128493) net_bench: case=51 second=9 bytes=16300 rssi=-81[0m
[0;32mI (1128500) net_bench: case=51 second=10 bytes=16300 rssi=-81[0m
[0;32mI (1128506) net_bench: case=51 second=11 bytes=15046 rssi=-80[0m
[0;32mI (1128512) net_bench: case=51 second=12 bytes=16300 rssi=-67[0m
[0;32mI (1128519) net_bench: case=51 second=13 bytes=16300 rssi=-66[0m
[0;32mI (1128525) net_bench: case=51 second=14 bytes=16300 rssi=-66[0m
[0;32mI (1128532) net_bench: case=51 second=15 bytes=15046 rssi=-68[0m
[0;32mI (1128538) net_bench: case=51 second=16 bytes=16300 rssi=-80[0m
[0;32mI (1128544) net_bench: case=51 second=17 bytes=16300 rssi=-80[0m
[0;32mI (1128551) net_bench: case=51 second=18 bytes=15047 rssi=-79[0m
[0;32mI (1128557) net_bench: case=51 second=19 bytes=16300 rssi=-67[0m
[0;32mI (1129566) net_bench: case=52 path=/mp3-320?rate=320 output=1 begin rssi=-81 round=6 fixture=2 variant=0 wait_ms=25 read_limit=1024 batch=1[0m
[0;32mI (1149697) net_cpu: case=52 valid=1 total_us=20074285 tasks_before=8 tasks_after=8 snapshot_bytes=1440[0m
[0;32mI (1149699) net_cpu: case=52 task=audio id=4 runtime_us=16468674 existed=1[0m
[0;32mI (1149705) net_cpu: case=52 task=IDLE id=2 runtime_us=480261 existed=1[0m
[0;32mI (1149713) net_cpu: case=52 task=tiT id=5 runtime_us=1682455 existed=1[0m
[0;32mI (1149720) net_cpu: case=52 task=uiT id=1 runtime_us=41876 existed=1[0m
[0;32mI (1149727) net_cpu: case=52 task=httpd id=9 runtime_us=86862 existed=1[0m
[0;32mI (1149734) net_cpu: case=52 task=ppT id=7 runtime_us=1315598 existed=1[0m
[0;32mI (1149742) net_cpu: case=52 task=Tmr Svc id=3 runtime_us=0 existed=1[0m
[0;32mI (1149749) net_cpu: case=52 task=sys_evt id=6 runtime_us=0 existed=1[0m
[0;32mI (1149757) net_bench: case=52 output=1 wall_us=20046113 bytes=610691 open_us=70573 error=0 rssi=-66 heap_min=10384[0m
[0;32mI (1149767) net_bench: case=52 recv_total_us=1200845 recv_positive_us=1200358 recv_empty_us=487[0m
[0;32mI (1149776) net_bench: case=52 cpu_lean=1 gap_metrics_valid=0 heap_is_final=1[0m
[0;32mI (1149784) net_bench: case=52 sampled_heap_min=9584 rx_gap_tick_ms=37 wait_calls=3[0m
[0;32mI (1149792) net_bench: case=52 calls=1171 empty=3 rx_gap_us=0 app_gap_us=0 empty_wait_us=0 recv_max_us=4682 commit_max_us=35594 ready_max=0 ready_probes=0[0m
[0;32mI (1149807) net_bench: case=52 pcm_frames=672768 rate=44100 eof=7483 underrun=3617 stack=1164[0m
[0;32mI (1149816) net_bench: case=52 second=0 bytes=30772 rssi=-81[0m
[0;32mI (1149822) net_bench: case=52 second=1 bytes=30302 rssi=-82[0m
[0;32mI (1149828) net_bench: case=52 second=2 bytes=30302 rssi=-80[0m
[0;32mI (1149835) net_bench: case=52 second=3 bytes=30302 rssi=-80[0m
[0;32mI (1149841) net_bench: case=52 second=4 bytes=30302 rssi=-80[0m
[0;32mI (1149847) net_bench: case=52 second=5 bytes=30302 rssi=-66[0m
[0;32mI (1149854) net_bench: case=52 second=6 bytes=31347 rssi=-66[0m
[0;32mI (1149860) net_bench: case=52 second=7 bytes=29278 rssi=-66[0m
[0;32mI (1149866) net_bench: case=52 second=8 bytes=31327 rssi=-66[0m
[0;32mI (1149873) net_bench: case=52 second=9 bytes=30302 rssi=-67[0m
[0;32mI (1149879) net_bench: case=52 second=10 bytes=30302 rssi=-81[0m
[0;32mI (1149885) net_bench: case=52 second=11 bytes=31347 rssi=-81[0m
[0;32mI (1149892) net_bench: case=52 second=12 bytes=30302 rssi=-80[0m
[0;32mI (1149898) net_bench: case=52 second=13 bytes=30302 rssi=-81[0m
[0;32mI (1149905) net_bench: case=52 second=14 bytes=30302 rssi=-81[0m
[0;32mI (1149911) net_bench: case=52 second=15 bytes=31347 rssi=-67[0m
[0;32mI (1149917) net_bench: case=52 second=16 bytes=30302 rssi=-67[0m
[0;32mI (1149924) net_bench: case=52 second=17 bytes=30302 rssi=-68[0m
[0;32mI (1149930) net_bench: case=52 second=18 bytes=30323 rssi=-66[0m
[0;32mI (1149937) net_bench: case=52 second=19 bytes=31326 rssi=-80[0m
[0;32mI (1150944) net_bench: case=53 path=/mp3-320?rate=320 output=1 begin rssi=-66 round=6 fixture=2 variant=1 wait_ms=25 read_limit=1536 batch=1[0m
[0;32mI (1171068) net_cpu: case=53 valid=1 total_us=20069909 tasks_before=8 tasks_after=8 snapshot_bytes=1440[0m
[0;32mI (1171070) net_cpu: case=53 task=audio id=4 runtime_us=16692222 existed=1[0m
[0;32mI (1171076) net_cpu: case=53 task=IDLE id=2 runtime_us=256422 existed=1[0m
[0;32mI (1171084) net_cpu: case=53 task=uiT id=1 runtime_us=41739 existed=1[0m
[0;32mI (1171091) net_cpu: case=53 task=tiT id=5 runtime_us=1646654 existed=1[0m
[0;32mI (1171098) net_cpu: case=53 task=httpd id=9 runtime_us=81102 existed=1[0m
[0;32mI (1171105) net_cpu: case=53 task=ppT id=7 runtime_us=1353632 existed=1[0m
[0;32mI (1171113) net_cpu: case=53 task=Tmr Svc id=3 runtime_us=0 existed=1[0m
[0;32mI (1171120) net_cpu: case=53 task=sys_evt id=6 runtime_us=0 existed=1[0m
[0;32mI (1171129) net_bench: case=53 output=1 wall_us=20041746 bytes=625341 open_us=66827 error=0 rssi=-80 heap_min=9720[0m
[0;32mI (1171138) net_bench: case=53 recv_total_us=1043139 recv_positive_us=1042635 recv_empty_us=504[0m
[0;32mI (1171147) net_bench: case=53 cpu_lean=1 gap_metrics_valid=0 heap_is_final=1[0m
[0;32mI (1171155) net_bench: case=53 sampled_heap_min=9432 rx_gap_tick_ms=40 wait_calls=3[0m
[0;32mI (1171163) net_bench: case=53 calls=603 empty=3 rx_gap_us=0 app_gap_us=0 empty_wait_us=0 recv_max_us=4158 commit_max_us=38677 ready_max=0 ready_probes=0[0m
[0;32mI (1171178) net_bench: case=53 pcm_frames=688896 rate=44100 eof=7376 underrun=3336 stack=1164[0m
[0;32mI (1171187) net_bench: case=53 second=0 bytes=30793 rssi=-81[0m
[0;32mI (1171193) net_bench: case=53 second=1 bytes=31347 rssi=-68[0m
[0;32mI (1171199) net_bench: case=53 second=2 bytes=30302 rssi=-80[0m
[0;32mI (1171206) net_bench: case=53 second=3 bytes=31347 rssi=-67[0m
[0;32mI (1171212) net_bench: case=53 second=4 bytes=30302 rssi=-67[0m
[0;32mI (1171218) net_bench: case=53 second=5 bytes=31347 rssi=-80[0m
[0;32mI (1171225) net_bench: case=53 second=6 bytes=31347 rssi=-79[0m
[0;32mI (1171231) net_bench: case=53 second=7 bytes=30302 rssi=-80[0m
[0;32mI (1171237) net_bench: case=53 second=8 bytes=31347 rssi=-80[0m
[0;32mI (1171244) net_bench: case=53 second=9 bytes=32392 rssi=-79[0m
[0;32mI (1171250) net_bench: case=53 second=10 bytes=31347 rssi=-79[0m
[0;32mI (1171256) net_bench: case=53 second=11 bytes=31347 rssi=-67[0m
[0;32mI (1171263) net_bench: case=53 second=12 bytes=31347 rssi=-66[0m
[0;32mI (1171269) net_bench: case=53 second=13 bytes=31347 rssi=-67[0m
[0;32mI (1171275) net_bench: case=53 second=14 bytes=32392 rssi=-67[0m
[0;32mI (1171282) net_bench: case=53 second=15 bytes=31347 rssi=-68[0m
[0;32mI (1171288) net_bench: case=53 second=16 bytes=31347 rssi=-67[0m
[0;32mI (1171295) net_bench: case=53 second=17 bytes=31347 rssi=-78[0m
[0;32mI (1171301) net_bench: case=53 second=18 bytes=31347 rssi=-79[0m
[0;32mI (1171307) net_bench: case=53 second=19 bytes=31347 rssi=-82[0m
[0;32mI (1172315) net_bench: case=54 path=/aac-64?rate=64 output=1 begin rssi=-74 round=6 fixture=3 variant=0 wait_ms=25 read_limit=1024 batch=1[0m
[0;32mI (1195274) net_cpu: case=54 valid=1 total_us=20204092 tasks_before=8 tasks_after=8 snapshot_bytes=1440[0m
[0;32mI (1195276) net_cpu: case=54 task=audio id=4 runtime_us=12135941 existed=1[0m
[0;32mI (1195282) net_cpu: case=54 task=IDLE id=2 runtime_us=6950004 existed=1[0m
[0;32mI (1195290) net_cpu: case=54 task=uiT id=1 runtime_us=49414 existed=1[0m
[0;32mI (1195297) net_cpu: case=54 task=tiT id=5 runtime_us=470947 existed=1[0m
[0;32mI (1195304) net_cpu: case=54 task=httpd id=9 runtime_us=98675 existed=1[0m
[0;32mI (1195311) net_cpu: case=54 task=ppT id=7 runtime_us=499930 existed=1[0m
[0;32mI (1195318) net_cpu: case=54 task=Tmr Svc id=3 runtime_us=0 existed=1[0m
[0;32mI (1195326) net_cpu: case=54 task=sys_evt id=6 runtime_us=0 existed=1[0m
[0;32mI (1195335) net_bench: case=54 output=1 wall_us=20176044 bytes=139971 open_us=2767885 error=0 rssi=-68 heap_min=11496[0m
[0;32mI (1195344) net_bench: case=54 recv_total_us=222210 recv_positive_us=222210 recv_empty_us=0[0m
[0;32mI (1195353) net_bench: case=54 cpu_lean=1 gap_metrics_valid=0 heap_is_final=1[0m
[0;32mI (1195361) net_bench: case=54 sampled_heap_min=11132 rx_gap_tick_ms=164 wait_calls=0[0m
[0;32mI (1195369) net_bench: case=54 calls=195 empty=0 rx_gap_us=0 app_gap_us=0 empty_wait_us=0 recv_max_us=2943 commit_max_us=162980 ready_max=0 ready_probes=0[0m
[0;32mI (1195384) net_bench: case=54 pcm_frames=781312 rate=44100 eof=4156 underrun=1883 stack=1164[0m
[0;32mI (1195393) net_bench: case=54 second=0 bytes=8192 rssi=-80[0m
[0;32mI (1195399) net_bench: case=54 second=1 bytes=7121 rssi=-80[0m
[0;32mI (1195405) net_bench: case=54 second=2 bytes=7279 rssi=-79[0m
[0;32mI (1195412) net_bench: case=54 second=3 bytes=7090 rssi=-78[0m
[0;32mI (1195418) net_bench: case=54 second=4 bytes=6124 rssi=-80[0m
[0;32mI (1195424) net_bench: case=54 second=5 bytes=7132 rssi=-66[0m
[0;32mI (1195430) net_bench: case=54 second=6 bytes=6873 rssi=-66[0m
[0;32mI (1195436) net_bench: case=54 second=7 bytes=7137 rssi=-65[0m
[0;32mI (1195443) net_bench: case=54 second=8 bytes=7071 rssi=-66[0m
[0;32mI (1195449) net_bench: case=54 second=9 bytes=7267 rssi=-68[0m
[0;32mI (1195455) net_bench: case=54 second=10 bytes=6111 rssi=-66[0m
[0;32mI (1195461) net_bench: case=54 second=11 bytes=6824 rssi=-80[0m
[0;32mI (1195468) net_bench: case=54 second=12 bytes=7136 rssi=-79[0m
[0;32mI (1195474) net_bench: case=54 second=13 bytes=7011 rssi=-80[0m
[0;32mI (1195480) net_bench: case=54 second=14 bytes=7277 rssi=-81[0m
[0;32mI (1195487) net_bench: case=54 second=15 bytes=7232 rssi=-80[0m
[0;32mI (1195493) net_bench: case=54 second=16 bytes=6130 rssi=-80[0m
[0;32mI (1195499) net_bench: case=54 second=17 bytes=7143 rssi=-65[0m
[0;32mI (1195506) net_bench: case=54 second=18 bytes=6605 rssi=-66[0m
[0;32mI (1195512) net_bench: case=54 second=19 bytes=7216 rssi=-80[0m
[0;32mI (1196519) net_bench: case=55 path=/aac-64?rate=64 output=1 begin rssi=-79 round=6 fixture=3 variant=1 wait_ms=25 read_limit=1536 batch=1[0m
[0;32mI (1216741) net_cpu: case=55 valid=1 total_us=20161692 tasks_before=8 tasks_after=8 snapshot_bytes=1440[0m
[0;32mI (1216743) net_cpu: case=55 task=audio id=4 runtime_us=12136330 existed=1[0m
[0;32mI (1216749) net_cpu: case=55 task=IDLE id=2 runtime_us=6905822 existed=1[0m
[0;32mI (1216757) net_cpu: case=55 task=uiT id=1 runtime_us=48722 existed=1[0m
[0;32mI (1216764) net_cpu: case=55 task=tiT id=5 runtime_us=462848 existed=1[0m
[0;32mI (1216771) net_cpu: case=55 task=ppT id=7 runtime_us=510098 existed=1[0m
[0;32mI (1216778) net_cpu: case=55 task=httpd id=9 runtime_us=98888 existed=1[0m
[0;32mI (1216785) net_cpu: case=55 task=Tmr Svc id=3 runtime_us=0 existed=1[0m
[0;32mI (1216793) net_cpu: case=55 task=sys_evt id=6 runtime_us=0 existed=1[0m
[0;32mI (1216801) net_bench: case=55 output=1 wall_us=20133666 bytes=140350 open_us=72541 error=0 rssi=-67 heap_min=11500[0m
[0;32mI (1216811) net_bench: case=55 recv_total_us=176301 recv_positive_us=176301 recv_empty_us=0[0m
[0;32mI (1216820) net_bench: case=55 cpu_lean=1 gap_metrics_valid=0 heap_is_final=1[0m
[0;32mI (1216827) net_bench: case=55 sampled_heap_min=11052 rx_gap_tick_ms=231 wait_calls=0[0m
[0;32mI (1216836) net_bench: case=55 calls=104 empty=0 rx_gap_us=0 app_gap_us=0 empty_wait_us=0 recv_max_us=2896 commit_max_us=229242 ready_max=0 ready_probes=0[0m
[0;32mI (1216850) net_bench: case=55 pcm_frames=784384 rate=44100 eof=4082 underrun=1801 stack=1164[0m
[0;32mI (1216860) net_bench: case=55 second=0 bytes=8192 rssi=-80[0m
[0;32mI (1216866) net_bench: case=55 second=1 bytes=7615 rssi=-80[0m
[0;32mI (1216872) net_bench: case=55 second=2 bytes=7137 rssi=-67[0m
[0;32mI (1216878) net_bench: case=55 second=3 bytes=5714 rssi=-66[0m
[0;32mI (1216884) net_bench: case=55 second=4 bytes=7148 rssi=-66[0m
[0;32mI (1216891) net_bench: case=55 second=5 bytes=7132 rssi=-66[0m
[0;32mI (1216897) net_bench: case=55 second=6 bytes=7279 rssi=-66[0m
[0;32mI (1216903) net_bench: case=55 second=7 bytes=7136 rssi=-66[0m
[0;32mI (1216909) net_bench: case=55 second=8 bytes=7011 rssi=-66[0m
[0;32mI (1216916) net_bench: case=55 second=9 bytes=7277 rssi=-66[0m
[0;32mI (1216922) net_bench: case=55 second=10 bytes=5756 rssi=-66[0m
[0;32mI (1216928) net_bench: case=55 second=11 bytes=7162 rssi=-80[0m
[0;32mI (1216935) net_bench: case=55 second=12 bytes=7247 rssi=-80[0m
[0;32mI (1216941) net_bench: case=55 second=13 bytes=6945 rssi=-80[0m
[0;32mI (1216947) net_bench: case=55 second=14 bytes=7216 rssi=-81[0m
[0;32mI (1216953) net_bench: case=55 second=15 bytes=7262 rssi=-81[0m
[0;32mI (1216960) net_bench: case=55 second=16 bytes=7279 rssi=-80[0m
[0;32mI (1216966) net_bench: case=55 second=17 bytes=5642 rssi=-80[0m
[0;32mI (1216972) net_bench: case=55 second=18 bytes=7070 rssi=-80[0m
[0;32mI (1216979) net_bench: case=55 second=19 bytes=7130 rssi=-80[0m
[0;32mI (1217986) net_bench: case=56 path=/mp3-320?rate=0 output=0 begin rssi=-81 round=7 fixture=0 variant=1 wait_ms=25 read_limit=1536 batch=1[0m
[0;32mI (1238109) net_cpu: case=56 valid=1 total_us=20065901 tasks_before=8 tasks_after=8 snapshot_bytes=1440[0m
[0;32mI (1238113) net_cpu: case=56 task=audio id=4 runtime_us=4072177 existed=1[0m
[0;32mI (1238120) net_cpu: case=56 task=IDLE id=2 runtime_us=7551797 existed=1[0m
[0;32mI (1238127) net_cpu: case=56 task=uiT id=1 runtime_us=38160 existed=1[0m
[0;32mI (1238134) net_cpu: case=56 task=tiT id=5 runtime_us=4738602 existed=1[0m
[0;32mI (1238141) net_cpu: case=56 task=httpd id=9 runtime_us=93526 existed=1[0m
[0;32mI (1238149) net_cpu: case=56 task=ppT id=7 runtime_us=3573283 existed=1[0m
[0;32mI (1238156) net_cpu: case=56 task=Tmr Svc id=3 runtime_us=0 existed=1[0m
[0;32mI (1238163) net_cpu: case=56 task=sys_evt id=6 runtime_us=0 existed=1[0m
[0;32mI (1238172) net_bench: case=56 output=0 wall_us=20037710 bytes=2343800 open_us=70676 error=0 rssi=-80 heap_min=12172[0m
[0;32mI (1238181) net_bench: case=56 recv_total_us=4793449 recv_positive_us=4074052 recv_empty_us=719397[0m
[0;32mI (1238191) net_bench: case=56 cpu_lean=1 gap_metrics_valid=0 heap_is_final=1[0m
[0;32mI (1238199) net_bench: case=56 sampled_heap_min=11008 rx_gap_tick_ms=137 wait_calls=2152[0m
[0;32mI (1238207) net_bench: case=56 calls=6021 empty=2152 rx_gap_us=0 app_gap_us=0 empty_wait_us=0 recv_max_us=8788 commit_max_us=0 ready_max=0 ready_probes=0[0m
[0;32mI (1238222) net_bench: case=56 pcm_frames=0 rate=0 eof=1884 underrun=1883 stack=1164[0m
[0;32mI (1238230) net_bench: case=56 second=0 bytes=170912 rssi=-66[0m
[0;32mI (1238237) net_bench: case=56 second=1 bytes=168656 rssi=-67[0m
[0;32mI (1238243) net_bench: case=56 second=2 bytes=138400 rssi=-67[0m
[0;32mI (1238249) net_bench: case=56 second=3 bytes=68128 rssi=-80[0m
[0;32mI (1238256) net_bench: case=56 second=4 bytes=83912 rssi=-81[0m
[0;32mI (1238262) net_bench: case=56 second=5 bytes=101120 rssi=-79[0m
[0;32mI (1238268) net_bench: case=56 second=6 bytes=92600 rssi=-66[0m
[0;32mI (1238275) net_bench: case=56 second=7 bytes=160432 rssi=-78[0m
[0;32mI (1238281) net_bench: case=56 second=8 bytes=100768 rssi=-66[0m
[0;32mI (1238287) net_bench: case=56 second=9 bytes=83080 rssi=-68[0m
[0;32mI (1238294) net_bench: case=56 second=10 bytes=123688 rssi=-66[0m
[0;32mI (1238300) net_bench: case=56 second=11 bytes=71880 rssi=-66[0m
[0;32mI (1238307) net_bench: case=56 second=12 bytes=76168 rssi=-66[0m
[0;32mI (1238313) net_bench: case=56 second=13 bytes=81528 rssi=-81[0m
[0;32mI (1238319) net_bench: case=56 second=14 bytes=163112 rssi=-81[0m
[0;32mI (1238326) net_bench: case=56 second=15 bytes=167640 rssi=-81[0m
[0;32mI (1238332) net_bench: case=56 second=16 bytes=171320 rssi=-67[0m
[0;32mI (1238339) net_bench: case=56 second=17 bytes=102136 rssi=-81[0m
[0;32mI (1238345) net_bench: case=56 second=18 bytes=99512 rssi=-81[0m
[0;32mI (1238352) net_bench: case=56 second=19 bytes=118808 rssi=-67[0m
[0;32mI (1239359) net_bench: case=57 path=/mp3-320?rate=0 output=0 begin rssi=-65 round=7 fixture=0 variant=0 wait_ms=25 read_limit=1024 batch=1[0m
[0;32mI (1259490) net_cpu: case=57 valid=1 total_us=20071059 tasks_before=8 tasks_after=8 snapshot_bytes=1440[0m
[0;32mI (1259496) net_cpu: case=57 task=audio id=4 runtime_us=4441808 existed=1[0m
[0;32mI (1259502) net_cpu: case=57 task=IDLE id=2 runtime_us=4056130 existed=1[0m
[0;32mI (1259509) net_cpu: case=57 task=tiT id=5 runtime_us=6575386 existed=1[0m
[0;32mI (1259516) net_cpu: case=57 task=uiT id=1 runtime_us=38520 existed=1[0m
[0;32mI (1259523) net_cpu: case=57 task=httpd id=9 runtime_us=96096 existed=1[0m
[0;32mI (1259532) net_cpu: case=57 task=ppT id=7 runtime_us=4864746 existed=1[0m
[0;32mI (1259538) net_cpu: case=57 task=Tmr Svc id=3 runtime_us=0 existed=1[0m
[0;32mI (1259545) net_cpu: case=57 task=sys_evt id=6 runtime_us=0 existed=1[0m
[0;32mI (1259554) net_bench: case=57 output=0 wall_us=20042618 bytes=3271912 open_us=73096 error=0 rssi=-66 heap_min=12168[0m
[0;32mI (1259563) net_bench: case=57 recv_total_us=6981602 recv_positive_us=6214484 recv_empty_us=767118[0m
[0;32mI (1259573) net_bench: case=57 cpu_lean=1 gap_metrics_valid=0 heap_is_final=1[0m
[0;32mI (1259581) net_bench: case=57 sampled_heap_min=10932 rx_gap_tick_ms=326 wait_calls=1810[0m
[0;32mI (1259589) net_bench: case=57 calls=7180 empty=1810 rx_gap_us=0 app_gap_us=0 empty_wait_us=0 recv_max_us=7035 commit_max_us=0 ready_max=0 ready_probes=0[0m
[0;32mI (1259604) net_bench: case=57 pcm_frames=0 rate=0 eof=1884 underrun=1883 stack=1164[0m
[0;32mI (1259612) net_bench: case=57 second=0 bytes=115224 rssi=-79[0m
[0;32mI (1259619) net_bench: case=57 second=1 bytes=173240 rssi=-80[0m
[0;32mI (1259625) net_bench: case=57 second=2 bytes=177616 rssi=-80[0m
[0;32mI (1259631) net_bench: case=57 second=3 bytes=172944 rssi=-67[0m
[0;32mI (1259638) net_bench: case=57 second=4 bytes=175192 rssi=-69[0m
[0;32mI (1259644) net_bench: case=57 second=5 bytes=154328 rssi=-67[0m
[0;32mI (1259651) net_bench: case=57 second=6 bytes=170416 rssi=-67[0m
[0;32mI (1259657) net_bench: case=57 second=7 bytes=174608 rssi=-80[0m
[0;32mI (1259663) net_bench: case=57 second=8 bytes=132696 rssi=-79[0m
[0;32mI (1259670) net_bench: case=57 second=9 bytes=162760 rssi=-80[0m
[0;32mI (1259676) net_bench: case=57 second=10 bytes=174016 rssi=-80[0m
[0;32mI (1259683) net_bench: case=57 second=11 bytes=172520 rssi=-80[0m
[0;32mI (1259689) net_bench: case=57 second=12 bytes=166808 rssi=-80[0m
[0;32mI (1259696) net_bench: case=57 second=13 bytes=172464 rssi=-67[0m
[0;32mI (1259703) net_bench: case=57 second=14 bytes=171296 rssi=-67[0m
[0;32mI (1259709) net_bench: case=57 second=15 bytes=174792 rssi=-66[0m
[0;32mI (1259715) net_bench: case=57 second=16 bytes=149016 rssi=-67[0m
[0;32mI (1259722) net_bench: case=57 second=17 bytes=173648 rssi=-66[0m
[0;32mI (1259728) net_bench: case=57 second=18 bytes=134112 rssi=-80[0m
[0;32mI (1259735) net_bench: case=57 second=19 bytes=174216 rssi=-79[0m
[0;32mI (1260743) net_bench: case=58 path=/mp3-128?rate=128 output=1 begin rssi=-81 round=7 fixture=1 variant=1 wait_ms=25 read_limit=1536 batch=1[0m
[0;32mI (1280896) net_cpu: case=58 valid=1 total_us=20093492 tasks_before=8 tasks_after=8 snapshot_bytes=1440[0m
[0;32mI (1280898) net_cpu: case=58 task=audio id=4 runtime_us=15895035 existed=1[0m
[0;32mI (1280905) net_cpu: case=58 task=IDLE id=2 runtime_us=2252379 existed=1[0m
[0;32mI (1280912) net_cpu: case=58 task=uiT id=1 runtime_us=48762 existed=1[0m
[0;32mI (1280919) net_cpu: case=58 task=tiT id=5 runtime_us=928733 existed=1[0m
[0;32mI (1280926) net_cpu: case=58 task=httpd id=9 runtime_us=96912 existed=1[0m
[0;32mI (1280933) net_cpu: case=58 task=ppT id=7 runtime_us=872369 existed=1[0m
[0;32mI (1280941) net_cpu: case=58 task=Tmr Svc id=3 runtime_us=0 existed=1[0m
[0;32mI (1280949) net_cpu: case=58 task=sys_evt id=6 runtime_us=0 existed=1[0m
[0;32mI (1280957) net_bench: case=58 output=1 wall_us=20065528 bytes=319595 open_us=73303 error=0 rssi=-80 heap_min=9864[0m
[0;32mI (1280967) net_bench: case=58 recv_total_us=479113 recv_positive_us=477700 recv_empty_us=1413[0m
[0;32mI (1280976) net_bench: case=58 cpu_lean=1 gap_metrics_valid=0 heap_is_final=1[0m
[0;32mI (1280984) net_bench: case=58 sampled_heap_min=9816 rx_gap_tick_ms=87 wait_calls=6[0m
[0;32mI (1280992) net_bench: case=58 calls=341 empty=6 rx_gap_us=0 app_gap_us=0 empty_wait_us=0 recv_max_us=4482 commit_max_us=84638 ready_max=0 ready_probes=0[0m
[0;32mI (1281006) net_bench: case=58 pcm_frames=880128 rate=44100 eof=2196 underrun=127 stack=1164[0m
[0;32mI (1281016) net_bench: case=58 second=0 bytes=16384 rssi=-79[0m
[0;32mI (1281022) net_bench: case=58 second=1 bytes=15694 rssi=-67[0m
[0;32mI (1281028) net_bench: case=58 second=2 bytes=16686 rssi=-66[0m
[0;32mI (1281034) net_bench: case=58 second=3 bytes=15046 rssi=-68[0m
[0;32mI (1281041) net_bench: case=58 second=4 bytes=16300 rssi=-80[0m
[0;32mI (1281047) net_bench: case=58 second=5 bytes=16300 rssi=-79[0m
[0;32mI (1281053) net_bench: case=58 second=6 bytes=15047 rssi=-66[0m
[0;32mI (1281060) net_bench: case=58 second=7 bytes=16300 rssi=-79[0m
[0;32mI (1281066) net_bench: case=58 second=8 bytes=16227 rssi=-82[0m
[0;32mI (1281072) net_bench: case=58 second=9 bytes=16373 rssi=-79[0m
[0;32mI (1281079) net_bench: case=58 second=10 bytes=15015 rssi=-81[0m
[0;32mI (1281085) net_bench: case=58 second=11 bytes=16331 rssi=-66[0m
[0;32mI (1281091) net_bench: case=58 second=12 bytes=16300 rssi=-65[0m
[0;32mI (1281098) net_bench: case=58 second=13 bytes=16300 rssi=-66[0m
[0;32mI (1281104) net_bench: case=58 second=14 bytes=15046 rssi=-68[0m
[0;32mI (1281111) net_bench: case=58 second=15 bytes=16300 rssi=-80[0m
[0;32mI (1281117) net_bench: case=58 second=16 bytes=16300 rssi=-80[0m
[0;32mI (1281123) net_bench: case=58 second=17 bytes=15046 rssi=-81[0m
[0;32mI (1281130) net_bench: case=58 second=18 bytes=16300 rssi=-67[0m
[0;32mI (1281136) net_bench: case=58 second=19 bytes=16300 rssi=-66[0m
[0;32mI (1282144) net_bench: case=59 path=/mp3-128?rate=128 output=1 begin rssi=-81 round=7 fixture=1 variant=0 wait_ms=25 read_limit=1024 batch=1[0m
[0;32mI (1302320) net_cpu: case=59 valid=1 total_us=20112515 tasks_before=8 tasks_after=8 snapshot_bytes=1440[0m
[0;32mI (1302322) net_cpu: case=59 task=audio id=4 runtime_us=15965255 existed=1[0m
[0;32mI (1302328) net_cpu: case=59 task=IDLE id=2 runtime_us=2199547 existed=1[0m
[0;32mI (1302336) net_cpu: case=59 task=tiT id=5 runtime_us=943853 existed=1[0m
[0;32mI (1302343) net_cpu: case=59 task=uiT id=1 runtime_us=47932 existed=1[0m
[0;32mI (1302350) net_cpu: case=59 task=httpd id=9 runtime_us=95483 existed=1[0m
[0;32mI (1302357) net_cpu: case=59 task=ppT id=7 runtime_us=862377 existed=1[0m
[0;32mI (1302364) net_cpu: case=59 task=Tmr Svc id=3 runtime_us=0 existed=1[0m
[0;32mI (1302372) net_cpu: case=59 task=sys_evt id=6 runtime_us=0 existed=1[0m
[0;32mI (1302382) net_bench: case=59 output=1 wall_us=20083586 bytes=319366 open_us=76890 error=0 rssi=-80 heap_min=9864[0m
[0;32mI (1302390) net_bench: case=59 recv_total_us=549510 recv_positive_us=548874 recv_empty_us=636[0m
[0;32mI (1302399) net_bench: case=59 cpu_lean=1 gap_metrics_valid=0 heap_is_final=1[0m
[0;32mI (1302407) net_bench: case=59 sampled_heap_min=9812 rx_gap_tick_ms=82 wait_calls=3[0m
[0;32mI (1302415) net_bench: case=59 calls=513 empty=3 rx_gap_us=0 app_gap_us=0 empty_wait_us=0 recv_max_us=3956 commit_max_us=81480 ready_max=0 ready_probes=0[0m
[0;32mI (1302429) net_bench: case=59 pcm_frames=880128 rate=44100 eof=2246 underrun=135 stack=1164[0m
[0;32mI (1302438) net_bench: case=59 second=0 bytes=16352 rssi=-65[0m
[0;32mI (1302445) net_bench: case=59 second=1 bytes=15726 rssi=-66[0m
[0;32mI (1302451) net_bench: case=59 second=2 bytes=16456 rssi=-80[0m
[0;32mI (1302458) net_bench: case=59 second=3 bytes=15276 rssi=-66[0m
[0;32mI (1302465) net_bench: case=59 second=4 bytes=16071 rssi=-80[0m
[0;32mI (1302471) net_bench: case=59 second=5 bytes=15997 rssi=-80[0m
[0;32mI (1302477) net_bench: case=59 second=6 bytes=15579 rssi=-80[0m
[0;32mI (1302484) net_bench: case=59 second=7 bytes=16070 rssi=-66[0m
[0;32mI (1302490) net_bench: case=59 second=8 bytes=16300 rssi=-66[0m
[0;32mI (1302496) net_bench: case=59 second=9 bytes=15851 rssi=-67[0m
[0;32mI (1302502) net_bench: case=59 second=10 bytes=15495 rssi=-67[0m
[0;32mI (1302509) net_bench: case=59 second=11 bytes=16300 rssi=-80[0m
[0;32mI (1302515) net_bench: case=59 second=12 bytes=16300 rssi=-79[0m
[0;32mI (1302522) net_bench: case=59 second=13 bytes=15046 rssi=-80[0m
[0;32mI (1302528) net_bench: case=59 second=14 bytes=16300 rssi=-81[0m
[0;32mI (1302535) net_bench: case=59 second=15 bytes=16300 rssi=-78[0m
[0;32mI (1302541) net_bench: case=59 second=16 bytes=16300 rssi=-79[0m
[0;32mI (1302547) net_bench: case=59 second=17 bytes=15047 rssi=-79[0m
[0;32mI (1302554) net_bench: case=59 second=18 bytes=16300 rssi=-66[0m
[0;32mI (1302560) net_bench: case=59 second=19 bytes=16300 rssi=-68[0m
[0;32mI (1303567) net_bench: case=60 path=/mp3-320?rate=320 output=1 begin rssi=-66 round=7 fixture=2 variant=1 wait_ms=25 read_limit=1536 batch=1[0m
[0;32mI (1311204) net_cpu: case=60 valid=1 total_us=7561101 tasks_before=8 tasks_after=8 snapshot_bytes=1440[0m
[0;32mI (1311206) net_cpu: case=60 task=audio id=4 runtime_us=5469201 existed=1[0m
[0;32mI (1311212) net_cpu: case=60 task=IDLE id=2 runtime_us=1046550 existed=1[0m
[0;32mI (1311220) net_cpu: case=60 task=tiT id=5 runtime_us=539650 existed=1[0m
[0;32mI (1311227) net_cpu: case=60 task=uiT id=1 runtime_us=15295 existed=1[0m
[0;32mI (1311234) net_cpu: case=60 task=httpd id=9 runtime_us=30763 existed=1[0m
[0;32mI (1311241) net_cpu: case=60 task=ppT id=7 runtime_us=459849 existed=1[0m
[0;32mI (1311248) net_cpu: case=60 task=Tmr Svc id=3 runtime_us=0 existed=1[0m
[0;32mI (1311255) net_cpu: case=60 task=sys_evt id=6 runtime_us=0 existed=1[0m
[0;32mI (1311264) net_bench: case=60 output=1 wall_us=7550046 bytes=202433 open_us=71950 error=-116 rssi=-81 heap_min=12300[0m
[0;32mI (1311275) net_bench: case=60 recv_total_us=329372 recv_positive_us=320673 recv_empty_us=8699[0m
[0;32mI (1311283) net_bench: case=60 cpu_lean=1 gap_metrics_valid=0 heap_is_final=1[0m
[0;32mI (1311291) net_bench: case=60 sampled_heap_min=9540 rx_gap_tick_ms=42 wait_calls=44[0m
[0;32mI (1311299) net_bench: case=60 calls=250 empty=44 rx_gap_us=0 app_gap_us=0 empty_wait_us=0 recv_max_us=2964 commit_max_us=41057 ready_max=0 ready_probes=0[0m
[0;32mI (1311314) net_bench: case=60 pcm_frames=222336 rate=44100 eof=3246 underrun=1872 stack=1164[0m
[0;32mI (1311323) net_bench: case=60 second=0 bytes=30793 rssi=-81[0m
[0;32mI (1311329) net_bench: case=60 second=1 bytes=31347 rssi=-82[0m
[0;32mI (1311335) net_bench: case=60 second=2 bytes=30302 rssi=-81[0m
[0;32mI (1311342) net_bench: case=60 second=3 bytes=31347 rssi=-66[0m
[0;32mI (1311348) net_bench: case=60 second=4 bytes=31347 rssi=-67[0m
[0;32mI (1311354) net_bench: case=60 second=5 bytes=30302 rssi=-65[0m
[0;32mI (1311361) net_bench: case=60 second=6 bytes=16995 rssi=-81[0m
[0;32mI (1311367) net_bench: case=60 second=7 bytes=0 rssi=-66[0m
[0;32mI (1311373) net_bench: case=60 second=8 bytes=0 rssi=-127[0m
[0;32mI (1311379) net_bench: case=60 second=9 bytes=0 rssi=-127[0m
[0;32mI (1311385) net_bench: case=60 second=10 bytes=0 rssi=-127[0m
[0;32mI (1311391) net_bench: case=60 second=11 bytes=0 rssi=-127[0m
[0;32mI (1311397) net_bench: case=60 second=12 bytes=0 rssi=-127[0m
[0;32mI (1311404) net_bench: case=60 second=13 bytes=0 rssi=-127[0m
[0;32mI (1311410) net_bench: case=60 second=14 bytes=0 rssi=-127[0m
[0;32mI (1311416) net_bench: case=60 second=15 bytes=0 rssi=-127[0m
[0;32mI (1311422) net_bench: case=60 second=16 bytes=0 rssi=-127[0m
[0;32mI (1311428) net_bench: case=60 second=17 bytes=0 rssi=-127[0m
[0;32mI (1311434) net_bench: case=60 second=18 bytes=0 rssi=-127[0m
[0;32mI (1311440) net_bench: case=60 second=19 bytes=0 rssi=-127[0m
[0;32mI (1312447) net_bench: case=61 path=/mp3-320?rate=320 output=1 begin rssi=-81 round=7 fixture=2 variant=0 wait_ms=25 read_limit=1024 batch=1[0m
[0;32mI (1332579) net_cpu: case=61 valid=1 total_us=20072519 tasks_before=8 tasks_after=8 snapshot_bytes=1440[0m
[0;32mI (1332581) net_cpu: case=61 task=audio id=4 runtime_us=15548524 existed=1[0m
[0;32mI (1332588) net_cpu: case=61 task=IDLE id=2 runtime_us=1529207 existed=1[0m
[0;32mI (1332595) net_cpu: case=61 task=uiT id=1 runtime_us=41521 existed=1[0m
[0;32mI (1332602) net_cpu: case=61 task=tiT id=5 runtime_us=1588068 existed=1[0m
[0;32mI (1332609) net_cpu: case=61 task=httpd id=9 runtime_us=87503 existed=1[0m
[0;32mI (1332617) net_cpu: case=61 task=ppT id=7 runtime_us=1279272 existed=1[0m
[0;32mI (1332624) net_cpu: case=61 task=Tmr Svc id=3 runtime_us=0 existed=1[0m
[0;32mI (1332631) net_cpu: case=61 task=sys_evt id=6 runtime_us=0 existed=1[0m
[0;32mI (1332640) net_bench: case=61 output=1 wall_us=20044142 bytes=573075 open_us=72637 error=0 rssi=-66 heap_min=10364[0m
[0;32mI (1332649) net_bench: case=61 recv_total_us=1107521 recv_positive_us=1098923 recv_empty_us=8598[0m
[0;32mI (1332659) net_bench: case=61 cpu_lean=1 gap_metrics_valid=0 heap_is_final=1[0m
[0;32mI (1332666) net_bench: case=61 sampled_heap_min=9380 rx_gap_tick_ms=865 wait_calls=48[0m
[0;32mI (1332675) net_bench: case=61 calls=1145 empty=48 rx_gap_us=0 app_gap_us=0 empty_wait_us=0 recv_max_us=5652 commit_max_us=39148 ready_max=0 ready_probes=0[0m
[0;32mI (1332690) net_bench: case=61 pcm_frames=631296 rate=44100 eof=8055 underrun=4320 stack=1164[0m
[0;32mI (1332699) net_bench: case=61 second=0 bytes=30772 rssi=-66[0m
[0;32mI (1332705) net_bench: case=61 second=1 bytes=28212 rssi=-68[0m
[0;32mI (1332711) net_bench: case=61 second=2 bytes=31347 rssi=-79[0m
[0;32mI (1332718) net_bench: case=61 second=3 bytes=30302 rssi=-80[0m
[0;32mI (1332724) net_bench: case=61 second=4 bytes=30302 rssi=-80[0m
[0;32mI (1332730) net_bench: case=61 second=5 bytes=16696 rssi=-80[0m
[0;32mI (1332737) net_bench: case=61 second=6 bytes=17786 rssi=-80[0m
[0;32mI (1332743) net_bench: case=61 second=7 bytes=31347 rssi=-66[0m
[0;32mI (1332749) net_bench: case=61 second=8 bytes=30302 rssi=-66[0m
[0;32mI (1332756) net_bench: case=61 second=9 bytes=30302 rssi=-66[0m
[0;32mI (1332762) net_bench: case=61 second=10 bytes=30302 rssi=-66[0m
[0;32mI (1332768) net_bench: case=61 second=11 bytes=30302 rssi=-66[0m
[0;32mI (1332775) net_bench: case=61 second=12 bytes=22988 rssi=-81[0m
[0;32mI (1332781) net_bench: case=61 second=13 bytes=30302 rssi=-79[0m
[0;32mI (1332787) net_bench: case=61 second=14 bytes=30302 rssi=-80[0m
[0;32mI (1332794) net_bench: case=61 second=15 bytes=30303 rssi=-80[0m
[0;32mI (1332800) net_bench: case=61 second=16 bytes=30302 rssi=-80[0m
[0;32mI (1332807) net_bench: case=61 second=17 bytes=30302 rssi=-66[0m
[0;32mI (1332813) net_bench: case=61 second=18 bytes=30302 rssi=-68[0m
[0;32mI (1332819) net_bench: case=61 second=19 bytes=30302 rssi=-67[0m
[0;32mI (1333827) net_bench: case=62 path=/aac-64?rate=64 output=1 begin rssi=-69 round=7 fixture=3 variant=1 wait_ms=25 read_limit=1536 batch=1[0m
[0;32mI (1354073) net_cpu: case=62 valid=1 total_us=20175369 tasks_before=8 tasks_after=8 snapshot_bytes=1440[0m
[0;32mI (1354075) net_cpu: case=62 task=audio id=4 runtime_us=12138287 existed=1[0m
[0;32mI (1354081) net_cpu: case=62 task=IDLE id=2 runtime_us=6914352 existed=1[0m
[0;32mI (1354089) net_cpu: case=62 task=uiT id=1 runtime_us=48853 existed=1[0m
[0;32mI (1354096) net_cpu: case=62 task=tiT id=5 runtime_us=464351 existed=1[0m
[0;32mI (1354103) net_cpu: case=62 task=ppT id=7 runtime_us=511353 existed=1[0m
[0;32mI (1354110) net_cpu: case=62 task=httpd id=9 runtime_us=98690 existed=1[0m
[0;32mI (1354117) net_cpu: case=62 task=Tmr Svc id=3 runtime_us=0 existed=1[0m
[0;32mI (1354125) net_cpu: case=62 task=sys_evt id=6 runtime_us=0 existed=1[0m
[0;32mI (1354134) net_bench: case=62 output=1 wall_us=20147375 bytes=140350 open_us=83420 error=0 rssi=-81 heap_min=11500[0m
[0;32mI (1354143) net_bench: case=62 recv_total_us=178071 recv_positive_us=178071 recv_empty_us=0[0m
[0;32mI (1354152) net_bench: case=62 cpu_lean=1 gap_metrics_valid=0 heap_is_final=1[0m
[0;32mI (1354159) net_bench: case=62 sampled_heap_min=11052 rx_gap_tick_ms=234 wait_calls=0[0m
[0;32mI (1354168) net_bench: case=62 calls=105 empty=0 rx_gap_us=0 app_gap_us=0 empty_wait_us=0 recv_max_us=2971 commit_max_us=230848 ready_max=0 ready_probes=0[0m
[0;32mI (1354182) net_bench: case=62 pcm_frames=784384 rate=44100 eof=4095 underrun=1814 stack=1164[0m
[0;32mI (1354192) net_bench: case=62 second=0 bytes=8192 rssi=-66[0m
[0;32mI (1354198) net_bench: case=62 second=1 bytes=7615 rssi=-68[0m
[0;32mI (1354204) net_bench: case=62 second=2 bytes=7137 rssi=-81[0m
[0;32mI (1354210) net_bench: case=62 second=3 bytes=5714 rssi=-80[0m
[0;32mI (1354216) net_bench: case=62 second=4 bytes=7148 rssi=-81[0m
[0;32mI (1354223) net_bench: case=62 second=5 bytes=7132 rssi=-79[0m
[0;32mI (1354229) net_bench: case=62 second=6 bytes=7279 rssi=-80[0m
[0;32mI (1354235) net_bench: case=62 second=7 bytes=7136 rssi=-81[0m
[0;32mI (1354241) net_bench: case=62 second=8 bytes=7011 rssi=-80[0m
[0;32mI (1354248) net_bench: case=62 second=9 bytes=7277 rssi=-78[0m
[0;32mI (1354254) net_bench: case=62 second=10 bytes=5756 rssi=-80[0m
[0;32mI (1354260) net_bench: case=62 second=11 bytes=7162 rssi=-79[0m
[0;32mI (1354267) net_bench: case=62 second=12 bytes=7247 rssi=-80[0m
[0;32mI (1354273) net_bench: case=62 second=13 bytes=6945 rssi=-80[0m
[0;32mI (1354279) net_bench: case=62 second=14 bytes=7216 rssi=-80[0m
[0;32mI (1354285) net_bench: case=62 second=15 bytes=7262 rssi=-78[0m
[0;32mI (1354292) net_bench: case=62 second=16 bytes=5778 rssi=-66[0m
[0;32mI (1354298) net_bench: case=62 second=17 bytes=7143 rssi=-67[0m
[0;32mI (1354304) net_bench: case=62 second=18 bytes=7070 rssi=-67[0m
[0;32mI (1354311) net_bench: case=62 second=19 bytes=7130 rssi=-66[0m
[0;32mI (1355318) net_bench: case=63 path=/aac-64?rate=64 output=1 begin rssi=-67 round=7 fixture=3 variant=0 wait_ms=25 read_limit=1024 batch=1[0m
[0;32mI (1363812) net_cpu: case=63 valid=1 total_us=8425596 tasks_before=8 tasks_after=8 snapshot_bytes=1440[0m
[0;32mI (1363814) net_cpu: case=63 task=audio id=4 runtime_us=4524850 existed=1[0m
[0;32mI (1363820) net_cpu: case=63 task=IDLE id=2 runtime_us=3460285 existed=1[0m
[0;32mI (1363828) net_cpu: case=63 task=uiT id=1 runtime_us=19997 existed=1[0m
[0;32mI (1363835) net_cpu: case=63 task=tiT id=5 runtime_us=181607 existed=1[0m
[0;32mI (1363843) net_cpu: case=63 task=httpd id=9 runtime_us=40929 existed=1[0m
[0;32mI (1363849) net_cpu: case=63 task=ppT id=7 runtime_us=199651 existed=1[0m
[0;32mI (1363856) net_cpu: case=63 task=Tmr Svc id=3 runtime_us=0 existed=1[0m
[0;32mI (1363863) net_cpu: case=63 task=sys_evt id=6 runtime_us=0 existed=1[0m
[0;32mI (1363873) net_bench: case=63 output=1 wall_us=8413436 bytes=51762 open_us=64940 error=-116 rssi=-68 heap_min=14636[0m
[0;32mI (1363882) net_bench: case=63 recv_total_us=92563 recv_positive_us=85768 recv_empty_us=6795[0m
[0;32mI (1363891) net_bench: case=63 cpu_lean=1 gap_metrics_valid=0 heap_is_final=1[0m
[0;32mI (1363899) net_bench: case=63 sampled_heap_min=11396 rx_gap_tick_ms=163 wait_calls=39[0m
[0;32mI (1363907) net_bench: case=63 calls=112 empty=39 rx_gap_us=0 app_gap_us=0 empty_wait_us=0 recv_max_us=2865 commit_max_us=161350 ready_max=0 ready_probes=0[0m
[0;32mI (1363922) net_bench: case=63 pcm_frames=288768 rate=44100 eof=2242 underrun=1401 stack=1164[0m
[0;32mI (1363931) net_bench: case=63 second=0 bytes=8192 rssi=-67[0m
[0;32mI (1363937) net_bench: case=63 second=1 bytes=7121 rssi=-67[0m
[0;32mI (1363943) net_bench: case=63 second=2 bytes=7279 rssi=-67[0m
[0;32mI (1363950) net_bench: case=63 second=3 bytes=6066 rssi=-67[0m
[0;32mI (1363956) net_bench: case=63 second=4 bytes=7148 rssi=-80[0m
[0;32mI (1363962) net_bench: case=63 second=5 bytes=6628 rssi=-80[0m
[0;32mI (1363968) net_bench: case=63 second=6 bytes=7377 rssi=-79[0m
[0;32mI (1363974) net_bench: case=63 second=7 bytes=1951 rssi=-81[0m
[0;32mI (1363981) net_bench: case=63 second=8 bytes=0 rssi=-66[0m
[0;32mI (1363987) net_bench: case=63 second=9 bytes=0 rssi=-127[0m
[0;32mI (1363993) net_bench: case=63 second=10 bytes=0 rssi=-127[0m
[0;32mI (1363999) net_bench: case=63 second=11 bytes=0 rssi=-127[0m
[0;32mI (1364005) net_bench: case=63 second=12 bytes=0 rssi=-127[0m
[0;32mI (1364011) net_bench: case=63 second=13 bytes=0 rssi=-127[0m
[0;32mI (1364017) net_bench: case=63 second=14 bytes=0 rssi=-127[0m
[0;32mI (1364023) net_bench: case=63 second=15 bytes=0 rssi=-127[0m
[0;32mI (1364030) net_bench: case=63 second=16 bytes=0 rssi=-127[0m
[0;32mI (1364036) net_bench: case=63 second=17 bytes=0 rssi=-127[0m
[0;32mI (1364042) net_bench: case=63 second=18 bytes=0 rssi=-127[0m
[0;32mI (1364048) net_bench: case=63 second=19 bytes=0 rssi=-127[0m
[0;32mI (1365055) net_bench: case=64 path=/mp3-320?rate=0 output=0 begin rssi=-80 round=8 fixture=0 variant=0 wait_ms=25 read_limit=1024 batch=1[0m
[0;32mI (1385189) net_cpu: case=64 valid=1 total_us=20070505 tasks_before=8 tasks_after=8 snapshot_bytes=1440[0m
[0;32mI (1385191) net_cpu: case=64 task=audio id=4 runtime_us=4308364 existed=1[0m
[0;32mI (1385197) net_cpu: case=64 task=IDLE id=2 runtime_us=4852347 existed=1[0m
[0;32mI (1385204) net_cpu: case=64 task=tiT id=5 runtime_us=6189363 existed=1[0m
[0;32mI (1385212) net_cpu: case=64 task=uiT id=1 runtime_us=37848 existed=1[0m
[0;32mI (1385219) net_cpu: case=64 task=httpd id=9 runtime_us=96933 existed=1[0m
[0;32mI (1385226) net_cpu: case=64 task=ppT id=7 runtime_us=4586206 existed=1[0m
[0;32mI (1385233) net_cpu: case=64 task=Tmr Svc id=3 runtime_us=0 existed=1[0m
[0;32mI (1385240) net_cpu: case=64 task=sys_evt id=6 runtime_us=0 existed=1[0m
[0;32mI (1385249) net_bench: case=64 output=0 wall_us=20042144 bytes=3075968 open_us=73686 error=0 rssi=-79 heap_min=11664[0m
[0;32mI (1385258) net_bench: case=64 recv_total_us=6639874 recv_positive_us=5941126 recv_empty_us=698748[0m
[0;32mI (1385268) net_bench: case=64 cpu_lean=1 gap_metrics_valid=0 heap_is_final=1[0m
[0;32mI (1385276) net_bench: case=64 sampled_heap_min=10360 rx_gap_tick_ms=310 wait_calls=1842[0m
[0;32mI (1385285) net_bench: case=64 calls=6872 empty=1842 rx_gap_us=0 app_gap_us=0 empty_wait_us=0 recv_max_us=6408 commit_max_us=0 ready_max=0 ready_probes=0[0m
[0;32mI (1385299) net_bench: case=64 pcm_frames=0 rate=0 eof=1884 underrun=1883 stack=1164[0m
[0;32mI (1385307) net_bench: case=64 second=0 bytes=189672 rssi=-67[0m
[0;32mI (1385314) net_bench: case=64 second=1 bytes=149848 rssi=-67[0m
[0;32mI (1385320) net_bench: case=64 second=2 bytes=61104 rssi=-67[0m
[0;32mI (1385326) net_bench: case=64 second=3 bytes=140256 rssi=-67[0m
[0;32mI (1385333) net_bench: case=64 second=4 bytes=172112 rssi=-80[0m
[0;32mI (1385339) net_bench: case=64 second=5 bytes=176216 rssi=-80[0m
[0;32mI (1385346) net_bench: case=64 second=6 bytes=176656 rssi=-79[0m
[0;32mI (1385352) net_bench: case=64 second=7 bytes=178552 rssi=-79[0m
[0;32mI (1385359) net_bench: case=64 second=8 bytes=174952 rssi=-80[0m
[0;32mI (1385365) net_bench: case=64 second=9 bytes=177392 rssi=-67[0m
[0;32mI (1385371) net_bench: case=64 second=10 bytes=174744 rssi=-65[0m
[0;32mI (1385378) net_bench: case=64 second=11 bytes=175248 rssi=-67[0m
[0;32mI (1385384) net_bench: case=64 second=12 bytes=173536 rssi=-66[0m
[0;32mI (1385391) net_bench: case=64 second=13 bytes=125536 rssi=-67[0m
[0;32mI (1385397) net_bench: case=64 second=14 bytes=175632 rssi=-78[0m
[0;32mI (1385404) net_bench: case=64 second=15 bytes=109400 rssi=-80[0m
[0;32mI (1385410) net_bench: case=64 second=16 bytes=78072 rssi=-80[0m
[0;32mI (1385417) net_bench: case=64 second=17 bytes=121488 rssi=-68[0m
[0;32mI (1385423) net_bench: case=64 second=18 bytes=171784 rssi=-80[0m
[0;32mI (1385430) net_bench: case=64 second=19 bytes=173768 rssi=-69[0m
[0;32mI (1386437) net_bench: case=65 path=/mp3-320?rate=0 output=0 begin rssi=-67 round=8 fixture=0 variant=1 wait_ms=25 read_limit=1536 batch=1[0m
[0;32mI (1406568) net_cpu: case=65 valid=1 total_us=20072251 tasks_before=8 tasks_after=8 snapshot_bytes=1440[0m
[0;32mI (1406573) net_cpu: case=65 task=audio id=4 runtime_us=4570210 existed=1[0m
[0;32mI (1406579) net_cpu: case=65 task=IDLE id=2 runtime_us=3711055 existed=1[0m
[0;32mI (1406586) net_cpu: case=65 task=uiT id=1 runtime_us=38235 existed=1[0m
[0;32mI (1406593) net_cpu: case=65 task=tiT id=5 runtime_us=6701820 existed=1[0m
[0;32mI (1406601) net_cpu: case=65 task=httpd id=9 runtime_us=95552 existed=1[0m
[0;32mI (1406608) net_cpu: case=65 task=ppT id=7 runtime_us=4956193 existed=1[0m
[0;32mI (1406615) net_cpu: case=65 task=Tmr Svc id=3 runtime_us=0 existed=1[0m
[0;32mI (1406622) net_cpu: case=65 task=sys_evt id=6 runtime_us=0 existed=1[0m
[0;32mI (1406631) net_bench: case=65 output=0 wall_us=20043757 bytes=3378024 open_us=69170 error=0 rssi=-66 heap_min=12952[0m
[0;32mI (1406640) net_bench: case=65 recv_total_us=7048248 recv_positive_us=6200234 recv_empty_us=848014[0m
[0;32mI (1406650) net_bench: case=65 cpu_lean=1 gap_metrics_valid=0 heap_is_final=1[0m
[0;32mI (1406658) net_bench: case=65 sampled_heap_min=11536 rx_gap_tick_ms=308 wait_calls=1957[0m
[0;32mI (1406667) net_bench: case=65 calls=7189 empty=1957 rx_gap_us=0 app_gap_us=0 empty_wait_us=0 recv_max_us=6072 commit_max_us=0 ready_max=0 ready_probes=0[0m
[0;32mI (1406682) net_bench: case=65 pcm_frames=0 rate=0 eof=1885 underrun=1884 stack=1164[0m
[0;32mI (1406691) net_bench: case=65 second=0 bytes=125576 rssi=-80[0m
[0;32mI (1406697) net_bench: case=65 second=1 bytes=182352 rssi=-81[0m
[0;32mI (1406703) net_bench: case=65 second=2 bytes=174792 rssi=-80[0m
[0;32mI (1406710) net_bench: case=65 second=3 bytes=179912 rssi=-80[0m
[0;32mI (1406716) net_bench: case=65 second=4 bytes=171872 rssi=-69[0m
[0;32mI (1406722) net_bench: case=65 second=5 bytes=175088 rssi=-66[0m
[0;32mI (1406729) net_bench: case=65 second=6 bytes=178176 rssi=-67[0m
[0;32mI (1406735) net_bench: case=65 second=7 bytes=172704 rssi=-67[0m
[0;32mI (1406742) net_bench: case=65 second=8 bytes=178360 rssi=-65[0m
[0;32mI (1406748) net_bench: case=65 second=9 bytes=172464 rssi=-82[0m
[0;32mI (1406754) net_bench: case=65 second=10 bytes=175328 rssi=-81[0m
[0;32mI (1406761) net_bench: case=65 second=11 bytes=170856 rssi=-80[0m
[0;32mI (1406767) net_bench: case=65 second=12 bytes=176400 rssi=-80[0m
[0;32mI (1406774) net_bench: case=65 second=13 bytes=174848 rssi=-79[0m
[0;32mI (1406780) net_bench: case=65 second=14 bytes=163648 rssi=-67[0m
[0;32mI (1406787) net_bench: case=65 second=15 bytes=175808 rssi=-67[0m
[0;32mI (1406793) net_bench: case=65 second=16 bytes=158952 rssi=-66[0m
[0;32mI (1406800) net_bench: case=65 second=17 bytes=149600 rssi=-67[0m
[0;32mI (1406806) net_bench: case=65 second=18 bytes=149656 rssi=-67[0m
[0;32mI (1406813) net_bench: case=65 second=19 bytes=171096 rssi=-80[0m
[0;32mI (1407820) net_bench: case=66 path=/mp3-128?rate=128 output=1 begin rssi=-66 round=8 fixture=1 variant=0 wait_ms=25 read_limit=1024 batch=1[0m
[0;32mI (1428943) net_cpu: case=66 valid=1 total_us=20070956 tasks_before=8 tasks_after=8 snapshot_bytes=1440[0m
[0;32mI (1428945) net_cpu: case=66 task=audio id=4 runtime_us=15899130 existed=1[0m
[0;32mI (1428951) net_cpu: case=66 task=IDLE id=2 runtime_us=2254012 existed=1[0m
[0;32mI (1428959) net_cpu: case=66 task=tiT id=5 runtime_us=935412 existed=1[0m
[0;32mI (1428966) net_cpu: case=66 task=uiT id=1 runtime_us=48221 existed=1[0m
[0;32mI (1428973) net_cpu: case=66 task=httpd id=9 runtime_us=93951 existed=1[0m
[0;32mI (1428980) net_cpu: case=66 task=ppT id=7 runtime_us=840399 existed=1[0m
[0;32mI (1428988) net_cpu: case=66 task=Tmr Svc id=3 runtime_us=0 existed=1[0m
[0;32mI (1428995) net_cpu: case=66 task=sys_evt id=6 runtime_us=0 existed=1[0m
[0;32mI (1429004) net_bench: case=66 output=1 wall_us=20043014 bytes=318666 open_us=1065746 error=0 rssi=-79 heap_min=12948[0m
[0;32mI (1429016) net_bench: case=66 recv_total_us=537826 recv_positive_us=536398 recv_empty_us=1428[0m
[0;32mI (1429024) net_bench: case=66 cpu_lean=1 gap_metrics_valid=0 heap_is_final=1[0m
[0;32mI (1429031) net_bench: case=66 sampled_heap_min=9576 rx_gap_tick_ms=83 wait_calls=6[0m
[0;32mI (1429039) net_bench: case=66 calls=513 empty=6 rx_gap_us=0 app_gap_us=0 empty_wait_us=0 recv_max_us=4005 commit_max_us=80074 ready_max=0 ready_probes=0[0m
[0;32mI (1429054) net_bench: case=66 pcm_frames=877824 rate=44100 eof=2228 underrun=139 stack=1164[0m
[0;32mI (1429063) net_bench: case=66 second=0 bytes=16352 rssi=-80[0m
[0;32mI (1429069) net_bench: case=66 second=1 bytes=15726 rssi=-67[0m
[0;32mI (1429075) net_bench: case=66 second=2 bytes=16456 rssi=-66[0m
[0;32mI (1429082) net_bench: case=66 second=3 bytes=15276 rssi=-65[0m
[0;32mI (1429088) net_bench: case=66 second=4 bytes=15882 rssi=-80[0m
[0;32mI (1429094) net_bench: case=66 second=5 bytes=16071 rssi=-81[0m
[0;32mI (1429101) net_bench: case=66 second=6 bytes=16300 rssi=-81[0m
[0;32mI (1429107) net_bench: case=66 second=7 bytes=16227 rssi=-81[0m
[0;32mI (1429113) net_bench: case=66 second=8 bytes=16373 rssi=-80[0m
[0;32mI (1429120) net_bench: case=66 second=9 bytes=15015 rssi=-81[0m
[0;32mI (1429126) net_bench: case=66 second=10 bytes=16331 rssi=-68[0m
[0;32mI (1429132) net_bench: case=66 second=11 bytes=16300 rssi=-67[0m
[0;32mI (1429139) net_bench: case=66 second=12 bytes=15276 rssi=-67[0m
[0;32mI (1429145) net_bench: case=66 second=13 bytes=16070 rssi=-81[0m
[0;32mI (1429152) net_bench: case=66 second=14 bytes=16300 rssi=-80[0m
[0;32mI (1429158) net_bench: case=66 second=15 bytes=16300 rssi=-81[0m
[0;32mI (1429164) net_bench: case=66 second=16 bytes=15046 rssi=-82[0m
[0;32mI (1429171) net_bench: case=66 second=17 bytes=16300 rssi=-80[0m
[0;32mI (1429177) net_bench: case=66 second=18 bytes=16300 rssi=-80[0m
[0;32mI (1429184) net_bench: case=66 second=19 bytes=14765 rssi=-79[0m
[0;32mI (1430191) net_bench: case=67 path=/mp3-128?rate=128 output=1 begin rssi=-70 round=8 fixture=1 variant=1 wait_ms=25 read_limit=1536 batch=1[0m
[0;32mI (1450332) net_cpu: case=67 valid=1 total_us=20077630 tasks_before=8 tasks_after=8 snapshot_bytes=1440[0m
[0;32mI (1450334) net_cpu: case=67 task=audio id=4 runtime_us=15867131 existed=1[0m
[0;32mI (1450340) net_cpu: case=67 task=IDLE id=2 runtime_us=2323690 existed=1[0m
[0;32mI (1450348) net_cpu: case=67 task=uiT id=1 runtime_us=48996 existed=1[0m
[0;32mI (1450355) net_cpu: case=67 task=tiT id=5 runtime_us=915218 existed=1[0m
[0;32mI (1450362) net_cpu: case=67 task=httpd id=9 runtime_us=95600 existed=1[0m
[0;32mI (1450369) net_cpu: case=67 task=ppT id=7 runtime_us=828142 existed=1[0m
[0;32mI (1450376) net_cpu: case=67 task=Tmr Svc id=3 runtime_us=0 existed=1[0m
[0;32mI (1450384) net_cpu: case=67 task=sys_evt id=6 runtime_us=0 existed=1[0m
[0;32mI (1450393) net_bench: case=67 output=1 wall_us=20049710 bytes=319595 open_us=76076 error=0 rssi=-67 heap_min=9864[0m
[0;32mI (1450402) net_bench: case=67 recv_total_us=513013 recv_positive_us=512505 recv_empty_us=508[0m
[0;32mI (1450411) net_bench: case=67 cpu_lean=1 gap_metrics_valid=0 heap_is_final=1[0m
[0;32mI (1450419) net_bench: case=67 sampled_heap_min=9864 rx_gap_tick_ms=84 wait_calls=2[0m
[0;32mI (1450427) net_bench: case=67 calls=360 empty=2 rx_gap_us=0 app_gap_us=0 empty_wait_us=0 recv_max_us=4851 commit_max_us=82286 ready_max=0 ready_probes=0[0m
[0;32mI (1450441) net_bench: case=67 pcm_frames=880128 rate=44100 eof=2166 underrun=114 stack=1164[0m
[0;32mI (1450450) net_bench: case=67 second=0 bytes=16384 rssi=-67[0m
[0;32mI (1450457) net_bench: case=67 second=1 bytes=15694 rssi=-79[0m
[0;32mI (1450463) net_bench: case=67 second=2 bytes=15694 rssi=-78[0m
[0;32mI (1450469) net_bench: case=67 second=3 bytes=16456 rssi=-79[0m
[0;32mI (1450476) net_bench: case=67 second=4 bytes=15956 rssi=-81[0m
[0;32mI (1450482) net_bench: case=67 second=5 bytes=16226 rssi=-67[0m
[0;32mI (1450488) net_bench: case=67 second=6 bytes=16186 rssi=-66[0m
[0;32mI (1450495) net_bench: case=67 second=7 bytes=15161 rssi=-67[0m
[0;32mI (1450501) net_bench: case=67 second=8 bytes=16227 rssi=-67[0m
[0;32mI (1450507) net_bench: case=67 second=9 bytes=16373 rssi=-66[0m
[0;32mI (1450514) net_bench: case=67 second=10 bytes=16039 rssi=-65[0m
[0;32mI (1450520) net_bench: case=67 second=11 bytes=15307 rssi=-66[0m
[0;32mI (1450526) net_bench: case=67 second=12 bytes=16300 rssi=-80[0m
[0;32mI (1450533) net_bench: case=67 second=13 bytes=16300 rssi=-79[0m
[0;32mI (1450539) net_bench: case=67 second=14 bytes=16300 rssi=-80[0m
[0;32mI (1450546) net_bench: case=67 second=15 bytes=15046 rssi=-78[0m
[0;32mI (1450552) net_bench: case=67 second=16 bytes=16300 rssi=-66[0m
[0;32mI (1450558) net_bench: case=67 second=17 bytes=16300 rssi=-67[0m
[0;32mI (1450565) net_bench: case=67 second=18 bytes=15046 rssi=-66[0m
[0;32mI (1450571) net_bench: case=67 second=19 bytes=16300 rssi=-79[0m
[0;32mI (1451579) net_bench: case=68 path=/mp3-320?rate=320 output=1 begin rssi=-80 round=8 fixture=2 variant=0 wait_ms=25 read_limit=1024 batch=1[0m
[0;32mI (1466038) net_cpu: case=68 valid=1 total_us=14361421 tasks_before=8 tasks_after=8 snapshot_bytes=1440[0m
[0;32mI (1466040) net_cpu: case=68 task=audio id=4 runtime_us=11023447 existed=1[0m
[0;32mI (1466046) net_cpu: case=68 task=IDLE id=2 runtime_us=1239789 existed=1[0m
[0;32mI (1466054) net_cpu: case=68 task=uiT id=1 runtime_us=29957 existed=1[0m
[0;32mI (1466061) net_cpu: case=68 task=tiT id=5 runtime_us=1131232 existed=1[0m
[0;32mI (1466068) net_cpu: case=68 task=httpd id=9 runtime_us=63032 existed=1[0m
[0;32mI (1466075) net_cpu: case=68 task=ppT id=7 runtime_us=874843 existed=1[0m
[0;32mI (1466083) net_cpu: case=68 task=Tmr Svc id=3 runtime_us=0 existed=1[0m
[0;32mI (1466090) net_cpu: case=68 task=sys_evt id=6 runtime_us=0 existed=1[0m
[0;32mI (1466098) net_bench: case=68 output=1 wall_us=14341086 bytes=409966 open_us=102621 error=-116 rssi=-80 heap_min=12116[0m
[0;32mI (1466108) net_bench: case=68 recv_total_us=837515 recv_positive_us=830502 recv_empty_us=7013[0m
[0;32mI (1466119) net_bench: case=68 cpu_lean=1 gap_metrics_valid=0 heap_is_final=1[0m
[0;32mI (1466125) net_bench: case=68 sampled_heap_min=9504 rx_gap_tick_ms=37 wait_calls=40[0m
[0;32mI (1466134) net_bench: case=68 calls=823 empty=40 rx_gap_us=0 app_gap_us=0 empty_wait_us=0 recv_max_us=3774 commit_max_us=35527 ready_max=0 ready_probes=0[0m
[0;32mI (1466148) net_bench: case=68 pcm_frames=451584 rate=44100 eof=5613 underrun=3082 stack=1164[0m
[0;32mI (1466157) net_bench: case=68 second=0 bytes=30772 rssi=-81[0m
[0;32mI (1466164) net_bench: case=68 second=1 bytes=30302 rssi=-80[0m
[0;32mI (1466170) net_bench: case=68 second=2 bytes=31347 rssi=-68[0m
[0;32mI (1466176) net_bench: case=68 second=3 bytes=30302 rssi=-66[0m
[0;32mI (1466183) net_bench: case=68 second=4 bytes=30323 rssi=-65[0m
[0;32mI (1466189) net_bench: case=68 second=5 bytes=31326 rssi=-66[0m
[0;32mI (1466195) net_bench: case=68 second=6 bytes=30323 rssi=-69[0m
[0;32mI (1466201) net_bench: case=68 second=7 bytes=31326 rssi=-82[0m
[0;32mI (1466208) net_bench: case=68 second=8 bytes=30302 rssi=-79[0m
[0;32mI (1466214) net_bench: case=68 second=9 bytes=30302 rssi=-79[0m
[0;32mI (1466220) net_bench: case=68 second=10 bytes=31347 rssi=-79[0m
[0;32mI (1466227) net_bench: case=68 second=11 bytes=30303 rssi=-65[0m
[0;32mI (1466233) net_bench: case=68 second=12 bytes=31347 rssi=-66[0m
[0;32mI (1466240) net_bench: case=68 second=13 bytes=10344 rssi=-67[0m
[0;32mI (1466246) net_bench: case=68 second=14 bytes=0 rssi=-66[0m
[0;32mI (1466252) net_bench: case=68 second=15 bytes=0 rssi=-127[0m
[0;32mI (1466258) net_bench: case=68 second=16 bytes=0 rssi=-127[0m
[0;32mI (1466264) net_bench: case=68 second=17 bytes=0 rssi=-127[0m
[0;32mI (1466271) net_bench: case=68 second=18 bytes=0 rssi=-127[0m
[0;32mI (1466277) net_bench: case=68 second=19 bytes=0 rssi=-127[0m
[0;32mI (1467284) net_bench: case=69 path=/mp3-320?rate=320 output=1 begin rssi=-79 round=8 fixture=2 variant=1 wait_ms=25 read_limit=1536 batch=1[0m
[0;32mI (1487401) net_cpu: case=69 valid=1 total_us=20069510 tasks_before=8 tasks_after=8 snapshot_bytes=1440[0m
[0;32mI (1487403) net_cpu: case=69 task=audio id=4 runtime_us=16685368 existed=1[0m
[0;32mI (1487409) net_cpu: case=69 task=IDLE id=2 runtime_us=260599 existed=1[0m
[0;32mI (1487417) net_cpu: case=69 task=tiT id=5 runtime_us=1638922 existed=1[0m
[0;32mI (1487424) net_cpu: case=69 task=uiT id=1 runtime_us=42505 existed=1[0m
[0;32mI (1487431) net_cpu: case=69 task=httpd id=9 runtime_us=83690 existed=1[0m
[0;32mI (1487438) net_cpu: case=69 task=ppT id=7 runtime_us=1360016 existed=1[0m
[0;32mI (1487446) net_cpu: case=69 task=Tmr Svc id=3 runtime_us=0 existed=1[0m
[0;32mI (1487453) net_cpu: case=69 task=sys_evt id=6 runtime_us=0 existed=1[0m
[0;32mI (1487462) net_bench: case=69 output=1 wall_us=20041266 bytes=624296 open_us=61131 error=0 rssi=-66 heap_min=9720[0m
[0;32mI (1487471) net_bench: case=69 recv_total_us=1031902 recv_positive_us=1031575 recv_empty_us=327[0m
[0;32mI (1487480) net_bench: case=69 cpu_lean=1 gap_metrics_valid=0 heap_is_final=1[0m
[0;32mI (1487488) net_bench: case=69 sampled_heap_min=9416 rx_gap_tick_ms=41 wait_calls=2[0m
[0;32mI (1487496) net_bench: case=69 calls=601 empty=2 rx_gap_us=0 app_gap_us=0 empty_wait_us=0 recv_max_us=4717 commit_max_us=39457 ready_max=0 ready_probes=0[0m
[0;32mI (1487511) net_bench: case=69 pcm_frames=687744 rate=44100 eof=7438 underrun=3359 stack=1164[0m
[0;32mI (1487521) net_bench: case=69 second=0 bytes=30793 rssi=-69[0m
[0;32mI (1487527) net_bench: case=69 second=1 bytes=30302 rssi=-67[0m
[0;32mI (1487533) net_bench: case=69 second=2 bytes=31347 rssi=-68[0m
[0;32mI (1487540) net_bench: case=69 second=3 bytes=31347 rssi=-79[0m
[0;32mI (1487546) net_bench: case=69 second=4 bytes=30302 rssi=-80[0m
[0;32mI (1487552) net_bench: case=69 second=5 bytes=31347 rssi=-81[0m
[0;32mI (1487559) net_bench: case=69 second=6 bytes=30302 rssi=-68[0m
[0;32mI (1487565) net_bench: case=69 second=7 bytes=31347 rssi=-80[0m
[0;32mI (1487571) net_bench: case=69 second=8 bytes=31347 rssi=-66[0m
[0;32mI (1487578) net_bench: case=69 second=9 bytes=31347 rssi=-67[0m
[0;32mI (1487584) net_bench: case=69 second=10 bytes=31347 rssi=-66[0m
[0;32mI (1487590) net_bench: case=69 second=11 bytes=31347 rssi=-81[0m
[0;32mI (1487597) net_bench: case=69 second=12 bytes=31347 rssi=-81[0m
[0;32mI (1487603) net_bench: case=69 second=13 bytes=31347 rssi=-79[0m
[0;32mI (1487609) net_bench: case=69 second=14 bytes=32392 rssi=-81[0m
[0;32mI (1487616) net_bench: case=69 second=15 bytes=31347 rssi=-79[0m
[0;32mI (1487622) net_bench: case=69 second=16 bytes=31347 rssi=-81[0m
[0;32mI (1487629) net_bench: case=69 second=17 bytes=31347 rssi=-67[0m
[0;32mI (1487635) net_bench: case=69 second=18 bytes=31347 rssi=-66[0m
[0;32mI (1487641) net_bench: case=69 second=19 bytes=31347 rssi=-66[0m
[0;32mI (1488649) net_bench: case=70 path=/aac-64?rate=64 output=1 begin rssi=-68 round=8 fixture=3 variant=0 wait_ms=25 read_limit=1024 batch=1[0m
[0;32mI (1506052) net_cpu: case=70 valid=1 total_us=17337502 tasks_before=8 tasks_after=8 snapshot_bytes=1440[0m
[0;32mI (1506054) net_cpu: case=70 task=audio id=4 runtime_us=9865073 existed=1[0m
[0;32mI (1506060) net_cpu: case=70 task=IDLE id=2 runtime_us=6548054 existed=1[0m
[0;32mI (1506068) net_cpu: case=70 task=tiT id=5 runtime_us=386437 existed=1[0m
[0;32mI (1506075) net_cpu: case=70 task=uiT id=1 runtime_us=41265 existed=1[0m
[0;32mI (1506082) net_cpu: case=70 task=httpd id=9 runtime_us=83242 existed=1[0m
[0;32mI (1506089) net_cpu: case=70 task=ppT id=7 runtime_us=414879 existed=1[0m
[0;32mI (1506096) net_cpu: case=70 task=Tmr Svc id=3 runtime_us=0 existed=1[0m
[0;32mI (1506103) net_cpu: case=70 task=sys_evt id=6 runtime_us=0 existed=1[0m
[0;32mI (1506112) net_bench: case=70 output=1 wall_us=17313303 bytes=113434 open_us=75038 error=-116 rssi=-67 heap_min=13800[0m
[0;32mI (1506122) net_bench: case=70 recv_total_us=189419 recv_positive_us=182658 recv_empty_us=6761[0m
[0;32mI (1506131) net_bench: case=70 cpu_lean=1 gap_metrics_valid=0 heap_is_final=1[0m
[0;32mI (1506139) net_bench: case=70 sampled_heap_min=11136 rx_gap_tick_ms=163 wait_calls=39[0m
[0;32mI (1506148) net_bench: case=70 calls=198 empty=39 rx_gap_us=0 app_gap_us=0 empty_wait_us=0 recv_max_us=2724 commit_max_us=161940 ready_max=0 ready_probes=0[0m
[0;32mI (1506162) net_bench: case=70 pcm_frames=632832 rate=44100 eof=4087 underrun=2245 stack=1164[0m
[0;32mI (1506171) net_bench: case=70 second=0 bytes=8192 rssi=-66[0m
[0;32mI (1506177) net_bench: case=70 second=1 bytes=7121 rssi=-66[0m
[0;32mI (1506184) net_bench: case=70 second=2 bytes=7279 rssi=-66[0m
[0;32mI (1506190) net_bench: case=70 second=3 bytes=7090 rssi=-68[0m
[0;32mI (1506196) net_bench: case=70 second=4 bytes=6124 rssi=-66[0m
[0;32mI (1506202) net_bench: case=70 second=5 bytes=7132 rssi=-79[0m
[0;32mI (1506209) net_bench: case=70 second=6 bytes=6873 rssi=-81[0m
[0;32mI (1506215) net_bench: case=70 second=7 bytes=7137 rssi=-80[0m
[0;32mI (1506221) net_bench: case=70 second=8 bytes=7071 rssi=-80[0m
[0;32mI (1506227) net_bench: case=70 second=9 bytes=7267 rssi=-80[0m
[0;32mI (1506234) net_bench: case=70 second=10 bytes=6111 rssi=-80[0m
[0;32mI (1506240) net_bench: case=70 second=11 bytes=6824 rssi=-67[0m
[0;32mI (1506246) net_bench: case=70 second=12 bytes=7136 rssi=-67[0m
[0;32mI (1506253) net_bench: case=70 second=13 bytes=7011 rssi=-66[0m
[0;32mI (1506259) net_bench: case=70 second=14 bytes=7277 rssi=-66[0m
[0;32mI (1506265) net_bench: case=70 second=15 bytes=7232 rssi=-67[0m
[0;32mI (1506272) net_bench: case=70 second=16 bytes=557 rssi=-67[0m
[0;32mI (1506278) net_bench: case=70 second=17 bytes=0 rssi=-65[0m
[0;32mI (1506284) net_bench: case=70 second=18 bytes=0 rssi=-127[0m
[0;32mI (1506290) net_bench: case=70 second=19 bytes=0 rssi=-127[0m
[0;32mI (1507297) net_bench: case=71 path=/aac-64?rate=64 output=1 begin rssi=-65 round=8 fixture=3 variant=1 wait_ms=25 read_limit=1536 batch=1[0m
[0;32mI (1527512) net_cpu: case=71 valid=1 total_us=20155450 tasks_before=8 tasks_after=8 snapshot_bytes=1440[0m
[0;32mI (1527514) net_cpu: case=71 task=audio id=4 runtime_us=12132498 existed=1[0m
[0;32mI (1527520) net_cpu: case=71 task=IDLE id=2 runtime_us=6920184 existed=1[0m
[0;32mI (1527528) net_cpu: case=71 task=uiT id=1 runtime_us=48597 existed=1[0m
[0;32mI (1527535) net_cpu: case=71 task=tiT id=5 runtime_us=454682 existed=1[0m
[0;32mI (1527542) net_cpu: case=71 task=ppT id=7 runtime_us=503854 existed=1[0m
[0;32mI (1527549) net_cpu: case=71 task=httpd id=9 runtime_us=97490 existed=1[0m
[0;32mI (1527556) net_cpu: case=71 task=Tmr Svc id=3 runtime_us=0 existed=1[0m
[0;32mI (1527563) net_cpu: case=71 task=sys_evt id=6 runtime_us=0 existed=1[0m
[0;32mI (1527573) net_bench: case=71 output=1 wall_us=20127461 bytes=140350 open_us=72666 error=0 rssi=-80 heap_min=11500[0m
[0;32mI (1527582) net_bench: case=71 recv_total_us=179783 recv_positive_us=179536 recv_empty_us=247[0m
[0;32mI (1527591) net_bench: case=71 cpu_lean=1 gap_metrics_valid=0 heap_is_final=1[0m
[0;32mI (1527599) net_bench: case=71 sampled_heap_min=11052 rx_gap_tick_ms=231 wait_calls=1[0m
[0;32mI (1527607) net_bench: case=71 calls=107 empty=1 rx_gap_us=0 app_gap_us=0 empty_wait_us=0 recv_max_us=2912 commit_max_us=228529 ready_max=0 ready_probes=0[0m
[0;32mI (1527622) net_bench: case=71 pcm_frames=784384 rate=44100 eof=4078 underrun=1797 stack=1164[0m
[0;32mI (1527631) net_bench: case=71 second=0 bytes=8192 rssi=-66[0m
[0;32mI (1527637) net_bench: case=71 second=1 bytes=7615 rssi=-66[0m
[0;32mI (1527643) net_bench: case=71 second=2 bytes=7137 rssi=-82[0m
[0;32mI (1527649) net_bench: case=71 second=3 bytes=7071 rssi=-80[0m
[0;32mI (1527656) net_bench: case=71 second=4 bytes=5791 rssi=-79[0m
[0;32mI (1527662) net_bench: case=71 second=5 bytes=7132 rssi=-80[0m
[0;32mI (1527668) net_bench: case=71 second=6 bytes=7279 rssi=-79[0m
[0;32mI (1527674) net_bench: case=71 second=7 bytes=6728 rssi=-80[0m
[0;32mI (1527681) net_bench: case=71 second=8 bytes=7419 rssi=-81[0m
[0;32mI (1527687) net_bench: case=71 second=9 bytes=7277 rssi=-80[0m
[0;32mI (1527693) net_bench: case=71 second=10 bytes=7232 rssi=-80[0m
[0;32mI (1527699) net_bench: case=71 second=11 bytes=7154 rssi=-79[0m
[0;32mI (1527706) net_bench: case=71 second=12 bytes=5779 rssi=-67[0m
[0;32mI (1527712) net_bench: case=71 second=13 bytes=6945 rssi=-69[0m
[0;32mI (1527718) net_bench: case=71 second=14 bytes=7216 rssi=-81[0m
[0;32mI (1527725) net_bench: case=71 second=15 bytes=7262 rssi=-81[0m
[0;32mI (1527731) net_bench: case=71 second=16 bytes=7279 rssi=-67[0m
[0;32mI (1527737) net_bench: case=71 second=17 bytes=7090 rssi=-65[0m
[0;32mI (1527744) net_bench: case=71 second=18 bytes=7148 rssi=-65[0m
[0;32mI (1527750) net_bench: case=71 second=19 bytes=5604 rssi=-66[0m
[0;32mI (1528757) net_bench: case=72 path=/mp3-320?rate=0 output=0 begin rssi=-65 round=9 fixture=0 variant=1 wait_ms=25 read_limit=1536 batch=1[0m
[0;32mI (1548891) net_cpu: case=72 valid=1 total_us=20072738 tasks_before=8 tasks_after=8 snapshot_bytes=1440[0m
[0;32mI (1548895) net_cpu: case=72 task=audio id=4 runtime_us=4362118 existed=1[0m
[0;32mI (1548901) net_cpu: case=72 task=IDLE id=2 runtime_us=4130437 existed=1[0m
[0;32mI (1548909) net_cpu: case=72 task=tiT id=5 runtime_us=6563130 existed=1[0m
[0;32mI (1548916) net_cpu: case=72 task=uiT id=1 runtime_us=37848 existed=1[0m
[0;32mI (1548923) net_cpu: case=72 task=httpd id=9 runtime_us=96074 existed=1[0m
[0;32mI (1548930) net_cpu: case=72 task=ppT id=7 runtime_us=4883990 existed=1[0m
[0;32mI (1548937) net_cpu: case=72 task=Tmr Svc id=3 runtime_us=0 existed=1[0m
[0;32mI (1548945) net_cpu: case=72 task=sys_evt id=6 runtime_us=0 existed=1[0m
[0;32mI (1548953) net_bench: case=72 output=0 wall_us=20044272 bytes=3319824 open_us=74488 error=0 rssi=-68 heap_min=12816[0m
[0;32mI (1548963) net_bench: case=72 recv_total_us=6825974 recv_positive_us=6084329 recv_empty_us=741645[0m
[0;32mI (1548972) net_bench: case=72 cpu_lean=1 gap_metrics_valid=0 heap_is_final=1[0m
[0;32mI (1548980) net_bench: case=72 sampled_heap_min=11008 rx_gap_tick_ms=305 wait_calls=1843[0m
[0;32mI (1548989) net_bench: case=72 calls=6830 empty=1843 rx_gap_us=0 app_gap_us=0 empty_wait_us=0 recv_max_us=9047 commit_max_us=0 ready_max=0 ready_probes=0[0m
[0;32mI (1549003) net_bench: case=72 pcm_frames=0 rate=0 eof=1885 underrun=1884 stack=1164[0m
[0;32mI (1549012) net_bench: case=72 second=0 bytes=121896 rssi=-80[0m
[0;32mI (1549018) net_bench: case=72 second=1 bytes=172944 rssi=-66[0m
[0;32mI (1549024) net_bench: case=72 second=2 bytes=180208 rssi=-80[0m
[0;32mI (1549031) net_bench: case=72 second=3 bytes=165088 rssi=-67[0m
[0;32mI (1549037) net_bench: case=72 second=4 bytes=178360 rssi=-66[0m
[0;32mI (1549044) net_bench: case=72 second=5 bytes=120176 rssi=-78[0m
[0;32mI (1549050) net_bench: case=72 second=6 bytes=165496 rssi=-67[0m
[0;32mI (1549056) net_bench: case=72 second=7 bytes=175440 rssi=-67[0m
[0;32mI (1549063) net_bench: case=72 second=8 bytes=171336 rssi=-80[0m
[0;32mI (1549069) net_bench: case=72 second=9 bytes=169784 rssi=-80[0m
[0;32mI (1549076) net_bench: case=72 second=10 bytes=182352 rssi=-79[0m
[0;32mI (1549082) net_bench: case=72 second=11 bytes=180448 rssi=-80[0m
[0;32mI (1549089) net_bench: case=72 second=12 bytes=176216 rssi=-79[0m
[0;32mI (1549095) net_bench: case=72 second=13 bytes=179968 rssi=-67[0m
[0;32mI (1549102) net_bench: case=72 second=14 bytes=166512 rssi=-68[0m
[0;32mI (1549108) net_bench: case=72 second=15 bytes=120416 rssi=-67[0m
[0;32mI (1549115) net_bench: case=72 second=16 bytes=182592 rssi=-67[0m
[0;32mI (1549121) net_bench: case=72 second=17 bytes=178344 rssi=-65[0m
[0;32mI (1549128) net_bench: case=72 second=18 bytes=173240 rssi=-80[0m
[0;32mI (1549134) net_bench: case=72 second=19 bytes=158472 rssi=-80[0m
[0;32mI (1550141) net_bench: case=73 path=/mp3-320?rate=0 output=0 begin rssi=-81 round=9 fixture=0 variant=0 wait_ms=25 read_limit=1024 batch=1[0m
[0;32mI (1570283) net_cpu: case=73 valid=1 total_us=20070362 tasks_before=8 tasks_after=8 snapshot_bytes=1440[0m
[0;32mI (1570287) net_cpu: case=73 task=audio id=4 runtime_us=4307813 existed=1[0m
[0;32mI (1570293) net_cpu: case=73 task=IDLE id=2 runtime_us=6247895 existed=1[0m
[0;32mI (1570301) net_cpu: case=73 task=uiT id=1 runtime_us=38486 existed=1[0m
[0;32mI (1570308) net_cpu: case=73 task=tiT id=5 runtime_us=5380158 existed=1[0m
[0;32mI (1570316) net_cpu: case=73 task=httpd id=9 runtime_us=96485 existed=1[0m
[0;32mI (1570322) net_cpu: case=73 task=ppT id=7 runtime_us=3998878 existed=1[0m
[0;32mI (1570329) net_cpu: case=73 task=Tmr Svc id=3 runtime_us=0 existed=1[0m
[0;32mI (1570337) net_cpu: case=73 task=sys_evt id=6 runtime_us=0 existed=1[0m
[0;32mI (1570345) net_bench: case=73 output=0 wall_us=20041981 bytes=2649080 open_us=83262 error=0 rssi=-80 heap_min=11652[0m
[0;32mI (1570355) net_bench: case=73 recv_total_us=5629695 recv_positive_us=4906116 recv_empty_us=723579[0m
[0;32mI (1570365) net_bench: case=73 cpu_lean=1 gap_metrics_valid=0 heap_is_final=1[0m
[0;32mI (1570372) net_bench: case=73 sampled_heap_min=11004 rx_gap_tick_ms=75 wait_calls=2100[0m
[0;32mI (1570381) net_bench: case=73 calls=6613 empty=2100 rx_gap_us=0 app_gap_us=0 empty_wait_us=0 recv_max_us=6782 commit_max_us=0 ready_max=0 ready_probes=0[0m
[0;32mI (1570395) net_bench: case=73 pcm_frames=0 rate=0 eof=1884 underrun=1883 stack=1164[0m
[0;32mI (1570404) net_bench: case=73 second=0 bytes=135832 rssi=-68[0m
[0;32mI (1570410) net_bench: case=73 second=1 bytes=169968 rssi=-67[0m
[0;32mI (1570417) net_bench: case=73 second=2 bytes=161744 rssi=-67[0m
[0;32mI (1570423) net_bench: case=73 second=3 bytes=151032 rssi=-67[0m
[0;32mI (1570429) net_bench: case=73 second=4 bytes=171584 rssi=-80[0m
[0;32mI (1570436) net_bench: case=73 second=5 bytes=157208 rssi=-82[0m
[0;32mI (1570442) net_bench: case=73 second=6 bytes=170160 rssi=-80[0m
[0;32mI (1570448) net_bench: case=73 second=7 bytes=166760 rssi=-80[0m
[0;32mI (1570455) net_bench: case=73 second=8 bytes=97608 rssi=-80[0m
[0;32mI (1570461) net_bench: case=73 second=9 bytes=95176 rssi=-66[0m
[0;32mI (1570468) net_bench: case=73 second=10 bytes=115504 rssi=-66[0m
[0;32mI (1570474) net_bench: case=73 second=11 bytes=74024 rssi=-66[0m
[0;32mI (1570480) net_bench: case=73 second=12 bytes=75632 rssi=-68[0m
[0;32mI (1570487) net_bench: case=73 second=13 bytes=112080 rssi=-81[0m
[0;32mI (1570493) net_bench: case=73 second=14 bytes=89032 rssi=-79[0m
[0;32mI (1570500) net_bench: case=73 second=15 bytes=98928 rssi=-80[0m
[0;32mI (1570506) net_bench: case=73 second=16 bytes=171632 rssi=-79[0m
[0;32mI (1570513) net_bench: case=73 second=17 bytes=119288 rssi=-81[0m
[0;32mI (1570519) net_bench: case=73 second=18 bytes=152776 rssi=-81[0m
[0;32mI (1570526) net_bench: case=73 second=19 bytes=163112 rssi=-68[0m
[0;32mI (1571533) net_bench: case=74 path=/mp3-128?rate=128 output=1 begin rssi=-69 round=9 fixture=1 variant=1 wait_ms=25 read_limit=1536 batch=1[0m
[0;32mI (1592649) net_cpu: case=74 valid=1 total_us=20061222 tasks_before=8 tasks_after=8 snapshot_bytes=1440[0m
[0;32mI (1592651) net_cpu: case=74 task=audio id=4 runtime_us=15868261 existed=1[0m
[0;32mI (1592657) net_cpu: case=74 task=IDLE id=2 runtime_us=2285294 existed=1[0m
[0;32mI (1592665) net_cpu: case=74 task=tiT id=5 runtime_us=913119 existed=1[0m
[0;32mI (1592672) net_cpu: case=74 task=uiT id=1 runtime_us=47951 existed=1[0m
[0;32mI (1592679) net_cpu: case=74 task=httpd id=9 runtime_us=95649 existed=1[0m
[0;32mI (1592686) net_cpu: case=74 task=ppT id=7 runtime_us=851228 existed=1[0m
[0;32mI (1592693) net_cpu: case=74 task=Tmr Svc id=3 runtime_us=0 existed=1[0m
[0;32mI (1592700) net_cpu: case=74 task=sys_evt id=6 runtime_us=0 existed=1[0m
[0;32mI (1592711) net_bench: case=74 output=1 wall_us=20033324 bytes=319178 open_us=1067149 error=0 rssi=-69 heap_min=9800[0m
[0;32mI (1592719) net_bench: case=74 recv_total_us=477765 recv_positive_us=475413 recv_empty_us=2352[0m
[0;32mI (1592728) net_bench: case=74 cpu_lean=1 gap_metrics_valid=0 heap_is_final=1[0m
[0;32mI (1592736) net_bench: case=74 sampled_heap_min=9848 rx_gap_tick_ms=85 wait_calls=5[0m
[0;32mI (1592744) net_bench: case=74 calls=337 empty=5 rx_gap_us=0 app_gap_us=0 empty_wait_us=0 recv_max_us=2996 commit_max_us=82742 ready_max=0 ready_probes=0[0m
[0;32mI (1592759) net_bench: case=74 pcm_frames=878976 rate=44100 eof=2180 underrun=123 stack=1164[0m
[0;32mI (1592768) net_bench: case=74 second=0 bytes=16384 rssi=-81[0m
[0;32mI (1592774) net_bench: case=74 second=1 bytes=15662 rssi=-80[0m
[0;32mI (1592781) net_bench: case=74 second=2 bytes=16300 rssi=-80[0m
[0;32mI (1592788) net_bench: case=74 second=3 bytes=16144 rssi=-80[0m
[0;32mI (1592794) net_bench: case=74 second=4 bytes=15202 rssi=-80[0m
[0;32mI (1592800) net_bench: case=74 second=5 bytes=16186 rssi=-68[0m
[0;32mI (1592806) net_bench: case=74 second=6 bytes=16415 rssi=-66[0m
[0;32mI (1592813) net_bench: case=74 second=7 bytes=15997 rssi=-67[0m
[0;32mI (1592819) net_bench: case=74 second=8 bytes=15349 rssi=-66[0m
[0;32mI (1592825) net_bench: case=74 second=9 bytes=16039 rssi=-79[0m
[0;32mI (1592832) net_bench: case=74 second=10 bytes=16561 rssi=-78[0m
[0;32mI (1592838) net_bench: case=74 second=11 bytes=15046 rssi=-80[0m
[0;32mI (1592845) net_bench: case=74 second=12 bytes=16300 rssi=-80[0m
[0;32mI (1592851) net_bench: case=74 second=13 bytes=16300 rssi=-68[0m
[0;32mI (1592857) net_bench: case=74 second=14 bytes=16300 rssi=-67[0m
[0;32mI (1592864) net_bench: case=74 second=15 bytes=15046 rssi=-67[0m
[0;32mI (1592870) net_bench: case=74 second=16 bytes=16300 rssi=-66[0m
[0;32mI (1592877) net_bench: case=74 second=17 bytes=16300 rssi=-65[0m
[0;32mI (1592883) net_bench: case=74 second=18 bytes=16300 rssi=-66[0m
[0;32mI (1592889) net_bench: case=74 second=19 bytes=15047 rssi=-66[0m
[0;32mI (1593897) net_bench: case=75 path=/mp3-128?rate=128 output=1 begin rssi=-81 round=9 fixture=1 variant=0 wait_ms=25 read_limit=1024 batch=1[0m
[0;32mI (1614028) net_cpu: case=75 valid=1 total_us=20065419 tasks_before=8 tasks_after=8 snapshot_bytes=1440[0m
[0;32mI (1614030) net_cpu: case=75 task=audio id=4 runtime_us=15763961 existed=1[0m
[0;32mI (1614036) net_cpu: case=75 task=IDLE id=2 runtime_us=2432541 existed=1[0m
[0;32mI (1614044) net_cpu: case=75 task=tiT id=5 runtime_us=908292 existed=1[0m
[0;32mI (1614051) net_cpu: case=75 task=uiT id=1 runtime_us=48001 existed=1[0m
[0;32mI (1614058) net_cpu: case=75 task=httpd id=9 runtime_us=93098 existed=1[0m
[0;32mI (1614065) net_cpu: case=75 task=ppT id=7 runtime_us=821269 existed=1[0m
[0;32mI (1614072) net_cpu: case=75 task=Tmr Svc id=3 runtime_us=0 existed=1[0m
[0;32mI (1614080) net_cpu: case=75 task=sys_evt id=6 runtime_us=0 existed=1[0m
[0;32mI (1614089) net_bench: case=75 output=1 wall_us=20037493 bytes=316022 open_us=78421 error=0 rssi=-81 heap_min=10356[0m
[0;32mI (1614098) net_bench: case=75 recv_total_us=525861 recv_positive_us=523990 recv_empty_us=1871[0m
[0;32mI (1614107) net_bench: case=75 cpu_lean=1 gap_metrics_valid=0 heap_is_final=1[0m
[0;32mI (1614115) net_bench: case=75 sampled_heap_min=9708 rx_gap_tick_ms=137 wait_calls=9[0m
[0;32mI (1614123) net_bench: case=75 calls=517 empty=9 rx_gap_us=0 app_gap_us=0 empty_wait_us=0 recv_max_us=2696 commit_max_us=80903 ready_max=0 ready_probes=0[0m
[0;32mI (1614138) net_bench: case=75 pcm_frames=870912 rate=44100 eof=2591 underrun=262 stack=1164[0m
[0;32mI (1614147) net_bench: case=75 second=0 bytes=16352 rssi=-66[0m
[0;32mI (1614153) net_bench: case=75 second=1 bytes=13792 rssi=-66[0m
[0;32mI (1614159) net_bench: case=75 second=2 bytes=16301 rssi=-66[0m
[0;32mI (1614166) net_bench: case=75 second=3 bytes=16300 rssi=-66[0m
[0;32mI (1614172) net_bench: case=75 second=4 bytes=15046 rssi=-68[0m
[0;32mI (1614178) net_bench: case=75 second=5 bytes=16300 rssi=-81[0m
[0;32mI (1614186) net_bench: case=75 second=6 bytes=16300 rssi=-79[0m
[0;32mI (1614191) net_bench: case=75 second=7 bytes=15046 rssi=-79[0m
[0;32mI (1614197) net_bench: case=75 second=8 bytes=16300 rssi=-81[0m
[0;32mI (1614203) net_bench: case=75 second=9 bytes=16300 rssi=-81[0m
[0;32mI (1614210) net_bench: case=75 second=10 bytes=15046 rssi=-80[0m
[0;32mI (1614216) net_bench: case=75 second=11 bytes=16300 rssi=-67[0m
[0;32mI (1614223) net_bench: case=75 second=12 bytes=16300 rssi=-80[0m
[0;32mI (1614229) net_bench: case=75 second=13 bytes=15046 rssi=-65[0m
[0;32mI (1614235) net_bench: case=75 second=14 bytes=16300 rssi=-80[0m
[0;32mI (1614242) net_bench: case=75 second=15 bytes=16301 rssi=-80[0m
[0;32mI (1614248) net_bench: case=75 second=16 bytes=15046 rssi=-78[0m
[0;32mI (1614255) net_bench: case=75 second=17 bytes=16300 rssi=-80[0m
[0;32mI (1614261) net_bench: case=75 second=18 bytes=16300 rssi=-80[0m
[0;32mI (1614267) net_bench: case=75 second=19 bytes=15046 rssi=-79[0m
[0;32mI (1615275) net_bench: case=76 path=/mp3-320?rate=320 output=1 begin rssi=-66 round=9 fixture=2 variant=1 wait_ms=25 read_limit=1536 batch=1[0m
[0;32mI (1635401) net_cpu: case=76 valid=1 total_us=20072541 tasks_before=8 tasks_after=8 snapshot_bytes=1440[0m
[0;32mI (1635403) net_cpu: case=76 task=audio id=4 runtime_us=16677096 existed=1[0m
[0;32mI (1635409) net_cpu: case=76 task=uiT id=1 runtime_us=42032 existed=1[0m
[0;32mI (1635416) net_cpu: case=76 task=IDLE id=2 runtime_us=248335 existed=1[0m
[0;32mI (1635424) net_cpu: case=76 task=tiT id=5 runtime_us=1645791 existed=1[0m
[0;32mI (1635431) net_cpu: case=76 task=httpd id=9 runtime_us=80353 existed=1[0m
[0;32mI (1635438) net_cpu: case=76 task=ppT id=7 runtime_us=1379300 existed=1[0m
[0;32mI (1635446) net_cpu: case=76 task=Tmr Svc id=3 runtime_us=0 existed=1[0m
[0;32mI (1635453) net_cpu: case=76 task=sys_evt id=6 runtime_us=0 existed=1[0m
[0;32mI (1635462) net_bench: case=76 output=1 wall_us=20044418 bytes=622206 open_us=66174 error=0 rssi=-68 heap_min=10348[0m
[0;32mI (1635471) net_bench: case=76 recv_total_us=1019031 recv_positive_us=1018667 recv_empty_us=364[0m
[0;32mI (1635480) net_bench: case=76 cpu_lean=1 gap_metrics_valid=0 heap_is_final=1[0m
[0;32mI (1635488) net_bench: case=76 sampled_heap_min=9420 rx_gap_tick_ms=41 wait_calls=2[0m
[0;32mI (1635496) net_bench: case=76 calls=601 empty=2 rx_gap_us=0 app_gap_us=0 empty_wait_us=0 recv_max_us=3791 commit_max_us=38552 ready_max=0 ready_probes=0[0m
[0;32mI (1635511) net_bench: case=76 pcm_frames=685440 rate=44100 eof=7499 underrun=3397 stack=1164[0m
[0;32mI (1635520) net_bench: case=76 second=0 bytes=29748 rssi=-79[0m
[0;32mI (1635526) net_bench: case=76 second=1 bytes=31347 rssi=-78[0m
[0;32mI (1635532) net_bench: case=76 second=2 bytes=31347 rssi=-78[0m
[0;32mI (1635539) net_bench: case=76 second=3 bytes=31347 rssi=-78[0m
[0;32mI (1635545) net_bench: case=76 second=4 bytes=30302 rssi=-66[0m
[0;32mI (1635551) net_bench: case=76 second=5 bytes=31347 rssi=-67[0m
[0;32mI (1635558) net_bench: case=76 second=6 bytes=31347 rssi=-66[0m
[0;32mI (1635564) net_bench: case=76 second=7 bytes=30302 rssi=-66[0m
[0;32mI (1635570) net_bench: case=76 second=8 bytes=31347 rssi=-81[0m
[0;32mI (1635577) net_bench: case=76 second=9 bytes=31347 rssi=-80[0m
[0;32mI (1635583) net_bench: case=76 second=10 bytes=31347 rssi=-79[0m
[0;32mI (1635589) net_bench: case=76 second=11 bytes=31347 rssi=-80[0m
[0;32mI (1635596) net_bench: case=76 second=12 bytes=30302 rssi=-80[0m
[0;32mI (1635602) net_bench: case=76 second=13 bytes=31347 rssi=-66[0m
[0;32mI (1635609) net_bench: case=76 second=14 bytes=31347 rssi=-66[0m
[0;32mI (1635615) net_bench: case=76 second=15 bytes=31347 rssi=-68[0m
[0;32mI (1635621) net_bench: case=76 second=16 bytes=31347 rssi=-66[0m
[0;32mI (1635628) net_bench: case=76 second=17 bytes=31347 rssi=-78[0m
[0;32mI (1635634) net_bench: case=76 second=18 bytes=31347 rssi=-80[0m
[0;32mI (1635641) net_bench: case=76 second=19 bytes=31347 rssi=-79[0m
[0;32mI (1636648) net_bench: case=77 path=/mp3-320?rate=320 output=1 begin rssi=-79 round=9 fixture=2 variant=0 wait_ms=25 read_limit=1024 batch=1[0m
[0;32mI (1637829) net_cpu: case=77 valid=1 total_us=1095048 tasks_before=8 tasks_after=8 snapshot_bytes=1440[0m
[0;32mI (1637831) net_cpu: case=77 task=audio id=4 runtime_us=92187 existed=1[0m
[0;32mI (1637837) net_cpu: case=77 task=IDLE id=2 runtime_us=968045 existed=1[0m
[0;32mI (1637844) net_cpu: case=77 task=uiT id=1 runtime_us=1876 existed=1[0m
[0;32mI (1637851) net_cpu: case=77 task=tiT id=5 runtime_us=11603 existed=1[0m
[0;32mI (1637858) net_cpu: case=77 task=httpd id=9 runtime_us=4575 existed=1[0m
[0;32mI (1637866) net_cpu: case=77 task=ppT id=7 runtime_us=17923 existed=1[0m
[0;32mI (1637873) net_cpu: case=77 task=Tmr Svc id=3 runtime_us=0 existed=1[0m
[0;32mI (1637880) net_cpu: case=77 task=sys_evt id=6 runtime_us=0 existed=1[0m
[0;32mI (1637889) net_bench: case=77 output=1 wall_us=1092816 bytes=3072 open_us=73478 error=-116 rssi=-79 heap_min=12188[0m
[0;32mI (1637898) net_bench: case=77 recv_total_us=11859 recv_positive_us=4675 recv_empty_us=7184[0m
[0;32mI (1637907) net_bench: case=77 cpu_lean=1 gap_metrics_valid=0 heap_is_final=1[0m
[0;32mI (1637915) net_bench: case=77 sampled_heap_min=12188 rx_gap_tick_ms=32 wait_calls=42[0m
[0;32mI (1637923) net_bench: case=77 calls=48 empty=42 rx_gap_us=0 app_gap_us=0 empty_wait_us=0 recv_max_us=1444 commit_max_us=29835 ready_max=0 ready_probes=0[0m
[0;32mI (1637938) net_bench: case=77 pcm_frames=2304 rate=44100 eof=760 underrun=752 stack=1164[0m
[0;32mI (1637946) net_bench: case=77 second=0 bytes=3072 rssi=-67[0m
[0;32mI (1637953) net_bench: case=77 second=1 bytes=0 rssi=-66[0m
[0;32mI (1637959) net_bench: case=77 second=2 bytes=0 rssi=-127[0m
[0;32mI (1637965) net_bench: case=77 second=3 bytes=0 rssi=-127[0m
[0;32mI (1637971) net_bench: case=77 second=4 bytes=0 rssi=-127[0m
[0;32mI (1637977) net_bench: case=77 second=5 bytes=0 rssi=-127[0m
[0;32mI (1637983) net_bench: case=77 second=6 bytes=0 rssi=-127[0m
[0;32mI (1637989) net_bench: case=77 second=7 bytes=0 rssi=-127[0m
[0;32mI (1637995) net_bench: case=77 second=8 bytes=0 rssi=-127[0m
[0;32mI (1638001) net_bench: case=77 second=9 bytes=0 rssi=-127[0m
[0;32mI (1638007) net_bench: case=77 second=10 bytes=0 rssi=-127[0m
[0;32mI (1638013) net_bench: case=77 second=11 bytes=0 rssi=-127[0m
[0;32mI (1638019) net_bench: case=77 second=12 bytes=0 rssi=-127[0m
[0;32mI (1638026) net_bench: case=77 second=13 bytes=0 rssi=-127[0m
[0;32mI (1638032) net_bench: case=77 second=14 bytes=0 rssi=-127[0m
[0;32mI (1638038) net_bench: case=77 second=15 bytes=0 rssi=-127[0m
[0;32mI (1638044) net_bench: case=77 second=16 bytes=0 rssi=-127[0m
[0;32mI (1638050) net_bench: case=77 second=17 bytes=0 rssi=-127[0m
[0;32mI (1638056) net_bench: case=77 second=18 bytes=0 rssi=-127[0m
[0;32mI (1638063) net_bench: case=77 second=19 bytes=0 rssi=-127[0m
[0;32mI (1639070) net_bench: case=78 path=/aac-64?rate=64 output=1 begin rssi=-81 round=9 fixture=3 variant=1 wait_ms=25 read_limit=1536 batch=1[0m
[0;32mI (1659493) net_cpu: case=78 valid=1 total_us=20360122 tasks_before=8 tasks_after=8 snapshot_bytes=1440[0m
[0;32mI (1659495) net_cpu: case=78 task=audio id=4 runtime_us=12252750 existed=1[0m
[0;32mI (1659501) net_cpu: case=78 task=IDLE id=2 runtime_us=6990507 existed=1[0m
[0;32mI (1659509) net_cpu: case=78 task=uiT id=1 runtime_us=49072 existed=1[0m
[0;32mI (1659516) net_cpu: case=78 task=tiT id=5 runtime_us=461520 existed=1[0m
[0;32mI (1659523) net_cpu: case=78 task=httpd id=9 runtime_us=100023 existed=1[0m
[0;32mI (1659530) net_cpu: case=78 task=ppT id=7 runtime_us=508125 existed=1[0m
[0;32mI (1659538) net_cpu: case=78 task=Tmr Svc id=3 runtime_us=0 existed=1[0m
[0;32mI (1659545) net_cpu: case=78 task=sys_evt id=6 runtime_us=0 existed=1[0m
[0;32mI (1659555) net_bench: case=78 output=1 wall_us=20331880 bytes=141878 open_us=77109 error=0 rssi=-80 heap_min=11044[0m
[0;32mI (1659564) net_bench: case=78 recv_total_us=181479 recv_positive_us=181232 recv_empty_us=247[0m
[0;32mI (1659573) net_bench: case=78 cpu_lean=1 gap_metrics_valid=0 heap_is_final=1[0m
[0;32mI (1659581) net_bench: case=78 sampled_heap_min=11044 rx_gap_tick_ms=233 wait_calls=1[0m
[0;32mI (1659589) net_bench: case=78 calls=106 empty=1 rx_gap_us=0 app_gap_us=0 empty_wait_us=0 recv_max_us=2935 commit_max_us=231569 ready_max=0 ready_probes=0[0m
[0;32mI (1659604) net_bench: case=78 pcm_frames=792576 rate=44100 eof=4116 underrun=1811 stack=1164[0m
[0;32mI (1659613) net_bench: case=78 second=0 bytes=8192 rssi=-80[0m
[0;32mI (1659619) net_bench: case=78 second=1 bytes=7615 rssi=-79[0m
[0;32mI (1659625) net_bench: case=78 second=2 bytes=7137 rssi=-79[0m
[0;32mI (1659632) net_bench: case=78 second=3 bytes=7071 rssi=-81[0m
[0;32mI (1659638) net_bench: case=78 second=4 bytes=7267 rssi=-80[0m
[0;32mI (1659644) net_bench: case=78 second=5 bytes=5656 rssi=-81[0m
[0;32mI (1659650) net_bench: case=78 second=6 bytes=7279 rssi=-67[0m
[0;32mI (1659656) net_bench: case=78 second=7 bytes=7136 rssi=-66[0m
[0;32mI (1659663) net_bench: case=78 second=8 bytes=7011 rssi=-67[0m
[0;32mI (1659669) net_bench: case=78 second=9 bytes=7277 rssi=-67[0m
[0;32mI (1659675) net_bench: case=78 second=10 bytes=7232 rssi=-66[0m
[0;32mI (1659681) net_bench: case=78 second=11 bytes=7154 rssi=-66[0m
[0;32mI (1659688) net_bench: case=78 second=12 bytes=5779 rssi=-68[0m
[0;32mI (1659694) net_bench: case=78 second=13 bytes=6945 rssi=-67[0m
[0;32mI (1659700) net_bench: case=78 second=14 bytes=7216 rssi=-67[0m
[0;32mI (1659707) net_bench: case=78 second=15 bytes=7262 rssi=-66[0m
[0;32mI (1659713) net_bench: case=78 second=16 bytes=7279 rssi=-66[0m
[0;32mI (1659719) net_bench: case=78 second=17 bytes=7090 rssi=-69[0m
[0;32mI (1659726) net_bench: case=78 second=18 bytes=7148 rssi=-68[0m
[0;32mI (1659732) net_bench: case=78 second=19 bytes=7132 rssi=-79[0m
[0;32mI (1660739) net_bench: case=79 path=/aac-64?rate=64 output=1 begin rssi=-67 round=9 fixture=3 variant=0 wait_ms=25 read_limit=1024 batch=1[0m
[0;32mI (1680999) net_cpu: case=79 valid=1 total_us=20199659 tasks_before=8 tasks_after=8 snapshot_bytes=1440[0m
[0;32mI (1681001) net_cpu: case=79 task=audio id=4 runtime_us=12139031 existed=1[0m
[0;32mI (1681007) net_cpu: case=79 task=IDLE id=2 runtime_us=6948369 existed=1[0m
[0;32mI (1681015) net_cpu: case=79 task=tiT id=5 runtime_us=471299 existed=1[0m
[0;32mI (1681022) net_cpu: case=79 task=uiT id=1 runtime_us=48560 existed=1[0m
[0;32mI (1681029) net_cpu: case=79 task=httpd id=9 runtime_us=97409 existed=1[0m
[0;32mI (1681036) net_cpu: case=79 task=ppT id=7 runtime_us=496738 existed=1[0m
[0;32mI (1681043) net_cpu: case=79 task=Tmr Svc id=3 runtime_us=0 existed=1[0m
[0;32mI (1681051) net_cpu: case=79 task=sys_evt id=6 runtime_us=0 existed=1[0m
[0;32mI (1681059) net_bench: case=79 output=1 wall_us=20171625 bytes=139971 open_us=73939 error=0 rssi=-79 heap_min=11492[0m
[0;32mI (1681069) net_bench: case=79 recv_total_us=223804 recv_positive_us=223804 recv_empty_us=0[0m
[0;32mI (1681078) net_bench: case=79 cpu_lean=1 gap_metrics_valid=0 heap_is_final=1[0m
[0;32mI (1681085) net_bench: case=79 sampled_heap_min=11044 rx_gap_tick_ms=163 wait_calls=0[0m
[0;32mI (1681094) net_bench: case=79 calls=195 empty=0 rx_gap_us=0 app_gap_us=0 empty_wait_us=0 recv_max_us=2695 commit_max_us=162302 ready_max=0 ready_probes=0[0m
[0;32mI (1681108) net_bench: case=79 pcm_frames=781312 rate=44100 eof=4156 underrun=1883 stack=1164[0m
[0;32mI (1681118) net_bench: case=79 second=0 bytes=8192 rssi=-79[0m
[0;32mI (1681124) net_bench: case=79 second=1 bytes=7121 rssi=-81[0m
[0;32mI (1681130) net_bench: case=79 second=2 bytes=6255 rssi=-79[0m
[0;32mI (1681136) net_bench: case=79 second=3 bytes=7090 rssi=-80[0m
[0;32mI (1681142) net_bench: case=79 second=4 bytes=6646 rssi=-66[0m
[0;32mI (1681149) net_bench: case=79 second=5 bytes=7130 rssi=-79[0m
[0;32mI (1681155) net_bench: case=79 second=6 bytes=7377 rssi=-79[0m
[0;32mI (1681161) net_bench: case=79 second=7 bytes=7137 rssi=-66[0m
[0;32mI (1681167) net_bench: case=79 second=8 bytes=7071 rssi=-66[0m
[0;32mI (1681174) net_bench: case=79 second=9 bytes=6243 rssi=-66[0m
[0;32mI (1681180) net_bench: case=79 second=10 bytes=6680 rssi=-65[0m
[0;32mI (1681186) net_bench: case=79 second=11 bytes=7279 rssi=-66[0m
[0;32mI (1681193) net_bench: case=79 second=12 bytes=7136 rssi=-65[0m
[0;32mI (1681199) net_bench: case=79 second=13 bytes=7011 rssi=-67[0m
[0;32mI (1681205) net_bench: case=79 second=14 bytes=7277 rssi=-66[0m
[0;32mI (1681212) net_bench: case=79 second=15 bytes=6208 rssi=-67[0m
[0;32mI (1681218) net_bench: case=79 second=16 bytes=6710 rssi=-81[0m
[0;32mI (1681224) net_bench: case=79 second=17 bytes=7247 rssi=-80[0m
[0;32mI (1681230) net_bench: case=79 second=18 bytes=6945 rssi=-81[0m
[0;32mI (1681237) net_bench: case=79 second=19 bytes=7216 rssi=-78[0m
[0;32mI (1682245) net_bench: complete[0m
