[0;32mI (98) net_bench: begin cases=160 sweep=2[0m
[0;32mI (5965) net_bench: connected baseline: 20 seconds, decoder retained, no stream[0m
[0;32mI (25994) net_cpu: case=-1 valid=1 total_us=20047116 tasks_before=9 tasks_after=8 snapshot_bytes=1440[0m
[0;32mI (25996) net_cpu: case=-1 task=audio id=4 runtime_us=10466 existed=1[0m
[0;32mI (26002) net_cpu: case=-1 task=IDLE id=2 runtime_us=19627783 existed=1[0m
[0;32mI (26009) net_cpu: case=-1 task=tiT id=5 runtime_us=73920 existed=1[0m
[0;32mI (26016) net_cpu: case=-1 task=uiT id=1 runtime_us=47555 existed=1[0m
[0;32mI (26023) net_cpu: case=-1 task=Tmr Svc id=3 runtime_us=190 existed=1[0m
[0;32mI (26030) net_cpu: case=-1 task=ppT id=7 runtime_us=199544 existed=1[0m
[0;32mI (26037) net_cpu: case=-1 task=httpd id=9 runtime_us=92481 existed=1[0m
[0;32mI (26044) net_cpu: case=-1 task=sys_evt id=6 runtime_us=0 existed=1[0m
[0;32mI (26051) net_bench: case=0 path=/mp3-320?rate=0 output=0 begin rssi=-66 round=0 fixture=0 variant=0 wait_ms=25 read_limit=1024 batch=1[0m
[0;32mI (32918) net_cpu: case=0 valid=1 total_us=6774406 tasks_before=8 tasks_after=8 snapshot_bytes=1440[0m
[0;32mI (32920) net_cpu: case=0 task=audio id=4 runtime_us=512440 existed=1[0m
[0;32mI (32926) net_cpu: case=0 task=IDLE id=2 runtime_us=5560284 existed=1[0m
[0;32mI (32933) net_cpu: case=0 task=uiT id=1 runtime_us=13357 existed=1[0m
[0;32mI (32940) net_cpu: case=0 task=tiT id=5 runtime_us=351233 existed=1[0m
[0;32mI (32946) net_cpu: case=0 task=httpd id=9 runtime_us=31318 existed=1[0m
[0;32mI (32953) net_cpu: case=0 task=ppT id=7 runtime_us=307285 existed=1[0m
[0;32mI (32961) net_cpu: case=0 task=Tmr Svc id=3 runtime_us=0 existed=1[0m
[0;32mI (32967) net_cpu: case=0 task=sys_evt id=6 runtime_us=0 existed=1[0m
[0;32mI (32976) net_bench: case=0 output=0 wall_us=6764554 bytes=147624 open_us=78510 error=-116 rssi=-66 heap_min=10764[0m
[0;32mI (32985) net_bench: case=0 recv_total_us=276686 recv_positive_us=205343 recv_empty_us=71343[0m
[0;32mI (32994) net_bench: case=0 cpu_lean=1 gap_metrics_valid=0 heap_is_final=1[0m
[0;32mI (33002) net_bench: case=0 sampled_heap_min=10764 rx_gap_tick_ms=910 wait_calls=402[0m
[0;32mI (33010) net_bench: case=0 calls=658 empty=402 rx_gap_us=0 app_gap_us=0 empty_wait_us=0 recv_max_us=3590 commit_max_us=0 ready_max=0 ready_probes=0[0m
[0;32mI (33024) net_bench: case=0 pcm_frames=0 rate=0 eof=636 underrun=635 stack=1260[0m
[0;32mI (33032) net_bench: case=0 second=0 bytes=40904 rssi=-82[0m
[0;32mI (33038) net_bench: case=0 second=1 bytes=24656 rssi=-87[0m
[0;32mI (33044) net_bench: case=0 second=2 bytes=37280 rssi=-84[0m
[0;32mI (33050) net_bench: case=0 second=3 bytes=4288 rssi=-69[0m
[0;32mI (33056) net_bench: case=0 second=4 bytes=32456 rssi=-68[0m
[0;32mI (33062) net_bench: case=0 second=5 bytes=8040 rssi=-68[0m
[0;32mI (33068) net_bench: case=0 second=6 bytes=0 rssi=-70[0m
[0;32mI (33074) net_bench: case=0 second=7 bytes=0 rssi=-127[0m
[0;32mI (33080) net_bench: case=0 second=8 bytes=0 rssi=-127[0m
[0;32mI (33085) net_bench: case=0 second=9 bytes=0 rssi=-127[0m
[0;32mI (33091) net_bench: case=0 second=10 bytes=0 rssi=-127[0m
[0;32mI (33097) net_bench: case=0 second=11 bytes=0 rssi=-127[0m
[0;32mI (33103) net_bench: case=0 second=12 bytes=0 rssi=-127[0m
[0;32mI (33109) net_bench: case=0 second=13 bytes=0 rssi=-127[0m
[0;32mI (33115) net_bench: case=0 second=14 bytes=0 rssi=-127[0m
[0;32mI (33121) net_bench: case=0 second=15 bytes=0 rssi=-127[0m
[0;32mI (33127) net_bench: case=0 second=16 bytes=0 rssi=-127[0m
[0;32mI (33132) net_bench: case=0 second=17 bytes=0 rssi=-127[0m
[0;32mI (33138) net_bench: case=0 second=18 bytes=0 rssi=-127[0m
[0;32mI (33144) net_bench: case=0 second=19 bytes=0 rssi=-127[0m
[0;32mI (34151) net_bench: case=1 path=/mp3-320?rate=0 output=0 begin rssi=-85 round=0 fixture=0 variant=1 wait_ms=25 read_limit=512 batch=1[0m
[0;32mI (35254) net_cpu: case=1 valid=1 total_us=1000149 tasks_before=8 tasks_after=8 snapshot_bytes=1440[0m
[0;32mI (35256) net_cpu: case=1 task=audio id=4 runtime_us=40483 existed=1[0m
[0;32mI (35262) net_cpu: case=1 task=IDLE id=2 runtime_us=934995 existed=1[0m
[0;32mI (35269) net_cpu: case=1 task=uiT id=1 runtime_us=1907 existed=1[0m
[0;32mI (35276) net_cpu: case=1 task=tiT id=5 runtime_us=6735 existed=1[0m
[0;32mI (35282) net_cpu: case=1 task=httpd id=9 runtime_us=4612 existed=1[0m
[0;32mI (35289) net_cpu: case=1 task=ppT id=7 runtime_us=13178 existed=1[0m
[0;32mI (35296) net_cpu: case=1 task=Tmr Svc id=3 runtime_us=0 existed=1[0m
[0;32mI (35303) net_cpu: case=1 task=sys_evt id=6 runtime_us=0 existed=1[0m
[0;32mI (35312) net_bench: case=1 output=0 wall_us=997740 bytes=408 open_us=90818 error=-116 rssi=-87 heap_min=12952[0m
[0;32mI (35320) net_bench: case=1 recv_total_us=6362 recv_positive_us=0 recv_empty_us=6362[0m
[0;32mI (35329) net_bench: case=1 cpu_lean=1 gap_metrics_valid=0 heap_is_final=1[0m
[0;32mI (35336) net_bench: case=1 sampled_heap_min=11616 rx_gap_tick_ms=0 wait_calls=40[0m
[0;32mI (35345) net_bench: case=1 calls=40 empty=40 rx_gap_us=0 app_gap_us=0 empty_wait_us=0 recv_max_us=188 commit_max_us=0 ready_max=0 ready_probes=0[0m
[0;32mI (35358) net_bench: case=1 pcm_frames=0 rate=0 eof=94 underrun=93 stack=1260[0m
[0;32mI (35366) net_bench: case=1 second=0 bytes=408 rssi=-67[0m
[0;32mI (35372) net_bench: case=1 second=1 bytes=0 rssi=-127[0m
[0;32mI (35378) net_bench: case=1 second=2 bytes=0 rssi=-127[0m
[0;32mI (35383) net_bench: case=1 second=3 bytes=0 rssi=-127[0m
[0;32mI (35389) net_bench: case=1 second=4 bytes=0 rssi=-127[0m
[0;32mI (35395) net_bench: case=1 second=5 bytes=0 rssi=-127[0m
[0;32mI (35401) net_bench: case=1 second=6 bytes=0 rssi=-127[0m
[0;32mI (35407) net_bench: case=1 second=7 bytes=0 rssi=-127[0m
[0;32mI (35413) net_bench: case=1 second=8 bytes=0 rssi=-127[0m
[0;32mI (35418) net_bench: case=1 second=9 bytes=0 rssi=-127[0m
[0;32mI (35424) net_bench: case=1 second=10 bytes=0 rssi=-127[0m
[0;32mI (35430) net_bench: case=1 second=11 bytes=0 rssi=-127[0m
[0;32mI (35436) net_bench: case=1 second=12 bytes=0 rssi=-127[0m
[0;32mI (35442) net_bench: case=1 second=13 bytes=0 rssi=-127[0m
[0;32mI (35448) net_bench: case=1 second=14 bytes=0 rssi=-127[0m
[0;32mI (35453) net_bench: case=1 second=15 bytes=0 rssi=-127[0m
[0;32mI (35459) net_bench: case=1 second=16 bytes=0 rssi=-127[0m
[0;32mI (35465) net_bench: case=1 second=17 bytes=0 rssi=-127[0m
[0;32mI (35471) net_bench: case=1 second=18 bytes=0 rssi=-127[0m
[0;32mI (35477) net_bench: case=1 second=19 bytes=0 rssi=-127[0m
[0;32mI (36484) net_bench: case=2 path=/mp3-320?rate=0 output=0 begin rssi=-67 round=0 fixture=0 variant=2 wait_ms=25 read_limit=1536 batch=1[0m
[0;32mI (62481) net_cpu: case=2 valid=1 total_us=20064715 tasks_before=8 tasks_after=8 snapshot_bytes=1440[0m
[0;32mI (62483) net_cpu: case=2 task=audio id=4 runtime_us=4112167 existed=1[0m
[0;32mI (62489) net_cpu: case=2 task=IDLE id=2 runtime_us=6509165 existed=1[0m
[0;32mI (62496) net_cpu: case=2 task=uiT id=1 runtime_us=40166 existed=1[0m
[0;32mI (62503) net_cpu: case=2 task=tiT id=5 runtime_us=5313593 existed=1[0m
[0;32mI (62511) net_cpu: case=2 task=httpd id=9 runtime_us=94367 existed=1[0m
[0;32mI (62517) net_cpu: case=2 task=ppT id=7 runtime_us=3996841 existed=1[0m
[0;32mI (62524) net_cpu: case=2 task=Tmr Svc id=3 runtime_us=0 existed=1[0m
[0;32mI (62531) net_cpu: case=2 task=sys_evt id=6 runtime_us=0 existed=1[0m
[0;32mI (62539) net_bench: case=2 output=0 wall_us=20036499 bytes=2751220 open_us=5943870 error=0 rssi=-80 heap_min=12308[0m
[0;32mI (62549) net_bench: case=2 recv_total_us=5583055 recv_positive_us=4938335 recv_empty_us=644720[0m
[0;32mI (62558) net_bench: case=2 cpu_lean=1 gap_metrics_valid=0 heap_is_final=1[0m
[0;32mI (62566) net_bench: case=2 sampled_heap_min=10240 rx_gap_tick_ms=323 wait_calls=2194[0m
[0;32mI (62574) net_bench: case=2 calls=6093 empty=2194 rx_gap_us=0 app_gap_us=0 empty_wait_us=0 recv_max_us=10858 commit_max_us=0 ready_max=0 ready_probes=0[0m
[0;32mI (62588) net_bench: case=2 pcm_frames=0 rate=0 eof=1884 underrun=1883 stack=1260[0m
[0;32mI (62597) net_bench: case=2 second=0 bytes=142584 rssi=-67[0m
[0;32mI (62603) net_bench: case=2 second=1 bytes=142224 rssi=-70[0m
[0;32mI (62609) net_bench: case=2 second=2 bytes=165280 rssi=-68[0m
[0;32mI (62615) net_bench: case=2 second=3 bytes=207544 rssi=-71[0m
[0;32mI (62621) net_bench: case=2 second=4 bytes=238248 rssi=-79[0m
[0;32mI (62627) net_bench: case=2 second=5 bytes=194552 rssi=-81[0m
[0;32mI (62633) net_bench: case=2 second=6 bytes=56576 rssi=-80[0m
[0;32mI (62639) net_bench: case=2 second=7 bytes=124944 rssi=-79[0m
[0;32mI (62646) net_bench: case=2 second=8 bytes=127384 rssi=-78[0m
[0;32mI (62652) net_bench: case=2 second=9 bytes=99992 rssi=-68[0m
[0;32mI (62658) net_bench: case=2 second=10 bytes=92544 rssi=-69[0m
[0;32mI (62664) net_bench: case=2 second=11 bytes=75632 rssi=-68[0m
[0;32mI (62670) net_bench: case=2 second=12 bytes=132744 rssi=-67[0m
[0;32mI (62676) net_bench: case=2 second=13 bytes=149064 rssi=-69[0m
[0;32mI (62683) net_bench: case=2 second=14 bytes=118272 rssi=-80[0m
[0;32mI (62689) net_bench: case=2 second=15 bytes=154240 rssi=-82[0m
[0;32mI (62695) net_bench: case=2 second=16 bytes=92784 rssi=-82[0m
[0;32mI (62701) net_bench: case=2 second=17 bytes=83532 rssi=-82[0m
[0;32mI (62707) net_bench: case=2 second=18 bytes=190208 rssi=-79[0m
[0;32mI (62714) net_bench: case=2 second=19 bytes=162872 rssi=-70[0m
[0;32mI (63721) net_bench: case=3 path=/mp3-320?rate=0 output=0 begin rssi=-70 round=0 fixture=0 variant=3 wait_ms=25 read_limit=1024 batch=4[0m
[0;32mI (78605) net_cpu: case=3 valid=1 total_us=14811507 tasks_before=8 tasks_after=8 snapshot_bytes=1440[0m
[0;32mI (78607) net_cpu: case=3 task=audio id=4 runtime_us=3947900 existed=1[0m
[0;32mI (78613) net_cpu: case=3 task=IDLE id=2 runtime_us=3916457 existed=1[0m
[0;32mI (78620) net_cpu: case=3 task=uiT id=1 runtime_us=28443 existed=1[0m
[0;32mI (78627) net_cpu: case=3 task=tiT id=5 runtime_us=3958267 existed=1[0m
[0;32mI (78634) net_cpu: case=3 task=httpd id=9 runtime_us=68399 existed=1[0m
[0;32mI (78641) net_cpu: case=3 task=ppT id=7 runtime_us=2893824 existed=1[0m
[0;32mI (78648) net_cpu: case=3 task=Tmr Svc id=3 runtime_us=0 existed=1[0m
[0;32mI (78655) net_cpu: case=3 task=sys_evt id=6 runtime_us=0 existed=1[0m
[0;32mI (78663) net_bench: case=3 output=0 wall_us=14790411 bytes=1940224 open_us=79260 error=-116 rssi=-66 heap_min=12180[0m
[0;32mI (78673) net_bench: case=3 recv_total_us=4361598 recv_positive_us=3861962 recv_empty_us=499636[0m
[0;32mI (78683) net_bench: case=3 cpu_lean=1 gap_metrics_valid=0 heap_is_final=1[0m
[0;32mI (78690) net_bench: case=3 sampled_heap_min=10940 rx_gap_tick_ms=319 wait_calls=2457[0m
[0;32mI (78699) net_bench: case=3 calls=5774 empty=2457 rx_gap_us=0 app_gap_us=0 empty_wait_us=0 recv_max_us=7405 commit_max_us=0 ready_max=0 ready_probes=0[0m
[0;32mI (78713) net_bench: case=3 pcm_frames=0 rate=0 eof=1390 underrun=1389 stack=1260[0m
[0;32mI (78721) net_bench: case=3 second=0 bytes=153816 rssi=-79[0m
[0;32mI (78727) net_bench: case=3 second=1 bytes=150912 rssi=-83[0m
[0;32mI (78733) net_bench: case=3 second=2 bytes=134600 rssi=-81[0m
[0;32mI (78740) net_bench: case=3 second=3 bytes=108520 rssi=-80[0m
[0;32mI (78746) net_bench: case=3 second=4 bytes=139424 rssi=-70[0m
[0;32mI (78752) net_bench: case=3 second=5 bytes=165200 rssi=-82[0m
[0;32mI (78758) net_bench: case=3 second=6 bytes=176704 rssi=-70[0m
[0;32mI (78764) net_bench: case=3 second=7 bytes=198632 rssi=-69[0m
[0;32mI (78771) net_bench: case=3 second=8 bytes=182056 rssi=-69[0m
[0;32mI (78776) net_bench: case=3 second=9 bytes=194296 rssi=-80[0m
[0;32mI (78783) net_bench: case=3 second=10 bytes=93320 rssi=-80[0m
[0;32mI (78789) net_bench: case=3 second=11 bytes=97912 rssi=-84[0m
[0;32mI (78795) net_bench: case=3 second=12 bytes=94928 rssi=-70[0m
[0;32mI (78801) net_bench: case=3 second=13 bytes=49904 rssi=-83[0m
[0;32mI (78807) net_bench: case=3 second=14 bytes=0 rssi=-70[0m
[0;32mI (78813) net_bench: case=3 second=15 bytes=0 rssi=-127[0m
[0;32mI (78819) net_bench: case=3 second=16 bytes=0 rssi=-127[0m
[0;32mI (78825) net_bench: case=3 second=17 bytes=0 rssi=-127[0m
[0;32mI (78831) net_bench: case=3 second=18 bytes=0 rssi=-127[0m
[0;32mI (78837) net_bench: case=3 second=19 bytes=0 rssi=-127[0m
[0;32mI (79843) net_bench: case=4 path=/mp3-128?rate=128 output=0 begin rssi=-70 round=0 fixture=1 variant=0 wait_ms=25 read_limit=1024 batch=1[0m
[0;32mI (92338) net_cpu: case=4 valid=1 total_us=12420654 tasks_before=8 tasks_after=8 snapshot_bytes=1440[0m
[0;32mI (92340) net_cpu: case=4 task=audio id=4 runtime_us=822166 existed=1[0m
[0;32mI (92346) net_cpu: case=4 task=IDLE id=2 runtime_us=10555622 existed=1[0m
[0;32mI (92353) net_cpu: case=4 task=uiT id=1 runtime_us=24306 existed=1[0m
[0;32mI (92360) net_cpu: case=4 task=tiT id=5 runtime_us=512614 existed=1[0m
[0;32mI (92367) net_cpu: case=4 task=httpd id=9 runtime_us=56515 existed=1[0m
[0;32mI (92374) net_cpu: case=4 task=ppT id=7 runtime_us=451153 existed=1[0m
[0;32mI (92381) net_cpu: case=4 task=Tmr Svc id=3 runtime_us=0 existed=1[0m
[0;32mI (92387) net_cpu: case=4 task=sys_evt id=6 runtime_us=0 existed=1[0m
[0;32mI (92396) net_bench: case=4 output=0 wall_us=12403307 bytes=183076 open_us=77619 error=-116 rssi=-93 heap_min=12940[0m
[0;32mI (92405) net_bench: case=4 recv_total_us=423141 recv_positive_us=314424 recv_empty_us=108717[0m
[0;32mI (92415) net_bench: case=4 cpu_lean=1 gap_metrics_valid=0 heap_is_final=1[0m
[0;32mI (92422) net_bench: case=4 sampled_heap_min=12260 rx_gap_tick_ms=141 wait_calls=678[0m
[0;32mI (92430) net_bench: case=4 calls=1012 empty=678 rx_gap_us=0 app_gap_us=0 empty_wait_us=0 recv_max_us=3576 commit_max_us=0 ready_max=0 ready_probes=0[0m
[0;32mI (92445) net_bench: case=4 pcm_frames=0 rate=0 eof=1167 underrun=1166 stack=1260[0m
[0;32mI (92453) net_bench: case=4 second=0 bytes=16384 rssi=-82[0m
[0;32mI (92459) net_bench: case=4 second=1 bytes=15694 rssi=-80[0m
[0;32mI (92465) net_bench: case=4 second=2 bytes=16718 rssi=-71[0m
[0;32mI (92471) net_bench: case=4 second=3 bytes=15694 rssi=-71[0m
[0;32mI (92477) net_bench: case=4 second=4 bytes=15694 rssi=-72[0m
[0;32mI (92483) net_bench: case=4 second=5 bytes=16718 rssi=-70[0m
[0;32mI (92489) net_bench: case=4 second=6 bytes=15694 rssi=-70[0m
[0;32mI (92495) net_bench: case=4 second=7 bytes=15694 rssi=-84[0m
[0;32mI (92501) net_bench: case=4 second=8 bytes=16718 rssi=-84[0m
[0;32mI (92507) net_bench: case=4 second=9 bytes=15694 rssi=-85[0m
[0;32mI (92513) net_bench: case=4 second=10 bytes=16230 rssi=-83[0m
[0;32mI (92519) net_bench: case=4 second=11 bytes=6144 rssi=-85[0m
[0;32mI (92525) net_bench: case=4 second=12 bytes=0 rssi=-91[0m
[0;32mI (92531) net_bench: case=4 second=13 bytes=0 rssi=-127[0m
[0;32mI (92537) net_bench: case=4 second=14 bytes=0 rssi=-127[0m
[0;32mI (92543) net_bench: case=4 second=15 bytes=0 rssi=-127[0m
[0;32mI (92549) net_bench: case=4 second=16 bytes=0 rssi=-127[0m
[0;32mI (92555) net_bench: case=4 second=17 bytes=0 rssi=-127[0m
[0;32mI (92561) net_bench: case=4 second=18 bytes=0 rssi=-127[0m
[0;32mI (92566) net_bench: case=4 second=19 bytes=0 rssi=-127[0m
[0;32mI (93573) net_bench: case=5 path=/mp3-128?rate=128 output=0 begin rssi=-67 round=0 fixture=1 variant=1 wait_ms=25 read_limit=512 batch=1[0m
[0;32mI (95856) net_cpu: case=5 valid=1 total_us=1199539 tasks_before=8 tasks_after=8 snapshot_bytes=1440[0m
[0;32mI (95858) net_cpu: case=5 task=audio id=4 runtime_us=53725 existed=1[0m
[0;32mI (95864) net_cpu: case=5 task=IDLE id=2 runtime_us=1103188 existed=1[0m
[0;32mI (95871) net_cpu: case=5 task=tiT id=5 runtime_us=15480 existed=1[0m
[0;32mI (95878) net_cpu: case=5 task=uiT id=1 runtime_us=1930 existed=1[0m
[0;32mI (95884) net_cpu: case=5 task=httpd id=9 runtime_us=4576 existed=1[0m
[0;32mI (95891) net_cpu: case=5 task=ppT id=7 runtime_us=20638 existed=1[0m
[0;32mI (95898) net_cpu: case=5 task=Tmr Svc id=3 runtime_us=0 existed=1[0m
[0;32mI (95905) net_cpu: case=5 task=sys_evt id=6 runtime_us=0 existed=1[0m
[0;32mI (95913) net_bench: case=5 output=0 wall_us=1197170 bytes=3608 open_us=1070906 error=-116 rssi=-86 heap_min=11172[0m
[0;32mI (95923) net_bench: case=5 recv_total_us=15102 recv_positive_us=7209 recv_empty_us=7893[0m
[0;32mI (95931) net_bench: case=5 cpu_lean=1 gap_metrics_valid=0 heap_is_final=1[0m
[0;32mI (95939) net_bench: case=5 sampled_heap_min=9980 rx_gap_tick_ms=65 wait_calls=51[0m
[0;32mI (95947) net_bench: case=5 calls=62 empty=51 rx_gap_us=0 app_gap_us=0 empty_wait_us=0 recv_max_us=1257 commit_max_us=0 ready_max=0 ready_probes=0[0m
[0;32mI (95961) net_bench: case=5 pcm_frames=0 rate=0 eof=112 underrun=111 stack=1260[0m
[0;32mI (95969) net_bench: case=5 second=0 bytes=3608 rssi=-84[0m
[0;32mI (95975) net_bench: case=5 second=1 bytes=0 rssi=-92[0m
[0;32mI (95981) net_bench: case=5 second=2 bytes=0 rssi=-127[0m
[0;32mI (95986) net_bench: case=5 second=3 bytes=0 rssi=-127[0m
[0;32mI (95992) net_bench: case=5 second=4 bytes=0 rssi=-127[0m
[0;32mI (95998) net_bench: case=5 second=5 bytes=0 rssi=-127[0m
[0;32mI (96004) net_bench: case=5 second=6 bytes=0 rssi=-127[0m
[0;32mI (96010) net_bench: case=5 second=7 bytes=0 rssi=-127[0m
[0;32mI (96015) net_bench: case=5 second=8 bytes=0 rssi=-127[0m
[0;32mI (96021) net_bench: case=5 second=9 bytes=0 rssi=-127[0m
[0;32mI (96027) net_bench: case=5 second=10 bytes=0 rssi=-127[0m
[0;32mI (96033) net_bench: case=5 second=11 bytes=0 rssi=-127[0m
[0;32mI (96039) net_bench: case=5 second=12 bytes=0 rssi=-127[0m
[0;32mI (96045) net_bench: case=5 second=13 bytes=0 rssi=-127[0m
[0;32mI (96050) net_bench: case=5 second=14 bytes=0 rssi=-127[0m
[0;32mI (96056) net_bench: case=5 second=15 bytes=0 rssi=-127[0m
[0;32mI (96062) net_bench: case=5 second=16 bytes=0 rssi=-127[0m
[0;32mI (96068) net_bench: case=5 second=17 bytes=0 rssi=-127[0m
[0;32mI (96074) net_bench: case=5 second=18 bytes=0 rssi=-127[0m
[0;32mI (96080) net_bench: case=5 second=19 bytes=0 rssi=-127[0m
[0;33mW (97087) net_bench: recovery begin next_case=6 consecutive_failures=3[0m
[0;33mW (101111) net_bench: recovery complete next_case=6 elapsed_ms=4018 rssi=-67[0m
[0;32mI (101113) net_bench: case=6 path=/mp3-128?rate=128 output=0 begin rssi=-67 round=0 fixture=1 variant=2 wait_ms=25 read_limit=1536 batch=1[0m
[0;32mI (103279) net_cpu: case=6 valid=1 total_us=2069023 tasks_before=8 tasks_after=8 snapshot_bytes=1440[0m
[0;32mI (103281) net_cpu: case=6 task=audio id=4 runtime_us=106477 existed=1[0m
[0;32mI (103287) net_cpu: case=6 task=IDLE id=2 runtime_us=1827462 existed=1[0m
[0;32mI (103294) net_cpu: case=6 task=uiT id=1 runtime_us=3946 existed=1[0m
[0;32mI (103301) net_cpu: case=6 task=tiT id=5 runtime_us=60918 existed=1[0m
[0;32mI (103308) net_cpu: case=6 task=httpd id=9 runtime_us=9238 existed=1[0m
[0;32mI (103315) net_cpu: case=6 task=ppT id=7 runtime_us=62788 existed=1[0m
[0;32mI (103322) net_cpu: case=6 task=Tmr Svc id=3 runtime_us=0 existed=1[0m
[0;32mI (103329) net_cpu: case=6 task=sys_evt id=6 runtime_us=0 existed=1[0m
[0;32mI (103337) net_bench: case=6 output=0 wall_us=2065489 bytes=17742 open_us=80354 error=-116 rssi=-66 heap_min=12256[0m
[0;32mI (103347) net_bench: case=6 recv_total_us=36540 recv_positive_us=20512 recv_empty_us=16028[0m
[0;32mI (103355) net_bench: case=6 cpu_lean=1 gap_metrics_valid=0 heap_is_final=1[0m
[0;32mI (103363) net_bench: case=6 sampled_heap_min=11628 rx_gap_tick_ms=391 wait_calls=94[0m
[0;32mI (103371) net_bench: case=6 calls=119 empty=94 rx_gap_us=0 app_gap_us=0 empty_wait_us=0 recv_max_us=1313 commit_max_us=0 ready_max=0 ready_probes=0[0m
[0;32mI (103385) net_bench: case=6 pcm_frames=0 rate=0 eof=194 underrun=193 stack=1260[0m
[0;32mI (103393) net_bench: case=6 second=0 bytes=15360 rssi=-86[0m
[0;32mI (103400) net_bench: case=6 second=1 bytes=2382 rssi=-82[0m
[0;32mI (103406) net_bench: case=6 second=2 bytes=0 rssi=-85[0m
[0;32mI (103412) net_bench: case=6 second=3 bytes=0 rssi=-127[0m
[0;32mI (103417) net_bench: case=6 second=4 bytes=0 rssi=-127[0m
[0;32mI (103423) net_bench: case=6 second=5 bytes=0 rssi=-127[0m
[0;32mI (103429) net_bench: case=6 second=6 bytes=0 rssi=-127[0m
[0;32mI (103435) net_bench: case=6 second=7 bytes=0 rssi=-127[0m
[0;32mI (103441) net_bench: case=6 second=8 bytes=0 rssi=-127[0m
[0;32mI (103447) net_bench: case=6 second=9 bytes=0 rssi=-127[0m
[0;32mI (103453) net_bench: case=6 second=10 bytes=0 rssi=-127[0m
[0;32mI (103459) net_bench: case=6 second=11 bytes=0 rssi=-127[0m
[0;32mI (103465) net_bench: case=6 second=12 bytes=0 rssi=-127[0m
[0;32mI (103471) net_bench: case=6 second=13 bytes=0 rssi=-127[0m
[0;32mI (103477) net_bench: case=6 second=14 bytes=0 rssi=-127[0m
[0;32mI (103482) net_bench: case=6 second=15 bytes=0 rssi=-127[0m
[0;32mI (103488) net_bench: case=6 second=16 bytes=0 rssi=-127[0m
[0;32mI (103494) net_bench: case=6 second=17 bytes=0 rssi=-127[0m
[0;32mI (103500) net_bench: case=6 second=18 bytes=0 rssi=-127[0m
[0;32mI (103506) net_bench: case=6 second=19 bytes=0 rssi=-127[0m
[0;32mI (104515) net_bench: case=7 path=/mp3-128?rate=128 output=0 begin rssi=-85 round=0 fixture=1 variant=3 wait_ms=25 read_limit=1024 batch=4[0m
[0;32mI (113031) net_cpu: case=7 valid=1 total_us=7449380 tasks_before=8 tasks_after=8 snapshot_bytes=1440[0m
[0;32mI (113033) net_cpu: case=7 task=audio id=4 runtime_us=468571 existed=1[0m
[0;32mI (113039) net_cpu: case=7 task=IDLE id=2 runtime_us=6399461 existed=1[0m
[0;32mI (113046) net_cpu: case=7 task=uiT id=1 runtime_us=14406 existed=1[0m
[0;32mI (113053) net_cpu: case=7 task=tiT id=5 runtime_us=279159 existed=1[0m
[0;32mI (113060) net_cpu: case=7 task=httpd id=9 runtime_us=33785 existed=1[0m
[0;32mI (113067) net_cpu: case=7 task=ppT id=7 runtime_us=254655 existed=1[0m
[0;32mI (113074) net_cpu: case=7 task=Tmr Svc id=3 runtime_us=0 existed=1[0m
[0;32mI (113081) net_cpu: case=7 task=sys_evt id=6 runtime_us=0 existed=1[0m
[0;32mI (113090) net_bench: case=7 output=0 wall_us=7438597 bytes=100546 open_us=1061043 error=-116 rssi=-85 heap_min=12088[0m
[0;32mI (113099) net_bench: case=7 recv_total_us=242017 recv_positive_us=174529 recv_empty_us=67488[0m
[0;32mI (113108) net_bench: case=7 cpu_lean=1 gap_metrics_valid=0 heap_is_final=1[0m
[0;32mI (113116) net_bench: case=7 sampled_heap_min=11580 rx_gap_tick_ms=434 wait_calls=397[0m
[0;32mI (113124) net_bench: case=7 calls=579 empty=397 rx_gap_us=0 app_gap_us=0 empty_wait_us=0 recv_max_us=2589 commit_max_us=0 ready_max=0 ready_probes=0[0m
[0;32mI (113138) net_bench: case=7 pcm_frames=0 rate=0 eof=699 underrun=698 stack=1260[0m
[0;32mI (113146) net_bench: case=7 second=0 bytes=16384 rssi=-66[0m
[0;32mI (113153) net_bench: case=7 second=1 bytes=16230 rssi=-68[0m
[0;32mI (113159) net_bench: case=7 second=2 bytes=16182 rssi=-81[0m
[0;32mI (113165) net_bench: case=7 second=3 bytes=15694 rssi=-81[0m
[0;32mI (113171) net_bench: case=7 second=4 bytes=15694 rssi=-80[0m
[0;32mI (113177) net_bench: case=7 second=5 bytes=10574 rssi=-85[0m
[0;32mI (113183) net_bench: case=7 second=6 bytes=9788 rssi=-83[0m
[0;32mI (113189) net_bench: case=7 second=7 bytes=0 rssi=-68[0m
[0;32mI (113195) net_bench: case=7 second=8 bytes=0 rssi=-127[0m
[0;32mI (113201) net_bench: case=7 second=9 bytes=0 rssi=-127[0m
[0;32mI (113207) net_bench: case=7 second=10 bytes=0 rssi=-127[0m
[0;32mI (113213) net_bench: case=7 second=11 bytes=0 rssi=-127[0m
[0;32mI (113219) net_bench: case=7 second=12 bytes=0 rssi=-127[0m
[0;32mI (113225) net_bench: case=7 second=13 bytes=0 rssi=-127[0m
[0;32mI (113231) net_bench: case=7 second=14 bytes=0 rssi=-127[0m
[0;32mI (113237) net_bench: case=7 second=15 bytes=0 rssi=-127[0m
[0;32mI (113243) net_bench: case=7 second=16 bytes=0 rssi=-127[0m
[0;32mI (113249) net_bench: case=7 second=17 bytes=0 rssi=-127[0m
[0;32mI (113255) net_bench: case=7 second=18 bytes=0 rssi=-127[0m
[0;32mI (113261) net_bench: case=7 second=19 bytes=0 rssi=-127[0m
[0;32mI (114268) net_bench: case=8 path=/mp3-320?rate=320 output=0 begin rssi=-82 round=0 fixture=2 variant=0 wait_ms=25 read_limit=1024 batch=1[0m
[0;32mI (127773) net_cpu: case=8 valid=1 total_us=12428680 tasks_before=8 tasks_after=8 snapshot_bytes=1440[0m
[0;32mI (127775) net_cpu: case=8 task=audio id=4 runtime_us=1315501 existed=1[0m
[0;32mI (127781) net_cpu: case=8 task=IDLE id=2 runtime_us=8994822 existed=1[0m
[0;32mI (127788) net_cpu: case=8 task=uiT id=1 runtime_us=24025 existed=1[0m
[0;32mI (127795) net_cpu: case=8 task=tiT id=5 runtime_us=1145475 existed=1[0m
[0;32mI (127802) net_cpu: case=8 task=httpd id=9 runtime_us=57021 existed=1[0m
[0;32mI (127809) net_cpu: case=8 task=ppT id=7 runtime_us=893560 existed=1[0m
[0;32mI (127816) net_cpu: case=8 task=Tmr Svc id=3 runtime_us=0 existed=1[0m
[0;32mI (127823) net_cpu: case=8 task=sys_evt id=6 runtime_us=0 existed=1[0m
[0;32mI (127832) net_bench: case=8 output=0 wall_us=12411222 bytes=457408 open_us=1079504 error=-116 rssi=-90 heap_min=12916[0m
[0;32mI (127841) net_bench: case=8 recv_total_us=930279 recv_positive_us=761972 recv_empty_us=168307[0m
[0;32mI (127851) net_bench: case=8 cpu_lean=1 gap_metrics_valid=0 heap_is_final=1[0m
[0;32mI (127858) net_bench: case=8 sampled_heap_min=10960 rx_gap_tick_ms=557 wait_calls=914[0m
[0;32mI (127867) net_bench: case=8 calls=1771 empty=914 rx_gap_us=0 app_gap_us=0 empty_wait_us=0 recv_max_us=2585 commit_max_us=0 ready_max=0 ready_probes=0[0m
[0;32mI (127881) net_bench: case=8 pcm_frames=0 rate=0 eof=1167 underrun=1166 stack=1260[0m
[0;32mI (127889) net_bench: case=8 second=0 bytes=23064 rssi=-65[0m
[0;32mI (127895) net_bench: case=8 second=1 bytes=56132 rssi=-83[0m
[0;32mI (127901) net_bench: case=8 second=2 bytes=33212 rssi=-84[0m
[0;32mI (127908) net_bench: case=8 second=3 bytes=48332 rssi=-83[0m
[0;32mI (127914) net_bench: case=8 second=4 bytes=40236 rssi=-82[0m
[0;32mI (127920) net_bench: case=8 second=5 bytes=39748 rssi=-67[0m
[0;32mI (127926) net_bench: case=8 second=6 bytes=40284 rssi=-69[0m
[0;32mI (127932) net_bench: case=8 second=7 bytes=37700 rssi=-68[0m
[0;32mI (127938) net_bench: case=8 second=8 bytes=24388 rssi=-84[0m
[0;32mI (127944) net_bench: case=8 second=9 bytes=58668 rssi=-83[0m
[0;32mI (127951) net_bench: case=8 second=10 bytes=39748 rssi=-83[0m
[0;32mI (127957) net_bench: case=8 second=11 bytes=15896 rssi=-82[0m
[0;32mI (127963) net_bench: case=8 second=12 bytes=0 rssi=-93[0m
[0;32mI (127969) net_bench: case=8 second=13 bytes=0 rssi=-127[0m
[0;32mI (127975) net_bench: case=8 second=14 bytes=0 rssi=-127[0m
[0;32mI (127981) net_bench: case=8 second=15 bytes=0 rssi=-127[0m
[0;32mI (127987) net_bench: case=8 second=16 bytes=0 rssi=-127[0m
[0;32mI (127993) net_bench: case=8 second=17 bytes=0 rssi=-127[0m
[0;32mI (128000) net_bench: case=8 second=18 bytes=0 rssi=-127[0m
[0;32mI (128006) net_bench: case=8 second=19 bytes=0 rssi=-127[0m
[0;33mW (129013) net_bench: recovery begin next_case=9 consecutive_failures=3[0m
[0;33mW (133283) net_bench: recovery complete next_case=9 elapsed_ms=4264 rssi=-81[0m
[0;32mI (133285) net_bench: case=9 path=/mp3-320?rate=320 output=0 begin rssi=-81 round=0 fixture=2 variant=1 wait_ms=25 read_limit=512 batch=1[0m
[0;32mI (153406) net_cpu: case=9 valid=1 total_us=20058664 tasks_before=8 tasks_after=8 snapshot_bytes=1440[0m
[0;32mI (153408) net_cpu: case=9 task=audio id=4 runtime_us=2016135 existed=1[0m
[0;32mI (153414) net_cpu: case=9 task=IDLE id=2 runtime_us=14494580 existed=1[0m
[0;32mI (153421) net_cpu: case=9 task=uiT id=1 runtime_us=38958 existed=1[0m
[0;32mI (153428) net_cpu: case=9 task=tiT id=5 runtime_us=1949606 existed=1[0m
[0;32mI (153435) net_cpu: case=9 task=httpd id=9 runtime_us=92325 existed=1[0m
[0;32mI (153442) net_cpu: case=9 task=ppT id=7 runtime_us=1468760 existed=1[0m
[0;32mI (153450) net_cpu: case=9 task=sys_evt id=6 runtime_us=0 existed=1[0m
[0;32mI (153456) net_cpu: case=9 task=Tmr Svc id=3 runtime_us=0 existed=1[0m
[0;32mI (153465) net_bench: case=9 output=0 wall_us=20030909 bytes=750172 open_us=70646 error=0 rssi=-67 heap_min=11588[0m
[0;32mI (153474) net_bench: case=9 recv_total_us=1738952 recv_positive_us=1501226 recv_empty_us=237726[0m
[0;32mI (153484) net_bench: case=9 cpu_lean=1 gap_metrics_valid=0 heap_is_final=1[0m
[0;32mI (153491) net_bench: case=9 sampled_heap_min=10396 rx_gap_tick_ms=527 wait_calls=1206[0m
[0;32mI (153500) net_bench: case=9 calls=3253 empty=1206 rx_gap_us=0 app_gap_us=0 empty_wait_us=0 recv_max_us=3434 commit_max_us=0 ready_max=0 ready_probes=0[0m
[0;32mI (153514) net_bench: case=9 pcm_frames=0 rate=0 eof=1884 underrun=1883 stack=1260[0m
[0;32mI (153522) net_bench: case=9 second=0 bytes=39936 rssi=-69[0m
[0;32mI (153529) net_bench: case=9 second=1 bytes=40772 rssi=-81[0m
[0;32mI (153535) net_bench: case=9 second=2 bytes=39748 rssi=-66[0m
[0;32mI (153541) net_bench: case=9 second=3 bytes=18292 rssi=-83[0m
[0;32mI (153547) net_bench: case=9 second=4 bytes=62228 rssi=-84[0m
[0;32mI (153553) net_bench: case=9 second=5 bytes=27460 rssi=-82[0m
[0;32mI (153559) net_bench: case=9 second=6 bytes=48964 rssi=-67[0m
[0;32mI (153565) net_bench: case=9 second=7 bytes=41308 rssi=-66[0m
[0;32mI (153571) net_bench: case=9 second=8 bytes=33068 rssi=-67[0m
[0;32mI (153578) net_bench: case=9 second=9 bytes=47452 rssi=-67[0m
[0;32mI (153584) net_bench: case=9 second=10 bytes=42284 rssi=-84[0m
[0;32mI (153590) net_bench: case=9 second=11 bytes=21364 rssi=-86[0m
[0;32mI (153596) net_bench: case=9 second=12 bytes=55664 rssi=-85[0m
[0;32mI (153602) net_bench: case=9 second=13 bytes=43240 rssi=-83[0m
[0;32mI (153609) net_bench: case=9 second=14 bytes=39748 rssi=-83[0m
[0;32mI (153615) net_bench: case=9 second=15 bytes=39748 rssi=-67[0m
[0;32mI (153621) net_bench: case=9 second=16 bytes=39260 rssi=-66[0m
[0;32mI (153627) net_bench: case=9 second=17 bytes=36140 rssi=-67[0m
[0;32mI (153634) net_bench: case=9 second=18 bytes=28184 rssi=-67[0m
[0;32mI (153640) net_bench: case=9 second=19 bytes=5312 rssi=-69[0m
[0;32mI (154647) net_bench: case=10 path=/mp3-320?rate=320 output=0 begin rssi=-84 round=0 fixture=2 variant=2 wait_ms=25 read_limit=1536 batch=1[0m
[0;32mI (178394) net_cpu: case=10 valid=1 total_us=20061135 tasks_before=8 tasks_after=8 snapshot_bytes=1440[0m
[0;32mI (178396) net_cpu: case=10 task=audio id=4 runtime_us=2095770 existed=1[0m
[0;32mI (178402) net_cpu: case=10 task=IDLE id=2 runtime_us=14373715 existed=1[0m
[0;32mI (178409) net_cpu: case=10 task=tiT id=5 runtime_us=1950988 existed=1[0m
[0;32mI (178416) net_cpu: case=10 task=uiT id=1 runtime_us=38895 existed=1[0m
[0;32mI (178423) net_cpu: case=10 task=httpd id=9 runtime_us=91764 existed=1[0m
[0;32mI (178430) net_cpu: case=10 task=ppT id=7 runtime_us=1510997 existed=1[0m
[0;32mI (178438) net_cpu: case=10 task=sys_evt id=6 runtime_us=0 existed=1[0m
[0;32mI (178445) net_cpu: case=10 task=Tmr Svc id=3 runtime_us=0 existed=1[0m
[0;32mI (178453) net_bench: case=10 output=0 wall_us=20033326 bytes=802316 open_us=3696314 error=0 rssi=-63 heap_min=12276[0m
[0;32mI (178463) net_bench: case=10 recv_total_us=1554494 recv_positive_us=1303810 recv_empty_us=250684[0m
[0;32mI (178472) net_bench: case=10 cpu_lean=1 gap_metrics_valid=0 heap_is_final=1[0m
[0;32mI (178481) net_bench: case=10 sampled_heap_min=10392 rx_gap_tick_ms=382 wait_calls=1412[0m
[0;32mI (178489) net_bench: case=10 calls=2831 empty=1412 rx_gap_us=0 app_gap_us=0 empty_wait_us=0 recv_max_us=3477 commit_max_us=0 ready_max=0 ready_probes=0[0m
[0;32mI (178503) net_bench: case=10 pcm_frames=0 rate=0 eof=1884 underrun=1883 stack=1260[0m
[0;32mI (178511) net_bench: case=10 second=0 bytes=39936 rssi=-65[0m
[0;32mI (178517) net_bench: case=10 second=1 bytes=40772 rssi=-67[0m
[0;32mI (178524) net_bench: case=10 second=2 bytes=39748 rssi=-80[0m
[0;32mI (178530) net_bench: case=10 second=3 bytes=39748 rssi=-82[0m
[0;32mI (178536) net_bench: case=10 second=4 bytes=40772 rssi=-84[0m
[0;32mI (178542) net_bench: case=10 second=5 bytes=38236 rssi=-83[0m
[0;32mI (178549) net_bench: case=10 second=6 bytes=41260 rssi=-83[0m
[0;32mI (178555) net_bench: case=10 second=7 bytes=40772 rssi=-68[0m
[0;32mI (178561) net_bench: case=10 second=8 bytes=39748 rssi=-66[0m
[0;32mI (178567) net_bench: case=10 second=9 bytes=39260 rssi=-66[0m
[0;32mI (178574) net_bench: case=10 second=10 bytes=36140 rssi=-66[0m
[0;32mI (178580) net_bench: case=10 second=11 bytes=33840 rssi=-84[0m
[0;32mI (178586) net_bench: case=10 second=12 bytes=16896 rssi=-82[0m
[0;32mI (178592) net_bench: case=10 second=13 bytes=12312 rssi=-84[0m
[0;32mI (178599) net_bench: case=10 second=14 bytes=68140 rssi=-84[0m
[0;32mI (178605) net_bench: case=10 second=15 bytes=74720 rssi=-78[0m
[0;32mI (178611) net_bench: case=10 second=16 bytes=39748 rssi=-78[0m
[0;32mI (178618) net_bench: case=10 second=17 bytes=39748 rssi=-65[0m
[0;32mI (178624) net_bench: case=10 second=18 bytes=40284 rssi=-65[0m
[0;32mI (178630) net_bench: case=10 second=19 bytes=40236 rssi=-63[0m
[0;32mI (179638) net_bench: case=11 path=/mp3-320?rate=320 output=0 begin rssi=-64 round=0 fixture=2 variant=3 wait_ms=25 read_limit=1024 batch=4[0m
[0;32mI (199749) net_cpu: case=11 valid=1 total_us=20054509 tasks_before=8 tasks_after=8 snapshot_bytes=1440[0m
[0;32mI (199752) net_cpu: case=11 task=audio id=4 runtime_us=2302252 existed=1[0m
[0;32mI (199758) net_cpu: case=11 task=IDLE id=2 runtime_us=14053529 existed=1[0m
[0;32mI (199766) net_cpu: case=11 task=tiT id=5 runtime_us=2039197 existed=1[0m
[0;32mI (199773) net_cpu: case=11 task=uiT id=1 runtime_us=38438 existed=1[0m
[0;32mI (199780) net_cpu: case=11 task=httpd id=9 runtime_us=92084 existed=1[0m
[0;32mI (199787) net_cpu: case=11 task=ppT id=7 runtime_us=1529631 existed=1[0m
[0;32mI (199794) net_cpu: case=11 task=sys_evt id=6 runtime_us=0 existed=1[0m
[0;32mI (199801) net_cpu: case=11 task=Tmr Svc id=3 runtime_us=0 existed=1[0m
[0;32mI (199810) net_bench: case=11 output=0 wall_us=20026715 bytes=802316 open_us=69412 error=0 rssi=-76 heap_min=12280[0m
[0;32mI (199819) net_bench: case=11 recv_total_us=1682092 recv_positive_us=1429968 recv_empty_us=252124[0m
[0;32mI (199829) net_bench: case=11 cpu_lean=1 gap_metrics_valid=0 heap_is_final=1[0m
[0;32mI (199836) net_bench: case=11 sampled_heap_min=12092 rx_gap_tick_ms=64 wait_calls=1629[0m
[0;32mI (199845) net_bench: case=11 calls=3158 empty=1629 rx_gap_us=0 app_gap_us=0 empty_wait_us=0 recv_max_us=3557 commit_max_us=0 ready_max=0 ready_probes=0[0m
[0;32mI (199859) net_bench: case=11 pcm_frames=0 rate=0 eof=1883 underrun=1882 stack=1260[0m
[0;32mI (199868) net_bench: case=11 second=0 bytes=39936 rssi=-77[0m
[0;32mI (199874) net_bench: case=11 second=1 bytes=40772 rssi=-65[0m
[0;32mI (199880) net_bench: case=11 second=2 bytes=39748 rssi=-65[0m
[0;32mI (199886) net_bench: case=11 second=3 bytes=40772 rssi=-62[0m
[0;32mI (199892) net_bench: case=11 second=4 bytes=39748 rssi=-63[0m
[0;32mI (199899) net_bench: case=11 second=5 bytes=40772 rssi=-64[0m
[0;32mI (199905) net_bench: case=11 second=6 bytes=39260 rssi=-64[0m
[0;32mI (199911) net_bench: case=11 second=7 bytes=40236 rssi=-78[0m
[0;32mI (199917) net_bench: case=11 second=8 bytes=40772 rssi=-77[0m
[0;32mI (199924) net_bench: case=11 second=9 bytes=39748 rssi=-77[0m
[0;32mI (199930) net_bench: case=11 second=10 bytes=39748 rssi=-78[0m
[0;32mI (199936) net_bench: case=11 second=11 bytes=40284 rssi=-66[0m
[0;32mI (199942) net_bench: case=11 second=12 bytes=39748 rssi=-65[0m
[0;32mI (199949) net_bench: case=11 second=13 bytes=40236 rssi=-66[0m
[0;32mI (199956) net_bench: case=11 second=14 bytes=40284 rssi=-65[0m
[0;32mI (199961) net_bench: case=11 second=15 bytes=40236 rssi=-65[0m
[0;32mI (199968) net_bench: case=11 second=16 bytes=39748 rssi=-78[0m
[0;32mI (199974) net_bench: case=11 second=17 bytes=40284 rssi=-76[0m
[0;32mI (199980) net_bench: case=11 second=18 bytes=40236 rssi=-77[0m
[0;32mI (199987) net_bench: case=11 second=19 bytes=39748 rssi=-77[0m
[0;32mI (200994) net_bench: case=12 path=/aac-64?rate=64 output=0 begin rssi=-77 round=0 fixture=3 variant=0 wait_ms=25 read_limit=1024 batch=1[0m
[0;32mI (221115) net_cpu: case=12 valid=1 total_us=20056975 tasks_before=8 tasks_after=8 snapshot_bytes=1440[0m
[0;32mI (221117) net_cpu: case=12 task=audio id=4 runtime_us=1000436 existed=1[0m
[0;32mI (221123) net_cpu: case=12 task=IDLE id=2 runtime_us=17907055 existed=1[0m
[0;32mI (221131) net_cpu: case=12 task=uiT id=1 runtime_us=39483 existed=1[0m
[0;32mI (221139) net_cpu: case=12 task=tiT id=5 runtime_us=514069 existed=1[0m
[0;32mI (221146) net_cpu: case=12 task=httpd id=9 runtime_us=91411 existed=1[0m
[0;32mI (221153) net_cpu: case=12 task=ppT id=7 runtime_us=505751 existed=1[0m
[0;32mI (221160) net_cpu: case=12 task=sys_evt id=6 runtime_us=0 existed=1[0m
[0;32mI (221167) net_cpu: case=12 task=Tmr Svc id=3 runtime_us=0 existed=1[0m
[0;32mI (221176) net_bench: case=12 output=0 wall_us=20029437 bytes=160751 open_us=77038 error=0 rssi=-77 heap_min=14632[0m
[0;32mI (221185) net_bench: case=12 recv_total_us=455602 recv_positive_us=311622 recv_empty_us=143980[0m
[0;32mI (221194) net_bench: case=12 cpu_lean=1 gap_metrics_valid=0 heap_is_final=1[0m
[0;32mI (221202) net_bench: case=12 sampled_heap_min=13780 rx_gap_tick_ms=253 wait_calls=888[0m
[0;32mI (221211) net_bench: case=12 calls=1209 empty=888 rx_gap_us=0 app_gap_us=0 empty_wait_us=0 recv_max_us=2816 commit_max_us=0 ready_max=0 ready_probes=0[0m
[0;32mI (221225) net_bench: case=12 pcm_frames=0 rate=0 eof=1883 underrun=1882 stack=1260[0m
[0;32mI (221233) net_bench: case=12 second=0 bytes=8192 rssi=-64[0m
[0;32mI (221239) net_bench: case=12 second=1 bytes=8245 rssi=-79[0m
[0;32mI (221245) net_bench: case=12 second=2 bytes=8245 rssi=-78[0m
[0;32mI (221251) net_bench: case=12 second=3 bytes=8245 rssi=-81[0m
[0;32mI (221258) net_bench: case=12 second=4 bytes=7221 rssi=-77[0m
[0;32mI (221264) net_bench: case=12 second=5 bytes=8245 rssi=-79[0m
[0;32mI (221270) net_bench: case=12 second=6 bytes=8245 rssi=-65[0m
[0;32mI (221276) net_bench: case=12 second=7 bytes=8245 rssi=-64[0m
[0;32mI (221282) net_bench: case=12 second=8 bytes=8245 rssi=-65[0m
[0;32mI (221288) net_bench: case=12 second=9 bytes=7221 rssi=-65[0m
[0;32mI (221295) net_bench: case=12 second=10 bytes=8245 rssi=-78[0m
[0;32mI (221301) net_bench: case=12 second=11 bytes=8245 rssi=-79[0m
[0;32mI (221307) net_bench: case=12 second=12 bytes=8245 rssi=-79[0m
[0;32mI (221313) net_bench: case=12 second=13 bytes=7221 rssi=-77[0m
[0;32mI (221319) net_bench: case=12 second=14 bytes=8245 rssi=-77[0m
[0;32mI (221326) net_bench: case=12 second=15 bytes=8245 rssi=-79[0m
[0;32mI (221332) net_bench: case=12 second=16 bytes=8245 rssi=-64[0m
[0;32mI (221338) net_bench: case=12 second=17 bytes=8245 rssi=-64[0m
[0;32mI (221344) net_bench: case=12 second=18 bytes=7221 rssi=-77[0m
[0;32mI (221351) net_bench: case=12 second=19 bytes=8245 rssi=-77[0m
[0;32mI (222358) net_bench: case=13 path=/aac-64?rate=64 output=0 begin rssi=-63 round=0 fixture=3 variant=1 wait_ms=25 read_limit=512 batch=1[0m
[0;32mI (242481) net_cpu: case=13 valid=1 total_us=20066778 tasks_before=8 tasks_after=8 snapshot_bytes=1440[0m
[0;32mI (242483) net_cpu: case=13 task=audio id=4 runtime_us=1000138 existed=1[0m
[0;32mI (242489) net_cpu: case=13 task=IDLE id=2 runtime_us=17897379 existed=1[0m
[0;32mI (242496) net_cpu: case=13 task=tiT id=5 runtime_us=528790 existed=1[0m
[0;32mI (242504) net_cpu: case=13 task=uiT id=1 runtime_us=39226 existed=1[0m
[0;32mI (242511) net_cpu: case=13 task=httpd id=9 runtime_us=91198 existed=1[0m
[0;32mI (242518) net_cpu: case=13 task=ppT id=7 runtime_us=511729 existed=1[0m
[0;32mI (242525) net_cpu: case=13 task=sys_evt id=6 runtime_us=0 existed=1[0m
[0;32mI (242532) net_cpu: case=13 task=Tmr Svc id=3 runtime_us=0 existed=1[0m
[0;32mI (242541) net_bench: case=13 output=0 wall_us=20039239 bytes=160751 open_us=69344 error=0 rssi=-77 heap_min=14632[0m
[0;32mI (242550) net_bench: case=13 recv_total_us=481544 recv_positive_us=345186 recv_empty_us=136358[0m
[0;32mI (242559) net_bench: case=13 cpu_lean=1 gap_metrics_valid=0 heap_is_final=1[0m
[0;32mI (242567) net_bench: case=13 sampled_heap_min=13344 rx_gap_tick_ms=234 wait_calls=859[0m
[0;32mI (242576) net_bench: case=13 calls=1286 empty=859 rx_gap_us=0 app_gap_us=0 empty_wait_us=0 recv_max_us=2927 commit_max_us=0 ready_max=0 ready_probes=0[0m
[0;32mI (242590) net_bench: case=13 pcm_frames=0 rate=0 eof=1884 underrun=1883 stack=1260[0m
[0;32mI (242598) net_bench: case=13 second=0 bytes=8192 rssi=-77[0m
[0;32mI (242604) net_bench: case=13 second=1 bytes=8245 rssi=-77[0m
[0;32mI (242610) net_bench: case=13 second=2 bytes=8245 rssi=-64[0m
[0;32mI (242616) net_bench: case=13 second=3 bytes=8245 rssi=-64[0m
[0;32mI (242623) net_bench: case=13 second=4 bytes=7221 rssi=-65[0m
[0;32mI (242629) net_bench: case=13 second=5 bytes=8245 rssi=-77[0m
[0;32mI (242635) net_bench: case=13 second=6 bytes=8245 rssi=-77[0m
[0;32mI (242641) net_bench: case=13 second=7 bytes=8245 rssi=-78[0m
[0;32mI (242647) net_bench: case=13 second=8 bytes=7221 rssi=-78[0m
[0;32mI (242653) net_bench: case=13 second=9 bytes=8245 rssi=-66[0m
[0;32mI (242659) net_bench: case=13 second=10 bytes=8245 rssi=-64[0m
[0;32mI (242666) net_bench: case=13 second=11 bytes=8245 rssi=-65[0m
[0;32mI (242672) net_bench: case=13 second=12 bytes=8245 rssi=-65[0m
[0;32mI (242678) net_bench: case=13 second=13 bytes=7221 rssi=-65[0m
[0;32mI (242684) net_bench: case=13 second=14 bytes=8245 rssi=-63[0m
[0;32mI (242691) net_bench: case=13 second=15 bytes=8245 rssi=-78[0m
[0;32mI (242697) net_bench: case=13 second=16 bytes=8245 rssi=-77[0m
[0;32mI (242704) net_bench: case=13 second=17 bytes=6733 rssi=-77[0m
[0;32mI (242709) net_bench: case=13 second=18 bytes=8733 rssi=-78[0m
[0;32mI (242715) net_bench: case=13 second=19 bytes=8245 rssi=-80[0m
[0;32mI (243723) net_bench: case=14 path=/aac-64?rate=64 output=0 begin rssi=-67 round=0 fixture=3 variant=2 wait_ms=25 read_limit=1536 batch=1[0m
[0;32mI (248058) net_cpu: case=14 valid=1 total_us=4232690 tasks_before=8 tasks_after=8 snapshot_bytes=1440[0m
[0;32mI (248060) net_cpu: case=14 task=audio id=4 runtime_us=194755 existed=1[0m
[0;32mI (248066) net_cpu: case=14 task=IDLE id=2 runtime_us=3837789 existed=1[0m
[0;32mI (248073) net_cpu: case=14 task=uiT id=1 runtime_us=8412 existed=1[0m
[0;32mI (248080) net_cpu: case=14 task=tiT id=5 runtime_us=81158 existed=1[0m
[0;32mI (248087) net_cpu: case=14 task=ppT id=7 runtime_us=91277 existed=1[0m
[0;32mI (248094) net_cpu: case=14 task=httpd id=9 runtime_us=19659 existed=1[0m
[0;32mI (248101) net_cpu: case=14 task=sys_evt id=6 runtime_us=0 existed=1[0m
[0;32mI (248108) net_cpu: case=14 task=Tmr Svc id=3 runtime_us=0 existed=1[0m
[0;32mI (248117) net_bench: case=14 output=0 wall_us=4225138 bytes=26783 open_us=93717 error=-116 rssi=-88 heap_min=13864[0m
[0;32mI (248127) net_bench: case=14 recv_total_us=70692 recv_positive_us=43144 recv_empty_us=27548[0m
[0;32mI (248136) net_bench: case=14 cpu_lean=1 gap_metrics_valid=0 heap_is_final=1[0m
[0;32mI (248143) net_bench: case=14 sampled_heap_min=13672 rx_gap_tick_ms=139 wait_calls=181[0m
[0;32mI (248152) net_bench: case=14 calls=223 empty=181 rx_gap_us=0 app_gap_us=0 empty_wait_us=0 recv_max_us=3273 commit_max_us=0 ready_max=0 ready_probes=0[0m
[0;32mI (248166) net_bench: case=14 pcm_frames=0 rate=0 eof=397 underrun=396 stack=1260[0m
[0;32mI (248174) net_bench: case=14 second=0 bytes=8192 rssi=-66[0m
[0;32mI (248180) net_bench: case=14 second=1 bytes=8245 rssi=-65[0m
[0;32mI (248186) net_bench: case=14 second=2 bytes=8245 rssi=-80[0m
[0;32mI (248192) net_bench: case=14 second=3 bytes=2101 rssi=-83[0m
[0;32mI (248199) net_bench: case=14 second=4 bytes=0 rssi=-90[0m
[0;32mI (248204) net_bench: case=14 second=5 bytes=0 rssi=-127[0m
[0;32mI (248211) net_bench: case=14 second=6 bytes=0 rssi=-127[0m
[0;32mI (248216) net_bench: case=14 second=7 bytes=0 rssi=-127[0m
[0;32mI (248222) net_bench: case=14 second=8 bytes=0 rssi=-127[0m
[0;32mI (248228) net_bench: case=14 second=9 bytes=0 rssi=-127[0m
[0;32mI (248234) net_bench: case=14 second=10 bytes=0 rssi=-127[0m
[0;32mI (248240) net_bench: case=14 second=11 bytes=0 rssi=-127[0m
[0;32mI (248246) net_bench: case=14 second=12 bytes=0 rssi=-127[0m
[0;32mI (248253) net_bench: case=14 second=13 bytes=0 rssi=-127[0m
[0;32mI (248259) net_bench: case=14 second=14 bytes=0 rssi=-127[0m
[0;32mI (248265) net_bench: case=14 second=15 bytes=0 rssi=-127[0m
[0;32mI (248271) net_bench: case=14 second=16 bytes=0 rssi=-127[0m
[0;32mI (248277) net_bench: case=14 second=17 bytes=0 rssi=-127[0m
[0;32mI (248283) net_bench: case=14 second=18 bytes=0 rssi=-127[0m
[0;32mI (248289) net_bench: case=14 second=19 bytes=0 rssi=-127[0m
[0;32mI (249296) net_bench: case=15 path=/aac-64?rate=64 output=0 begin rssi=-80 round=0 fixture=3 variant=3 wait_ms=25 read_limit=1024 batch=4[0m
[0;32mI (251549) net_cpu: case=15 valid=1 total_us=2168021 tasks_before=8 tasks_after=8 snapshot_bytes=1440[0m
[0;32mI (251551) net_cpu: case=15 task=audio id=4 runtime_us=98585 existed=1[0m
[0;32mI (251557) net_cpu: case=15 task=IDLE id=2 runtime_us=1986570 existed=1[0m
[0;32mI (251564) net_cpu: case=15 task=uiT id=1 runtime_us=3941 existed=1[0m
[0;32mI (251571) net_cpu: case=15 task=tiT id=5 runtime_us=31943 existed=1[0m
[0;32mI (251578) net_cpu: case=15 task=httpd id=9 runtime_us=9289 existed=1[0m
[0;32mI (251585) net_cpu: case=15 task=ppT id=7 runtime_us=38976 existed=1[0m
[0;32mI (251592) net_cpu: case=15 task=sys_evt id=6 runtime_us=0 existed=1[0m
[0;32mI (251599) net_cpu: case=15 task=Tmr Svc id=3 runtime_us=0 existed=1[0m
[0;32mI (251608) net_bench: case=15 output=0 wall_us=2164363 bytes=9805 open_us=73432 error=-116 rssi=-67 heap_min=13804[0m
[0;32mI (251617) net_bench: case=15 recv_total_us=27898 recv_positive_us=13117 recv_empty_us=14781[0m
[0;32mI (251626) net_bench: case=15 cpu_lean=1 gap_metrics_valid=0 heap_is_final=1[0m
[0;32mI (251634) net_bench: case=15 sampled_heap_min=13804 rx_gap_tick_ms=538 wait_calls=94[0m
[0;32mI (251642) net_bench: case=15 calls=111 empty=94 rx_gap_us=0 app_gap_us=0 empty_wait_us=0 recv_max_us=1563 commit_max_us=0 ready_max=0 ready_probes=0[0m
[0;32mI (251657) net_bench: case=15 pcm_frames=0 rate=0 eof=203 underrun=202 stack=1260[0m
[0;32mI (251665) net_bench: case=15 second=0 bytes=8192 rssi=-72[0m
[0;32mI (251671) net_bench: case=15 second=1 bytes=1613 rssi=-67[0m
[0;32mI (251677) net_bench: case=15 second=2 bytes=0 rssi=-67[0m
[0;32mI (251683) net_bench: case=15 second=3 bytes=0 rssi=-127[0m
[0;32mI (251689) net_bench: case=15 second=4 bytes=0 rssi=-127[0m
[0;32mI (251695) net_bench: case=15 second=5 bytes=0 rssi=-127[0m
[0;32mI (251701) net_bench: case=15 second=6 bytes=0 rssi=-127[0m
[0;32mI (251707) net_bench: case=15 second=7 bytes=0 rssi=-127[0m
[0;32mI (251713) net_bench: case=15 second=8 bytes=0 rssi=-127[0m
[0;32mI (251719) net_bench: case=15 second=9 bytes=0 rssi=-127[0m
[0;32mI (251725) net_bench: case=15 second=10 bytes=0 rssi=-127[0m
[0;32mI (251731) net_bench: case=15 second=11 bytes=0 rssi=-127[0m
[0;32mI (251737) net_bench: case=15 second=12 bytes=0 rssi=-127[0m
[0;32mI (251743) net_bench: case=15 second=13 bytes=0 rssi=-127[0m
[0;32mI (251749) net_bench: case=15 second=14 bytes=0 rssi=-127[0m
[0;32mI (251755) net_bench: case=15 second=15 bytes=0 rssi=-127[0m
[0;32mI (251761) net_bench: case=15 second=16 bytes=0 rssi=-127[0m
[0;32mI (251767) net_bench: case=15 second=17 bytes=0 rssi=-127[0m
[0;32mI (251773) net_bench: case=15 second=18 bytes=0 rssi=-127[0m
[0;32mI (251779) net_bench: case=15 second=19 bytes=0 rssi=-127[0m
[0;32mI (252786) net_bench: case=16 path=/mp3-320?rate=0 output=0 begin rssi=-87 round=1 fixture=0 variant=1 wait_ms=25 read_limit=512 batch=1[0m
[0;32mI (254489) net_cpu: case=16 valid=1 total_us=1617005 tasks_before=8 tasks_after=8 snapshot_bytes=1440[0m
[0;32mI (254491) net_cpu: case=16 task=audio id=4 runtime_us=115753 existed=1[0m
[0;32mI (254497) net_cpu: case=16 task=IDLE id=2 runtime_us=1323086 existed=1[0m
[0;32mI (254504) net_cpu: case=16 task=uiT id=1 runtime_us=3082 existed=1[0m
[0;32mI (254511) net_cpu: case=16 task=tiT id=5 runtime_us=93395 existed=1[0m
[0;32mI (254518) net_cpu: case=16 task=httpd id=9 runtime_us=7024 existed=1[0m
[0;32mI (254525) net_cpu: case=16 task=ppT id=7 runtime_us=76424 existed=1[0m
[0;32mI (254532) net_cpu: case=16 task=sys_evt id=6 runtime_us=0 existed=1[0m
[0;32mI (254539) net_cpu: case=16 task=Tmr Svc id=3 runtime_us=0 existed=1[0m
[0;32mI (254548) net_bench: case=16 output=0 wall_us=1612232 bytes=38200 open_us=74394 error=-116 rssi=-90 heap_min=12944[0m
[0;32mI (254557) net_bench: case=16 recv_total_us=101307 recv_positive_us=87616 recv_empty_us=13691[0m
[0;32mI (254567) net_bench: case=16 cpu_lean=1 gap_metrics_valid=0 heap_is_final=1[0m
[0;32mI (254574) net_bench: case=16 sampled_heap_min=11608 rx_gap_tick_ms=303 wait_calls=77[0m
[0;32mI (254583) net_bench: case=16 calls=186 empty=77 rx_gap_us=0 app_gap_us=0 empty_wait_us=0 recv_max_us=2726 commit_max_us=0 ready_max=0 ready_probes=0[0m
[0;32mI (254597) net_bench: case=16 pcm_frames=0 rate=0 eof=152 underrun=151 stack=1260[0m
[0;32mI (254605) net_bench: case=16 second=0 bytes=38200 rssi=-67[0m
[0;32mI (254611) net_bench: case=16 second=1 bytes=0 rssi=-67[0m
[0;32mI (254617) net_bench: case=16 second=2 bytes=0 rssi=-127[0m
[0;32mI (254623) net_bench: case=16 second=3 bytes=0 rssi=-127[0m
[0;32mI (254629) net_bench: case=16 second=4 bytes=0 rssi=-127[0m
[0;32mI (254635) net_bench: case=16 second=5 bytes=0 rssi=-127[0m
[0;32mI (254641) net_bench: case=16 second=6 bytes=0 rssi=-127[0m
[0;32mI (254647) net_bench: case=16 second=7 bytes=0 rssi=-127[0m
[0;32mI (254653) net_bench: case=16 second=8 bytes=0 rssi=-127[0m
[0;32mI (254659) net_bench: case=16 second=9 bytes=0 rssi=-127[0m
[0;32mI (254665) net_bench: case=16 second=10 bytes=0 rssi=-127[0m
[0;32mI (254671) net_bench: case=16 second=11 bytes=0 rssi=-127[0m
[0;32mI (254677) net_bench: case=16 second=12 bytes=0 rssi=-127[0m
[0;32mI (254683) net_bench: case=16 second=13 bytes=0 rssi=-127[0m
[0;32mI (254689) net_bench: case=16 second=14 bytes=0 rssi=-127[0m
[0;32mI (254695) net_bench: case=16 second=15 bytes=0 rssi=-127[0m
[0;32mI (254701) net_bench: case=16 second=16 bytes=0 rssi=-127[0m
[0;32mI (254707) net_bench: case=16 second=17 bytes=0 rssi=-127[0m
[0;32mI (254713) net_bench: case=16 second=18 bytes=0 rssi=-127[0m
[0;32mI (254719) net_bench: case=16 second=19 bytes=0 rssi=-127[0m
[0;33mW (255726) net_bench: recovery begin next_case=17 consecutive_failures=3[0m
[0;33mW (286059) net_bench: recovery complete next_case=17 elapsed_ms=30265 rssi=-67[0m
[0;32mI (286061) net_bench: case=17 path=/mp3-320?rate=0 output=0 begin rssi=-67 round=1 fixture=0 variant=2 wait_ms=25 read_limit=1536 batch=1[0m
[0;32mI (298200) net_cpu: case=17 valid=1 total_us=6205284 tasks_before=8 tasks_after=8 snapshot_bytes=1440[0m
[0;32mI (298202) net_cpu: case=17 task=audio id=4 runtime_us=379730 existed=1[0m
[0;32mI (298208) net_cpu: case=17 task=IDLE id=2 runtime_us=5371147 existed=1[0m
[0;32mI (298215) net_cpu: case=17 task=uiT id=1 runtime_us=12543 existed=1[0m
[0;32mI (298222) net_cpu: case=17 task=tiT id=5 runtime_us=213209 existed=1[0m
[0;32mI (298229) net_cpu: case=17 task=ppT id=7 runtime_us=201496 existed=1[0m
[0;32mI (298237) net_cpu: case=17 task=httpd id=9 runtime_us=28873 existed=1[0m
[0;32mI (298244) net_cpu: case=17 task=Tmr Svc id=3 runtime_us=0 existed=1[0m
[0;32mI (298251) net_cpu: case=17 task=sys_evt id=6 runtime_us=0 existed=1[0m
[0;32mI (298259) net_bench: case=17 output=0 wall_us=6196226 bytes=85672 open_us=5923300 error=-116 rssi=-67 heap_min=11588[0m
[0;32mI (298269) net_bench: case=17 recv_total_us=164695 recv_positive_us=108765 recv_empty_us=55930[0m
[0;32mI (298278) net_bench: case=17 cpu_lean=1 gap_metrics_valid=0 heap_is_final=1[0m
[0;32mI (298286) net_bench: case=17 sampled_heap_min=10920 rx_gap_tick_ms=503 wait_calls=328[0m
[0;32mI (298294) net_bench: case=17 calls=460 empty=328 rx_gap_us=0 app_gap_us=0 empty_wait_us=0 recv_max_us=3120 commit_max_us=0 ready_max=0 ready_probes=0[0m
[0;32mI (298309) net_bench: case=17 pcm_frames=0 rate=0 eof=582 underrun=581 stack=1260[0m
[0;32mI (298317) net_bench: case=17 second=0 bytes=2312 rssi=-86[0m
[0;32mI (298323) net_bench: case=17 second=1 bytes=1608 rssi=-67[0m
[0;32mI (298329) net_bench: case=17 second=2 bytes=5360 rssi=-67[0m
[0;32mI (298335) net_bench: case=17 second=3 bytes=9872 rssi=-86[0m
[0;32mI (298341) net_bench: case=17 second=4 bytes=43712 rssi=-68[0m
[0;32mI (298347) net_bench: case=17 second=5 bytes=22808 rssi=-68[0m
[0;32mI (298354) net_bench: case=17 second=6 bytes=0 rssi=-67[0m
[0;32mI (298360) net_bench: case=17 second=7 bytes=0 rssi=-127[0m
[0;32mI (298366) net_bench: case=17 second=8 bytes=0 rssi=-127[0m
[0;32mI (298371) net_bench: case=17 second=9 bytes=0 rssi=-127[0m
[0;32mI (298377) net_bench: case=17 second=10 bytes=0 rssi=-127[0m
[0;32mI (298384) net_bench: case=17 second=11 bytes=0 rssi=-127[0m
[0;32mI (298390) net_bench: case=17 second=12 bytes=0 rssi=-127[0m
[0;32mI (298396) net_bench: case=17 second=13 bytes=0 rssi=-127[0m
[0;32mI (298402) net_bench: case=17 second=14 bytes=0 rssi=-127[0m
[0;32mI (298408) net_bench: case=17 second=15 bytes=0 rssi=-127[0m
[0;32mI (298414) net_bench: case=17 second=16 bytes=0 rssi=-127[0m
[0;32mI (298420) net_bench: case=17 second=17 bytes=0 rssi=-127[0m
[0;32mI (298426) net_bench: case=17 second=18 bytes=0 rssi=-127[0m
[0;32mI (298432) net_bench: case=17 second=19 bytes=0 rssi=-127[0m
[0;32mI (299439) net_bench: case=18 path=/mp3-320?rate=0 output=0 begin rssi=-66 round=1 fixture=0 variant=3 wait_ms=25 read_limit=1024 batch=4[0m
[0;32mI (302257) net_cpu: case=18 valid=1 total_us=1722910 tasks_before=8 tasks_after=8 snapshot_bytes=1440[0m
[0;32mI (302259) net_cpu: case=18 task=audio id=4 runtime_us=80432 existed=1[0m
[0;32mI (302265) net_cpu: case=18 task=IDLE id=2 runtime_us=1565230 existed=1[0m
[0;32mI (302272) net_cpu: case=18 task=uiT id=1 runtime_us=3474 existed=1[0m
[0;32mI (302279) net_cpu: case=18 task=tiT id=5 runtime_us=32543 existed=1[0m
[0;32mI (302286) net_cpu: case=18 task=ppT id=7 runtime_us=34950 existed=1[0m
[0;32mI (302293) net_cpu: case=18 task=httpd id=9 runtime_us=7992 existed=1[0m
[0;32mI (302300) net_cpu: case=18 task=Tmr Svc id=3 runtime_us=0 existed=1[0m
[0;32mI (302307) net_cpu: case=18 task=sys_evt id=6 runtime_us=0 existed=1[0m
[0;32mI (302316) net_bench: case=18 output=0 wall_us=1719843 bytes=11128 open_us=1083601 error=-116 rssi=-80 heap_min=10596[0m
[0;32mI (302326) net_bench: case=18 recv_total_us=27868 recv_positive_us=15401 recv_empty_us=12467[0m
[0;32mI (302335) net_bench: case=18 cpu_lean=1 gap_metrics_valid=0 heap_is_final=1[0m
[0;32mI (302342) net_bench: case=18 sampled_heap_min=8588 rx_gap_tick_ms=328 wait_calls=75[0m
[0;32mI (302351) net_bench: case=18 calls=92 empty=75 rx_gap_us=0 app_gap_us=0 empty_wait_us=0 recv_max_us=1295 commit_max_us=0 ready_max=0 ready_probes=0[0m
[0;32mI (302365) net_bench: case=18 pcm_frames=0 rate=0 eof=162 underrun=161 stack=1260[0m
[0;32mI (302373) net_bench: case=18 second=0 bytes=11128 rssi=-66[0m
[0;32mI (302379) net_bench: case=18 second=1 bytes=0 rssi=-83[0m
[0;32mI (302385) net_bench: case=18 second=2 bytes=0 rssi=-127[0m
[0;32mI (302392) net_bench: case=18 second=3 bytes=0 rssi=-127[0m
[0;32mI (302398) net_bench: case=18 second=4 bytes=0 rssi=-127[0m
[0;32mI (302404) net_bench: case=18 second=5 bytes=0 rssi=-127[0m
[0;32mI (302410) net_bench: case=18 second=6 bytes=0 rssi=-127[0m
[0;32mI (302416) net_bench: case=18 second=7 bytes=0 rssi=-127[0m
[0;32mI (302422) net_bench: case=18 second=8 bytes=0 rssi=-127[0m
[0;32mI (302428) net_bench: case=18 second=9 bytes=0 rssi=-127[0m
[0;32mI (302434) net_bench: case=18 second=10 bytes=0 rssi=-127[0m
[0;32mI (302440) net_bench: case=18 second=11 bytes=0 rssi=-127[0m
[0;32mI (302446) net_bench: case=18 second=12 bytes=0 rssi=-127[0m
[0;32mI (302452) net_bench: case=18 second=13 bytes=0 rssi=-127[0m
[0;32mI (302458) net_bench: case=18 second=14 bytes=0 rssi=-127[0m
[0;32mI (302464) net_bench: case=18 second=15 bytes=0 rssi=-127[0m
[0;32mI (302470) net_bench: case=18 second=16 bytes=0 rssi=-127[0m
[0;32mI (302476) net_bench: case=18 second=17 bytes=0 rssi=-127[0m
[0;32mI (302482) net_bench: case=18 second=18 bytes=0 rssi=-127[0m
[0;32mI (302488) net_bench: case=18 second=19 bytes=0 rssi=-127[0m
[0;32mI (303495) net_bench: case=19 path=/mp3-320?rate=0 output=0 begin rssi=-82 round=1 fixture=0 variant=0 wait_ms=25 read_limit=1024 batch=1[0m
[0;32mI (324644) net_cpu: case=19 valid=1 total_us=20074152 tasks_before=8 tasks_after=8 snapshot_bytes=1440[0m
[0;32mI (324648) net_cpu: case=19 task=audio id=4 runtime_us=3468334 existed=1[0m
[0;32mI (324653) net_cpu: case=19 task=IDLE id=2 runtime_us=11135939 existed=1[0m
[0;32mI (324660) net_cpu: case=19 task=uiT id=1 runtime_us=40205 existed=1[0m
[0;32mI (324667) net_cpu: case=19 task=tiT id=5 runtime_us=3055980 existed=1[0m
[0;32mI (324674) net_cpu: case=19 task=httpd id=9 runtime_us=91729 existed=1[0m
[0;32mI (324681) net_cpu: case=19 task=ppT id=7 runtime_us=2283580 existed=1[0m
[0;32mI (324689) net_cpu: case=19 task=Tmr Svc id=3 runtime_us=0 existed=1[0m
[0;32mI (324696) net_cpu: case=19 task=sys_evt id=6 runtime_us=0 existed=1[0m
[0;32mI (324704) net_bench: case=19 output=0 wall_us=20046218 bytes=1441760 open_us=1088517 error=0 rssi=-68 heap_min=10328[0m
[0;32mI (324714) net_bench: case=19 recv_total_us=2624197 recv_positive_us=2120335 recv_empty_us=503862[0m
[0;32mI (324723) net_bench: case=19 cpu_lean=1 gap_metrics_valid=0 heap_is_final=1[0m
[0;32mI (324731) net_bench: case=19 sampled_heap_min=8716 rx_gap_tick_ms=338 wait_calls=2267[0m
[0;32mI (324740) net_bench: case=19 calls=4906 empty=2267 rx_gap_us=0 app_gap_us=0 empty_wait_us=0 recv_max_us=2647 commit_max_us=0 ready_max=0 ready_probes=0[0m
[0;32mI (324754) net_bench: case=19 pcm_frames=0 rate=0 eof=1885 underrun=1884 stack=1260[0m
[0;32mI (324762) net_bench: case=19 second=0 bytes=33936 rssi=-66[0m
[0;32mI (324768) net_bench: case=19 second=1 bytes=65688 rssi=-67[0m
[0;32mI (324775) net_bench: case=19 second=2 bytes=74512 rssi=-84[0m
[0;32mI (324781) net_bench: case=19 second=3 bytes=55504 rssi=-82[0m
[0;32mI (324787) net_bench: case=19 second=4 bytes=46096 rssi=-83[0m
[0;32mI (324793) net_bench: case=19 second=5 bytes=119880 rssi=-82[0m
[0;32mI (324800) net_bench: case=19 second=6 bytes=86352 rssi=-85[0m
[0;32mI (324806) net_bench: case=19 second=7 bytes=126848 rssi=-70[0m
[0;32mI (324812) net_bench: case=19 second=8 bytes=80696 rssi=-67[0m
[0;32mI (324818) net_bench: case=19 second=9 bytes=61696 rssi=-69[0m
[0;32mI (324825) net_bench: case=19 second=10 bytes=64136 rssi=-67[0m
[0;32mI (324831) net_bench: case=19 second=11 bytes=84752 rssi=-68[0m
[0;32mI (324837) net_bench: case=19 second=12 bytes=70032 rssi=-84[0m
[0;32mI (324844) net_bench: case=19 second=13 bytes=54192 rssi=-81[0m
[0;32mI (324850) net_bench: case=19 second=14 bytes=70816 rssi=-66[0m
[0;32mI (324856) net_bench: case=19 second=15 bytes=64032 rssi=-80[0m
[0;32mI (324863) net_bench: case=19 second=16 bytes=93808 rssi=-69[0m
[0;32mI (324869) net_bench: case=19 second=17 bytes=47952 rssi=-67[0m
[0;32mI (324875) net_bench: case=19 second=18 bytes=54184 rssi=-68[0m
[0;32mI (324882) net_bench: case=19 second=19 bytes=86648 rssi=-67[0m
[0;32mI (325889) net_bench: case=20 path=/mp3-128?rate=128 output=0 begin rssi=-67 round=1 fixture=1 variant=1 wait_ms=25 read_limit=512 batch=1[0m
[0;32mI (332666) net_cpu: case=20 valid=1 total_us=6682534 tasks_before=8 tasks_after=8 snapshot_bytes=1440[0m
[0;32mI (332668) net_cpu: case=20 task=audio id=4 runtime_us=429860 existed=1[0m
[0;32mI (332674) net_cpu: case=20 task=IDLE id=2 runtime_us=5698049 existed=1[0m
[0;32mI (332681) net_cpu: case=20 task=tiT id=5 runtime_us=272052 existed=1[0m
[0;32mI (332688) net_cpu: case=20 task=uiT id=1 runtime_us=12899 existed=1[0m
[0;32mI (332696) net_cpu: case=20 task=httpd id=9 runtime_us=30413 existed=1[0m
[0;32mI (332702) net_cpu: case=20 task=ppT id=7 runtime_us=239854 existed=1[0m
[0;32mI (332710) net_cpu: case=20 task=Tmr Svc id=3 runtime_us=0 existed=1[0m
[0;32mI (332717) net_cpu: case=20 task=sys_evt id=6 runtime_us=0 existed=1[0m
[0;32mI (332725) net_bench: case=20 output=0 wall_us=6672854 bytes=91294 open_us=88317 error=-116 rssi=-87 heap_min=12148[0m
[0;32mI (332735) net_bench: case=20 recv_total_us=248528 recv_positive_us=193381 recv_empty_us=55147[0m
[0;32mI (332744) net_bench: case=20 cpu_lean=1 gap_metrics_valid=0 heap_is_final=1[0m
[0;32mI (332752) net_bench: case=20 sampled_heap_min=10912 rx_gap_tick_ms=146 wait_calls=339[0m
[0;32mI (332760) net_bench: case=20 calls=587 empty=339 rx_gap_us=0 app_gap_us=0 empty_wait_us=0 recv_max_us=2817 commit_max_us=0 ready_max=0 ready_probes=0[0m
[0;32mI (332774) net_bench: case=20 pcm_frames=0 rate=0 eof=628 underrun=627 stack=1260[0m
[0;32mI (332782) net_bench: case=20 second=0 bytes=16384 rssi=-83[0m
[0;32mI (332789) net_bench: case=20 second=1 bytes=15694 rssi=-82[0m
[0;32mI (332795) net_bench: case=20 second=2 bytes=16718 rssi=-84[0m
[0;32mI (332801) net_bench: case=20 second=3 bytes=15694 rssi=-68[0m
[0;32mI (332807) net_bench: case=20 second=4 bytes=15694 rssi=-68[0m
[0;32mI (332814) net_bench: case=20 second=5 bytes=11110 rssi=-68[0m
[0;32mI (332820) net_bench: case=20 second=6 bytes=0 rssi=-67[0m
[0;32mI (332826) net_bench: case=20 second=7 bytes=0 rssi=-127[0m
[0;32mI (332832) net_bench: case=20 second=8 bytes=0 rssi=-127[0m
[0;32mI (332838) net_bench: case=20 second=9 bytes=0 rssi=-127[0m
[0;32mI (332844) net_bench: case=20 second=10 bytes=0 rssi=-127[0m
[0;32mI (332850) net_bench: case=20 second=11 bytes=0 rssi=-127[0m
[0;32mI (332856) net_bench: case=20 second=12 bytes=0 rssi=-127[0m
[0;32mI (332862) net_bench: case=20 second=13 bytes=0 rssi=-127[0m
[0;32mI (332868) net_bench: case=20 second=14 bytes=0 rssi=-127[0m
[0;32mI (332874) net_bench: case=20 second=15 bytes=0 rssi=-127[0m
[0;32mI (332880) net_bench: case=20 second=16 bytes=0 rssi=-127[0m
[0;32mI (332886) net_bench: case=20 second=17 bytes=0 rssi=-127[0m
[0;32mI (332892) net_bench: case=20 second=18 bytes=0 rssi=-127[0m
[0;32mI (332898) net_bench: case=20 second=19 bytes=0 rssi=-127[0m
[0;32mI (333905) net_bench: case=21 path=/mp3-128?rate=128 output=0 begin rssi=-68 round=1 fixture=1 variant=2 wait_ms=25 read_limit=1536 batch=1[0m
[0;32mI (350025) net_cpu: case=21 valid=1 total_us=1000416 tasks_before=8 tasks_after=8 snapshot_bytes=1440[0m
[0;32mI (350027) net_cpu: case=21 task=audio id=4 runtime_us=39885 existed=1[0m
[0;32mI (350033) net_cpu: case=21 task=IDLE id=2 runtime_us=937168 existed=1[0m
[0;32mI (350040) net_cpu: case=21 task=tiT id=5 runtime_us=6282 existed=1[0m
[0;32mI (350047) net_cpu: case=21 task=uiT id=1 runtime_us=2041 existed=1[0m
[0;32mI (350054) net_cpu: case=21 task=httpd id=9 runtime_us=4608 existed=1[0m
[0;32mI (350061) net_cpu: case=21 task=ppT id=7 runtime_us=12149 existed=1[0m
[0;32mI (350068) net_cpu: case=21 task=Tmr Svc id=3 runtime_us=0 existed=1[0m
[0;32mI (350075) net_cpu: case=21 task=sys_evt id=6 runtime_us=0 existed=1[0m
[0;32mI (350085) net_bench: case=21 output=0 wall_us=998317 bytes=411 open_us=15106482 error=-116 rssi=-87 heap_min=12912[0m
[0;32mI (350093) net_bench: case=21 recv_total_us=6227 recv_positive_us=0 recv_empty_us=6227[0m
[0;32mI (350102) net_bench: case=21 cpu_lean=1 gap_metrics_valid=0 heap_is_final=1[0m
[0;32mI (350109) net_bench: case=21 sampled_heap_min=12912 rx_gap_tick_ms=0 wait_calls=40[0m
[0;32mI (350118) net_bench: case=21 calls=40 empty=40 rx_gap_us=0 app_gap_us=0 empty_wait_us=0 recv_max_us=189 commit_max_us=0 ready_max=0 ready_probes=0[0m
[0;32mI (350132) net_bench: case=21 pcm_frames=0 rate=0 eof=94 underrun=93 stack=1212[0m
[0;32mI (350139) net_bench: case=21 second=0 bytes=411 rssi=-68[0m
[0;32mI (350146) net_bench: case=21 second=1 bytes=0 rssi=-127[0m
[0;32mI (350151) net_bench: case=21 second=2 bytes=0 rssi=-127[0m
[0;32mI (350158) net_bench: case=21 second=3 bytes=0 rssi=-127[0m
[0;32mI (350163) net_bench: case=21 second=4 bytes=0 rssi=-127[0m
[0;32mI (350169) net_bench: case=21 second=5 bytes=0 rssi=-127[0m
[0;32mI (350175) net_bench: case=21 second=6 bytes=0 rssi=-127[0m
[0;32mI (350181) net_bench: case=21 second=7 bytes=0 rssi=-127[0m
[0;32mI (350187) net_bench: case=21 second=8 bytes=0 rssi=-127[0m
[0;32mI (350193) net_bench: case=21 second=9 bytes=0 rssi=-127[0m
[0;32mI (350199) net_bench: case=21 second=10 bytes=0 rssi=-127[0m
[0;32mI (350205) net_bench: case=21 second=11 bytes=0 rssi=-127[0m
[0;32mI (350211) net_bench: case=21 second=12 bytes=0 rssi=-127[0m
[0;32mI (350217) net_bench: case=21 second=13 bytes=0 rssi=-127[0m
[0;32mI (350223) net_bench: case=21 second=14 bytes=0 rssi=-127[0m
[0;32mI (350230) net_bench: case=21 second=15 bytes=0 rssi=-127[0m
[0;32mI (350236) net_bench: case=21 second=16 bytes=0 rssi=-127[0m
[0;32mI (350242) net_bench: case=21 second=17 bytes=0 rssi=-127[0m
[0;32mI (350248) net_bench: case=21 second=18 bytes=0 rssi=-127[0m
[0;32mI (350254) net_bench: case=21 second=19 bytes=0 rssi=-127[0m
[0;32mI (351261) net_bench: case=22 path=/mp3-128?rate=128 output=0 begin rssi=-68 round=1 fixture=1 variant=3 wait_ms=25 read_limit=1024 batch=4[0m
[0;32mI (371378) net_cpu: case=22 valid=1 total_us=20055648 tasks_before=8 tasks_after=8 snapshot_bytes=1440[0m
[0;32mI (371382) net_cpu: case=22 task=audio id=4 runtime_us=1428240 existed=1[0m
[0;32mI (371388) net_cpu: case=22 task=IDLE id=2 runtime_us=16825917 existed=1[0m
[0;32mI (371396) net_cpu: case=22 task=uiT id=1 runtime_us=38602 existed=1[0m
[0;32mI (371403) net_cpu: case=22 task=tiT id=5 runtime_us=898548 existed=1[0m
[0;32mI (371411) net_cpu: case=22 task=httpd id=9 runtime_us=90892 existed=1[0m
[0;32mI (371418) net_cpu: case=22 task=ppT id=7 runtime_us=775099 existed=1[0m
[0;32mI (371425) net_cpu: case=22 task=Tmr Svc id=3 runtime_us=0 existed=1[0m
[0;32mI (371432) net_cpu: case=22 task=sys_evt id=6 runtime_us=0 existed=1[0m
[0;32mI (371440) net_bench: case=22 output=0 wall_us=20028043 bytes=320714 open_us=74213 error=0 rssi=-84 heap_min=12276[0m
[0;32mI (371450) net_bench: case=22 recv_total_us=722207 recv_positive_us=519777 recv_empty_us=202430[0m
[0;32mI (371459) net_bench: case=22 cpu_lean=1 gap_metrics_valid=0 heap_is_final=1[0m
[0;32mI (371467) net_bench: case=22 sampled_heap_min=11624 rx_gap_tick_ms=434 wait_calls=1178[0m
[0;32mI (371476) net_bench: case=22 calls=1773 empty=1178 rx_gap_us=0 app_gap_us=0 empty_wait_us=0 recv_max_us=3951 commit_max_us=0 ready_max=0 ready_probes=0[0m
[0;32mI (371490) net_bench: case=22 pcm_frames=0 rate=0 eof=1883 underrun=1882 stack=1212[0m
[0;32mI (371498) net_bench: case=22 second=0 bytes=16384 rssi=-84[0m
[0;32mI (371504) net_bench: case=22 second=1 bytes=15694 rssi=-84[0m
[0;32mI (371511) net_bench: case=22 second=2 bytes=16718 rssi=-83[0m
[0;32mI (371517) net_bench: case=22 second=3 bytes=14670 rssi=-68[0m
[0;32mI (371523) net_bench: case=22 second=4 bytes=16718 rssi=-67[0m
[0;32mI (371529) net_bench: case=22 second=5 bytes=16718 rssi=-67[0m
[0;32mI (371536) net_bench: case=22 second=6 bytes=14182 rssi=-67[0m
[0;32mI (371542) net_bench: case=22 second=7 bytes=17206 rssi=-81[0m
[0;32mI (371548) net_bench: case=22 second=8 bytes=16718 rssi=-68[0m
[0;32mI (371554) net_bench: case=22 second=9 bytes=15694 rssi=-82[0m
[0;32mI (371561) net_bench: case=22 second=10 bytes=15694 rssi=-82[0m
[0;32mI (371567) net_bench: case=22 second=11 bytes=16718 rssi=-81[0m
[0;32mI (371573) net_bench: case=22 second=12 bytes=15694 rssi=-69[0m
[0;32mI (371579) net_bench: case=22 second=13 bytes=15694 rssi=-67[0m
[0;32mI (371586) net_bench: case=22 second=14 bytes=16718 rssi=-67[0m
[0;32mI (371592) net_bench: case=22 second=15 bytes=15694 rssi=-68[0m
[0;32mI (371598) net_bench: case=22 second=16 bytes=15694 rssi=-70[0m
[0;32mI (371605) net_bench: case=22 second=17 bytes=16718 rssi=-83[0m
[0;32mI (371611) net_bench: case=22 second=18 bytes=15694 rssi=-82[0m
[0;32mI (371617) net_bench: case=22 second=19 bytes=15694 rssi=-82[0m
[0;32mI (372625) net_bench: case=23 path=/mp3-128?rate=128 output=0 begin rssi=-84 round=1 fixture=1 variant=0 wait_ms=25 read_limit=1024 batch=1[0m
[0;32mI (373727) net_cpu: case=23 valid=1 total_us=1001171 tasks_before=8 tasks_after=8 snapshot_bytes=1440[0m
[0;32mI (373729) net_cpu: case=23 task=audio id=4 runtime_us=40075 existed=1[0m
[0;32mI (373735) net_cpu: case=23 task=IDLE id=2 runtime_us=933541 existed=1[0m
[0;32mI (373742) net_cpu: case=23 task=uiT id=1 runtime_us=2006 existed=1[0m
[0;32mI (373749) net_cpu: case=23 task=tiT id=5 runtime_us=8575 existed=1[0m
[0;32mI (373756) net_cpu: case=23 task=httpd id=9 runtime_us=4633 existed=1[0m
[0;32mI (373763) net_cpu: case=23 task=ppT id=7 runtime_us=14061 existed=1[0m
[0;32mI (373770) net_cpu: case=23 task=Tmr Svc id=3 runtime_us=0 existed=1[0m
[0;32mI (373777) net_cpu: case=23 task=sys_evt id=6 runtime_us=0 existed=1[0m
[0;32mI (373786) net_bench: case=23 output=0 wall_us=999073 bytes=411 open_us=88335 error=-116 rssi=-66 heap_min=12916[0m
[0;32mI (373795) net_bench: case=23 recv_total_us=6334 recv_positive_us=0 recv_empty_us=6334[0m
[0;32mI (373803) net_bench: case=23 cpu_lean=1 gap_metrics_valid=0 heap_is_final=1[0m
[0;32mI (373811) net_bench: case=23 sampled_heap_min=12708 rx_gap_tick_ms=0 wait_calls=40[0m
[0;32mI (373819) net_bench: case=23 calls=40 empty=40 rx_gap_us=0 app_gap_us=0 empty_wait_us=0 recv_max_us=189 commit_max_us=0 ready_max=0 ready_probes=0[0m
[0;32mI (373833) net_bench: case=23 pcm_frames=0 rate=0 eof=94 underrun=93 stack=1212[0m
[0;32mI (373841) net_bench: case=23 second=0 bytes=411 rssi=-66[0m
[0;32mI (373847) net_bench: case=23 second=1 bytes=0 rssi=-127[0m
[0;32mI (373853) net_bench: case=23 second=2 bytes=0 rssi=-127[0m
[0;32mI (373859) net_bench: case=23 second=3 bytes=0 rssi=-127[0m
[0;32mI (373865) net_bench: case=23 second=4 bytes=0 rssi=-127[0m
[0;32mI (373871) net_bench: case=23 second=5 bytes=0 rssi=-127[0m
[0;32mI (373877) net_bench: case=23 second=6 bytes=0 rssi=-127[0m
[0;32mI (373883) net_bench: case=23 second=7 bytes=0 rssi=-127[0m
[0;32mI (373889) net_bench: case=23 second=8 bytes=0 rssi=-127[0m
[0;32mI (373895) net_bench: case=23 second=9 bytes=0 rssi=-127[0m
[0;32mI (373901) net_bench: case=23 second=10 bytes=0 rssi=-127[0m
[0;32mI (373907) net_bench: case=23 second=11 bytes=0 rssi=-127[0m
[0;32mI (373913) net_bench: case=23 second=12 bytes=0 rssi=-127[0m
[0;32mI (373919) net_bench: case=23 second=13 bytes=0 rssi=-127[0m
[0;32mI (373925) net_bench: case=23 second=14 bytes=0 rssi=-127[0m
[0;32mI (373931) net_bench: case=23 second=15 bytes=0 rssi=-127[0m
[0;32mI (373937) net_bench: case=23 second=16 bytes=0 rssi=-127[0m
[0;32mI (373943) net_bench: case=23 second=17 bytes=0 rssi=-127[0m
[0;32mI (373949) net_bench: case=23 second=18 bytes=0 rssi=-127[0m
[0;32mI (373956) net_bench: case=23 second=19 bytes=0 rssi=-127[0m
[0;32mI (374963) net_bench: case=24 path=/mp3-320?rate=320 output=0 begin rssi=-67 round=1 fixture=2 variant=1 wait_ms=25 read_limit=512 batch=1[0m
[0;32mI (390735) net_cpu: case=24 valid=1 total_us=8128795 tasks_before=8 tasks_after=8 snapshot_bytes=1440[0m
[0;32mI (390737) net_cpu: case=24 task=audio id=4 runtime_us=325734 existed=1[0m
[0;32mI (390743) net_cpu: case=24 task=IDLE id=2 runtime_us=7560688 existed=1[0m
[0;32mI (390750) net_cpu: case=24 task=uiT id=1 runtime_us=15666 existed=1[0m
[0;32mI (390757) net_cpu: case=24 task=tiT id=5 runtime_us=79280 existed=1[0m
[0;32mI (390764) net_cpu: case=24 task=httpd id=9 runtime_us=36697 existed=1[0m
[0;32mI (390771) net_cpu: case=24 task=ppT id=7 runtime_us=112453 existed=1[0m
[0;32mI (390778) net_cpu: case=24 task=Tmr Svc id=3 runtime_us=0 existed=1[0m
[0;32mI (390786) net_cpu: case=24 task=sys_evt id=6 runtime_us=0 existed=1[0m
[0;32mI (390794) net_bench: case=24 output=0 wall_us=8117204 bytes=15666 open_us=7638692 error=-116 rssi=-66 heap_min=12936[0m
[0;32mI (390804) net_bench: case=24 recv_total_us=76232 recv_positive_us=24753 recv_empty_us=51479[0m
[0;32mI (390813) net_bench: case=24 cpu_lean=1 gap_metrics_valid=0 heap_is_final=1[0m
[0;32mI (390821) net_bench: case=24 sampled_heap_min=10360 rx_gap_tick_ms=926 wait_calls=328[0m
[0;32mI (390829) net_bench: case=24 calls=373 empty=328 rx_gap_us=0 app_gap_us=0 empty_wait_us=0 recv_max_us=1266 commit_max_us=0 ready_max=0 ready_probes=0[0m
[0;32mI (390843) net_bench: case=24 pcm_frames=0 rate=0 eof=763 underrun=762 stack=1212[0m
[0;32mI (390851) net_bench: case=24 second=0 bytes=3626 rssi=-84[0m
[0;32mI (390858) net_bench: case=24 second=1 bytes=2680 rssi=-68[0m
[0;32mI (390864) net_bench: case=24 second=2 bytes=2680 rssi=-67[0m
[0;32mI (390870) net_bench: case=24 second=3 bytes=1072 rssi=-67[0m
[0;32mI (390876) net_bench: case=24 second=4 bytes=1608 rssi=-66[0m
[0;32mI (390882) net_bench: case=24 second=5 bytes=2392 rssi=-66[0m
[0;32mI (390888) net_bench: case=24 second=6 bytes=1072 rssi=-67[0m
[0;32mI (390894) net_bench: case=24 second=7 bytes=536 rssi=-90[0m
[0;32mI (390900) net_bench: case=24 second=8 bytes=0 rssi=-88[0m
[0;32mI (390906) net_bench: case=24 second=9 bytes=0 rssi=-127[0m
[0;32mI (390912) net_bench: case=24 second=10 bytes=0 rssi=-127[0m
[0;32mI (390918) net_bench: case=24 second=11 bytes=0 rssi=-127[0m
[0;32mI (390924) net_bench: case=24 second=12 bytes=0 rssi=-127[0m
[0;32mI (390930) net_bench: case=24 second=13 bytes=0 rssi=-127[0m
[0;32mI (390937) net_bench: case=24 second=14 bytes=0 rssi=-127[0m
[0;32mI (390943) net_bench: case=24 second=15 bytes=0 rssi=-127[0m
[0;32mI (390949) net_bench: case=24 second=16 bytes=0 rssi=-127[0m
[0;32mI (390955) net_bench: case=24 second=17 bytes=0 rssi=-127[0m
[0;32mI (390961) net_bench: case=24 second=18 bytes=0 rssi=-127[0m
[0;32mI (390967) net_bench: case=24 second=19 bytes=0 rssi=-127[0m
[0;32mI (391974) net_bench: case=25 path=/mp3-320?rate=320 output=0 begin rssi=-65 round=1 fixture=2 variant=2 wait_ms=25 read_limit=1536 batch=1[0m
[0;32mI (413120) net_cpu: case=25 valid=1 total_us=20074439 tasks_before=8 tasks_after=8 snapshot_bytes=1440[0m
[0;32mI (413122) net_cpu: case=25 task=audio id=4 runtime_us=1800020 existed=1[0m
[0;32mI (413128) net_cpu: case=25 task=IDLE id=2 runtime_us=15518470 existed=1[0m
[0;32mI (413136) net_cpu: case=25 task=uiT id=1 runtime_us=39671 existed=1[0m
[0;32mI (413143) net_cpu: case=25 task=tiT id=5 runtime_us=1461610 existed=1[0m
[0;32mI (413150) net_cpu: case=25 task=httpd id=9 runtime_us=91007 existed=1[0m
[0;32mI (413157) net_cpu: case=25 task=ppT id=7 runtime_us=1165323 existed=1[0m
[0;32mI (413164) net_cpu: case=25 task=Tmr Svc id=3 runtime_us=0 existed=1[0m
[0;32mI (413171) net_cpu: case=25 task=sys_evt id=6 runtime_us=0 existed=1[0m
[0;32mI (413180) net_bench: case=25 output=0 wall_us=20046738 bytes=616618 open_us=1084280 error=0 rssi=-85 heap_min=10932[0m
[0;32mI (413189) net_bench: case=25 recv_total_us=1132589 recv_positive_us=868020 recv_empty_us=264569[0m
[0;32mI (413199) net_bench: case=25 cpu_lean=1 gap_metrics_valid=0 heap_is_final=1[0m
[0;32mI (413206) net_bench: case=25 sampled_heap_min=10356 rx_gap_tick_ms=936 wait_calls=1335[0m
[0;32mI (413215) net_bench: case=25 calls=2376 empty=1335 rx_gap_us=0 app_gap_us=0 empty_wait_us=0 recv_max_us=2797 commit_max_us=0 ready_max=0 ready_probes=0[0m
[0;32mI (413229) net_bench: case=25 pcm_frames=0 rate=0 eof=1885 underrun=1884 stack=1212[0m
[0;32mI (413238) net_bench: case=25 second=0 bytes=38912 rssi=-82[0m
[0;32mI (413244) net_bench: case=25 second=1 bytes=41796 rssi=-83[0m
[0;32mI (413250) net_bench: case=25 second=2 bytes=39748 rssi=-82[0m
[0;32mI (413256) net_bench: case=25 second=3 bytes=39748 rssi=-68[0m
[0;32mI (413263) net_bench: case=25 second=4 bytes=40772 rssi=-67[0m
[0;32mI (413269) net_bench: case=25 second=5 bytes=29508 rssi=-67[0m
[0;32mI (413275) net_bench: case=25 second=6 bytes=21992 rssi=-67[0m
[0;32mI (413281) net_bench: case=25 second=7 bytes=16136 rssi=-85[0m
[0;32mI (413288) net_bench: case=25 second=8 bytes=3216 rssi=-84[0m
[0;32mI (413294) net_bench: case=25 second=9 bytes=3752 rssi=-85[0m
[0;32mI (413300) net_bench: case=25 second=10 bytes=17448 rssi=-85[0m
[0;32mI (413306) net_bench: case=25 second=11 bytes=10820 rssi=-83[0m
[0;32mI (413312) net_bench: case=25 second=12 bytes=42976 rssi=-68[0m
[0;32mI (413319) net_bench: case=25 second=13 bytes=50440 rssi=-67[0m
[0;32mI (413325) net_bench: case=25 second=14 bytes=12328 rssi=-67[0m
[0;32mI (413331) net_bench: case=25 second=15 bytes=42160 rssi=-67[0m
[0;32mI (413338) net_bench: case=25 second=16 bytes=23048 rssi=-67[0m
[0;32mI (413344) net_bench: case=25 second=17 bytes=18224 rssi=-83[0m
[0;32mI (413350) net_bench: case=25 second=18 bytes=57074 rssi=-87[0m
[0;32mI (413357) net_bench: case=25 second=19 bytes=66520 rssi=-68[0m
[0;32mI (414364) net_bench: case=26 path=/mp3-320?rate=320 output=0 begin rssi=-85 round=1 fixture=2 variant=3 wait_ms=25 read_limit=1024 batch=4[0m
[0;32mI (423659) net_cpu: case=26 valid=1 total_us=6203515 tasks_before=8 tasks_after=8 snapshot_bytes=1440[0m
[0;32mI (423661) net_cpu: case=26 task=audio id=4 runtime_us=515611 existed=1[0m
[0;32mI (423667) net_cpu: case=26 task=IDLE id=2 runtime_us=5032542 existed=1[0m
[0;32mI (423674) net_cpu: case=26 task=tiT id=5 runtime_us=334970 existed=1[0m
[0;32mI (423681) net_cpu: case=26 task=uiT id=1 runtime_us=12013 existed=1[0m
[0;32mI (423688) net_cpu: case=26 task=httpd id=9 runtime_us=27579 existed=1[0m
[0;32mI (423695) net_cpu: case=26 task=ppT id=7 runtime_us=282517 existed=1[0m
[0;32mI (423703) net_cpu: case=26 task=Tmr Svc id=3 runtime_us=0 existed=1[0m
[0;32mI (423710) net_cpu: case=26 task=sys_evt id=6 runtime_us=0 existed=1[0m
[0;32mI (423718) net_bench: case=26 output=0 wall_us=6194437 bytes=135144 open_us=3085389 error=-116 rssi=-93 heap_min=12940[0m
[0;32mI (423728) net_bench: case=26 recv_total_us=265979 recv_positive_us=193687 recv_empty_us=72292[0m
[0;32mI (423737) net_bench: case=26 cpu_lean=1 gap_metrics_valid=0 heap_is_final=1[0m
[0;32mI (423745) net_bench: case=26 sampled_heap_min=9960 rx_gap_tick_ms=945 wait_calls=417[0m
[0;32mI (423753) net_bench: case=26 calls=662 empty=417 rx_gap_us=0 app_gap_us=0 empty_wait_us=0 recv_max_us=2194 commit_max_us=0 ready_max=0 ready_probes=0[0m
[0;32mI (423768) net_bench: case=26 pcm_frames=0 rate=0 eof=583 underrun=582 stack=1212[0m
[0;32mI (423776) net_bench: case=26 second=0 bytes=15456 rssi=-68[0m
[0;32mI (423782) net_bench: case=26 second=1 bytes=4536 rssi=-87[0m
[0;32mI (423788) net_bench: case=26 second=2 bytes=2680 rssi=-85[0m
[0;32mI (423794) net_bench: case=26 second=3 bytes=39352 rssi=-86[0m
[0;32mI (423800) net_bench: case=26 second=4 bytes=58648 rssi=-80[0m
[0;32mI (423807) net_bench: case=26 second=5 bytes=14472 rssi=-81[0m
[0;32mI (423813) net_bench: case=26 second=6 bytes=0 rssi=-67[0m
[0;32mI (423819) net_bench: case=26 second=7 bytes=0 rssi=-127[0m
[0;32mI (423825) net_bench: case=26 second=8 bytes=0 rssi=-127[0m
[0;32mI (423831) net_bench: case=26 second=9 bytes=0 rssi=-127[0m
[0;32mI (423837) net_bench: case=26 second=10 bytes=0 rssi=-127[0m
[0;32mI (423843) net_bench: case=26 second=11 bytes=0 rssi=-127[0m
[0;32mI (423849) net_bench: case=26 second=12 bytes=0 rssi=-127[0m
[0;32mI (423855) net_bench: case=26 second=13 bytes=0 rssi=-127[0m
[0;32mI (423861) net_bench: case=26 second=14 bytes=0 rssi=-127[0m
[0;32mI (423867) net_bench: case=26 second=15 bytes=0 rssi=-127[0m
[0;32mI (423873) net_bench: case=26 second=16 bytes=0 rssi=-127[0m
[0;32mI (423879) net_bench: case=26 second=17 bytes=0 rssi=-127[0m
[0;32mI (423885) net_bench: case=26 second=18 bytes=0 rssi=-127[0m
[0;32mI (423891) net_bench: case=26 second=19 bytes=0 rssi=-127[0m
[0;32mI (424898) net_bench: case=27 path=/mp3-320?rate=320 output=0 begin rssi=-65 round=1 fixture=2 variant=0 wait_ms=25 read_limit=1024 batch=1[0m
[0;32mI (437968) net_cpu: case=27 valid=1 total_us=6762293 tasks_before=8 tasks_after=8 snapshot_bytes=1440[0m
[0;32mI (437970) net_cpu: case=27 task=audio id=4 runtime_us=472997 existed=1[0m
[0;32mI (437976) net_cpu: case=27 task=IDLE id=2 runtime_us=5668091 existed=1[0m
[0;32mI (437983) net_cpu: case=27 task=uiT id=1 runtime_us=13292 existed=1[0m
[0;32mI (437990) net_cpu: case=27 task=tiT id=5 runtime_us=312110 existed=1[0m
[0;32mI (437997) net_cpu: case=27 task=httpd id=9 runtime_us=31194 existed=1[0m
[0;32mI (438005) net_cpu: case=27 task=ppT id=7 runtime_us=265644 existed=1[0m
[0;32mI (438012) net_cpu: case=27 task=Tmr Svc id=3 runtime_us=0 existed=1[0m
[0;32mI (438019) net_cpu: case=27 task=sys_evt id=6 runtime_us=0 existed=1[0m
[0;32mI (438027) net_bench: case=27 output=0 wall_us=6752506 bytes=124701 open_us=6302201 error=-116 rssi=-67 heap_min=12292[0m
[0;32mI (438037) net_bench: case=27 recv_total_us=242311 recv_positive_us=180633 recv_empty_us=61678[0m
[0;32mI (438046) net_bench: case=27 cpu_lean=1 gap_metrics_valid=0 heap_is_final=1[0m
[0;32mI (438054) net_bench: case=27 sampled_heap_min=10264 rx_gap_tick_ms=922 wait_calls=383[0m
[0;32mI (438062) net_bench: case=27 calls=603 empty=383 rx_gap_us=0 app_gap_us=0 empty_wait_us=0 recv_max_us=2441 commit_max_us=0 ready_max=0 ready_probes=0[0m
[0;32mI (438077) net_bench: case=27 pcm_frames=0 rate=0 eof=635 underrun=634 stack=1212[0m
[0;32mI (438085) net_bench: case=27 second=0 bytes=53833 rssi=-66[0m
[0;32mI (438091) net_bench: case=27 second=1 bytes=8584 rssi=-67[0m
[0;32mI (438097) net_bench: case=27 second=2 bytes=4106 rssi=-67[0m
[0;32mI (438103) net_bench: case=27 second=3 bytes=2680 rssi=-89[0m
[0;32mI (438110) net_bench: case=27 second=4 bytes=54426 rssi=-86[0m
[0;32mI (438116) net_bench: case=27 second=5 bytes=1072 rssi=-85[0m
[0;32mI (438122) net_bench: case=27 second=6 bytes=0 rssi=-86[0m
[0;32mI (438128) net_bench: case=27 second=7 bytes=0 rssi=-127[0m
[0;32mI (438134) net_bench: case=27 second=8 bytes=0 rssi=-127[0m
[0;32mI (438140) net_bench: case=27 second=9 bytes=0 rssi=-127[0m
[0;32mI (438146) net_bench: case=27 second=10 bytes=0 rssi=-127[0m
[0;32mI (438152) net_bench: case=27 second=11 bytes=0 rssi=-127[0m
[0;32mI (438158) net_bench: case=27 second=12 bytes=0 rssi=-127[0m
[0;32mI (438164) net_bench: case=27 second=13 bytes=0 rssi=-127[0m
[0;32mI (438170) net_bench: case=27 second=14 bytes=0 rssi=-127[0m
[0;32mI (438176) net_bench: case=27 second=15 bytes=0 rssi=-127[0m
[0;32mI (438182) net_bench: case=27 second=16 bytes=0 rssi=-127[0m
[0;32mI (438188) net_bench: case=27 second=17 bytes=0 rssi=-127[0m
[0;32mI (438194) net_bench: case=27 second=18 bytes=0 rssi=-127[0m
[0;32mI (438200) net_bench: case=27 second=19 bytes=0 rssi=-127[0m
[0;32mI (439207) net_bench: case=28 path=/aac-64?rate=64 output=0 begin rssi=-90 round=1 fixture=3 variant=1 wait_ms=25 read_limit=512 batch=1[0m
[0;32mI (450764) net_cpu: case=28 valid=1 total_us=8480583 tasks_before=8 tasks_after=8 snapshot_bytes=1440[0m
[0;32mI (450766) net_cpu: case=28 task=audio id=4 runtime_us=428902 existed=1[0m
[0;32mI (450772) net_cpu: case=28 task=IDLE id=2 runtime_us=7588862 existed=1[0m
[0;32mI (450779) net_cpu: case=28 task=tiT id=5 runtime_us=207487 existed=1[0m
[0;32mI (450787) net_cpu: case=28 task=uiT id=1 runtime_us=16512 existed=1[0m
[0;32mI (450794) net_cpu: case=28 task=httpd id=9 runtime_us=38166 existed=1[0m
[0;32mI (450801) net_cpu: case=28 task=ppT id=7 runtime_us=202377 existed=1[0m
[0;32mI (450809) net_cpu: case=28 task=Tmr Svc id=3 runtime_us=0 existed=1[0m
[0;32mI (450816) net_cpu: case=28 task=sys_evt id=6 runtime_us=0 existed=1[0m
[0;32mI (450824) net_bench: case=28 output=0 wall_us=8468517 bytes=60787 open_us=3074513 error=-116 rssi=-67 heap_min=14620[0m
[0;32mI (450834) net_bench: case=28 recv_total_us=176029 recv_positive_us=114834 recv_empty_us=61195[0m
[0;32mI (450843) net_bench: case=28 cpu_lean=1 gap_metrics_valid=0 heap_is_final=1[0m
[0;32mI (450851) net_bench: case=28 sampled_heap_min=13956 rx_gap_tick_ms=567 wait_calls=374[0m
[0;32mI (450859) net_bench: case=28 calls=549 empty=374 rx_gap_us=0 app_gap_us=0 empty_wait_us=0 recv_max_us=1844 commit_max_us=0 ready_max=0 ready_probes=0[0m
[0;32mI (450874) net_bench: case=28 pcm_frames=0 rate=0 eof=796 underrun=795 stack=1212[0m
[0;32mI (450882) net_bench: case=28 second=0 bytes=8192 rssi=-67[0m
[0;32mI (450888) net_bench: case=28 second=1 bytes=8245 rssi=-67[0m
[0;32mI (450894) net_bench: case=28 second=2 bytes=8245 rssi=-67[0m
[0;32mI (450900) net_bench: case=28 second=3 bytes=8245 rssi=-67[0m
[0;32mI (450906) net_bench: case=28 second=4 bytes=7221 rssi=-67[0m
[0;32mI (450912) net_bench: case=28 second=5 bytes=8245 rssi=-82[0m
[0;32mI (450919) net_bench: case=28 second=6 bytes=7221 rssi=-83[0m
[0;32mI (450925) net_bench: case=28 second=7 bytes=5173 rssi=-83[0m
[0;32mI (450931) net_bench: case=28 second=8 bytes=0 rssi=-87[0m
[0;32mI (450937) net_bench: case=28 second=9 bytes=0 rssi=-127[0m
[0;32mI (450943) net_bench: case=28 second=10 bytes=0 rssi=-127[0m
[0;32mI (450949) net_bench: case=28 second=11 bytes=0 rssi=-127[0m
[0;32mI (450955) net_bench: case=28 second=12 bytes=0 rssi=-127[0m
[0;32mI (450961) net_bench: case=28 second=13 bytes=0 rssi=-127[0m
[0;32mI (450967) net_bench: case=28 second=14 bytes=0 rssi=-127[0m
[0;32mI (450973) net_bench: case=28 second=15 bytes=0 rssi=-127[0m
[0;32mI (450979) net_bench: case=28 second=16 bytes=0 rssi=-127[0m
[0;32mI (450985) net_bench: case=28 second=17 bytes=0 rssi=-127[0m
[0;32mI (450991) net_bench: case=28 second=18 bytes=0 rssi=-127[0m
[0;32mI (450997) net_bench: case=28 second=19 bytes=0 rssi=-127[0m
[0;33mW (452004) net_bench: recovery begin next_case=29 consecutive_failures=3[0m
[0;33mW (459545) net_bench: recovery complete next_case=29 elapsed_ms=7523 rssi=-82[0m
[0;32mI (459547) net_bench: case=29 path=/aac-64?rate=64 output=0 begin rssi=-82 round=1 fixture=3 variant=2 wait_ms=25 read_limit=1536 batch=1[0m
[0;32mI (469124) net_cpu: case=29 valid=1 total_us=8478557 tasks_before=8 tasks_after=8 snapshot_bytes=1440[0m
[0;32mI (469126) net_cpu: case=29 task=audio id=4 runtime_us=431055 existed=1[0m
[0;32mI (469132) net_cpu: case=29 task=IDLE id=2 runtime_us=7587348 existed=1[0m
[0;32mI (469139) net_cpu: case=29 task=tiT id=5 runtime_us=201849 existed=1[0m
[0;32mI (469146) net_cpu: case=29 task=uiT id=1 runtime_us=16571 existed=1[0m
[0;32mI (469153) net_cpu: case=29 task=httpd id=9 runtime_us=38222 existed=1[0m
[0;32mI (469161) net_cpu: case=29 task=ppT id=7 runtime_us=205282 existed=1[0m
[0;32mI (469168) net_cpu: case=29 task=sys_evt id=6 runtime_us=0 existed=1[0m
[0;32mI (469175) net_cpu: case=29 task=Tmr Svc id=3 runtime_us=0 existed=1[0m
[0;32mI (469183) net_bench: case=29 output=0 wall_us=8466486 bytes=60787 open_us=1091462 error=-116 rssi=-84 heap_min=13528[0m
[0;32mI (469193) net_bench: case=29 recv_total_us=154766 recv_positive_us=93489 recv_empty_us=61277[0m
[0;32mI (469202) net_bench: case=29 cpu_lean=1 gap_metrics_valid=0 heap_is_final=1[0m
[0;32mI (469210) net_bench: case=29 sampled_heap_min=13260 rx_gap_tick_ms=448 wait_calls=388[0m
[0;32mI (469218) net_bench: case=29 calls=502 empty=388 rx_gap_us=0 app_gap_us=0 empty_wait_us=0 recv_max_us=1577 commit_max_us=0 ready_max=0 ready_probes=0[0m
[0;32mI (469233) net_bench: case=29 pcm_frames=0 rate=0 eof=797 underrun=796 stack=1212[0m
[0;32mI (469241) net_bench: case=29 second=0 bytes=8192 rssi=-67[0m
[0;32mI (469247) net_bench: case=29 second=1 bytes=8245 rssi=-69[0m
[0;32mI (469253) net_bench: case=29 second=2 bytes=8245 rssi=-85[0m
[0;32mI (469259) net_bench: case=29 second=3 bytes=7757 rssi=-83[0m
[0;32mI (469265) net_bench: case=29 second=4 bytes=7709 rssi=-84[0m
[0;32mI (469271) net_bench: case=29 second=5 bytes=8245 rssi=-84[0m
[0;32mI (469278) net_bench: case=29 second=6 bytes=8245 rssi=-84[0m
[0;32mI (469284) net_bench: case=29 second=7 bytes=4149 rssi=-67[0m
[0;32mI (469290) net_bench: case=29 second=8 bytes=0 rssi=-68[0m
[0;32mI (469296) net_bench: case=29 second=9 bytes=0 rssi=-127[0m
[0;32mI (469302) net_bench: case=29 second=10 bytes=0 rssi=-127[0m
[0;32mI (469308) net_bench: case=29 second=11 bytes=0 rssi=-127[0m
[0;32mI (469314) net_bench: case=29 second=12 bytes=0 rssi=-127[0m
[0;32mI (469320) net_bench: case=29 second=13 bytes=0 rssi=-127[0m
[0;32mI (469326) net_bench: case=29 second=14 bytes=0 rssi=-127[0m
[0;32mI (469332) net_bench: case=29 second=15 bytes=0 rssi=-127[0m
[0;32mI (469338) net_bench: case=29 second=16 bytes=0 rssi=-127[0m
[0;32mI (469344) net_bench: case=29 second=17 bytes=0 rssi=-127[0m
[0;32mI (469350) net_bench: case=29 second=18 bytes=0 rssi=-127[0m
[0;32mI (469356) net_bench: case=29 second=19 bytes=0 rssi=-127[0m
[0;32mI (470363) net_bench: case=30 path=/aac-64?rate=64 output=0 begin rssi=-84 round=1 fixture=3 variant=3 wait_ms=25 read_limit=1024 batch=4[0m
[0;32mI (477000) net_cpu: case=30 valid=1 total_us=6540806 tasks_before=8 tasks_after=8 snapshot_bytes=1440[0m
[0;32mI (477002) net_cpu: case=30 task=audio id=4 runtime_us=335516 existed=1[0m
[0;32mI (477008) net_cpu: case=30 task=IDLE id=2 runtime_us=5861902 existed=1[0m
[0;32mI (477015) net_cpu: case=30 task=uiT id=1 runtime_us=13202 existed=1[0m
[0;32mI (477022) net_cpu: case=30 task=tiT id=5 runtime_us=149594 existed=1[0m
[0;32mI (477029) net_cpu: case=30 task=httpd id=9 runtime_us=29879 existed=1[0m
[0;32mI (477038) net_cpu: case=30 task=ppT id=7 runtime_us=152356 existed=1[0m
[0;32mI (477045) net_cpu: case=30 task=sys_evt id=6 runtime_us=0 existed=1[0m
[0;32mI (477052) net_cpu: case=30 task=Tmr Svc id=3 runtime_us=0 existed=1[0m
[0;32mI (477060) net_bench: case=30 output=0 wall_us=6531333 bytes=44833 open_us=91377 error=-116 rssi=-66 heap_min=12928[0m
[0;32mI (477070) net_bench: case=30 recv_total_us=122285 recv_positive_us=72064 recv_empty_us=50221[0m
[0;32mI (477079) net_bench: case=30 cpu_lean=1 gap_metrics_valid=0 heap_is_final=1[0m
[0;32mI (477087) net_bench: case=30 sampled_heap_min=12720 rx_gap_tick_ms=559 wait_calls=306[0m
[0;32mI (477095) net_bench: case=30 calls=391 empty=306 rx_gap_us=0 app_gap_us=0 empty_wait_us=0 recv_max_us=2233 commit_max_us=0 ready_max=0 ready_probes=0[0m
[0;32mI (477109) net_bench: case=30 pcm_frames=0 rate=0 eof=614 underrun=613 stack=1212[0m
[0;32mI (477117) net_bench: case=30 second=0 bytes=7168 rssi=-68[0m
[0;32mI (477124) net_bench: case=30 second=1 bytes=9269 rssi=-69[0m
[0;32mI (477130) net_bench: case=30 second=2 bytes=8245 rssi=-83[0m
[0;32mI (477136) net_bench: case=30 second=3 bytes=8245 rssi=-81[0m
[0;32mI (477142) net_bench: case=30 second=4 bytes=7221 rssi=-82[0m
[0;32mI (477148) net_bench: case=30 second=5 bytes=4685 rssi=-83[0m
[0;32mI (477154) net_bench: case=30 second=6 bytes=0 rssi=-67[0m
[0;32mI (477160) net_bench: case=30 second=7 bytes=0 rssi=-127[0m
[0;32mI (477166) net_bench: case=30 second=8 bytes=0 rssi=-127[0m
[0;32mI (477172) net_bench: case=30 second=9 bytes=0 rssi=-127[0m
[0;32mI (477178) net_bench: case=30 second=10 bytes=0 rssi=-127[0m
[0;32mI (477184) net_bench: case=30 second=11 bytes=0 rssi=-127[0m
[0;32mI (477190) net_bench: case=30 second=12 bytes=0 rssi=-127[0m
[0;32mI (477196) net_bench: case=30 second=13 bytes=0 rssi=-127[0m
[0;32mI (477202) net_bench: case=30 second=14 bytes=0 rssi=-127[0m
[0;32mI (477208) net_bench: case=30 second=15 bytes=0 rssi=-127[0m
[0;32mI (477214) net_bench: case=30 second=16 bytes=0 rssi=-127[0m
[0;32mI (477221) net_bench: case=30 second=17 bytes=0 rssi=-127[0m
[0;32mI (477227) net_bench: case=30 second=18 bytes=0 rssi=-127[0m
[0;32mI (477233) net_bench: case=30 second=19 bytes=0 rssi=-127[0m
[0;32mI (478240) net_bench: case=31 path=/aac-64?rate=64 output=0 begin rssi=-67 round=1 fixture=3 variant=0 wait_ms=25 read_limit=1024 batch=1[0m
[0;32mI (499391) net_cpu: case=31 valid=1 total_us=20058850 tasks_before=8 tasks_after=8 snapshot_bytes=1440[0m
[0;32mI (499393) net_cpu: case=31 task=audio id=4 runtime_us=1036242 existed=1[0m
[0;32mI (499399) net_cpu: case=31 task=IDLE id=2 runtime_us=17852380 existed=1[0m
[0;32mI (499406) net_cpu: case=31 task=tiT id=5 runtime_us=528257 existed=1[0m
[0;32mI (499413) net_cpu: case=31 task=uiT id=1 runtime_us=39409 existed=1[0m
[0;32mI (499420) net_cpu: case=31 task=httpd id=9 runtime_us=91246 existed=1[0m
[0;32mI (499427) net_cpu: case=31 task=ppT id=7 runtime_us=512907 existed=1[0m
[0;32mI (499434) net_cpu: case=31 task=sys_evt id=6 runtime_us=0 existed=1[0m
[0;32mI (499441) net_cpu: case=31 task=Tmr Svc id=3 runtime_us=0 existed=1[0m
[0;32mI (499450) net_bench: case=31 output=0 wall_us=20031289 bytes=160751 open_us=1104366 error=0 rssi=-67 heap_min=14604[0m
[0;32mI (499460) net_bench: case=31 recv_total_us=416157 recv_positive_us=261464 recv_empty_us=154693[0m
[0;32mI (499469) net_bench: case=31 cpu_lean=1 gap_metrics_valid=0 heap_is_final=1[0m
[0;32mI (499477) net_bench: case=31 sampled_heap_min=12592 rx_gap_tick_ms=565 wait_calls=930[0m
[0;32mI (499485) net_bench: case=31 calls=1229 empty=930 rx_gap_us=0 app_gap_us=0 empty_wait_us=0 recv_max_us=2317 commit_max_us=0 ready_max=0 ready_probes=0[0m
[0;32mI (499500) net_bench: case=31 pcm_frames=0 rate=0 eof=1883 underrun=1882 stack=1212[0m
[0;32mI (499508) net_bench: case=31 second=0 bytes=7704 rssi=-84[0m
[0;32mI (499514) net_bench: case=31 second=1 bytes=8245 rssi=-84[0m
[0;32mI (499520) net_bench: case=31 second=2 bytes=8733 rssi=-67[0m
[0;32mI (499526) net_bench: case=31 second=3 bytes=7757 rssi=-67[0m
[0;32mI (499532) net_bench: case=31 second=4 bytes=7709 rssi=-68[0m
[0;32mI (499539) net_bench: case=31 second=5 bytes=6733 rssi=-68[0m
[0;32mI (499545) net_bench: case=31 second=6 bytes=9757 rssi=-83[0m
[0;32mI (499551) net_bench: case=31 second=7 bytes=8245 rssi=-85[0m
[0;32mI (499558) net_bench: case=31 second=8 bytes=3661 rssi=-83[0m
[0;32mI (499563) net_bench: case=31 second=9 bytes=9757 rssi=-85[0m
[0;32mI (499569) net_bench: case=31 second=10 bytes=10293 rssi=-86[0m
[0;32mI (499576) net_bench: case=31 second=11 bytes=8245 rssi=-67[0m
[0;32mI (499582) net_bench: case=31 second=12 bytes=8245 rssi=-68[0m
[0;32mI (499588) net_bench: case=31 second=13 bytes=7221 rssi=-68[0m
[0;32mI (499594) net_bench: case=31 second=14 bytes=8245 rssi=-67[0m
[0;32mI (499601) net_bench: case=31 second=15 bytes=8245 rssi=-81[0m
[0;32mI (499607) net_bench: case=31 second=16 bytes=8245 rssi=-82[0m
[0;32mI (499613) net_bench: case=31 second=17 bytes=7757 rssi=-82[0m
[0;32mI (499619) net_bench: case=31 second=18 bytes=7709 rssi=-82[0m
[0;32mI (499625) net_bench: case=31 second=19 bytes=8245 rssi=-82[0m
[0;32mI (500633) net_bench: case=32 path=/mp3-320?rate=0 output=0 begin rssi=-82 round=2 fixture=0 variant=2 wait_ms=25 read_limit=1536 batch=1[0m
[0;32mI (521754) net_cpu: case=32 valid=1 total_us=20055667 tasks_before=8 tasks_after=8 snapshot_bytes=1440[0m
[0;32mI (521756) net_cpu: case=32 task=audio id=4 runtime_us=2741986 existed=1[0m
[0;32mI (521762) net_cpu: case=32 task=IDLE id=2 runtime_us=13250954 existed=1[0m
[0;32mI (521770) net_cpu: case=32 task=uiT id=1 runtime_us=38878 existed=1[0m
[0;32mI (521777) net_cpu: case=32 task=tiT id=5 runtime_us=2229847 existed=1[0m
[0;32mI (521784) net_cpu: case=32 task=httpd id=9 runtime_us=91456 existed=1[0m
[0;32mI (521791) net_cpu: case=32 task=ppT id=7 runtime_us=1702733 existed=1[0m
[0;32mI (521798) net_cpu: case=32 task=sys_evt id=6 runtime_us=0 existed=1[0m
[0;32mI (521805) net_cpu: case=32 task=Tmr Svc id=3 runtime_us=0 existed=1[0m
[0;32mI (521814) net_bench: case=32 output=0 wall_us=20027903 bytes=1050200 open_us=1078459 error=0 rssi=-70 heap_min=12792[0m
[0;32mI (521823) net_bench: case=32 recv_total_us=1890208 recv_positive_us=1489863 recv_empty_us=400345[0m
[0;32mI (521833) net_bench: case=32 cpu_lean=1 gap_metrics_valid=0 heap_is_final=1[0m
[0;32mI (521841) net_bench: case=32 sampled_heap_min=10896 rx_gap_tick_ms=930 wait_calls=1902[0m
[0;32mI (521849) net_bench: case=32 calls=3764 empty=1902 rx_gap_us=0 app_gap_us=0 empty_wait_us=0 recv_max_us=2618 commit_max_us=0 ready_max=0 ready_probes=0[0m
[0;32mI (521864) net_bench: case=32 pcm_frames=0 rate=0 eof=1883 underrun=1882 stack=1212[0m
[0;32mI (521872) net_bench: case=32 second=0 bytes=85152 rssi=-83[0m
[0;32mI (521878) net_bench: case=32 second=1 bytes=75632 rssi=-83[0m
[0;32mI (521884) net_bench: case=32 second=2 bytes=60920 rssi=-83[0m
[0;32mI (521891) net_bench: case=32 second=3 bytes=8576 rssi=-85[0m
[0;32mI (521897) net_bench: case=32 second=4 bytes=12864 rssi=-88[0m
[0;32mI (521904) net_bench: case=32 second=5 bytes=35912 rssi=-67[0m
[0;32mI (521910) net_bench: case=32 second=6 bytes=49368 rssi=-67[0m
[0;32mI (521916) net_bench: case=32 second=7 bytes=41272 rssi=-69[0m
[0;32mI (521923) net_bench: case=32 second=8 bytes=64080 rssi=-66[0m
[0;32mI (521929) net_bench: case=32 second=9 bytes=11016 rssi=-84[0m
[0;32mI (521935) net_bench: case=32 second=10 bytes=53360 rssi=-83[0m
[0;32mI (521942) net_bench: case=32 second=11 bytes=43416 rssi=-84[0m
[0;32mI (521948) net_bench: case=32 second=12 bytes=102896 rssi=-83[0m
[0;32mI (521954) net_bench: case=32 second=13 bytes=49312 rssi=-85[0m
[0;32mI (521961) net_bench: case=32 second=14 bytes=41032 rssi=-68[0m
[0;32mI (521967) net_bench: case=32 second=15 bytes=73488 rssi=-66[0m
[0;32mI (521973) net_bench: case=32 second=16 bytes=98976 rssi=-67[0m
[0;32mI (521979) net_bench: case=32 second=17 bytes=77776 rssi=-67[0m
[0;32mI (521986) net_bench: case=32 second=18 bytes=47464 rssi=-68[0m
[0;32mI (521992) net_bench: case=32 second=19 bytes=17152 rssi=-86[0m
[0;32mI (522999) net_bench: case=33 path=/mp3-320?rate=0 output=0 begin rssi=-83 round=2 fixture=0 variant=3 wait_ms=25 read_limit=1024 batch=4[0m
[0;32mI (532047) net_cpu: case=33 valid=1 total_us=8960578 tasks_before=8 tasks_after=8 snapshot_bytes=1440[0m
[0;32mI (532049) net_cpu: case=33 task=audio id=4 runtime_us=1317607 existed=1[0m
[0;32mI (532055) net_cpu: case=33 task=IDLE id=2 runtime_us=5888211 existed=1[0m
[0;32mI (532062) net_cpu: case=33 task=uiT id=1 runtime_us=17452 existed=1[0m
[0;32mI (532069) net_cpu: case=33 task=tiT id=5 runtime_us=963102 existed=1[0m
[0;32mI (532076) net_cpu: case=33 task=httpd id=9 runtime_us=40995 existed=1[0m
[0;32mI (532084) net_cpu: case=33 task=ppT id=7 runtime_us=733361 existed=1[0m
[0;32mI (532091) net_cpu: case=33 task=sys_evt id=6 runtime_us=0 existed=1[0m
[0;32mI (532098) net_cpu: case=33 task=Tmr Svc id=3 runtime_us=0 existed=1[0m
[0;32mI (532106) net_bench: case=33 output=0 wall_us=8947747 bytes=439728 open_us=86289 error=-116 rssi=-67 heap_min=12148[0m
[0;32mI (532116) net_bench: case=33 recv_total_us=795246 recv_positive_us=612245 recv_empty_us=183001[0m
[0;32mI (532126) net_bench: case=33 cpu_lean=1 gap_metrics_valid=0 heap_is_final=1[0m
[0;32mI (532133) net_bench: case=33 sampled_heap_min=10628 rx_gap_tick_ms=345 wait_calls=967[0m
[0;32mI (532141) net_bench: case=33 calls=1769 empty=967 rx_gap_us=0 app_gap_us=0 empty_wait_us=0 recv_max_us=2203 commit_max_us=0 ready_max=0 ready_probes=0[0m
[0;32mI (532156) net_bench: case=33 pcm_frames=0 rate=0 eof=841 underrun=840 stack=1212[0m
[0;32mI (532164) net_bench: case=33 second=0 bytes=88368 rssi=-67[0m
[0;32mI (532170) net_bench: case=33 second=1 bytes=68128 rssi=-68[0m
[0;32mI (532176) net_bench: case=33 second=2 bytes=87960 rssi=-67[0m
[0;32mI (532182) net_bench: case=33 second=3 bytes=17448 rssi=-69[0m
[0;32mI (532189) net_bench: case=33 second=4 bytes=47464 rssi=-68[0m
[0;32mI (532195) net_bench: case=33 second=5 bytes=76168 rssi=-84[0m
[0;32mI (532201) net_bench: case=33 second=6 bytes=37576 rssi=-85[0m
[0;32mI (532207) net_bench: case=33 second=7 bytes=16616 rssi=-85[0m
[0;32mI (532214) net_bench: case=33 second=8 bytes=0 rssi=-86[0m
[0;32mI (532220) net_bench: case=33 second=9 bytes=0 rssi=-127[0m
[0;32mI (532225) net_bench: case=33 second=10 bytes=0 rssi=-127[0m
[0;32mI (532232) net_bench: case=33 second=11 bytes=0 rssi=-127[0m
[0;32mI (532238) net_bench: case=33 second=12 bytes=0 rssi=-127[0m
[0;32mI (532244) net_bench: case=33 second=13 bytes=0 rssi=-127[0m
[0;32mI (532250) net_bench: case=33 second=14 bytes=0 rssi=-127[0m
[0;32mI (532256) net_bench: case=33 second=15 bytes=0 rssi=-127[0m
[0;32mI (532262) net_bench: case=33 second=16 bytes=0 rssi=-127[0m
[0;32mI (532268) net_bench: case=33 second=17 bytes=0 rssi=-127[0m
[0;32mI (532275) net_bench: case=33 second=18 bytes=0 rssi=-127[0m
[0;32mI (532281) net_bench: case=33 second=19 bytes=0 rssi=-127[0m
[0;32mI (533288) net_bench: case=34 path=/mp3-320?rate=0 output=0 begin rssi=-67 round=2 fixture=0 variant=0 wait_ms=25 read_limit=1024 batch=1[0m
[0;32mI (548563) net_cpu: case=34 valid=1 total_us=15202711 tasks_before=8 tasks_after=8 snapshot_bytes=1440[0m
[0;32mI (548565) net_cpu: case=34 task=audio id=4 runtime_us=1508030 existed=1[0m
[0;32mI (548571) net_cpu: case=34 task=IDLE id=2 runtime_us=11404029 existed=1[0m
[0;32mI (548578) net_cpu: case=34 task=uiT id=1 runtime_us=29815 existed=1[0m
[0;32mI (548586) net_cpu: case=34 task=tiT id=5 runtime_us=1221929 existed=1[0m
[0;32mI (548593) net_cpu: case=34 task=ppT id=7 runtime_us=971438 existed=1[0m
[0;32mI (548600) net_cpu: case=34 task=httpd id=9 runtime_us=69167 existed=1[0m
[0;32mI (548607) net_cpu: case=34 task=sys_evt id=6 runtime_us=0 existed=1[0m
[0;32mI (548614) net_cpu: case=34 task=Tmr Svc id=3 runtime_us=0 existed=1[0m
[0;32mI (548623) net_bench: case=34 output=0 wall_us=15181560 bytes=535488 open_us=79179 error=-116 rssi=-66 heap_min=11928[0m
[0;32mI (548632) net_bench: case=34 recv_total_us=976445 recv_positive_us=771383 recv_empty_us=205062[0m
[0;32mI (548642) net_bench: case=34 cpu_lean=1 gap_metrics_valid=0 heap_is_final=1[0m
[0;32mI (548649) net_bench: case=34 sampled_heap_min=10908 rx_gap_tick_ms=927 wait_calls=1097[0m
[0;32mI (548658) net_bench: case=34 calls=2041 empty=1097 rx_gap_us=0 app_gap_us=0 empty_wait_us=0 recv_max_us=2528 commit_max_us=0 ready_max=0 ready_probes=0[0m
[0;32mI (548672) net_bench: case=34 pcm_frames=0 rate=0 eof=1428 underrun=1427 stack=1212[0m
[0;32mI (548681) net_bench: case=34 second=0 bytes=40608 rssi=-83[0m
[0;32mI (548687) net_bench: case=34 second=1 bytes=30072 rssi=-84[0m
[0;32mI (548693) net_bench: case=34 second=2 bytes=64080 rssi=-84[0m
[0;32mI (548699) net_bench: case=34 second=3 bytes=20368 rssi=-66[0m
[0;32mI (548705) net_bench: case=34 second=4 bytes=76704 rssi=-68[0m
[0;32mI (548712) net_bench: case=34 second=5 bytes=46688 rssi=-67[0m
[0;32mI (548718) net_bench: case=34 second=6 bytes=65208 rssi=-84[0m
[0;32mI (548724) net_bench: case=34 second=7 bytes=48832 rssi=-67[0m
[0;32mI (548730) net_bench: case=34 second=8 bytes=11256 rssi=-83[0m
[0;32mI (548737) net_bench: case=34 second=9 bytes=24656 rssi=-86[0m
[0;32mI (548743) net_bench: case=34 second=10 bytes=15544 rssi=-84[0m
[0;32mI (548749) net_bench: case=34 second=11 bytes=24120 rssi=-84[0m
[0;32mI (548755) net_bench: case=34 second=12 bytes=37280 rssi=-67[0m
[0;32mI (548762) net_bench: case=34 second=13 bytes=11256 rssi=-68[0m
[0;32mI (548768) net_bench: case=34 second=14 bytes=18816 rssi=-69[0m
[0;32mI (548774) net_bench: case=34 second=15 bytes=0 rssi=-66[0m
[0;32mI (548780) net_bench: case=34 second=16 bytes=0 rssi=-127[0m
[0;32mI (548787) net_bench: case=34 second=17 bytes=0 rssi=-127[0m
[0;32mI (548792) net_bench: case=34 second=18 bytes=0 rssi=-127[0m
[0;32mI (548799) net_bench: case=34 second=19 bytes=0 rssi=-127[0m
[0;32mI (549806) net_bench: case=35 path=/mp3-320?rate=0 output=0 begin rssi=-84 round=2 fixture=0 variant=1 wait_ms=25 read_limit=512 batch=1[0m
[0;32mI (551387) net_cpu: case=35 valid=1 total_us=1483529 tasks_before=8 tasks_after=8 snapshot_bytes=1440[0m
[0;32mI (551389) net_cpu: case=35 task=audio id=4 runtime_us=83625 existed=1[0m
[0;32mI (551395) net_cpu: case=35 task=IDLE id=2 runtime_us=1297512 existed=1[0m
[0;32mI (551403) net_cpu: case=35 task=uiT id=1 runtime_us=2934 existed=1[0m
[0;32mI (551409) net_cpu: case=35 task=tiT id=5 runtime_us=49222 existed=1[0m
[0;32mI (551416) net_cpu: case=35 task=httpd id=9 runtime_us=6943 existed=1[0m
[0;32mI (551424) net_cpu: case=35 task=ppT id=7 runtime_us=43545 existed=1[0m
[0;32mI (551431) net_cpu: case=35 task=sys_evt id=6 runtime_us=0 existed=1[0m
[0;32mI (551438) net_cpu: case=35 task=Tmr Svc id=3 runtime_us=0 existed=1[0m
[0;32mI (551446) net_bench: case=35 output=0 wall_us=1480789 bytes=18096 open_us=84471 error=-116 rssi=-67 heap_min=12148[0m
[0;32mI (551456) net_bench: case=35 recv_total_us=44542 recv_positive_us=32601 recv_empty_us=11941[0m
[0;32mI (551465) net_bench: case=35 cpu_lean=1 gap_metrics_valid=0 heap_is_final=1[0m
[0;32mI (551472) net_bench: case=35 sampled_heap_min=10912 rx_gap_tick_ms=324 wait_calls=67[0m
[0;32mI (551481) net_bench: case=35 calls=120 empty=67 rx_gap_us=0 app_gap_us=0 empty_wait_us=0 recv_max_us=2217 commit_max_us=0 ready_max=0 ready_probes=0[0m
[0;32mI (551495) net_bench: case=35 pcm_frames=0 rate=0 eof=139 underrun=138 stack=1212[0m
[0;32mI (551503) net_bench: case=35 second=0 bytes=18096 rssi=-67[0m
[0;32mI (551509) net_bench: case=35 second=1 bytes=0 rssi=-68[0m
[0;32mI (551515) net_bench: case=35 second=2 bytes=0 rssi=-127[0m
[0;32mI (551521) net_bench: case=35 second=3 bytes=0 rssi=-127[0m
[0;32mI (551527) net_bench: case=35 second=4 bytes=0 rssi=-127[0m
[0;32mI (551533) net_bench: case=35 second=5 bytes=0 rssi=-127[0m
[0;32mI (551539) net_bench: case=35 second=6 bytes=0 rssi=-127[0m
[0;32mI (551546) net_bench: case=35 second=7 bytes=0 rssi=-127[0m
[0;32mI (551551) net_bench: case=35 second=8 bytes=0 rssi=-127[0m
[0;32mI (551557) net_bench: case=35 second=9 bytes=0 rssi=-127[0m
[0;32mI (551563) net_bench: case=35 second=10 bytes=0 rssi=-127[0m
[0;32mI (551569) net_bench: case=35 second=11 bytes=0 rssi=-127[0m
[0;32mI (551575) net_bench: case=35 second=12 bytes=0 rssi=-127[0m
[0;32mI (551581) net_bench: case=35 second=13 bytes=0 rssi=-127[0m
[0;32mI (551587) net_bench: case=35 second=14 bytes=0 rssi=-127[0m
[0;32mI (551593) net_bench: case=35 second=15 bytes=0 rssi=-127[0m
[0;32mI (551599) net_bench: case=35 second=16 bytes=0 rssi=-127[0m
[0;32mI (551605) net_bench: case=35 second=17 bytes=0 rssi=-127[0m
[0;32mI (551611) net_bench: case=35 second=18 bytes=0 rssi=-127[0m
[0;32mI (551617) net_bench: case=35 second=19 bytes=0 rssi=-127[0m
[0;33mW (552625) net_bench: recovery begin next_case=36 consecutive_failures=3[0m
[0;33mW (556888) net_bench: recovery complete next_case=36 elapsed_ms=4256 rssi=-85[0m
[0;32mI (556890) net_bench: case=36 path=/mp3-128?rate=128 output=0 begin rssi=-85 round=2 fixture=1 variant=2 wait_ms=25 read_limit=1536 batch=1[0m
[0;32mI (562748) net_cpu: case=36 valid=1 total_us=5761538 tasks_before=8 tasks_after=8 snapshot_bytes=1440[0m
[0;32mI (562750) net_cpu: case=36 task=audio id=4 runtime_us=255341 existed=1[0m
[0;32mI (562756) net_cpu: case=36 task=IDLE id=2 runtime_us=5251700 existed=1[0m
[0;32mI (562763) net_cpu: case=36 task=uiT id=1 runtime_us=11264 existed=1[0m
[0;32mI (562770) net_cpu: case=36 task=tiT id=5 runtime_us=102603 existed=1[0m
[0;32mI (562777) net_cpu: case=36 task=ppT id=7 runtime_us=115941 existed=1[0m
[0;32mI (562784) net_cpu: case=36 task=httpd id=9 runtime_us=26632 existed=1[0m
[0;32mI (562792) net_cpu: case=36 task=Tmr Svc id=3 runtime_us=0 existed=1[0m
[0;32mI (562799) net_cpu: case=36 task=sys_evt id=6 runtime_us=0 existed=1[0m
[0;32mI (562807) net_bench: case=36 output=0 wall_us=5753094 bytes=31614 open_us=85440 error=-116 rssi=-67 heap_min=11844[0m
[0;32mI (562817) net_bench: case=36 recv_total_us=77790 recv_positive_us=36876 recv_empty_us=40914[0m
[0;32mI (562826) net_bench: case=36 cpu_lean=1 gap_metrics_valid=0 heap_is_final=1[0m
[0;32mI (562833) net_bench: case=36 sampled_heap_min=11576 rx_gap_tick_ms=913 wait_calls=244[0m
[0;32mI (562842) net_bench: case=36 calls=281 empty=244 rx_gap_us=0 app_gap_us=0 empty_wait_us=0 recv_max_us=2968 commit_max_us=0 ready_max=0 ready_probes=0[0m
[0;32mI (562856) net_bench: case=36 pcm_frames=0 rate=0 eof=541 underrun=540 stack=1212[0m
[0;32mI (562864) net_bench: case=36 second=0 bytes=16384 rssi=-66[0m
[0;32mI (562871) net_bench: case=36 second=1 bytes=10182 rssi=-68[0m
[0;32mI (562877) net_bench: case=36 second=2 bytes=2440 rssi=-65[0m
[0;32mI (562883) net_bench: case=36 second=3 bytes=536 rssi=-89[0m
[0;32mI (562889) net_bench: case=36 second=4 bytes=2072 rssi=-67[0m
[0;32mI (562895) net_bench: case=36 second=5 bytes=0 rssi=-67[0m
[0;32mI (562901) net_bench: case=36 second=6 bytes=0 rssi=-127[0m
[0;32mI (562907) net_bench: case=36 second=7 bytes=0 rssi=-127[0m
[0;32mI (562913) net_bench: case=36 second=8 bytes=0 rssi=-127[0m
[0;32mI (562919) net_bench: case=36 second=9 bytes=0 rssi=-127[0m
[0;32mI (562925) net_bench: case=36 second=10 bytes=0 rssi=-127[0m
[0;32mI (562931) net_bench: case=36 second=11 bytes=0 rssi=-127[0m
[0;32mI (562937) net_bench: case=36 second=12 bytes=0 rssi=-127[0m
[0;32mI (562943) net_bench: case=36 second=13 bytes=0 rssi=-127[0m
[0;32mI (562949) net_bench: case=36 second=14 bytes=0 rssi=-127[0m
[0;32mI (562955) net_bench: case=36 second=15 bytes=0 rssi=-127[0m
[0;32mI (562961) net_bench: case=36 second=16 bytes=0 rssi=-127[0m
[0;32mI (562967) net_bench: case=36 second=17 bytes=0 rssi=-127[0m
[0;32mI (562973) net_bench: case=36 second=18 bytes=0 rssi=-127[0m
[0;32mI (562979) net_bench: case=36 second=19 bytes=0 rssi=-127[0m
[0;32mI (563986) net_bench: case=37 path=/mp3-128?rate=128 output=0 begin rssi=-67 round=2 fixture=1 variant=3 wait_ms=25 read_limit=1024 batch=4[0m
[0;32mI (577864) net_cpu: case=37 valid=1 total_us=10792899 tasks_before=8 tasks_after=8 snapshot_bytes=1440[0m
[0;32mI (577866) net_cpu: case=37 task=audio id=4 runtime_us=745013 existed=1[0m
[0;32mI (577872) net_cpu: case=37 task=IDLE id=2 runtime_us=9159745 existed=1[0m
[0;32mI (577879) net_cpu: case=37 task=tiT id=5 runtime_us=437399 existed=1[0m
[0;32mI (577886) net_cpu: case=37 task=uiT id=1 runtime_us=20526 existed=1[0m
[0;32mI (577893) net_cpu: case=37 task=httpd id=9 runtime_us=48320 existed=1[0m
[0;32mI (577901) net_cpu: case=37 task=ppT id=7 runtime_us=383629 existed=1[0m
[0;32mI (577908) net_cpu: case=37 task=Tmr Svc id=3 runtime_us=0 existed=1[0m
[0;32mI (577915) net_cpu: case=37 task=sys_evt id=6 runtime_us=0 existed=1[0m
[0;32mI (577923) net_bench: case=37 output=0 wall_us=10777719 bytes=157142 open_us=3085173 error=-116 rssi=-67 heap_min=12920[0m
[0;32mI (577933) net_bench: case=37 recv_total_us=357223 recv_positive_us=248652 recv_empty_us=108571[0m
[0;32mI (577943) net_bench: case=37 cpu_lean=1 gap_metrics_valid=0 heap_is_final=1[0m
[0;32mI (577950) net_bench: case=37 sampled_heap_min=12300 rx_gap_tick_ms=547 wait_calls=625[0m
[0;32mI (577959) net_bench: case=37 calls=920 empty=625 rx_gap_us=0 app_gap_us=0 empty_wait_us=0 recv_max_us=2417 commit_max_us=0 ready_max=0 ready_probes=0[0m
[0;32mI (577973) net_bench: case=37 pcm_frames=0 rate=0 eof=1014 underrun=1013 stack=1212[0m
[0;32mI (577981) net_bench: case=37 second=0 bytes=16384 rssi=-85[0m
[0;32mI (577987) net_bench: case=37 second=1 bytes=15206 rssi=-68[0m
[0;32mI (577994) net_bench: case=37 second=2 bytes=16182 rssi=-70[0m
[0;32mI (578000) net_bench: case=37 second=3 bytes=16718 rssi=-68[0m
[0;32mI (578006) net_bench: case=37 second=4 bytes=15694 rssi=-66[0m
[0;32mI (578012) net_bench: case=37 second=5 bytes=16718 rssi=-84[0m
[0;32mI (578019) net_bench: case=37 second=6 bytes=15694 rssi=-84[0m
[0;32mI (578025) net_bench: case=37 second=7 bytes=15694 rssi=-83[0m
[0;32mI (578031) net_bench: case=37 second=8 bytes=16718 rssi=-84[0m
[0;32mI (578037) net_bench: case=37 second=9 bytes=12134 rssi=-81[0m
[0;32mI (578043) net_bench: case=37 second=10 bytes=0 rssi=-90[0m
[0;32mI (578049) net_bench: case=37 second=11 bytes=0 rssi=-127[0m
[0;32mI (578055) net_bench: case=37 second=12 bytes=0 rssi=-127[0m
[0;32mI (578062) net_bench: case=37 second=13 bytes=0 rssi=-127[0m
[0;32mI (578068) net_bench: case=37 second=14 bytes=0 rssi=-127[0m
[0;32mI (578074) net_bench: case=37 second=15 bytes=0 rssi=-127[0m
[0;32mI (578080) net_bench: case=37 second=16 bytes=0 rssi=-127[0m
[0;32mI (578086) net_bench: case=37 second=17 bytes=0 rssi=-127[0m
[0;32mI (578092) net_bench: case=37 second=18 bytes=0 rssi=-127[0m
[0;32mI (578098) net_bench: case=37 second=19 bytes=0 rssi=-127[0m
[0;32mI (579105) net_bench: case=38 path=/mp3-128?rate=128 output=0 begin rssi=-67 round=2 fixture=1 variant=0 wait_ms=25 read_limit=1024 batch=1[0m
[0;32mI (586813) net_cpu: case=38 valid=1 total_us=4600926 tasks_before=8 tasks_after=8 snapshot_bytes=1440[0m
[0;32mI (586815) net_cpu: case=38 task=audio id=4 runtime_us=202016 existed=1[0m
[0;32mI (586821) net_cpu: case=38 task=IDLE id=2 runtime_us=4221333 existed=1[0m
[0;32mI (586828) net_cpu: case=38 task=tiT id=5 runtime_us=66718 existed=1[0m
[0;32mI (586835) net_cpu: case=38 task=uiT id=1 runtime_us=8897 existed=1[0m
[0;32mI (586842) net_cpu: case=38 task=httpd id=9 runtime_us=20656 existed=1[0m
[0;32mI (586849) net_cpu: case=38 task=ppT id=7 runtime_us=82986 existed=1[0m
[0;32mI (586856) net_cpu: case=38 task=Tmr Svc id=3 runtime_us=0 existed=1[0m
[0;32mI (586863) net_cpu: case=38 task=sys_evt id=6 runtime_us=0 existed=1[0m
[0;32mI (586872) net_bench: case=38 output=0 wall_us=4594030 bytes=18232 open_us=3099392 error=-116 rssi=-69 heap_min=12936[0m
[0;32mI (586882) net_bench: case=38 recv_total_us=54420 recv_positive_us=22390 recv_empty_us=32030[0m
[0;32mI (586891) net_bench: case=38 cpu_lean=1 gap_metrics_valid=0 heap_is_final=1[0m
[0;32mI (586898) net_bench: case=38 sampled_heap_min=10928 rx_gap_tick_ms=927 wait_calls=196[0m
[0;32mI (586907) net_bench: case=38 calls=226 empty=196 rx_gap_us=0 app_gap_us=0 empty_wait_us=0 recv_max_us=1288 commit_max_us=0 ready_max=0 ready_probes=0[0m
[0;32mI (586921) net_bench: case=38 pcm_frames=0 rate=0 eof=432 underrun=431 stack=1212[0m
[0;32mI (586930) net_bench: case=38 second=0 bytes=9752 rssi=-83[0m
[0;32mI (586935) net_bench: case=38 second=1 bytes=3120 rssi=-68[0m
[0;32mI (586942) net_bench: case=38 second=2 bytes=1072 rssi=-67[0m
[0;32mI (586948) net_bench: case=38 second=3 bytes=4288 rssi=-66[0m
[0;32mI (586954) net_bench: case=38 second=4 bytes=0 rssi=-66[0m
[0;32mI (586960) net_bench: case=38 second=5 bytes=0 rssi=-127[0m
[0;32mI (586966) net_bench: case=38 second=6 bytes=0 rssi=-127[0m
[0;32mI (586972) net_bench: case=38 second=7 bytes=0 rssi=-127[0m
[0;32mI (586978) net_bench: case=38 second=8 bytes=0 rssi=-127[0m
[0;32mI (586984) net_bench: case=38 second=9 bytes=0 rssi=-127[0m
[0;32mI (586990) net_bench: case=38 second=10 bytes=0 rssi=-127[0m
[0;32mI (586996) net_bench: case=38 second=11 bytes=0 rssi=-127[0m
[0;32mI (587002) net_bench: case=38 second=12 bytes=0 rssi=-127[0m
[0;32mI (587008) net_bench: case=38 second=13 bytes=0 rssi=-127[0m
[0;32mI (587015) net_bench: case=38 second=14 bytes=0 rssi=-127[0m
[0;32mI (587021) net_bench: case=38 second=15 bytes=0 rssi=-127[0m
[0;32mI (587027) net_bench: case=38 second=16 bytes=0 rssi=-127[0m
[0;32mI (587034) net_bench: case=38 second=17 bytes=0 rssi=-127[0m
[0;32mI (587039) net_bench: case=38 second=18 bytes=0 rssi=-127[0m
[0;32mI (587045) net_bench: case=38 second=19 bytes=0 rssi=-127[0m
[0;33mW (588052) net_bench: recovery begin next_case=39 consecutive_failures=3[0m
[0;33mW (592322) net_bench: recovery complete next_case=39 elapsed_ms=4264 rssi=-83[0m
[0;32mI (592324) net_bench: case=39 path=/mp3-128?rate=128 output=0 begin rssi=-83 round=2 fixture=1 variant=1 wait_ms=25 read_limit=512 batch=1[0m
[0;32mI (602365) net_cpu: case=39 valid=1 total_us=7008767 tasks_before=8 tasks_after=8 snapshot_bytes=1440[0m
[0;32mI (602367) net_cpu: case=39 task=audio id=4 runtime_us=443976 existed=1[0m
[0;32mI (602373) net_cpu: case=39 task=IDLE id=2 runtime_us=5980875 existed=1[0m
[0;32mI (602380) net_cpu: case=39 task=tiT id=5 runtime_us=287623 existed=1[0m
[0;32mI (602387) net_cpu: case=39 task=uiT id=1 runtime_us=13948 existed=1[0m
[0;32mI (602394) net_cpu: case=39 task=httpd id=9 runtime_us=32616 existed=1[0m
[0;32mI (602402) net_cpu: case=39 task=ppT id=7 runtime_us=251434 existed=1[0m
[0;32mI (602409) net_cpu: case=39 task=sys_evt id=6 runtime_us=0 existed=1[0m
[0;32mI (602416) net_cpu: case=39 task=Tmr Svc id=3 runtime_us=0 existed=1[0m
[0;32mI (602424) net_bench: case=39 output=0 wall_us=6998649 bytes=96414 open_us=3022046 error=-116 rssi=-68 heap_min=12916[0m
[0;32mI (602434) net_bench: case=39 recv_total_us=248678 recv_positive_us=193462 recv_empty_us=55216[0m
[0;32mI (602443) net_bench: case=39 cpu_lean=1 gap_metrics_valid=0 heap_is_final=1[0m
[0;32mI (602451) net_bench: case=39 sampled_heap_min=11576 rx_gap_tick_ms=429 wait_calls=346[0m
[0;32mI (602459) net_bench: case=39 calls=605 empty=346 rx_gap_us=0 app_gap_us=0 empty_wait_us=0 recv_max_us=2479 commit_max_us=0 ready_max=0 ready_probes=0[0m
[0;32mI (602474) net_bench: case=39 pcm_frames=0 rate=0 eof=658 underrun=657 stack=1212[0m
[0;32mI (602482) net_bench: case=39 second=0 bytes=16384 rssi=-81[0m
[0;32mI (602488) net_bench: case=39 second=1 bytes=13646 rssi=-82[0m
[0;32mI (602494) net_bench: case=39 second=2 bytes=18766 rssi=-82[0m
[0;32mI (602500) net_bench: case=39 second=3 bytes=15694 rssi=-67[0m
[0;32mI (602507) net_bench: case=39 second=4 bytes=13158 rssi=-67[0m
[0;32mI (602513) net_bench: case=39 second=5 bytes=18766 rssi=-67[0m
[0;32mI (602519) net_bench: case=39 second=6 bytes=0 rssi=-66[0m
[0;32mI (602525) net_bench: case=39 second=7 bytes=0 rssi=-127[0m
[0;32mI (602531) net_bench: case=39 second=8 bytes=0 rssi=-127[0m
[0;32mI (602537) net_bench: case=39 second=9 bytes=0 rssi=-127[0m
[0;32mI (602543) net_bench: case=39 second=10 bytes=0 rssi=-127[0m
[0;32mI (602549) net_bench: case=39 second=11 bytes=0 rssi=-127[0m
[0;32mI (602555) net_bench: case=39 second=12 bytes=0 rssi=-127[0m
[0;32mI (602561) net_bench: case=39 second=13 bytes=0 rssi=-127[0m
[0;32mI (602567) net_bench: case=39 second=14 bytes=0 rssi=-127[0m
[0;32mI (602573) net_bench: case=39 second=15 bytes=0 rssi=-127[0m
[0;32mI (602579) net_bench: case=39 second=16 bytes=0 rssi=-127[0m
[0;32mI (602585) net_bench: case=39 second=17 bytes=0 rssi=-127[0m
[0;32mI (602591) net_bench: case=39 second=18 bytes=0 rssi=-127[0m
[0;32mI (602597) net_bench: case=39 second=19 bytes=0 rssi=-127[0m
[0;32mI (603604) net_bench: case=40 path=/mp3-320?rate=320 output=0 begin rssi=-66 round=2 fixture=2 variant=2 wait_ms=25 read_limit=1536 batch=1[0m
[0;32mI (614591) net_cpu: case=40 valid=1 total_us=10908471 tasks_before=8 tasks_after=8 snapshot_bytes=1440[0m
[0;32mI (614593) net_cpu: case=40 task=audio id=4 runtime_us=1158066 existed=1[0m
[0;32mI (614599) net_cpu: case=40 task=IDLE id=2 runtime_us=7937128 existed=1[0m
[0;32mI (614606) net_cpu: case=40 task=uiT id=1 runtime_us=21179 existed=1[0m
[0;32mI (614613) net_cpu: case=40 task=tiT id=5 runtime_us=969612 existed=1[0m
[0;32mI (614620) net_cpu: case=40 task=httpd id=9 runtime_us=50113 existed=1[0m
[0;32mI (614628) net_cpu: case=40 task=ppT id=7 runtime_us=774083 existed=1[0m
[0;32mI (614635) net_cpu: case=40 task=sys_evt id=6 runtime_us=0 existed=1[0m
[0;32mI (614642) net_cpu: case=40 task=Tmr Svc id=3 runtime_us=0 existed=1[0m
[0;32mI (614651) net_bench: case=40 output=0 wall_us=10893071 bytes=396156 open_us=79287 error=-116 rssi=-67 heap_min=11928[0m
[0;32mI (614660) net_bench: case=40 recv_total_us=745287 recv_positive_us=595199 recv_empty_us=150088[0m
[0;32mI (614669) net_bench: case=40 cpu_lean=1 gap_metrics_valid=0 heap_is_final=1[0m
[0;32mI (614677) net_bench: case=40 sampled_heap_min=11632 rx_gap_tick_ms=530 wait_calls=817[0m
[0;32mI (614686) net_bench: case=40 calls=1540 empty=817 rx_gap_us=0 app_gap_us=0 empty_wait_us=0 recv_max_us=2521 commit_max_us=0 ready_max=0 ready_probes=0[0m
[0;32mI (614700) net_bench: case=40 pcm_frames=0 rate=0 eof=1024 underrun=1023 stack=1212[0m
[0;32mI (614708) net_bench: case=40 second=0 bytes=39936 rssi=-84[0m
[0;32mI (614714) net_bench: case=40 second=1 bytes=14684 rssi=-66[0m
[0;32mI (614721) net_bench: case=40 second=2 bytes=65836 rssi=-67[0m
[0;32mI (614727) net_bench: case=40 second=3 bytes=39260 rssi=-68[0m
[0;32mI (614733) net_bench: case=40 second=4 bytes=41260 rssi=-68[0m
[0;32mI (614739) net_bench: case=40 second=5 bytes=39748 rssi=-67[0m
[0;32mI (614746) net_bench: case=40 second=6 bytes=40284 rssi=-83[0m
[0;32mI (614752) net_bench: case=40 second=7 bytes=40236 rssi=-87[0m
[0;32mI (614758) net_bench: case=40 second=8 bytes=30676 rssi=-82[0m
[0;32mI (614764) net_bench: case=40 second=9 bytes=44236 rssi=-80[0m
[0;32mI (614770) net_bench: case=40 second=10 bytes=0 rssi=-68[0m
[0;32mI (614776) net_bench: case=40 second=11 bytes=0 rssi=-127[0m
[0;32mI (614782) net_bench: case=40 second=12 bytes=0 rssi=-127[0m
[0;32mI (614789) net_bench: case=40 second=13 bytes=0 rssi=-127[0m
[0;32mI (614795) net_bench: case=40 second=14 bytes=0 rssi=-127[0m
[0;32mI (614801) net_bench: case=40 second=15 bytes=0 rssi=-127[0m
[0;32mI (614807) net_bench: case=40 second=16 bytes=0 rssi=-127[0m
[0;32mI (614813) net_bench: case=40 second=17 bytes=0 rssi=-127[0m
[0;32mI (614819) net_bench: case=40 second=18 bytes=0 rssi=-127[0m
[0;32mI (614825) net_bench: case=40 second=19 bytes=0 rssi=-127[0m
[0;32mI (615832) net_bench: case=41 path=/mp3-320?rate=320 output=0 begin rssi=-92 round=2 fixture=2 variant=3 wait_ms=25 read_limit=1024 batch=4[0m
[0;32mI (650970) net_cpu: case=41 valid=1 total_us=20065179 tasks_before=8 tasks_after=8 snapshot_bytes=1440[0m
[0;32mI (650972) net_cpu: case=41 task=audio id=4 runtime_us=2299938 existed=1[0m
[0;32mI (650978) net_cpu: case=41 task=IDLE id=2 runtime_us=14040106 existed=1[0m
[0;32mI (650986) net_cpu: case=41 task=tiT id=5 runtime_us=2027484 existed=1[0m
[0;32mI (650993) net_cpu: case=41 task=uiT id=1 runtime_us=38509 existed=1[0m
[0;32mI (651000) net_cpu: case=41 task=httpd id=9 runtime_us=91104 existed=1[0m
[0;32mI (651007) net_cpu: case=41 task=ppT id=7 runtime_us=1568455 existed=1[0m
[0;32mI (651014) net_cpu: case=41 task=sys_evt id=6 runtime_us=0 existed=1[0m
[0;32mI (651021) net_cpu: case=41 task=Tmr Svc id=3 runtime_us=0 existed=1[0m
[0;32mI (651030) net_bench: case=41 output=0 wall_us=20037372 bytes=796172 open_us=15085177 error=0 rssi=-82 heap_min=10956[0m
[0;32mI (651039) net_bench: case=41 recv_total_us=1651710 recv_positive_us=1354955 recv_empty_us=296755[0m
[0;32mI (651049) net_bench: case=41 cpu_lean=1 gap_metrics_valid=0 heap_is_final=1[0m
[0;32mI (651057) net_bench: case=41 sampled_heap_min=11632 rx_gap_tick_ms=531 wait_calls=1608[0m
[0;32mI (651065) net_bench: case=41 calls=3085 empty=1608 rx_gap_us=0 app_gap_us=0 empty_wait_us=0 recv_max_us=6470 commit_max_us=0 ready_max=0 ready_probes=0[0m
[0;32mI (651080) net_bench: case=41 pcm_frames=0 rate=0 eof=1884 underrun=1883 stack=1212[0m
[0;32mI (651088) net_bench: case=41 second=0 bytes=40472 rssi=-79[0m
[0;32mI (651094) net_bench: case=41 second=1 bytes=40236 rssi=-79[0m
[0;32mI (651100) net_bench: case=41 second=2 bytes=39748 rssi=-80[0m
[0;32mI (651107) net_bench: case=41 second=3 bytes=39748 rssi=-67[0m
[0;32mI (651113) net_bench: case=41 second=4 bytes=40284 rssi=-67[0m
[0;32mI (651119) net_bench: case=41 second=5 bytes=40236 rssi=-68[0m
[0;32mI (651125) net_bench: case=41 second=6 bytes=39748 rssi=-68[0m
[0;32mI (651131) net_bench: case=41 second=7 bytes=40772 rssi=-81[0m
[0;32mI (651138) net_bench: case=41 second=8 bytes=39748 rssi=-79[0m
[0;32mI (651144) net_bench: case=41 second=9 bytes=39748 rssi=-82[0m
[0;32mI (651150) net_bench: case=41 second=10 bytes=40284 rssi=-82[0m
[0;32mI (651157) net_bench: case=41 second=11 bytes=38724 rssi=-67[0m
[0;32mI (651163) net_bench: case=41 second=12 bytes=42284 rssi=-67[0m
[0;32mI (651169) net_bench: case=41 second=13 bytes=39748 rssi=-67[0m
[0;32mI (651175) net_bench: case=41 second=14 bytes=39748 rssi=-66[0m
[0;32mI (651182) net_bench: case=41 second=15 bytes=39748 rssi=-80[0m
[0;32mI (651188) net_bench: case=41 second=16 bytes=40284 rssi=-83[0m
[0;32mI (651194) net_bench: case=41 second=17 bytes=40236 rssi=-81[0m
[0;32mI (651201) net_bench: case=41 second=18 bytes=29208 rssi=-81[0m
[0;32mI (651207) net_bench: case=41 second=19 bytes=45168 rssi=-83[0m
[0;32mI (652214) net_bench: case=42 path=/mp3-320?rate=320 output=0 begin rssi=-84 round=2 fixture=2 variant=0 wait_ms=25 read_limit=1024 batch=1[0m
[0;32mI (654196) net_cpu: case=42 valid=1 total_us=1889430 tasks_before=8 tasks_after=8 snapshot_bytes=1440[0m
[0;32mI (654198) net_cpu: case=42 task=audio id=4 runtime_us=132101 existed=1[0m
[0;32mI (654204) net_cpu: case=42 task=IDLE id=2 runtime_us=1568321 existed=1[0m
[0;32mI (654211) net_cpu: case=42 task=uiT id=1 runtime_us=3391 existed=1[0m
[0;32mI (654218) net_cpu: case=42 task=tiT id=5 runtime_us=97007 existed=1[0m
[0;32mI (654225) net_cpu: case=42 task=httpd id=9 runtime_us=8146 existed=1[0m
[0;32mI (654232) net_cpu: case=42 task=ppT id=7 runtime_us=82189 existed=1[0m
[0;32mI (654239) net_cpu: case=42 task=sys_evt id=6 runtime_us=0 existed=1[0m
[0;32mI (654246) net_cpu: case=42 task=Tmr Svc id=3 runtime_us=0 existed=1[0m
[0;32mI (654255) net_bench: case=42 output=0 wall_us=1886138 bytes=35840 open_us=81365 error=-116 rssi=-67 heap_min=12908[0m
[0;32mI (654264) net_bench: case=42 recv_total_us=79281 recv_positive_us=62336 recv_empty_us=16945[0m
[0;32mI (654273) net_bench: case=42 cpu_lean=1 gap_metrics_valid=0 heap_is_final=1[0m
[0;32mI (654281) net_bench: case=42 sampled_heap_min=12700 rx_gap_tick_ms=59 wait_calls=100[0m
[0;32mI (654290) net_bench: case=42 calls=166 empty=100 rx_gap_us=0 app_gap_us=0 empty_wait_us=0 recv_max_us=2304 commit_max_us=0 ready_max=0 ready_probes=0[0m
[0;32mI (654304) net_bench: case=42 pcm_frames=0 rate=0 eof=177 underrun=176 stack=1212[0m
[0;32mI (654312) net_bench: case=42 second=0 bytes=35840 rssi=-64[0m
[0;32mI (654318) net_bench: case=42 second=1 bytes=0 rssi=-67[0m
[0;32mI (654324) net_bench: case=42 second=2 bytes=0 rssi=-127[0m
[0;32mI (654330) net_bench: case=42 second=3 bytes=0 rssi=-127[0m
[0;32mI (654336) net_bench: case=42 second=4 bytes=0 rssi=-127[0m
[0;32mI (654342) net_bench: case=42 second=5 bytes=0 rssi=-127[0m
[0;32mI (654348) net_bench: case=42 second=6 bytes=0 rssi=-127[0m
[0;32mI (654354) net_bench: case=42 second=7 bytes=0 rssi=-127[0m
[0;32mI (654360) net_bench: case=42 second=8 bytes=0 rssi=-127[0m
[0;32mI (654366) net_bench: case=42 second=9 bytes=0 rssi=-127[0m
[0;32mI (654372) net_bench: case=42 second=10 bytes=0 rssi=-127[0m
[0;32mI (654379) net_bench: case=42 second=11 bytes=0 rssi=-127[0m
[0;32mI (654385) net_bench: case=42 second=12 bytes=0 rssi=-127[0m
[0;32mI (654391) net_bench: case=42 second=13 bytes=0 rssi=-127[0m
[0;32mI (654397) net_bench: case=42 second=14 bytes=0 rssi=-127[0m
[0;32mI (654403) net_bench: case=42 second=15 bytes=0 rssi=-127[0m
[0;32mI (654409) net_bench: case=42 second=16 bytes=0 rssi=-127[0m
[0;32mI (654415) net_bench: case=42 second=17 bytes=0 rssi=-127[0m
[0;32mI (654421) net_bench: case=42 second=18 bytes=0 rssi=-127[0m
[0;32mI (654427) net_bench: case=42 second=19 bytes=0 rssi=-127[0m
[0;32mI (655434) net_bench: case=43 path=/mp3-320?rate=320 output=0 begin rssi=-67 round=2 fixture=2 variant=1 wait_ms=25 read_limit=512 batch=1[0m
[0;32mI (690558) net_cpu: case=43 valid=1 total_us=20070506 tasks_before=8 tasks_after=8 snapshot_bytes=1440[0m
[0;32mI (690560) net_cpu: case=43 task=audio id=4 runtime_us=1820177 existed=1[0m
[0;32mI (690566) net_cpu: case=43 task=IDLE id=2 runtime_us=14657252 existed=1[0m
[0;32mI (690574) net_cpu: case=43 task=tiT id=5 runtime_us=1981400 existed=1[0m
[0;32mI (690581) net_cpu: case=43 task=uiT id=1 runtime_us=38779 existed=1[0m
[0;32mI (690588) net_cpu: case=43 task=httpd id=9 runtime_us=91525 existed=1[0m
[0;32mI (690595) net_cpu: case=43 task=ppT id=7 runtime_us=1483000 existed=1[0m
[0;32mI (690602) net_cpu: case=43 task=sys_evt id=6 runtime_us=0 existed=1[0m
[0;32mI (690609) net_cpu: case=43 task=Tmr Svc id=3 runtime_us=0 existed=1[0m
[0;32mI (690618) net_bench: case=43 output=0 wall_us=20042782 bytes=802316 open_us=15064683 error=0 rssi=-66 heap_min=12268[0m
[0;32mI (690628) net_bench: case=43 recv_total_us=1993547 recv_positive_us=1823132 recv_empty_us=170415[0m
[0;32mI (690637) net_bench: case=43 cpu_lean=1 gap_metrics_valid=0 heap_is_final=1[0m
[0;32mI (690645) net_bench: case=43 sampled_heap_min=11496 rx_gap_tick_ms=229 wait_calls=1070[0m
[0;32mI (690653) net_bench: case=43 calls=2798 empty=1070 rx_gap_us=0 app_gap_us=0 empty_wait_us=0 recv_max_us=4393 commit_max_us=0 ready_max=0 ready_probes=0[0m
[0;32mI (690668) net_bench: case=43 pcm_frames=0 rate=0 eof=1885 underrun=1884 stack=1212[0m
[0;32mI (690676) net_bench: case=43 second=0 bytes=39936 rssi=-67[0m
[0;32mI (690682) net_bench: case=43 second=1 bytes=40772 rssi=-67[0m
[0;32mI (690689) net_bench: case=43 second=2 bytes=39748 rssi=-68[0m
[0;32mI (690695) net_bench: case=43 second=3 bytes=40772 rssi=-74[0m
[0;32mI (690701) net_bench: case=43 second=4 bytes=39748 rssi=-75[0m
[0;32mI (690707) net_bench: case=43 second=5 bytes=39748 rssi=-74[0m
[0;32mI (690713) net_bench: case=43 second=6 bytes=39748 rssi=-76[0m
[0;32mI (690720) net_bench: case=43 second=7 bytes=40772 rssi=-66[0m
[0;32mI (690726) net_bench: case=43 second=8 bytes=39748 rssi=-67[0m
[0;32mI (690732) net_bench: case=43 second=9 bytes=39748 rssi=-68[0m
[0;32mI (690738) net_bench: case=43 second=10 bytes=40772 rssi=-65[0m
[0;32mI (690745) net_bench: case=43 second=11 bytes=39748 rssi=-65[0m
[0;32mI (690751) net_bench: case=43 second=12 bytes=39748 rssi=-77[0m
[0;32mI (690757) net_bench: case=43 second=13 bytes=40772 rssi=-77[0m
[0;32mI (690764) net_bench: case=43 second=14 bytes=39748 rssi=-77[0m
[0;32mI (690770) net_bench: case=43 second=15 bytes=39748 rssi=-76[0m
[0;32mI (690776) net_bench: case=43 second=16 bytes=40772 rssi=-65[0m
[0;32mI (690783) net_bench: case=43 second=17 bytes=39748 rssi=-65[0m
[0;32mI (690789) net_bench: case=43 second=18 bytes=39748 rssi=-64[0m
[0;32mI (690795) net_bench: case=43 second=19 bytes=40772 rssi=-64[0m
[0;32mI (691802) net_bench: case=44 path=/aac-64?rate=64 output=0 begin rssi=-66 round=2 fixture=3 variant=2 wait_ms=25 read_limit=1536 batch=1[0m
[0;32mI (711946) net_cpu: case=44 valid=1 total_us=20062393 tasks_before=8 tasks_after=8 snapshot_bytes=1440[0m
[0;32mI (711948) net_cpu: case=44 task=audio id=4 runtime_us=981339 existed=1[0m
[0;32mI (711954) net_cpu: case=44 task=IDLE id=2 runtime_us=17959442 existed=1[0m
[0;32mI (711961) net_cpu: case=44 task=tiT id=5 runtime_us=488742 existed=1[0m
[0;32mI (711968) net_cpu: case=44 task=uiT id=1 runtime_us=39157 existed=1[0m
[0;32mI (711976) net_cpu: case=44 task=httpd id=9 runtime_us=91171 existed=1[0m
[0;32mI (711983) net_cpu: case=44 task=ppT id=7 runtime_us=504252 existed=1[0m
[0;32mI (711990) net_cpu: case=44 task=sys_evt id=6 runtime_us=0 existed=1[0m
[0;32mI (711997) net_cpu: case=44 task=Tmr Svc id=3 runtime_us=0 existed=1[0m
[0;32mI (712007) net_bench: case=44 output=0 wall_us=20034894 bytes=160751 open_us=94653 error=0 rssi=-65 heap_min=14620[0m
[0;32mI (712015) net_bench: case=44 recv_total_us=449562 recv_positive_us=307749 recv_empty_us=141813[0m
[0;32mI (712024) net_bench: case=44 cpu_lean=1 gap_metrics_valid=0 heap_is_final=1[0m
[0;32mI (712032) net_bench: case=44 sampled_heap_min=13380 rx_gap_tick_ms=150 wait_calls=872[0m
[0;32mI (712040) net_bench: case=44 calls=1175 empty=872 rx_gap_us=0 app_gap_us=0 empty_wait_us=0 recv_max_us=4063 commit_max_us=0 ready_max=0 ready_probes=0[0m
[0;32mI (712055) net_bench: case=44 pcm_frames=0 rate=0 eof=1884 underrun=1883 stack=1212[0m
[0;32mI (712063) net_bench: case=44 second=0 bytes=8192 rssi=-78[0m
[0;32mI (712069) net_bench: case=44 second=1 bytes=8245 rssi=-78[0m
[0;32mI (712075) net_bench: case=44 second=2 bytes=8245 rssi=-78[0m
[0;32mI (712081) net_bench: case=44 second=3 bytes=8245 rssi=-78[0m
[0;32mI (712088) net_bench: case=44 second=4 bytes=7221 rssi=-66[0m
[0;32mI (712094) net_bench: case=44 second=5 bytes=8245 rssi=-66[0m
[0;32mI (712100) net_bench: case=44 second=6 bytes=8245 rssi=-64[0m
[0;32mI (712106) net_bench: case=44 second=7 bytes=8245 rssi=-67[0m
[0;32mI (712112) net_bench: case=44 second=8 bytes=8245 rssi=-64[0m
[0;32mI (712118) net_bench: case=44 second=9 bytes=7221 rssi=-77[0m
[0;32mI (712124) net_bench: case=44 second=10 bytes=8245 rssi=-76[0m
[0;32mI (712131) net_bench: case=44 second=11 bytes=8245 rssi=-75[0m
[0;32mI (712137) net_bench: case=44 second=12 bytes=8245 rssi=-76[0m
[0;32mI (712143) net_bench: case=44 second=13 bytes=7221 rssi=-64[0m
[0;32mI (712149) net_bench: case=44 second=14 bytes=8245 rssi=-65[0m
[0;32mI (712156) net_bench: case=44 second=15 bytes=8245 rssi=-64[0m
[0;32mI (712162) net_bench: case=44 second=16 bytes=8245 rssi=-65[0m
[0;32mI (712169) net_bench: case=44 second=17 bytes=7757 rssi=-64[0m
[0;32mI (712175) net_bench: case=44 second=18 bytes=7709 rssi=-77[0m
[0;32mI (712181) net_bench: case=44 second=19 bytes=8245 rssi=-76[0m
[0;32mI (713189) net_bench: case=45 path=/aac-64?rate=64 output=0 begin rssi=-77 round=2 fixture=3 variant=3 wait_ms=25 read_limit=1024 batch=4[0m
[0;32mI (733302) net_cpu: case=45 valid=1 total_us=20053134 tasks_before=8 tasks_after=8 snapshot_bytes=1440[0m
[0;32mI (733304) net_cpu: case=45 task=audio id=4 runtime_us=1007688 existed=1[0m
[0;32mI (733310) net_cpu: case=45 task=IDLE id=2 runtime_us=17929495 existed=1[0m
[0;32mI (733318) net_cpu: case=45 task=uiT id=1 runtime_us=38972 existed=1[0m
[0;32mI (733325) net_cpu: case=45 task=tiT id=5 runtime_us=490534 existed=1[0m
[0;32mI (733332) net_cpu: case=45 task=httpd id=9 runtime_us=90813 existed=1[0m
[0;32mI (733339) net_cpu: case=45 task=ppT id=7 runtime_us=496967 existed=1[0m
[0;32mI (733346) net_cpu: case=45 task=sys_evt id=6 runtime_us=0 existed=1[0m
[0;32mI (733353) net_cpu: case=45 task=Tmr Svc id=3 runtime_us=0 existed=1[0m
[0;32mI (733362) net_bench: case=45 output=0 wall_us=20025590 bytes=160751 open_us=73018 error=0 rssi=-67 heap_min=14632[0m
[0;32mI (733371) net_bench: case=45 recv_total_us=420353 recv_positive_us=276100 recv_empty_us=144253[0m
[0;32mI (733380) net_bench: case=45 cpu_lean=1 gap_metrics_valid=0 heap_is_final=1[0m
[0;32mI (733388) net_bench: case=45 sampled_heap_min=13252 rx_gap_tick_ms=142 wait_calls=913[0m
[0;32mI (733397) net_bench: case=45 calls=1197 empty=913 rx_gap_us=0 app_gap_us=0 empty_wait_us=0 recv_max_us=3414 commit_max_us=0 ready_max=0 ready_probes=0[0m
[0;32mI (733411) net_bench: case=45 pcm_frames=0 rate=0 eof=1883 underrun=1882 stack=1212[0m
[0;32mI (733419) net_bench: case=45 second=0 bytes=8192 rssi=-63[0m
[0;32mI (733425) net_bench: case=45 second=1 bytes=8245 rssi=-65[0m
[0;32mI (733431) net_bench: case=45 second=2 bytes=8245 rssi=-65[0m
[0;32mI (733437) net_bench: case=45 second=3 bytes=8245 rssi=-76[0m
[0;32mI (733444) net_bench: case=45 second=4 bytes=7221 rssi=-76[0m
[0;32mI (733450) net_bench: case=45 second=5 bytes=8245 rssi=-79[0m
[0;32mI (733456) net_bench: case=45 second=6 bytes=8245 rssi=-81[0m
[0;32mI (733462) net_bench: case=45 second=7 bytes=8245 rssi=-79[0m
[0;32mI (733468) net_bench: case=45 second=8 bytes=8245 rssi=-80[0m
[0;32mI (733474) net_bench: case=45 second=9 bytes=7221 rssi=-69[0m
[0;32mI (733481) net_bench: case=45 second=10 bytes=8245 rssi=-81[0m
[0;32mI (733487) net_bench: case=45 second=11 bytes=8245 rssi=-67[0m
[0;32mI (733493) net_bench: case=45 second=12 bytes=8245 rssi=-78[0m
[0;32mI (733499) net_bench: case=45 second=13 bytes=7221 rssi=-78[0m
[0;32mI (733505) net_bench: case=45 second=14 bytes=8245 rssi=-81[0m
[0;32mI (733512) net_bench: case=45 second=15 bytes=8245 rssi=-78[0m
[0;32mI (733518) net_bench: case=45 second=16 bytes=8245 rssi=-77[0m
[0;32mI (733524) net_bench: case=45 second=17 bytes=7757 rssi=-66[0m
[0;32mI (733530) net_bench: case=45 second=18 bytes=7709 rssi=-65[0m
[0;32mI (733537) net_bench: case=45 second=19 bytes=8245 rssi=-69[0m
[0;32mI (734544) net_bench: case=46 path=/aac-64?rate=64 output=0 begin rssi=-64 round=2 fixture=3 variant=0 wait_ms=25 read_limit=1024 batch=1[0m
[0;32mI (754659) net_cpu: case=46 valid=1 total_us=20052960 tasks_before=8 tasks_after=8 snapshot_bytes=1440[0m
[0;32mI (754661) net_cpu: case=46 task=audio id=4 runtime_us=998270 existed=1[0m
[0;32mI (754667) net_cpu: case=46 task=IDLE id=2 runtime_us=17939717 existed=1[0m
[0;32mI (754674) net_cpu: case=46 task=tiT id=5 runtime_us=486516 existed=1[0m
[0;32mI (754682) net_cpu: case=46 task=uiT id=1 runtime_us=39331 existed=1[0m
[0;32mI (754689) net_cpu: case=46 task=httpd id=9 runtime_us=90734 existed=1[0m
[0;32mI (754696) net_cpu: case=46 task=ppT id=7 runtime_us=499646 existed=1[0m
[0;32mI (754704) net_cpu: case=46 task=sys_evt id=6 runtime_us=0 existed=1[0m
[0;32mI (754710) net_cpu: case=46 task=Tmr Svc id=3 runtime_us=0 existed=1[0m
[0;32mI (754719) net_bench: case=46 output=0 wall_us=20025428 bytes=160751 open_us=75081 error=0 rssi=-80 heap_min=14624[0m
[0;32mI (754728) net_bench: case=46 recv_total_us=418367 recv_positive_us=279015 recv_empty_us=139352[0m
[0;32mI (754737) net_bench: case=46 cpu_lean=1 gap_metrics_valid=0 heap_is_final=1[0m
[0;32mI (754745) net_bench: case=46 sampled_heap_min=13384 rx_gap_tick_ms=539 wait_calls=894[0m
[0;32mI (754754) net_bench: case=46 calls=1178 empty=894 rx_gap_us=0 app_gap_us=0 empty_wait_us=0 recv_max_us=3423 commit_max_us=0 ready_max=0 ready_probes=0[0m
[0;32mI (754768) net_bench: case=46 pcm_frames=0 rate=0 eof=1883 underrun=1882 stack=1212[0m
[0;32mI (754776) net_bench: case=46 second=0 bytes=8192 rssi=-78[0m
[0;32mI (754782) net_bench: case=46 second=1 bytes=8245 rssi=-79[0m
[0;32mI (754788) net_bench: case=46 second=2 bytes=8245 rssi=-64[0m
[0;32mI (754794) net_bench: case=46 second=3 bytes=8245 rssi=-65[0m
[0;32mI (754801) net_bench: case=46 second=4 bytes=7221 rssi=-65[0m
[0;32mI (754807) net_bench: case=46 second=5 bytes=8245 rssi=-64[0m
[0;32mI (754813) net_bench: case=46 second=6 bytes=8245 rssi=-66[0m
[0;32mI (754819) net_bench: case=46 second=7 bytes=8245 rssi=-82[0m
[0;32mI (754825) net_bench: case=46 second=8 bytes=7221 rssi=-82[0m
[0;32mI (754831) net_bench: case=46 second=9 bytes=8245 rssi=-78[0m
[0;32mI (754837) net_bench: case=46 second=10 bytes=7221 rssi=-75[0m
[0;32mI (754844) net_bench: case=46 second=11 bytes=9269 rssi=-83[0m
[0;32mI (754850) net_bench: case=46 second=12 bytes=8245 rssi=-69[0m
[0;32mI (754856) net_bench: case=46 second=13 bytes=7221 rssi=-75[0m
[0;32mI (754862) net_bench: case=46 second=14 bytes=8245 rssi=-80[0m
[0;32mI (754869) net_bench: case=46 second=15 bytes=8245 rssi=-75[0m
[0;32mI (754875) net_bench: case=46 second=16 bytes=8245 rssi=-75[0m
[0;32mI (754881) net_bench: case=46 second=17 bytes=7221 rssi=-82[0m
[0;32mI (754887) net_bench: case=46 second=18 bytes=8245 rssi=-80[0m
[0;32mI (754894) net_bench: case=46 second=19 bytes=8245 rssi=-81[0m
[0;32mI (755901) net_bench: case=47 path=/aac-64?rate=64 output=0 begin rssi=-82 round=2 fixture=3 variant=1 wait_ms=25 read_limit=512 batch=1[0m
[0;32mI (776037) net_cpu: case=47 valid=1 total_us=20071270 tasks_before=8 tasks_after=8 snapshot_bytes=1440[0m
[0;32mI (776039) net_cpu: case=47 task=audio id=4 runtime_us=958572 existed=1[0m
[0;32mI (776045) net_cpu: case=47 task=IDLE id=2 runtime_us=17997382 existed=1[0m
[0;32mI (776052) net_cpu: case=47 task=tiT id=5 runtime_us=492254 existed=1[0m
[0;32mI (776060) net_cpu: case=47 task=uiT id=1 runtime_us=39101 existed=1[0m
[0;32mI (776067) net_cpu: case=47 task=httpd id=9 runtime_us=91019 existed=1[0m
[0;32mI (776074) net_cpu: case=47 task=ppT id=7 runtime_us=493760 existed=1[0m
[0;32mI (776081) net_cpu: case=47 task=sys_evt id=6 runtime_us=0 existed=1[0m
[0;32mI (776088) net_cpu: case=47 task=Tmr Svc id=3 runtime_us=0 existed=1[0m
[0;32mI (776096) net_bench: case=47 output=0 wall_us=20043731 bytes=160751 open_us=77992 error=0 rssi=-76 heap_min=14624[0m
[0;32mI (776106) net_bench: case=47 recv_total_us=473076 recv_positive_us=338952 recv_empty_us=134124[0m
[0;32mI (776116) net_bench: case=47 cpu_lean=1 gap_metrics_valid=0 heap_is_final=1[0m
[0;32mI (776124) net_bench: case=47 sampled_heap_min=13252 rx_gap_tick_ms=142 wait_calls=837[0m
[0;32mI (776133) net_bench: case=47 calls=1203 empty=837 rx_gap_us=0 app_gap_us=0 empty_wait_us=0 recv_max_us=3814 commit_max_us=0 ready_max=0 ready_probes=0[0m
[0;32mI (776147) net_bench: case=47 pcm_frames=0 rate=0 eof=1884 underrun=1883 stack=1212[0m
[0;32mI (776155) net_bench: case=47 second=0 bytes=8192 rssi=-75[0m
[0;32mI (776161) net_bench: case=47 second=1 bytes=8245 rssi=-80[0m
[0;32mI (776167) net_bench: case=47 second=2 bytes=8245 rssi=-81[0m
[0;32mI (776173) net_bench: case=47 second=3 bytes=8245 rssi=-80[0m
[0;32mI (776180) net_bench: case=47 second=4 bytes=7221 rssi=-81[0m
[0;32mI (776186) net_bench: case=47 second=5 bytes=8245 rssi=-82[0m
[0;32mI (776192) net_bench: case=47 second=6 bytes=8245 rssi=-81[0m
[0;32mI (776198) net_bench: case=47 second=7 bytes=8245 rssi=-77[0m
[0;32mI (776204) net_bench: case=47 second=8 bytes=7733 rssi=-76[0m
[0;32mI (776210) net_bench: case=47 second=9 bytes=7733 rssi=-77[0m
[0;32mI (776216) net_bench: case=47 second=10 bytes=8245 rssi=-78[0m
[0;32mI (776223) net_bench: case=47 second=11 bytes=8245 rssi=-79[0m
[0;32mI (776229) net_bench: case=47 second=12 bytes=8245 rssi=-79[0m
[0;32mI (776235) net_bench: case=47 second=13 bytes=7221 rssi=-81[0m
[0;32mI (776241) net_bench: case=47 second=14 bytes=8245 rssi=-77[0m
[0;32mI (776248) net_bench: case=47 second=15 bytes=8245 rssi=-80[0m
[0;32mI (776254) net_bench: case=47 second=16 bytes=8245 rssi=-76[0m
[0;32mI (776260) net_bench: case=47 second=17 bytes=8245 rssi=-77[0m
[0;32mI (776266) net_bench: case=47 second=18 bytes=7221 rssi=-76[0m
[0;32mI (776273) net_bench: case=47 second=19 bytes=8245 rssi=-77[0m
[0;32mI (777280) net_bench: case=48 path=/mp3-320?rate=0 output=0 begin rssi=-77 round=3 fixture=0 variant=3 wait_ms=25 read_limit=1024 batch=4[0m
[0;32mI (797417) net_cpu: case=48 valid=1 total_us=20064554 tasks_before=8 tasks_after=8 snapshot_bytes=1440[0m
[0;32mI (797419) net_cpu: case=48 task=audio id=4 runtime_us=3310776 existed=1[0m
[0;32mI (797425) net_cpu: case=48 task=IDLE id=2 runtime_us=9918191 existed=1[0m
[0;32mI (797433) net_cpu: case=48 task=tiT id=5 runtime_us=3830626 existed=1[0m
[0;32mI (797440) net_cpu: case=48 task=uiT id=1 runtime_us=38386 existed=1[0m
[0;32mI (797447) net_cpu: case=48 task=httpd id=9 runtime_us=91842 existed=1[0m
[0;32mI (797454) net_cpu: case=48 task=ppT id=7 runtime_us=2876363 existed=1[0m
[0;32mI (797461) net_cpu: case=48 task=sys_evt id=6 runtime_us=0 existed=1[0m
[0;32mI (797468) net_cpu: case=48 task=Tmr Svc id=3 runtime_us=0 existed=1[0m
[0;32mI (797477) net_bench: case=48 output=0 wall_us=20036451 bytes=1856688 open_us=83581 error=0 rssi=-78 heap_min=11648[0m
[0;32mI (797486) net_bench: case=48 recv_total_us=4367075 recv_positive_us=3987252 recv_empty_us=379823[0m
[0;32mI (797497) net_bench: case=48 cpu_lean=1 gap_metrics_valid=0 heap_is_final=1[0m
[0;32mI (797504) net_bench: case=48 sampled_heap_min=10884 rx_gap_tick_ms=404 wait_calls=2008[0m
[0;32mI (797513) net_bench: case=48 calls=4868 empty=2008 rx_gap_us=0 app_gap_us=0 empty_wait_us=0 recv_max_us=8669 commit_max_us=0 ready_max=0 ready_probes=0[0m
[0;32mI (797527) net_bench: case=48 pcm_frames=0 rate=0 eof=1884 underrun=1883 stack=1212[0m
[0;32mI (797536) net_bench: case=48 second=0 bytes=86768 rssi=-82[0m
[0;32mI (797542) net_bench: case=48 second=1 bytes=107016 rssi=-83[0m
[0;32mI (797548) net_bench: case=48 second=2 bytes=108864 rssi=-81[0m
[0;32mI (797554) net_bench: case=48 second=3 bytes=70512 rssi=-75[0m
[0;32mI (797561) net_bench: case=48 second=4 bytes=45024 rssi=-81[0m
[0;32mI (797567) net_bench: case=48 second=5 bytes=31624 rssi=-77[0m
[0;32mI (797573) net_bench: case=48 second=6 bytes=62176 rssi=-77[0m
[0;32mI (797579) net_bench: case=48 second=7 bytes=19248 rssi=-82[0m
[0;32mI (797586) net_bench: case=48 second=8 bytes=57456 rssi=-83[0m
[0;32mI (797592) net_bench: case=48 second=9 bytes=73192 rssi=-84[0m
[0;32mI (797598) net_bench: case=48 second=10 bytes=62384 rssi=-83[0m
[0;32mI (797604) net_bench: case=48 second=11 bytes=40984 rssi=-77[0m
[0;32mI (797611) net_bench: case=48 second=12 bytes=51704 rssi=-73[0m
[0;32mI (797617) net_bench: case=48 second=13 bytes=113120 rssi=-67[0m
[0;32mI (797623) net_bench: case=48 second=14 bytes=122024 rssi=-77[0m
[0;32mI (797630) net_bench: case=48 second=15 bytes=93808 rssi=-70[0m
[0;32mI (797636) net_bench: case=48 second=16 bytes=139760 rssi=-82[0m
[0;32mI (797643) net_bench: case=48 second=17 bytes=206176 rssi=-77[0m
[0;32mI (797649) net_bench: case=48 second=18 bytes=190048 rssi=-81[0m
[0;32mI (797655) net_bench: case=48 second=19 bytes=174800 rssi=-81[0m
[0;32mI (798663) net_bench: case=49 path=/mp3-320?rate=0 output=0 begin rssi=-80 round=3 fixture=0 variant=0 wait_ms=25 read_limit=1024 batch=1[0m
[0;32mI (804076) net_cpu: case=49 valid=1 total_us=5327013 tasks_before=8 tasks_after=8 snapshot_bytes=1440[0m
[0;32mI (804078) net_cpu: case=49 task=audio id=4 runtime_us=747785 existed=1[0m
[0;32mI (804084) net_cpu: case=49 task=IDLE id=2 runtime_us=2536615 existed=1[0m
[0;32mI (804091) net_cpu: case=49 task=tiT id=5 runtime_us=1141686 existed=1[0m
[0;32mI (804098) net_cpu: case=49 task=uiT id=1 runtime_us=10419 existed=1[0m
[0;32mI (804105) net_cpu: case=49 task=httpd id=9 runtime_us=24985 existed=1[0m
[0;32mI (804113) net_cpu: case=49 task=ppT id=7 runtime_us=867235 existed=1[0m
[0;32mI (804120) net_cpu: case=49 task=sys_evt id=6 runtime_us=0 existed=1[0m
[0;32mI (804127) net_cpu: case=49 task=Tmr Svc id=3 runtime_us=0 existed=1[0m
[0;32mI (804135) net_bench: case=49 output=0 wall_us=5319025 bytes=570960 open_us=79246 error=-116 rssi=-76 heap_min=12928[0m
[0;32mI (804145) net_bench: case=49 recv_total_us=1385645 recv_positive_us=1320545 recv_empty_us=65100[0m
[0;32mI (804154) net_bench: case=49 cpu_lean=1 gap_metrics_valid=0 heap_is_final=1[0m
[0;32mI (804162) net_bench: case=49 sampled_heap_min=9716 rx_gap_tick_ms=630 wait_calls=365[0m
[0;32mI (804170) net_bench: case=49 calls=1160 empty=365 rx_gap_us=0 app_gap_us=0 empty_wait_us=0 recv_max_us=8071 commit_max_us=0 ready_max=0 ready_probes=0[0m
[0;32mI (804185) net_bench: case=49 pcm_frames=0 rate=0 eof=500 underrun=499 stack=1212[0m
[0;32mI (804193) net_bench: case=49 second=0 bytes=152352 rssi=-78[0m
[0;32mI (804199) net_bench: case=49 second=1 bytes=180456 rssi=-71[0m
[0;32mI (804206) net_bench: case=49 second=2 bytes=169344 rssi=-65[0m
[0;32mI (804212) net_bench: case=49 second=3 bytes=68272 rssi=-77[0m
[0;32mI (804218) net_bench: case=49 second=4 bytes=536 rssi=-83[0m
[0;32mI (804224) net_bench: case=49 second=5 bytes=0 rssi=-83[0m
[0;32mI (804230) net_bench: case=49 second=6 bytes=0 rssi=-127[0m
[0;32mI (804236) net_bench: case=49 second=7 bytes=0 rssi=-127[0m
[0;32mI (804242) net_bench: case=49 second=8 bytes=0 rssi=-127[0m
[0;32mI (804248) net_bench: case=49 second=9 bytes=0 rssi=-127[0m
[0;32mI (804254) net_bench: case=49 second=10 bytes=0 rssi=-127[0m
[0;32mI (804260) net_bench: case=49 second=11 bytes=0 rssi=-127[0m
[0;32mI (804266) net_bench: case=49 second=12 bytes=0 rssi=-127[0m
[0;32mI (804272) net_bench: case=49 second=13 bytes=0 rssi=-127[0m
[0;32mI (804278) net_bench: case=49 second=14 bytes=0 rssi=-127[0m
[0;32mI (804284) net_bench: case=49 second=15 bytes=0 rssi=-127[0m
[0;32mI (804290) net_bench: case=49 second=16 bytes=0 rssi=-127[0m
[0;32mI (804296) net_bench: case=49 second=17 bytes=0 rssi=-127[0m
[0;32mI (804302) net_bench: case=49 second=18 bytes=0 rssi=-127[0m
[0;32mI (804308) net_bench: case=49 second=19 bytes=0 rssi=-127[0m
[0;32mI (805315) net_bench: case=50 path=/mp3-320?rate=0 output=0 begin rssi=-85 round=3 fixture=0 variant=1 wait_ms=25 read_limit=512 batch=1[0m
[0;32mI (806431) net_cpu: case=50 valid=1 total_us=1035386 tasks_before=8 tasks_after=8 snapshot_bytes=1440[0m
[0;32mI (806433) net_cpu: case=50 task=audio id=4 runtime_us=48497 existed=1[0m
[0;32mI (806439) net_cpu: case=50 task=IDLE id=2 runtime_us=950029 existed=1[0m
[0;32mI (806446) net_cpu: case=50 task=uiT id=1 runtime_us=1950 existed=1[0m
[0;32mI (806453) net_cpu: case=50 task=tiT id=5 runtime_us=14377 existed=1[0m
[0;32mI (806460) net_cpu: case=50 task=httpd id=9 runtime_us=4636 existed=1[0m
[0;32mI (806467) net_cpu: case=50 task=ppT id=7 runtime_us=17605 existed=1[0m
[0;32mI (806474) net_cpu: case=50 task=sys_evt id=6 runtime_us=0 existed=1[0m
[0;32mI (806481) net_cpu: case=50 task=Tmr Svc id=3 runtime_us=0 existed=1[0m
[0;32mI (806490) net_bench: case=50 output=0 wall_us=1032239 bytes=3624 open_us=68423 error=-116 rssi=-92 heap_min=12932[0m
[0;32mI (806499) net_bench: case=50 recv_total_us=15052 recv_positive_us=7196 recv_empty_us=7856[0m
[0;32mI (806508) net_bench: case=50 cpu_lean=1 gap_metrics_valid=0 heap_is_final=1[0m
[0;32mI (806516) net_bench: case=50 sampled_heap_min=10928 rx_gap_tick_ms=9 wait_calls=45[0m
[0;32mI (806524) net_bench: case=50 calls=56 empty=45 rx_gap_us=0 app_gap_us=0 empty_wait_us=0 recv_max_us=1563 commit_max_us=0 ready_max=0 ready_probes=0[0m
[0;32mI (806538) net_bench: case=50 pcm_frames=0 rate=0 eof=97 underrun=96 stack=1212[0m
[0;32mI (806546) net_bench: case=50 second=0 bytes=3624 rssi=-82[0m
[0;32mI (806552) net_bench: case=50 second=1 bytes=0 rssi=-92[0m
[0;32mI (806558) net_bench: case=50 second=2 bytes=0 rssi=-127[0m
[0;32mI (806564) net_bench: case=50 second=3 bytes=0 rssi=-127[0m
[0;32mI (806570) net_bench: case=50 second=4 bytes=0 rssi=-127[0m
[0;32mI (806576) net_bench: case=50 second=5 bytes=0 rssi=-127[0m
[0;32mI (806582) net_bench: case=50 second=6 bytes=0 rssi=-127[0m
[0;32mI (806588) net_bench: case=50 second=7 bytes=0 rssi=-127[0m
[0;32mI (806594) net_bench: case=50 second=8 bytes=0 rssi=-127[0m
[0;32mI (806600) net_bench: case=50 second=9 bytes=0 rssi=-127[0m
[0;32mI (806606) net_bench: case=50 second=10 bytes=0 rssi=-127[0m
[0;32mI (806612) net_bench: case=50 second=11 bytes=0 rssi=-127[0m
[0;32mI (806618) net_bench: case=50 second=12 bytes=0 rssi=-127[0m
[0;32mI (806624) net_bench: case=50 second=13 bytes=0 rssi=-127[0m
[0;32mI (806630) net_bench: case=50 second=14 bytes=0 rssi=-127[0m
[0;32mI (806636) net_bench: case=50 second=15 bytes=0 rssi=-127[0m
[0;32mI (806642) net_bench: case=50 second=16 bytes=0 rssi=-127[0m
[0;32mI (806648) net_bench: case=50 second=17 bytes=0 rssi=-127[0m
[0;32mI (806654) net_bench: case=50 second=18 bytes=0 rssi=-127[0m
[0;32mI (806660) net_bench: case=50 second=19 bytes=0 rssi=-127[0m
[0;32mI (807667) net_bench: case=51 path=/mp3-320?rate=0 output=0 begin rssi=-89 round=3 fixture=0 variant=2 wait_ms=25 read_limit=1536 batch=1[0m
[0;32mI (834774) net_cpu: case=51 valid=1 total_us=20053183 tasks_before=8 tasks_after=8 snapshot_bytes=1440[0m
[0;32mI (834776) net_cpu: case=51 task=audio id=4 runtime_us=2305397 existed=1[0m
[0;32mI (834782) net_cpu: case=51 task=IDLE id=2 runtime_us=14425007 existed=1[0m
[0;32mI (834790) net_cpu: case=51 task=uiT id=1 runtime_us=39668 existed=1[0m
[0;32mI (834797) net_cpu: case=51 task=tiT id=5 runtime_us=1791857 existed=1[0m
[0;32mI (834804) net_cpu: case=51 task=httpd id=9 runtime_us=92005 existed=1[0m
[0;32mI (834811) net_cpu: case=51 task=ppT id=7 runtime_us=1400887 existed=1[0m
[0;32mI (834818) net_cpu: case=51 task=sys_evt id=6 runtime_us=0 existed=1[0m
[0;32mI (834825) net_cpu: case=51 task=Tmr Svc id=3 runtime_us=0 existed=1[0m
[0;32mI (834834) net_bench: case=51 output=0 wall_us=20025499 bytes=822723 open_us=7066754 error=0 rssi=-82 heap_min=10920[0m
[0;32mI (834843) net_bench: case=51 recv_total_us=1465348 recv_positive_us=1170883 recv_empty_us=294465[0m
[0;32mI (834853) net_bench: case=51 cpu_lean=1 gap_metrics_valid=0 heap_is_final=1[0m
[0;32mI (834861) net_bench: case=51 sampled_heap_min=10340 rx_gap_tick_ms=930 wait_calls=1707[0m
[0;32mI (834869) net_bench: case=51 calls=3075 empty=1707 rx_gap_us=0 app_gap_us=0 empty_wait_us=0 recv_max_us=4342 commit_max_us=0 ready_max=0 ready_probes=0[0m
[0;32mI (834884) net_bench: case=51 pcm_frames=0 rate=0 eof=1883 underrun=1882 stack=1212[0m
[0;32mI (834892) net_bench: case=51 second=0 bytes=17560 rssi=-75[0m
[0;32mI (834898) net_bench: case=51 second=1 bytes=5896 rssi=-81[0m
[0;32mI (834904) net_bench: case=51 second=2 bytes=12328 rssi=-82[0m
[0;32mI (834910) net_bench: case=51 second=3 bytes=44248 rssi=-86[0m
[0;32mI (834917) net_bench: case=51 second=4 bytes=13400 rssi=-83[0m
[0;32mI (834923) net_bench: case=51 second=5 bytes=50920 rssi=-90[0m
[0;32mI (834929) net_bench: case=51 second=6 bytes=62646 rssi=-84[0m
[0;32mI (834935) net_bench: case=51 second=7 bytes=69976 rssi=-84[0m
[0;32mI (834942) net_bench: case=51 second=8 bytes=33589 rssi=-83[0m
[0;32mI (834948) net_bench: case=51 second=9 bytes=60568 rssi=-80[0m
[0;32mI (834954) net_bench: case=51 second=10 bytes=61104 rssi=-81[0m
[0;32mI (834960) net_bench: case=51 second=11 bytes=27336 rssi=-82[0m
[0;32mI (834967) net_bench: case=51 second=12 bytes=27336 rssi=-85[0m
[0;32mI (834973) net_bench: case=51 second=13 bytes=58960 rssi=-80[0m
[0;32mI (834979) net_bench: case=51 second=14 bytes=43176 rssi=-84[0m
[0;32mI (834986) net_bench: case=51 second=15 bytes=63600 rssi=-83[0m
[0;32mI (834992) net_bench: case=51 second=16 bytes=46688 rssi=-82[0m
[0;32mI (834999) net_bench: case=51 second=17 bytes=73784 rssi=-83[0m
[0;32mI (835005) net_bench: case=51 second=18 bytes=29240 rssi=-84[0m
[0;32mI (835011) net_bench: case=51 second=19 bytes=20368 rssi=-80[0m
[0;32mI (836018) net_bench: case=52 path=/mp3-128?rate=128 output=0 begin rssi=-87 round=3 fixture=1 variant=3 wait_ms=25 read_limit=1024 batch=4[0m
[0;32mI (856134) net_cpu: case=52 valid=1 total_us=20055853 tasks_before=8 tasks_after=8 snapshot_bytes=1440[0m
[0;32mI (856136) net_cpu: case=52 task=audio id=4 runtime_us=1394797 existed=1[0m
[0;32mI (856142) net_cpu: case=52 task=IDLE id=2 runtime_us=16871495 existed=1[0m
[0;32mI (856150) net_cpu: case=52 task=tiT id=5 runtime_us=889093 existed=1[0m
[0;32mI (856157) net_cpu: case=52 task=uiT id=1 runtime_us=38944 existed=1[0m
[0;32mI (856164) net_cpu: case=52 task=httpd id=9 runtime_us=91362 existed=1[0m
[0;32mI (856171) net_cpu: case=52 task=ppT id=7 runtime_us=770557 existed=1[0m
[0;32mI (856178) net_cpu: case=52 task=sys_evt id=6 runtime_us=0 existed=1[0m
[0;32mI (856185) net_cpu: case=52 task=Tmr Svc id=3 runtime_us=0 existed=1[0m
[0;32mI (856194) net_bench: case=52 output=0 wall_us=20028290 bytes=320714 open_us=71057 error=0 rssi=-86 heap_min=12296[0m
[0;32mI (856204) net_bench: case=52 recv_total_us=712271 recv_positive_us=516844 recv_empty_us=195427[0m
[0;32mI (856212) net_bench: case=52 cpu_lean=1 gap_metrics_valid=0 heap_is_final=1[0m
[0;32mI (856220) net_bench: case=52 sampled_heap_min=10412 rx_gap_tick_ms=919 wait_calls=1151[0m
[0;32mI (856229) net_bench: case=52 calls=1734 empty=1151 rx_gap_us=0 app_gap_us=0 empty_wait_us=0 recv_max_us=3184 commit_max_us=0 ready_max=0 ready_probes=0[0m
[0;32mI (856243) net_bench: case=52 pcm_frames=0 rate=0 eof=1883 underrun=1882 stack=1212[0m
[0;32mI (856251) net_bench: case=52 second=0 bytes=16384 rssi=-83[0m
[0;32mI (856258) net_bench: case=52 second=1 bytes=14182 rssi=-82[0m
[0;32mI (856264) net_bench: case=52 second=2 bytes=18230 rssi=-81[0m
[0;32mI (856270) net_bench: case=52 second=3 bytes=15694 rssi=-81[0m
[0;32mI (856276) net_bench: case=52 second=4 bytes=15694 rssi=-79[0m
[0;32mI (856282) net_bench: case=52 second=5 bytes=16230 rssi=-85[0m
[0;32mI (856289) net_bench: case=52 second=6 bytes=12622 rssi=-79[0m
[0;32mI (856295) net_bench: case=52 second=7 bytes=6048 rssi=-81[0m
[0;32mI (856301) net_bench: case=52 second=8 bytes=18040 rssi=-92[0m
[0;32mI (856307) net_bench: case=52 second=9 bytes=27578 rssi=-92[0m
[0;32mI (856314) net_bench: case=52 second=10 bytes=14470 rssi=-80[0m
[0;32mI (856320) net_bench: case=52 second=11 bytes=13358 rssi=-84[0m
[0;32mI (856326) net_bench: case=52 second=12 bytes=20278 rssi=-85[0m
[0;32mI (856332) net_bench: case=52 second=13 bytes=14182 rssi=-76[0m
[0;32mI (856339) net_bench: case=52 second=14 bytes=18230 rssi=-83[0m
[0;32mI (856345) net_bench: case=52 second=15 bytes=15694 rssi=-78[0m
[0;32mI (856352) net_bench: case=52 second=16 bytes=15694 rssi=-80[0m
[0;32mI (856358) net_bench: case=52 second=17 bytes=16718 rssi=-83[0m
[0;32mI (856364) net_bench: case=52 second=18 bytes=15694 rssi=-86[0m
[0;32mI (856370) net_bench: case=52 second=19 bytes=15694 rssi=-83[0m
[0;32mI (857378) net_bench: case=53 path=/mp3-128?rate=128 output=0 begin rssi=-80 round=3 fixture=1 variant=0 wait_ms=25 read_limit=1024 batch=1[0m
[0;32mI (877502) net_cpu: case=53 valid=1 total_us=20052039 tasks_before=8 tasks_after=8 snapshot_bytes=1440[0m
[0;32mI (877504) net_cpu: case=53 task=audio id=4 runtime_us=1380097 existed=1[0m
[0;32mI (877510) net_cpu: case=53 task=IDLE id=2 runtime_us=16864801 existed=1[0m
[0;32mI (877518) net_cpu: case=53 task=uiT id=1 runtime_us=39210 existed=1[0m
[0;32mI (877525) net_cpu: case=53 task=tiT id=5 runtime_us=894979 existed=1[0m
[0;32mI (877532) net_cpu: case=53 task=httpd id=9 runtime_us=91000 existed=1[0m
[0;32mI (877539) net_cpu: case=53 task=ppT id=7 runtime_us=782270 existed=1[0m
[0;32mI (877546) net_cpu: case=53 task=sys_evt id=6 runtime_us=0 existed=1[0m
[0;32mI (877553) net_cpu: case=53 task=Tmr Svc id=3 runtime_us=0 existed=1[0m
[0;32mI (877562) net_bench: case=53 output=0 wall_us=20024412 bytes=320714 open_us=83237 error=0 rssi=-80 heap_min=12296[0m
[0;32mI (877571) net_bench: case=53 recv_total_us=712696 recv_positive_us=529242 recv_empty_us=183454[0m
[0;32mI (877581) net_bench: case=53 cpu_lean=1 gap_metrics_valid=0 heap_is_final=1[0m
[0;32mI (877588) net_bench: case=53 sampled_heap_min=11644 rx_gap_tick_ms=144 wait_calls=1127[0m
[0;32mI (877597) net_bench: case=53 calls=1706 empty=1127 rx_gap_us=0 app_gap_us=0 empty_wait_us=0 recv_max_us=3993 commit_max_us=0 ready_max=0 ready_probes=0[0m
[0;32mI (877611) net_bench: case=53 pcm_frames=0 rate=0 eof=1883 underrun=1882 stack=1212[0m
[0;32mI (877620) net_bench: case=53 second=0 bytes=16384 rssi=-75[0m
[0;32mI (877626) net_bench: case=53 second=1 bytes=15694 rssi=-81[0m
[0;32mI (877632) net_bench: case=53 second=2 bytes=16718 rssi=-81[0m
[0;32mI (877638) net_bench: case=53 second=3 bytes=15694 rssi=-82[0m
[0;32mI (877644) net_bench: case=53 second=4 bytes=15694 rssi=-83[0m
[0;32mI (877651) net_bench: case=53 second=5 bytes=16230 rssi=-83[0m
[0;32mI (877657) net_bench: case=53 second=6 bytes=16182 rssi=-83[0m
[0;32mI (877663) net_bench: case=53 second=7 bytes=15206 rssi=-81[0m
[0;32mI (877669) net_bench: case=53 second=8 bytes=15694 rssi=-83[0m
[0;32mI (877676) net_bench: case=53 second=9 bytes=17206 rssi=-79[0m
[0;32mI (877682) net_bench: case=53 second=10 bytes=16718 rssi=-77[0m
[0;32mI (877688) net_bench: case=53 second=11 bytes=15694 rssi=-79[0m
[0;32mI (877694) net_bench: case=53 second=12 bytes=15694 rssi=-83[0m
[0;32mI (877701) net_bench: case=53 second=13 bytes=16230 rssi=-82[0m
[0;32mI (877707) net_bench: case=53 second=14 bytes=16182 rssi=-82[0m
[0;32mI (877713) net_bench: case=53 second=15 bytes=15694 rssi=-82[0m
[0;32mI (877720) net_bench: case=53 second=16 bytes=15694 rssi=-81[0m
[0;32mI (877726) net_bench: case=53 second=17 bytes=15206 rssi=-83[0m
[0;32mI (877732) net_bench: case=53 second=18 bytes=17206 rssi=-79[0m
[0;32mI (877739) net_bench: case=53 second=19 bytes=15694 rssi=-78[0m
[0;32mI (878747) net_bench: case=54 path=/mp3-128?rate=128 output=0 begin rssi=-81 round=3 fixture=1 variant=1 wait_ms=25 read_limit=512 batch=1[0m
[0;32mI (898854) net_cpu: case=54 valid=1 total_us=20049255 tasks_before=8 tasks_after=8 snapshot_bytes=1440[0m
[0;32mI (898856) net_cpu: case=54 task=audio id=4 runtime_us=1316851 existed=1[0m
[0;32mI (898862) net_cpu: case=54 task=IDLE id=2 runtime_us=16921783 existed=1[0m
[0;32mI (898869) net_cpu: case=54 task=tiT id=5 runtime_us=909306 existed=1[0m
[0;32mI (898876) net_cpu: case=54 task=uiT id=1 runtime_us=39029 existed=1[0m
[0;32mI (898883) net_cpu: case=54 task=httpd id=9 runtime_us=91143 existed=1[0m
[0;32mI (898891) net_cpu: case=54 task=ppT id=7 runtime_us=771127 existed=1[0m
[0;32mI (898898) net_cpu: case=54 task=sys_evt id=6 runtime_us=0 existed=1[0m
[0;32mI (898905) net_cpu: case=54 task=Tmr Svc id=3 runtime_us=0 existed=1[0m
[0;32mI (898914) net_bench: case=54 output=0 wall_us=20021708 bytes=321226 open_us=69326 error=0 rssi=-78 heap_min=11700[0m
[0;32mI (898923) net_bench: case=54 recv_total_us=838501 recv_positive_us=673487 recv_empty_us=165014[0m
[0;32mI (898932) net_bench: case=54 cpu_lean=1 gap_metrics_valid=0 heap_is_final=1[0m
[0;32mI (898940) net_bench: case=54 sampled_heap_min=11652 rx_gap_tick_ms=414 wait_calls=1015[0m
[0;32mI (898949) net_bench: case=54 calls=1847 empty=1015 rx_gap_us=0 app_gap_us=0 empty_wait_us=0 recv_max_us=4777 commit_max_us=0 ready_max=0 ready_probes=0[0m
[0;32mI (898963) net_bench: case=54 pcm_frames=0 rate=0 eof=1882 underrun=1881 stack=1212[0m
[0;32mI (898971) net_bench: case=54 second=0 bytes=16384 rssi=-82[0m
[0;32mI (898977) net_bench: case=54 second=1 bytes=15694 rssi=-82[0m
[0;32mI (898983) net_bench: case=54 second=2 bytes=16718 rssi=-79[0m
[0;32mI (898990) net_bench: case=54 second=3 bytes=15694 rssi=-78[0m
[0;32mI (898996) net_bench: case=54 second=4 bytes=15694 rssi=-80[0m
[0;32mI (899002) net_bench: case=54 second=5 bytes=16230 rssi=-84[0m
[0;32mI (899008) net_bench: case=54 second=6 bytes=16182 rssi=-81[0m
[0;32mI (899015) net_bench: case=54 second=7 bytes=15694 rssi=-82[0m
[0;32mI (899021) net_bench: case=54 second=8 bytes=16718 rssi=-84[0m
[0;32mI (899027) net_bench: case=54 second=9 bytes=15694 rssi=-83[0m
[0;32mI (899033) net_bench: case=54 second=10 bytes=15694 rssi=-83[0m
[0;32mI (899040) net_bench: case=54 second=11 bytes=15206 rssi=-84[0m
[0;32mI (899046) net_bench: case=54 second=12 bytes=17206 rssi=-80[0m
[0;32mI (899052) net_bench: case=54 second=13 bytes=15694 rssi=-80[0m
[0;32mI (899059) net_bench: case=54 second=14 bytes=16718 rssi=-80[0m
[0;32mI (899065) net_bench: case=54 second=15 bytes=15694 rssi=-83[0m
[0;32mI (899071) net_bench: case=54 second=16 bytes=15694 rssi=-85[0m
[0;32mI (899079) net_bench: case=54 second=17 bytes=14670 rssi=-80[0m
[0;32mI (899085) net_bench: case=54 second=18 bytes=17742 rssi=-88[0m
[0;32mI (899091) net_bench: case=54 second=19 bytes=16206 rssi=-81[0m
[0;32mI (900098) net_bench: case=55 path=/mp3-128?rate=128 output=0 begin rssi=-78 round=3 fixture=1 variant=2 wait_ms=25 read_limit=1536 batch=1[0m
[0;32mI (908754) net_cpu: case=55 valid=1 total_us=8572130 tasks_before=8 tasks_after=8 snapshot_bytes=1440[0m
[0;32mI (908756) net_cpu: case=55 task=audio id=4 runtime_us=530994 existed=1[0m
[0;32mI (908762) net_cpu: case=55 task=IDLE id=2 runtime_us=7354695 existed=1[0m
[0;32mI (908769) net_cpu: case=55 task=uiT id=1 runtime_us=16720 existed=1[0m
[0;32mI (908776) net_cpu: case=55 task=tiT id=5 runtime_us=330449 existed=1[0m
[0;32mI (908783) net_cpu: case=55 task=httpd id=9 runtime_us=39132 existed=1[0m
[0;32mI (908790) net_cpu: case=55 task=ppT id=7 runtime_us=300944 existed=1[0m
[0;32mI (908798) net_cpu: case=55 task=sys_evt id=6 runtime_us=0 existed=1[0m
[0;32mI (908805) net_cpu: case=55 task=Tmr Svc id=3 runtime_us=0 existed=1[0m
[0;32mI (908813) net_bench: case=55 output=0 wall_us=8559924 bytes=121658 open_us=81380 error=-116 rssi=-72 heap_min=12104[0m
[0;32mI (908823) net_bench: case=55 recv_total_us=257112 recv_positive_us=183145 recv_empty_us=73967[0m
[0;32mI (908832) net_bench: case=55 cpu_lean=1 gap_metrics_valid=0 heap_is_final=1[0m
[0;32mI (908840) net_bench: case=55 sampled_heap_min=10848 rx_gap_tick_ms=935 wait_calls=448[0m
[0;32mI (908848) net_bench: case=55 calls=642 empty=448 rx_gap_us=0 app_gap_us=0 empty_wait_us=0 recv_max_us=3484 commit_max_us=0 ready_max=0 ready_probes=0[0m
[0;32mI (908862) net_bench: case=55 pcm_frames=0 rate=0 eof=805 underrun=804 stack=1212[0m
[0;32mI (908871) net_bench: case=55 second=0 bytes=16384 rssi=-80[0m
[0;32mI (908877) net_bench: case=55 second=1 bytes=16718 rssi=-78[0m
[0;32mI (908883) net_bench: case=55 second=2 bytes=15694 rssi=-79[0m
[0;32mI (908889) net_bench: case=55 second=3 bytes=15694 rssi=-81[0m
[0;32mI (908895) net_bench: case=55 second=4 bytes=16718 rssi=-82[0m
[0;32mI (908902) net_bench: case=55 second=5 bytes=6526 rssi=-87[0m
[0;32mI (908908) net_bench: case=55 second=6 bytes=24862 rssi=-87[0m
[0;32mI (908914) net_bench: case=55 second=7 bytes=9062 rssi=-69[0m
[0;32mI (908921) net_bench: case=55 second=8 bytes=0 rssi=-70[0m
[0;32mI (908926) net_bench: case=55 second=9 bytes=0 rssi=-127[0m
[0;32mI (908932) net_bench: case=55 second=10 bytes=0 rssi=-127[0m
[0;32mI (908938) net_bench: case=55 second=11 bytes=0 rssi=-127[0m
[0;32mI (908944) net_bench: case=55 second=12 bytes=0 rssi=-127[0m
[0;32mI (908950) net_bench: case=55 second=13 bytes=0 rssi=-127[0m
[0;32mI (908956) net_bench: case=55 second=14 bytes=0 rssi=-127[0m
[0;32mI (908962) net_bench: case=55 second=15 bytes=0 rssi=-127[0m
[0;32mI (908969) net_bench: case=55 second=16 bytes=0 rssi=-127[0m
[0;32mI (908974) net_bench: case=55 second=17 bytes=0 rssi=-127[0m
[0;32mI (908981) net_bench: case=55 second=18 bytes=0 rssi=-127[0m
[0;32mI (908987) net_bench: case=55 second=19 bytes=0 rssi=-127[0m
[0;32mI (909994) net_bench: case=56 path=/mp3-320?rate=320 output=0 begin rssi=-70 round=3 fixture=2 variant=3 wait_ms=25 read_limit=1024 batch=4[0m
[0;32mI (930120) net_cpu: case=56 valid=1 total_us=20059920 tasks_before=8 tasks_after=8 snapshot_bytes=1440[0m
[0;32mI (930126) net_cpu: case=56 task=audio id=4 runtime_us=2052795 existed=1[0m
[0;32mI (930132) net_cpu: case=56 task=IDLE id=2 runtime_us=14422964 existed=1[0m
[0;32mI (930139) net_cpu: case=56 task=tiT id=5 runtime_us=1928255 existed=1[0m
[0;32mI (930146) net_cpu: case=56 task=uiT id=1 runtime_us=39049 existed=1[0m
[0;32mI (930153) net_cpu: case=56 task=httpd id=9 runtime_us=91784 existed=1[0m
[0;32mI (930161) net_cpu: case=56 task=ppT id=7 runtime_us=1525339 existed=1[0m
[0;32mI (930168) net_cpu: case=56 task=sys_evt id=6 runtime_us=0 existed=1[0m
[0;32mI (930175) net_cpu: case=56 task=Tmr Svc id=3 runtime_us=0 existed=1[0m
[0;32mI (930183) net_bench: case=56 output=0 wall_us=20032138 bytes=802316 open_us=79069 error=0 rssi=-77 heap_min=12940[0m
[0;32mI (930193) net_bench: case=56 recv_total_us=1655602 recv_positive_us=1378196 recv_empty_us=277406[0m
[0;32mI (930202) net_bench: case=56 cpu_lean=1 gap_metrics_valid=0 heap_is_final=1[0m
[0;32mI (930210) net_bench: case=56 sampled_heap_min=10884 rx_gap_tick_ms=922 wait_calls=1438[0m
[0;32mI (930218) net_bench: case=56 calls=2713 empty=1438 rx_gap_us=0 app_gap_us=0 empty_wait_us=0 recv_max_us=7848 commit_max_us=0 ready_max=0 ready_probes=0[0m
[0;32mI (930233) net_bench: case=56 pcm_frames=0 rate=0 eof=1883 underrun=1882 stack=1212[0m
[0;32mI (930241) net_bench: case=56 second=0 bytes=30720 rssi=-70[0m
[0;32mI (930247) net_bench: case=56 second=1 bytes=25412 rssi=-72[0m
[0;32mI (930253) net_bench: case=56 second=2 bytes=53880 rssi=-75[0m
[0;32mI (930260) net_bench: case=56 second=3 bytes=50192 rssi=-72[0m
[0;32mI (930266) net_bench: case=56 second=4 bytes=40332 rssi=-75[0m
[0;32mI (930272) net_bench: case=56 second=5 bytes=40188 rssi=-85[0m
[0;32mI (930278) net_bench: case=56 second=6 bytes=39748 rssi=-85[0m
[0;32mI (930285) net_bench: case=56 second=7 bytes=40772 rssi=-80[0m
[0;32mI (930291) net_bench: case=56 second=8 bytes=39748 rssi=-82[0m
[0;32mI (930297) net_bench: case=56 second=9 bytes=39748 rssi=-83[0m
[0;32mI (930303) net_bench: case=56 second=10 bytes=40772 rssi=-77[0m
[0;32mI (930310) net_bench: case=56 second=11 bytes=34628 rssi=-83[0m
[0;32mI (930316) net_bench: case=56 second=12 bytes=44868 rssi=-83[0m
[0;32mI (930322) net_bench: case=56 second=13 bytes=40772 rssi=-77[0m
[0;32mI (930329) net_bench: case=56 second=14 bytes=29020 rssi=-80[0m
[0;32mI (930335) net_bench: case=56 second=15 bytes=38712 rssi=-81[0m
[0;32mI (930342) net_bench: case=56 second=16 bytes=52536 rssi=-76[0m
[0;32mI (930348) net_bench: case=56 second=17 bytes=39748 rssi=-73[0m
[0;32mI (930354) net_bench: case=56 second=18 bytes=40772 rssi=-75[0m
[0;32mI (930360) net_bench: case=56 second=19 bytes=39748 rssi=-81[0m
[0;32mI (931367) net_bench: case=57 path=/mp3-320?rate=320 output=0 begin rssi=-78 round=3 fixture=2 variant=0 wait_ms=25 read_limit=1024 batch=1[0m
[0;32mI (951504) net_cpu: case=57 valid=1 total_us=20069275 tasks_before=8 tasks_after=8 snapshot_bytes=1440[0m
[0;32mI (951506) net_cpu: case=57 task=audio id=4 runtime_us=1727279 existed=1[0m
[0;32mI (951512) net_cpu: case=57 task=IDLE id=2 runtime_us=14848717 existed=1[0m
[0;32mI (951520) net_cpu: case=57 task=uiT id=1 runtime_us=39026 existed=1[0m
[0;32mI (951527) net_cpu: case=57 task=tiT id=5 runtime_us=1868634 existed=1[0m
[0;32mI (951534) net_cpu: case=57 task=httpd id=9 runtime_us=92348 existed=1[0m
[0;32mI (951541) net_cpu: case=57 task=ppT id=7 runtime_us=1494927 existed=1[0m
[0;32mI (951548) net_cpu: case=57 task=sys_evt id=6 runtime_us=0 existed=1[0m
[0;32mI (951555) net_cpu: case=57 task=Tmr Svc id=3 runtime_us=0 existed=1[0m
[0;32mI (951564) net_bench: case=57 output=0 wall_us=20041559 bytes=802316 open_us=78630 error=0 rssi=-70 heap_min=12300[0m
[0;32mI (951573) net_bench: case=57 recv_total_us=1470199 recv_positive_us=1237542 recv_empty_us=232657[0m
[0;32mI (951583) net_bench: case=57 cpu_lean=1 gap_metrics_valid=0 heap_is_final=1[0m
[0;32mI (951590) net_bench: case=57 sampled_heap_min=11700 rx_gap_tick_ms=385 wait_calls=1199[0m
[0;32mI (951599) net_bench: case=57 calls=2188 empty=1199 rx_gap_us=0 app_gap_us=0 empty_wait_us=0 recv_max_us=5343 commit_max_us=0 ready_max=0 ready_probes=0[0m
[0;32mI (951613) net_bench: case=57 pcm_frames=0 rate=0 eof=1885 underrun=1884 stack=1212[0m
[0;32mI (951621) net_bench: case=57 second=0 bytes=40960 rssi=-78[0m
[0;32mI (951629) net_bench: case=57 second=1 bytes=38724 rssi=-76[0m
[0;32mI (951635) net_bench: case=57 second=2 bytes=40772 rssi=-75[0m
[0;32mI (951641) net_bench: case=57 second=3 bytes=40772 rssi=-75[0m
[0;32mI (951647) net_bench: case=57 second=4 bytes=39748 rssi=-77[0m
[0;32mI (951654) net_bench: case=57 second=5 bytes=39748 rssi=-74[0m
[0;32mI (951660) net_bench: case=57 second=6 bytes=40772 rssi=-67[0m
[0;32mI (951666) net_bench: case=57 second=7 bytes=39748 rssi=-67[0m
[0;32mI (951672) net_bench: case=57 second=8 bytes=39748 rssi=-69[0m
[0;32mI (951678) net_bench: case=57 second=9 bytes=39748 rssi=-66[0m
[0;32mI (951685) net_bench: case=57 second=10 bytes=40772 rssi=-76[0m
[0;32mI (951691) net_bench: case=57 second=11 bytes=39748 rssi=-82[0m
[0;32mI (951697) net_bench: case=57 second=12 bytes=40772 rssi=-81[0m
[0;32mI (951704) net_bench: case=57 second=13 bytes=39260 rssi=-75[0m
[0;32mI (951710) net_bench: case=57 second=14 bytes=40236 rssi=-84[0m
[0;32mI (951716) net_bench: case=57 second=15 bytes=40772 rssi=-76[0m
[0;32mI (951723) net_bench: case=57 second=16 bytes=39748 rssi=-83[0m
[0;32mI (951729) net_bench: case=57 second=17 bytes=39748 rssi=-67[0m
[0;32mI (951735) net_bench: case=57 second=18 bytes=40772 rssi=-69[0m
[0;32mI (951742) net_bench: case=57 second=19 bytes=39748 rssi=-71[0m
[0;32mI (952749) net_bench: case=58 path=/mp3-320?rate=320 output=0 begin rssi=-70 round=3 fixture=2 variant=1 wait_ms=25 read_limit=512 batch=1[0m
[0;32mI (972862) net_cpu: case=58 valid=1 total_us=20056989 tasks_before=8 tasks_after=8 snapshot_bytes=1440[0m
[0;32mI (972864) net_cpu: case=58 task=audio id=4 runtime_us=1819208 existed=1[0m
[0;32mI (972870) net_cpu: case=58 task=IDLE id=2 runtime_us=14708212 existed=1[0m
[0;32mI (972877) net_cpu: case=58 task=tiT id=5 runtime_us=1930781 existed=1[0m
[0;32mI (972885) net_cpu: case=58 task=uiT id=1 runtime_us=39247 existed=1[0m
[0;32mI (972891) net_cpu: case=58 task=httpd id=9 runtime_us=91664 existed=1[0m
[0;32mI (972899) net_cpu: case=58 task=ppT id=7 runtime_us=1469517 existed=1[0m
[0;32mI (972906) net_cpu: case=58 task=sys_evt id=6 runtime_us=0 existed=1[0m
[0;32mI (972913) net_cpu: case=58 task=Tmr Svc id=3 runtime_us=0 existed=1[0m
[0;32mI (972921) net_bench: case=58 output=0 wall_us=20029249 bytes=802316 open_us=68401 error=0 rssi=-79 heap_min=11696[0m
[0;32mI (972931) net_bench: case=58 recv_total_us=1816749 recv_positive_us=1630232 recv_empty_us=186517[0m
[0;32mI (972940) net_bench: case=58 cpu_lean=1 gap_metrics_valid=0 heap_is_final=1[0m
[0;32mI (972948) net_bench: case=58 sampled_heap_min=11576 rx_gap_tick_ms=44 wait_calls=1090[0m
[0;32mI (972957) net_bench: case=58 calls=2770 empty=1090 rx_gap_us=0 app_gap_us=0 empty_wait_us=0 recv_max_us=4525 commit_max_us=0 ready_max=0 ready_probes=0[0m
[0;32mI (972971) net_bench: case=58 pcm_frames=0 rate=0 eof=1883 underrun=1882 stack=1212[0m
[0;32mI (972979) net_bench: case=58 second=0 bytes=39936 rssi=-70[0m
[0;32mI (972985) net_bench: case=58 second=1 bytes=40772 rssi=-71[0m
[0;32mI (972992) net_bench: case=58 second=2 bytes=39748 rssi=-70[0m
[0;32mI (972998) net_bench: case=58 second=3 bytes=40772 rssi=-70[0m
[0;32mI (973004) net_bench: case=58 second=4 bytes=39748 rssi=-70[0m
[0;32mI (973010) net_bench: case=58 second=5 bytes=39748 rssi=-79[0m
[0;32mI (973017) net_bench: case=58 second=6 bytes=40772 rssi=-81[0m
[0;32mI (973023) net_bench: case=58 second=7 bytes=39748 rssi=-78[0m
[0;32mI (973029) net_bench: case=58 second=8 bytes=39748 rssi=-80[0m
[0;32mI (973035) net_bench: case=58 second=9 bytes=39748 rssi=-78[0m
[0;32mI (973041) net_bench: case=58 second=10 bytes=40772 rssi=-71[0m
[0;32mI (973048) net_bench: case=58 second=11 bytes=39748 rssi=-69[0m
[0;32mI (973054) net_bench: case=58 second=12 bytes=40772 rssi=-69[0m
[0;32mI (973060) net_bench: case=58 second=13 bytes=39748 rssi=-73[0m
[0;32mI (973067) net_bench: case=58 second=14 bytes=39748 rssi=-73[0m
[0;32mI (973073) net_bench: case=58 second=15 bytes=40772 rssi=-79[0m
[0;32mI (973079) net_bench: case=58 second=16 bytes=39748 rssi=-79[0m
[0;32mI (973086) net_bench: case=58 second=17 bytes=39748 rssi=-79[0m
[0;32mI (973092) net_bench: case=58 second=18 bytes=39748 rssi=-79[0m
[0;32mI (973098) net_bench: case=58 second=19 bytes=40772 rssi=-72[0m
[0;32mI (974106) net_bench: case=59 path=/mp3-320?rate=320 output=0 begin rssi=-72 round=3 fixture=2 variant=2 wait_ms=25 read_limit=1536 batch=1[0m
[0;32mI (995244) net_cpu: case=59 valid=1 total_us=20059494 tasks_before=8 tasks_after=8 snapshot_bytes=1440[0m
[0;32mI (995246) net_cpu: case=59 task=audio id=4 runtime_us=1750996 existed=1[0m
[0;32mI (995252) net_cpu: case=59 task=IDLE id=2 runtime_us=14940159 existed=1[0m
[0;32mI (995259) net_cpu: case=59 task=uiT id=1 runtime_us=38867 existed=1[0m
[0;32mI (995266) net_cpu: case=59 task=tiT id=5 runtime_us=1792387 existed=1[0m
[0;32mI (995273) net_cpu: case=59 task=httpd id=9 runtime_us=91857 existed=1[0m
[0;32mI (995281) net_cpu: case=59 task=ppT id=7 runtime_us=1446408 existed=1[0m
[0;32mI (995288) net_cpu: case=59 task=sys_evt id=6 runtime_us=0 existed=1[0m
[0;32mI (995295) net_cpu: case=59 task=Tmr Svc id=3 runtime_us=0 existed=1[0m
[0;32mI (995304) net_bench: case=59 output=0 wall_us=20031704 bytes=802316 open_us=1088356 error=0 rssi=-73 heap_min=12936[0m
[0;32mI (995313) net_bench: case=59 recv_total_us=1515650 recv_positive_us=1283733 recv_empty_us=231917[0m
[0;32mI (995323) net_bench: case=59 cpu_lean=1 gap_metrics_valid=0 heap_is_final=1[0m
[0;32mI (995330) net_bench: case=59 sampled_heap_min=11572 rx_gap_tick_ms=967 wait_calls=1188[0m
[0;32mI (995339) net_bench: case=59 calls=2251 empty=1188 rx_gap_us=0 app_gap_us=0 empty_wait_us=0 recv_max_us=7189 commit_max_us=0 ready_max=0 ready_probes=0[0m
[0;32mI (995353) net_bench: case=59 pcm_frames=0 rate=0 eof=1883 underrun=1882 stack=1212[0m
[0;32mI (995361) net_bench: case=59 second=0 bytes=39936 rssi=-77[0m
[0;32mI (995368) net_bench: case=59 second=1 bytes=40772 rssi=-81[0m
[0;32mI (995374) net_bench: case=59 second=2 bytes=39748 rssi=-78[0m
[0;32mI (995380) net_bench: case=59 second=3 bytes=40772 rssi=-78[0m
[0;32mI (995387) net_bench: case=59 second=4 bytes=39748 rssi=-71[0m
[0;32mI (995393) net_bench: case=59 second=5 bytes=39748 rssi=-68[0m
[0;32mI (995399) net_bench: case=59 second=6 bytes=40772 rssi=-68[0m
[0;32mI (995405) net_bench: case=59 second=7 bytes=38724 rssi=-76[0m
[0;32mI (995411) net_bench: case=59 second=8 bytes=40772 rssi=-74[0m
[0;32mI (995418) net_bench: case=59 second=9 bytes=28712 rssi=-77[0m
[0;32mI (995424) net_bench: case=59 second=10 bytes=47904 rssi=-77[0m
[0;32mI (995430) net_bench: case=59 second=11 bytes=13120 rssi=-79[0m
[0;32mI (995436) net_bench: case=59 second=12 bytes=64136 rssi=-77[0m
[0;32mI (995443) net_bench: case=59 second=13 bytes=46916 rssi=-80[0m
[0;32mI (995449) net_bench: case=59 second=14 bytes=39748 rssi=-66[0m
[0;32mI (995455) net_bench: case=59 second=15 bytes=40772 rssi=-71[0m
[0;32mI (995462) net_bench: case=59 second=16 bytes=39748 rssi=-72[0m
[0;32mI (995468) net_bench: case=59 second=17 bytes=40772 rssi=-70[0m
[0;32mI (995474) net_bench: case=59 second=18 bytes=39260 rssi=-72[0m
[0;32mI (995481) net_bench: case=59 second=19 bytes=40236 rssi=-79[0m
[0;32mI (996488) net_bench: case=60 path=/aac-64?rate=64 output=0 begin rssi=-79 round=3 fixture=3 variant=3 wait_ms=25 read_limit=1024 batch=4[0m
[0;32mI (1016604) net_cpu: case=60 valid=1 total_us=20051222 tasks_before=8 tasks_after=8 snapshot_bytes=1440[0m
[0;32mI (1016606) net_cpu: case=60 task=audio id=4 runtime_us=997299 existed=1[0m
[0;32mI (1016612) net_cpu: case=60 task=IDLE id=2 runtime_us=17960265 existed=1[0m
[0;32mI (1016620) net_cpu: case=60 task=uiT id=1 runtime_us=39210 existed=1[0m
[0;32mI (1016627) net_cpu: case=60 task=tiT id=5 runtime_us=476123 existed=1[0m
[0;32mI (1016634) net_cpu: case=60 task=httpd id=9 runtime_us=90969 existed=1[0m
[0;32mI (1016641) net_cpu: case=60 task=ppT id=7 runtime_us=488877 existed=1[0m
[0;32mI (1016649) net_cpu: case=60 task=sys_evt id=6 runtime_us=0 existed=1[0m
[0;32mI (1016656) net_cpu: case=60 task=Tmr Svc id=3 runtime_us=0 existed=1[0m
[0;32mI (1016664) net_bench: case=60 output=0 wall_us=20023683 bytes=160751 open_us=77945 error=0 rssi=-78 heap_min=14624[0m
[0;32mI (1016674) net_bench: case=60 recv_total_us=426759 recv_positive_us=277821 recv_empty_us=148938[0m
[0;32mI (1016683) net_bench: case=60 cpu_lean=1 gap_metrics_valid=0 heap_is_final=1[0m
[0;32mI (1016691) net_bench: case=60 sampled_heap_min=13800 rx_gap_tick_ms=144 wait_calls=903[0m
[0;32mI (1016700) net_bench: case=60 calls=1178 empty=903 rx_gap_us=0 app_gap_us=0 empty_wait_us=0 recv_max_us=3379 commit_max_us=0 ready_max=0 ready_probes=0[0m
[0;32mI (1016715) net_bench: case=60 pcm_frames=0 rate=0 eof=1883 underrun=1882 stack=1212[0m
[0;32mI (1016723) net_bench: case=60 second=0 bytes=8192 rssi=-73[0m
[0;32mI (1016729) net_bench: case=60 second=1 bytes=8245 rssi=-71[0m
[0;32mI (1016736) net_bench: case=60 second=2 bytes=8245 rssi=-71[0m
[0;32mI (1016742) net_bench: case=60 second=3 bytes=8245 rssi=-71[0m
[0;32mI (1016748) net_bench: case=60 second=4 bytes=7221 rssi=-80[0m
[0;32mI (1016754) net_bench: case=60 second=5 bytes=8245 rssi=-81[0m
[0;32mI (1016761) net_bench: case=60 second=6 bytes=8245 rssi=-80[0m
[0;32mI (1016767) net_bench: case=60 second=7 bytes=8245 rssi=-79[0m
[0;32mI (1016773) net_bench: case=60 second=8 bytes=7221 rssi=-79[0m
[0;32mI (1016779) net_bench: case=60 second=9 bytes=8245 rssi=-70[0m
[0;32mI (1016786) net_bench: case=60 second=10 bytes=8245 rssi=-71[0m
[0;32mI (1016792) net_bench: case=60 second=11 bytes=8245 rssi=-70[0m
[0;32mI (1016798) net_bench: case=60 second=12 bytes=8245 rssi=-71[0m
[0;32mI (1016805) net_bench: case=60 second=13 bytes=7221 rssi=-71[0m
[0;32mI (1016811) net_bench: case=60 second=14 bytes=8245 rssi=-77[0m
[0;32mI (1016817) net_bench: case=60 second=15 bytes=8245 rssi=-68[0m
[0;32mI (1016823) net_bench: case=60 second=16 bytes=8245 rssi=-78[0m
[0;32mI (1016830) net_bench: case=60 second=17 bytes=8245 rssi=-74[0m
[0;32mI (1016836) net_bench: case=60 second=18 bytes=7221 rssi=-79[0m
[0;32mI (1016842) net_bench: case=60 second=19 bytes=8245 rssi=-70[0m
[0;32mI (1017850) net_bench: case=61 path=/aac-64?rate=64 output=0 begin rssi=-79 round=3 fixture=3 variant=0 wait_ms=25 read_limit=1024 batch=1[0m
[0;32mI (1037962) net_cpu: case=61 valid=1 total_us=20050732 tasks_before=8 tasks_after=8 snapshot_bytes=1440[0m
[0;32mI (1037964) net_cpu: case=61 task=audio id=4 runtime_us=1021948 existed=1[0m
[0;32mI (1037970) net_cpu: case=61 task=IDLE id=2 runtime_us=17888978 existed=1[0m
[0;32mI (1037978) net_cpu: case=61 task=tiT id=5 runtime_us=503877 existed=1[0m
[0;32mI (1037985) net_cpu: case=61 task=uiT id=1 runtime_us=39144 existed=1[0m
[0;32mI (1037992) net_cpu: case=61 task=httpd id=9 runtime_us=91317 existed=1[0m
[0;32mI (1037999) net_cpu: case=61 task=ppT id=7 runtime_us=506226 existed=1[0m
[0;32mI (1038006) net_cpu: case=61 task=sys_evt id=6 runtime_us=0 existed=1[0m
[0;32mI (1038014) net_cpu: case=61 task=Tmr Svc id=3 runtime_us=0 existed=1[0m
[0;32mI (1038023) net_bench: case=61 output=0 wall_us=20023201 bytes=160751 open_us=74432 error=0 rssi=-82 heap_min=14624[0m
[0;32mI (1038032) net_bench: case=61 recv_total_us=425444 recv_positive_us=277091 recv_empty_us=148353[0m
[0;32mI (1038041) net_bench: case=61 cpu_lean=1 gap_metrics_valid=0 heap_is_final=1[0m
[0;32mI (1038049) net_bench: case=61 sampled_heap_min=13200 rx_gap_tick_ms=244 wait_calls=908[0m
[0;32mI (1038058) net_bench: case=61 calls=1213 empty=908 rx_gap_us=0 app_gap_us=0 empty_wait_us=0 recv_max_us=4304 commit_max_us=0 ready_max=0 ready_probes=0[0m
[0;32mI (1038072) net_bench: case=61 pcm_frames=0 rate=0 eof=1883 underrun=1882 stack=1212[0m
[0;32mI (1038080) net_bench: case=61 second=0 bytes=8192 rssi=-80[0m
[0;32mI (1038087) net_bench: case=61 second=1 bytes=8245 rssi=-79[0m
[0;32mI (1038093) net_bench: case=61 second=2 bytes=6733 rssi=-80[0m
[0;32mI (1038099) net_bench: case=61 second=3 bytes=9757 rssi=-71[0m
[0;32mI (1038105) net_bench: case=61 second=4 bytes=7221 rssi=-70[0m
[0;32mI (1038112) net_bench: case=61 second=5 bytes=8245 rssi=-71[0m
[0;32mI (1038118) net_bench: case=61 second=6 bytes=7757 rssi=-72[0m
[0;32mI (1038124) net_bench: case=61 second=7 bytes=8733 rssi=-72[0m
[0;32mI (1038130) net_bench: case=61 second=8 bytes=8245 rssi=-71[0m
[0;32mI (1038136) net_bench: case=61 second=9 bytes=5709 rssi=-80[0m
[0;32mI (1038143) net_bench: case=61 second=10 bytes=9757 rssi=-81[0m
[0;32mI (1038149) net_bench: case=61 second=11 bytes=8245 rssi=-80[0m
[0;32mI (1038155) net_bench: case=61 second=12 bytes=8245 rssi=-79[0m
[0;32mI (1038162) net_bench: case=61 second=13 bytes=7221 rssi=-70[0m
[0;32mI (1038168) net_bench: case=61 second=14 bytes=8245 rssi=-70[0m
[0;32mI (1038174) net_bench: case=61 second=15 bytes=8245 rssi=-72[0m
[0;32mI (1038181) net_bench: case=61 second=16 bytes=8245 rssi=-71[0m
[0;32mI (1038187) net_bench: case=61 second=17 bytes=8245 rssi=-70[0m
[0;32mI (1038193) net_bench: case=61 second=18 bytes=7221 rssi=-79[0m
[0;32mI (1038199) net_bench: case=61 second=19 bytes=8245 rssi=-80[0m
[0;32mI (1039207) net_bench: case=62 path=/aac-64?rate=64 output=0 begin rssi=-81 round=3 fixture=3 variant=1 wait_ms=25 read_limit=512 batch=1[0m
[0;32mI (1052109) net_cpu: case=62 valid=1 total_us=11825922 tasks_before=8 tasks_after=8 snapshot_bytes=1440[0m
[0;32mI (1052111) net_cpu: case=62 task=audio id=4 runtime_us=572514 existed=1[0m
[0;32mI (1052117) net_cpu: case=62 task=IDLE id=2 runtime_us=10613714 existed=1[0m
[0;32mI (1052125) net_cpu: case=62 task=tiT id=5 runtime_us=281641 existed=1[0m
[0;32mI (1052132) net_cpu: case=62 task=uiT id=1 runtime_us=22711 existed=1[0m
[0;32mI (1052139) net_cpu: case=62 task=httpd id=9 runtime_us=53484 existed=1[0m
[0;32mI (1052146) net_cpu: case=62 task=ppT id=7 runtime_us=283577 existed=1[0m
[0;32mI (1052153) net_cpu: case=62 task=sys_evt id=6 runtime_us=0 existed=1[0m
[0;32mI (1052160) net_cpu: case=62 task=Tmr Svc id=3 runtime_us=0 existed=1[0m
[0;32mI (1052170) net_bench: case=62 output=0 wall_us=11809390 bytes=87570 open_us=1077644 error=-116 rssi=-70 heap_min=14628[0m
[0;32mI (1052180) net_bench: case=62 recv_total_us=270169 recv_positive_us=188164 recv_empty_us=82005[0m
[0;32mI (1052189) net_bench: case=62 cpu_lean=1 gap_metrics_valid=0 heap_is_final=1[0m
[0;32mI (1052197) net_bench: case=62 sampled_heap_min=13280 rx_gap_tick_ms=737 wait_calls=501[0m
[0;32mI (1052206) net_bench: case=62 calls=723 empty=501 rx_gap_us=0 app_gap_us=0 empty_wait_us=0 recv_max_us=4354 commit_max_us=0 ready_max=0 ready_probes=0[0m
[0;32mI (1052220) net_bench: case=62 pcm_frames=0 rate=0 eof=1110 underrun=1109 stack=1212[0m
[0;32mI (1052228) net_bench: case=62 second=0 bytes=8192 rssi=-72[0m
[0;32mI (1052235) net_bench: case=62 second=1 bytes=8245 rssi=-71[0m
[0;32mI (1052241) net_bench: case=62 second=2 bytes=8245 rssi=-80[0m
[0;32mI (1052247) net_bench: case=62 second=3 bytes=4149 rssi=-82[0m
[0;32mI (1052253) net_bench: case=62 second=4 bytes=11317 rssi=-74[0m
[0;32mI (1052260) net_bench: case=62 second=5 bytes=7757 rssi=-81[0m
[0;32mI (1052266) net_bench: case=62 second=6 bytes=8733 rssi=-80[0m
[0;32mI (1052272) net_bench: case=62 second=7 bytes=8245 rssi=-69[0m
[0;32mI (1052278) net_bench: case=62 second=8 bytes=8245 rssi=-70[0m
[0;32mI (1052285) net_bench: case=62 second=9 bytes=7221 rssi=-70[0m
[0;32mI (1052291) net_bench: case=62 second=10 bytes=7221 rssi=-71[0m
[0;32mI (1052297) net_bench: case=62 second=11 bytes=0 rssi=-88[0m
[0;32mI (1052303) net_bench: case=62 second=12 bytes=0 rssi=-127[0m
[0;32mI (1052309) net_bench: case=62 second=13 bytes=0 rssi=-127[0m
[0;32mI (1052315) net_bench: case=62 second=14 bytes=0 rssi=-127[0m
[0;32mI (1052322) net_bench: case=62 second=15 bytes=0 rssi=-127[0m
[0;32mI (1052328) net_bench: case=62 second=16 bytes=0 rssi=-127[0m
[0;32mI (1052334) net_bench: case=62 second=17 bytes=0 rssi=-127[0m
[0;32mI (1052340) net_bench: case=62 second=18 bytes=0 rssi=-127[0m
[0;32mI (1052346) net_bench: case=62 second=19 bytes=0 rssi=-127[0m
[0;32mI (1053353) net_bench: case=63 path=/aac-64?rate=64 output=0 begin rssi=-92 round=3 fixture=3 variant=2 wait_ms=25 read_limit=1536 batch=1[0m
[0;31mE (1078390) net_bench: case=63 open=-4 errno=11 open_us=25024250 metadata=0[0m
[0;32mI (1078394) net_bench: case=64 path=/mp3-320?rate=0 output=0 begin rssi=-71 round=4 fixture=0 variant=0 wait_ms=25 read_limit=1024 batch=1[0m
[0;32mI (1083589) net_cpu: case=64 valid=1 total_us=1378650 tasks_before=8 tasks_after=8 snapshot_bytes=1440[0m
[0;32mI (1083591) net_cpu: case=64 task=audio id=4 runtime_us=54347 existed=1[0m
[0;32mI (1083597) net_cpu: case=64 task=IDLE id=2 runtime_us=1290838 existed=1[0m
[0;32mI (1083604) net_cpu: case=64 task=tiT id=5 runtime_us=10167 existed=1[0m
[0;32mI (1083611) net_cpu: case=64 task=uiT id=1 runtime_us=2517 existed=1[0m
[0;32mI (1083618) net_cpu: case=64 task=httpd id=9 runtime_us=5823 existed=1[0m
[0;32mI (1083626) net_cpu: case=64 task=ppT id=7 runtime_us=16684 existed=1[0m
[0;32mI (1083633) net_cpu: case=64 task=sys_evt id=6 runtime_us=0 existed=1[0m
[0;32mI (1083640) net_cpu: case=64 task=Tmr Svc id=3 runtime_us=0 existed=1[0m
[0;32mI (1083649) net_bench: case=64 output=0 wall_us=1376051 bytes=2016 open_us=3799773 error=-116 rssi=-73 heap_min=11256[0m
[0;32mI (1083658) net_bench: case=64 recv_total_us=10106 recv_positive_us=1659 recv_empty_us=8447[0m
[0;32mI (1083667) net_bench: case=64 cpu_lean=1 gap_metrics_valid=0 heap_is_final=1[0m
[0;32mI (1083675) net_bench: case=64 sampled_heap_min=11256 rx_gap_tick_ms=374 wait_calls=55[0m
[0;32mI (1083684) net_bench: case=64 calls=57 empty=55 rx_gap_us=0 app_gap_us=0 empty_wait_us=0 recv_max_us=1284 commit_max_us=0 ready_max=0 ready_probes=0[0m
[0;32mI (1083698) net_bench: case=64 pcm_frames=0 rate=0 eof=129 underrun=128 stack=1212[0m
[0;32mI (1083706) net_bench: case=64 second=0 bytes=2016 rssi=-71[0m
[0;32mI (1083712) net_bench: case=64 second=1 bytes=0 rssi=-87[0m
[0;32mI (1083718) net_bench: case=64 second=2 bytes=0 rssi=-127[0m
[0;32mI (1083724) net_bench: case=64 second=3 bytes=0 rssi=-127[0m
[0;32mI (1083730) net_bench: case=64 second=4 bytes=0 rssi=-127[0m
[0;32mI (1083736) net_bench: case=64 second=5 bytes=0 rssi=-127[0m
[0;32mI (1083742) net_bench: case=64 second=6 bytes=0 rssi=-127[0m
[0;32mI (1083748) net_bench: case=64 second=7 bytes=0 rssi=-127[0m
[0;32mI (1083754) net_bench: case=64 second=8 bytes=0 rssi=-127[0m
[0;32mI (1083760) net_bench: case=64 second=9 bytes=0 rssi=-127[0m
[0;32mI (1083766) net_bench: case=64 second=10 bytes=0 rssi=-127[0m
[0;32mI (1083773) net_bench: case=64 second=11 bytes=0 rssi=-127[0m
[0;32mI (1083779) net_bench: case=64 second=12 bytes=0 rssi=-127[0m
[0;32mI (1083785) net_bench: case=64 second=13 bytes=0 rssi=-127[0m
[0;32mI (1083791) net_bench: case=64 second=14 bytes=0 rssi=-127[0m
[0;32mI (1083797) net_bench: case=64 second=15 bytes=0 rssi=-127[0m
[0;32mI (1083803) net_bench: case=64 second=16 bytes=0 rssi=-127[0m
[0;32mI (1083809) net_bench: case=64 second=17 bytes=0 rssi=-127[0m
[0;32mI (1083816) net_bench: case=64 second=18 bytes=0 rssi=-127[0m
[0;32mI (1083822) net_bench: case=64 second=19 bytes=0 rssi=-127[0m
[0;33mW (1084829) net_bench: recovery begin next_case=65 consecutive_failures=3[0m
[0;33mW (1098876) net_bench: recovery complete next_case=65 elapsed_ms=14006 rssi=-77[0m
[0;32mI (1098878) net_bench: case=65 path=/mp3-320?rate=0 output=0 begin rssi=-77 round=4 fixture=0 variant=1 wait_ms=25 read_limit=512 batch=1[0m
[0;32mI (1119014) net_cpu: case=65 valid=1 total_us=20067973 tasks_before=8 tasks_after=8 snapshot_bytes=1440[0m
[0;32mI (1119016) net_cpu: case=65 task=audio id=4 runtime_us=4132532 existed=1[0m
[0;32mI (1119023) net_cpu: case=65 task=IDLE id=2 runtime_us=5301381 existed=1[0m
[0;32mI (1119030) net_cpu: case=65 task=tiT id=5 runtime_us=6153632 existed=1[0m
[0;32mI (1119037) net_cpu: case=65 task=uiT id=1 runtime_us=39540 existed=1[0m
[0;32mI (1119044) net_cpu: case=65 task=httpd id=9 runtime_us=98018 existed=1[0m
[0;32mI (1119051) net_cpu: case=65 task=ppT id=7 runtime_us=4342940 existed=1[0m
[0;32mI (1119058) net_cpu: case=65 task=sys_evt id=6 runtime_us=0 existed=1[0m
[0;32mI (1119065) net_cpu: case=65 task=Tmr Svc id=3 runtime_us=0 existed=1[0m
[0;32mI (1119074) net_bench: case=65 output=0 wall_us=20039685 bytes=2883960 open_us=74391 error=0 rssi=-72 heap_min=12272[0m
[0;32mI (1119084) net_bench: case=65 recv_total_us=7988712 recv_positive_us=7668389 recv_empty_us=320323[0m
[0;32mI (1119093) net_bench: case=65 cpu_lean=1 gap_metrics_valid=0 heap_is_final=1[0m
[0;32mI (1119101) net_bench: case=65 sampled_heap_min=9436 rx_gap_tick_ms=313 wait_calls=1150[0m
[0;32mI (1119110) net_bench: case=65 calls=8635 empty=1150 rx_gap_us=0 app_gap_us=0 empty_wait_us=0 recv_max_us=6699 commit_max_us=0 ready_max=0 ready_probes=0[0m
[0;32mI (1119125) net_bench: case=65 pcm_frames=0 rate=0 eof=1884 underrun=1883 stack=1212[0m
[0;32mI (1119132) net_bench: case=65 second=0 bytes=141944 rssi=-77[0m
[0;32mI (1119139) net_bench: case=65 second=1 bytes=140856 rssi=-81[0m
[0;32mI (1119145) net_bench: case=65 second=2 bytes=153672 rssi=-80[0m
[0;32mI (1119152) net_bench: case=65 second=3 bytes=152160 rssi=-79[0m
[0;32mI (1119158) net_bench: case=65 second=4 bytes=157280 rssi=-80[0m
[0;32mI (1119164) net_bench: case=65 second=5 bytes=172232 rssi=-70[0m
[0;32mI (1119171) net_bench: case=65 second=6 bytes=175032 rssi=-72[0m
[0;32mI (1119177) net_bench: case=65 second=7 bytes=171648 rssi=-71[0m
[0;32mI (1119184) net_bench: case=65 second=8 bytes=156064 rssi=-73[0m
[0;32mI (1119190) net_bench: case=65 second=9 bytes=154112 rssi=-81[0m
[0;32mI (1119196) net_bench: case=65 second=10 bytes=102712 rssi=-79[0m
[0;32mI (1119203) net_bench: case=65 second=11 bytes=116048 rssi=-81[0m
[0;32mI (1119209) net_bench: case=65 second=12 bytes=134040 rssi=-81[0m
[0;32mI (1119216) net_bench: case=65 second=13 bytes=135904 rssi=-70[0m
[0;32mI (1119222) net_bench: case=65 second=14 bytes=94616 rssi=-82[0m
[0;32mI (1119229) net_bench: case=65 second=15 bytes=141800 rssi=-72[0m
[0;32mI (1119235) net_bench: case=65 second=16 bytes=140104 rssi=-71[0m
[0;32mI (1119242) net_bench: case=65 second=17 bytes=149752 rssi=-71[0m
[0;32mI (1119248) net_bench: case=65 second=18 bytes=146784 rssi=-72[0m
[0;32mI (1119255) net_bench: case=65 second=19 bytes=147200 rssi=-71[0m
[0;32mI (1120263) net_bench: case=66 path=/mp3-320?rate=0 output=0 begin rssi=-72 round=4 fixture=0 variant=2 wait_ms=25 read_limit=1536 batch=1[0m
[0;32mI (1140387) net_cpu: case=66 valid=1 total_us=20065518 tasks_before=8 tasks_after=8 snapshot_bytes=1440[0m
[0;32mI (1140389) net_cpu: case=66 task=audio id=4 runtime_us=4075180 existed=1[0m
[0;32mI (1140395) net_cpu: case=66 task=IDLE id=2 runtime_us=6480803 existed=1[0m
[0;32mI (1140402) net_cpu: case=66 task=uiT id=1 runtime_us=39267 existed=1[0m
[0;32mI (1140410) net_cpu: case=66 task=tiT id=5 runtime_us=5355091 existed=1[0m
[0;32mI (1140417) net_cpu: case=66 task=httpd id=9 runtime_us=93706 existed=1[0m
[0;32mI (1140424) net_cpu: case=66 task=ppT id=7 runtime_us=4022015 existed=1[0m
[0;32mI (1140431) net_cpu: case=66 task=sys_evt id=6 runtime_us=0 existed=1[0m
[0;32mI (1140438) net_cpu: case=66 task=Tmr Svc id=3 runtime_us=0 existed=1[0m
[0;32mI (1140448) net_bench: case=66 output=0 wall_us=20037355 bytes=2798912 open_us=71718 error=0 rssi=-78 heap_min=10340[0m
[0;32mI (1140457) net_bench: case=66 recv_total_us=5684920 recv_positive_us=5103429 recv_empty_us=581491[0m
[0;32mI (1140466) net_bench: case=66 cpu_lean=1 gap_metrics_valid=0 heap_is_final=1[0m
[0;32mI (1140474) net_bench: case=66 sampled_heap_min=10216 rx_gap_tick_ms=925 wait_calls=2211[0m
[0;32mI (1140483) net_bench: case=66 calls=5948 empty=2211 rx_gap_us=0 app_gap_us=0 empty_wait_us=0 recv_max_us=7778 commit_max_us=0 ready_max=0 ready_probes=0[0m
[0;32mI (1140497) net_bench: case=66 pcm_frames=0 rate=0 eof=1884 underrun=1883 stack=1212[0m
[0;32mI (1140506) net_bench: case=66 second=0 bytes=143872 rssi=-72[0m
[0;32mI (1140512) net_bench: case=66 second=1 bytes=141024 rssi=-72[0m
[0;32mI (1140518) net_bench: case=66 second=2 bytes=171632 rssi=-71[0m
[0;32mI (1140525) net_bench: case=66 second=3 bytes=107792 rssi=-71[0m
[0;32mI (1140531) net_bench: case=66 second=4 bytes=157160 rssi=-71[0m
[0;32mI (1140538) net_bench: case=66 second=5 bytes=87904 rssi=-72[0m
[0;32mI (1140544) net_bench: case=66 second=6 bytes=152632 rssi=-79[0m
[0;32mI (1140550) net_bench: case=66 second=7 bytes=209632 rssi=-78[0m
[0;32mI (1140557) net_bench: case=66 second=8 bytes=186584 rssi=-78[0m
[0;32mI (1140563) net_bench: case=66 second=9 bytes=103744 rssi=-82[0m
[0;32mI (1140570) net_bench: case=66 second=10 bytes=158768 rssi=-73[0m
[0;32mI (1140576) net_bench: case=66 second=11 bytes=173352 rssi=-72[0m
[0;32mI (1140583) net_bench: case=66 second=12 bytes=147584 rssi=-71[0m
[0;32mI (1140589) net_bench: case=66 second=13 bytes=203832 rssi=-70[0m
[0;32mI (1140596) net_bench: case=66 second=14 bytes=136976 rssi=-78[0m
[0;32mI (1140602) net_bench: case=66 second=15 bytes=93856 rssi=-80[0m
[0;32mI (1140608) net_bench: case=66 second=16 bytes=43952 rssi=-78[0m
[0;32mI (1140615) net_bench: case=66 second=17 bytes=49848 rssi=-75[0m
[0;32mI (1140621) net_bench: case=66 second=18 bytes=77176 rssi=-81[0m
[0;32mI (1140628) net_bench: case=66 second=19 bytes=251592 rssi=-75[0m
[0;32mI (1141635) net_bench: case=67 path=/mp3-320?rate=0 output=0 begin rssi=-80 round=4 fixture=0 variant=3 wait_ms=25 read_limit=1024 batch=4[0m
[0;32mI (1161784) net_cpu: case=67 valid=1 total_us=20078921 tasks_before=8 tasks_after=8 snapshot_bytes=1440[0m
[0;32mI (1161786) net_cpu: case=67 task=audio id=4 runtime_us=3928498 existed=1[0m
[0;32mI (1161792) net_cpu: case=67 task=IDLE id=2 runtime_us=7717247 existed=1[0m
[0;32mI (1161800) net_cpu: case=67 task=uiT id=1 runtime_us=38432 existed=1[0m
[0;32mI (1161807) net_cpu: case=67 task=tiT id=5 runtime_us=4776245 existed=1[0m
[0;32mI (1161814) net_cpu: case=67 task=httpd id=9 runtime_us=91512 existed=1[0m
[0;32mI (1161821) net_cpu: case=67 task=ppT id=7 runtime_us=3527651 existed=1[0m
[0;32mI (1161829) net_cpu: case=67 task=sys_evt id=6 runtime_us=0 existed=1[0m
[0;32mI (1161836) net_cpu: case=67 task=Tmr Svc id=3 runtime_us=0 existed=1[0m
[0;32mI (1161845) net_bench: case=67 output=0 wall_us=20049539 bytes=2359356 open_us=83512 error=0 rssi=-76 heap_min=12924[0m
[0;32mI (1161854) net_bench: case=67 recv_total_us=5684652 recv_positive_us=5217907 recv_empty_us=466745[0m
[0;32mI (1161864) net_bench: case=67 cpu_lean=1 gap_metrics_valid=0 heap_is_final=1[0m
[0;32mI (1161872) net_bench: case=67 sampled_heap_min=9580 rx_gap_tick_ms=385 wait_calls=2307[0m
[0;32mI (1161880) net_bench: case=67 calls=5859 empty=2307 rx_gap_us=0 app_gap_us=0 empty_wait_us=0 recv_max_us=8496 commit_max_us=0 ready_max=0 ready_probes=0[0m
[0;32mI (1161894) net_bench: case=67 pcm_frames=0 rate=0 eof=1885 underrun=1884 stack=1212[0m
[0;32mI (1161903) net_bench: case=67 second=0 bytes=85688 rssi=-70[0m
[0;32mI (1161909) net_bench: case=67 second=1 bytes=204872 rssi=-77[0m
[0;32mI (1161916) net_bench: case=67 second=2 bytes=193864 rssi=-79[0m
[0;32mI (1161922) net_bench: case=67 second=3 bytes=139468 rssi=-77[0m
[0;32mI (1161928) net_bench: case=67 second=4 bytes=57408 rssi=-81[0m
[0;32mI (1161935) net_bench: case=67 second=5 bytes=53656 rssi=-82[0m
[0;32mI (1161941) net_bench: case=67 second=6 bytes=126312 rssi=-72[0m
[0;32mI (1161947) net_bench: case=67 second=7 bytes=88736 rssi=-73[0m
[0;32mI (1161954) net_bench: case=67 second=8 bytes=134400 rssi=-72[0m
[0;32mI (1161960) net_bench: case=67 second=9 bytes=156416 rssi=-69[0m
[0;32mI (1161967) net_bench: case=67 second=10 bytes=162712 rssi=-72[0m
[0;32mI (1161973) net_bench: case=67 second=11 bytes=55800 rssi=-73[0m
[0;32mI (1161979) net_bench: case=67 second=12 bytes=149664 rssi=-87[0m
[0;32mI (1161986) net_bench: case=67 second=13 bytes=129768 rssi=-77[0m
[0;32mI (1161992) net_bench: case=67 second=14 bytes=51216 rssi=-79[0m
[0;32mI (1161999) net_bench: case=67 second=15 bytes=149952 rssi=-79[0m
[0;32mI (1162005) net_bench: case=67 second=16 bytes=141560 rssi=-71[0m
[0;32mI (1162012) net_bench: case=67 second=17 bytes=93856 rssi=-72[0m
[0;32mI (1162018) net_bench: case=67 second=18 bytes=40152 rssi=-69[0m
[0;32mI (1162025) net_bench: case=67 second=19 bytes=143856 rssi=-66[0m
[0;32mI (1163032) net_bench: case=68 path=/mp3-128?rate=128 output=0 begin rssi=-72 round=4 fixture=1 variant=0 wait_ms=25 read_limit=1024 batch=1[0m
[0;32mI (1183148) net_cpu: case=68 valid=1 total_us=20050075 tasks_before=8 tasks_after=8 snapshot_bytes=1440[0m
[0;32mI (1183151) net_cpu: case=68 task=audio id=4 runtime_us=1196841 existed=1[0m
[0;32mI (1183157) net_cpu: case=68 task=IDLE id=2 runtime_us=17198331 existed=1[0m
[0;32mI (1183164) net_cpu: case=68 task=tiT id=5 runtime_us=809281 existed=1[0m
[0;32mI (1183172) net_cpu: case=68 task=uiT id=1 runtime_us=39038 existed=1[0m
[0;32mI (1183179) net_cpu: case=68 task=httpd id=9 runtime_us=90145 existed=1[0m
[0;32mI (1183186) net_cpu: case=68 task=ppT id=7 runtime_us=718023 existed=1[0m
[0;32mI (1183193) net_cpu: case=68 task=sys_evt id=6 runtime_us=0 existed=1[0m
[0;32mI (1183200) net_cpu: case=68 task=Tmr Svc id=3 runtime_us=0 existed=1[0m
[0;32mI (1183209) net_bench: case=68 output=0 wall_us=20022471 bytes=320714 open_us=78446 error=0 rssi=-77 heap_min=11552[0m
[0;32mI (1183218) net_bench: case=68 recv_total_us=654974 recv_positive_us=497417 recv_empty_us=157557[0m
[0;32mI (1183228) net_bench: case=68 cpu_lean=1 gap_metrics_valid=0 heap_is_final=1[0m
[0;32mI (1183236) net_bench: case=68 sampled_heap_min=11556 rx_gap_tick_ms=86 wait_calls=1006[0m
[0;32mI (1183244) net_bench: case=68 calls=1431 empty=1006 rx_gap_us=0 app_gap_us=0 empty_wait_us=0 recv_max_us=4389 commit_max_us=0 ready_max=0 ready_probes=0[0m
[0;32mI (1183259) net_bench: case=68 pcm_frames=0 rate=0 eof=1883 underrun=1882 stack=1212[0m
[0;32mI (1183267) net_bench: case=68 second=0 bytes=16384 rssi=-83[0m
[0;32mI (1183273) net_bench: case=68 second=1 bytes=15694 rssi=-79[0m
[0;32mI (1183280) net_bench: case=68 second=2 bytes=16718 rssi=-71[0m
[0;32mI (1183286) net_bench: case=68 second=3 bytes=15694 rssi=-71[0m
[0;32mI (1183292) net_bench: case=68 second=4 bytes=15694 rssi=-72[0m
[0;32mI (1183299) net_bench: case=68 second=5 bytes=16718 rssi=-71[0m
[0;32mI (1183305) net_bench: case=68 second=6 bytes=15694 rssi=-70[0m
[0;32mI (1183311) net_bench: case=68 second=7 bytes=16718 rssi=-78[0m
[0;32mI (1183318) net_bench: case=68 second=8 bytes=15694 rssi=-78[0m
[0;32mI (1183324) net_bench: case=68 second=9 bytes=15694 rssi=-78[0m
[0;32mI (1183330) net_bench: case=68 second=10 bytes=15694 rssi=-79[0m
[0;32mI (1183337) net_bench: case=68 second=11 bytes=16718 rssi=-79[0m
[0;32mI (1183343) net_bench: case=68 second=12 bytes=15694 rssi=-70[0m
[0;32mI (1183350) net_bench: case=68 second=13 bytes=16718 rssi=-72[0m
[0;32mI (1183356) net_bench: case=68 second=14 bytes=15694 rssi=-71[0m
[0;32mI (1183362) net_bench: case=68 second=15 bytes=15694 rssi=-70[0m
[0;32mI (1183369) net_bench: case=68 second=16 bytes=15694 rssi=-77[0m
[0;32mI (1183375) net_bench: case=68 second=17 bytes=16718 rssi=-79[0m
[0;32mI (1183381) net_bench: case=68 second=18 bytes=15694 rssi=-78[0m
[0;32mI (1183388) net_bench: case=68 second=19 bytes=15694 rssi=-76[0m
[0;32mI (1184395) net_bench: case=69 path=/mp3-128?rate=128 output=0 begin rssi=-77 round=4 fixture=1 variant=1 wait_ms=25 read_limit=512 batch=1[0m
[0;32mI (1204519) net_cpu: case=69 valid=1 total_us=20067870 tasks_before=8 tasks_after=8 snapshot_bytes=1440[0m
[0;32mI (1204521) net_cpu: case=69 task=audio id=4 runtime_us=1286807 existed=1[0m
[0;32mI (1204527) net_cpu: case=69 task=IDLE id=2 runtime_us=17027167 existed=1[0m
[0;32mI (1204535) net_cpu: case=69 task=tiT id=5 runtime_us=883007 existed=1[0m
[0;32mI (1204542) net_cpu: case=69 task=uiT id=1 runtime_us=39319 existed=1[0m
[0;32mI (1204549) net_cpu: case=69 task=httpd id=9 runtime_us=91326 existed=1[0m
[0;32mI (1204556) net_cpu: case=69 task=ppT id=7 runtime_us=741991 existed=1[0m
[0;32mI (1204564) net_cpu: case=69 task=sys_evt id=6 runtime_us=0 existed=1[0m
[0;32mI (1204571) net_cpu: case=69 task=Tmr Svc id=3 runtime_us=0 existed=1[0m
[0;32mI (1204579) net_bench: case=69 output=0 wall_us=20040269 bytes=321738 open_us=68612 error=0 rssi=-72 heap_min=12920[0m
[0;32mI (1204589) net_bench: case=69 recv_total_us=799897 recv_positive_us=641777 recv_empty_us=158120[0m
[0;32mI (1204598) net_bench: case=69 cpu_lean=1 gap_metrics_valid=0 heap_is_final=1[0m
[0;32mI (1204606) net_bench: case=69 sampled_heap_min=11632 rx_gap_tick_ms=450 wait_calls=992[0m
[0;32mI (1204615) net_bench: case=69 calls=1762 empty=992 rx_gap_us=0 app_gap_us=0 empty_wait_us=0 recv_max_us=3335 commit_max_us=0 ready_max=0 ready_probes=0[0m
[0;32mI (1204629) net_bench: case=69 pcm_frames=0 rate=0 eof=1884 underrun=1883 stack=1212[0m
[0;32mI (1204637) net_bench: case=69 second=0 bytes=16384 rssi=-69[0m
[0;32mI (1204644) net_bench: case=69 second=1 bytes=16718 rssi=-72[0m
[0;32mI (1204650) net_bench: case=69 second=2 bytes=15694 rssi=-77[0m
[0;32mI (1204656) net_bench: case=69 second=3 bytes=15694 rssi=-78[0m
[0;32mI (1204663) net_bench: case=69 second=4 bytes=15694 rssi=-77[0m
[0;32mI (1204669) net_bench: case=69 second=5 bytes=16718 rssi=-79[0m
[0;32mI (1204675) net_bench: case=69 second=6 bytes=15694 rssi=-73[0m
[0;32mI (1204682) net_bench: case=69 second=7 bytes=16718 rssi=-72[0m
[0;32mI (1204688) net_bench: case=69 second=8 bytes=15694 rssi=-71[0m
[0;32mI (1204694) net_bench: case=69 second=9 bytes=15694 rssi=-71[0m
[0;32mI (1204701) net_bench: case=69 second=10 bytes=15206 rssi=-72[0m
[0;32mI (1204707) net_bench: case=69 second=11 bytes=17206 rssi=-81[0m
[0;32mI (1204713) net_bench: case=69 second=12 bytes=15694 rssi=-82[0m
[0;32mI (1204720) net_bench: case=69 second=13 bytes=15694 rssi=-81[0m
[0;32mI (1204726) net_bench: case=69 second=14 bytes=16718 rssi=-82[0m
[0;32mI (1204733) net_bench: case=69 second=15 bytes=15694 rssi=-80[0m
[0;32mI (1204739) net_bench: case=69 second=16 bytes=12622 rssi=-74[0m
[0;32mI (1204745) net_bench: case=69 second=17 bytes=19790 rssi=-69[0m
[0;32mI (1204752) net_bench: case=69 second=18 bytes=15694 rssi=-71[0m
[0;32mI (1204758) net_bench: case=69 second=19 bytes=16718 rssi=-71[0m
[0;32mI (1205766) net_bench: case=70 path=/mp3-128?rate=128 output=0 begin rssi=-70 round=4 fixture=1 variant=2 wait_ms=25 read_limit=1536 batch=1[0m
[0;32mI (1225879) net_cpu: case=70 valid=1 total_us=20052750 tasks_before=8 tasks_after=8 snapshot_bytes=1440[0m
[0;32mI (1225881) net_cpu: case=70 task=audio id=4 runtime_us=1243427 existed=1[0m
[0;32mI (1225887) net_cpu: case=70 task=IDLE id=2 runtime_us=17110020 existed=1[0m
[0;32mI (1225895) net_cpu: case=70 task=uiT id=1 runtime_us=39164 existed=1[0m
[0;32mI (1225902) net_cpu: case=70 task=tiT id=5 runtime_us=835012 existed=1[0m
[0;32mI (1225909) net_cpu: case=70 task=httpd id=9 runtime_us=90243 existed=1[0m
[0;32mI (1225916) net_cpu: case=70 task=ppT id=7 runtime_us=735311 existed=1[0m
[0;32mI (1225924) net_cpu: case=70 task=sys_evt id=6 runtime_us=0 existed=1[0m
[0;32mI (1225931) net_cpu: case=70 task=Tmr Svc id=3 runtime_us=0 existed=1[0m
[0;32mI (1225941) net_bench: case=70 output=0 wall_us=20023931 bytes=320714 open_us=71922 error=0 rssi=-81 heap_min=11584[0m
[0;32mI (1225949) net_bench: case=70 recv_total_us=709312 recv_positive_us=541512 recv_empty_us=167800[0m
[0;32mI (1225958) net_bench: case=70 cpu_lean=1 gap_metrics_valid=0 heap_is_final=1[0m
[0;32mI (1225966) net_bench: case=70 sampled_heap_min=11588 rx_gap_tick_ms=447 wait_calls=1024[0m
[0;32mI (1225975) net_bench: case=70 calls=1514 empty=1024 rx_gap_us=0 app_gap_us=0 empty_wait_us=0 recv_max_us=6367 commit_max_us=0 ready_max=0 ready_probes=0[0m
[0;32mI (1225989) net_bench: case=70 pcm_frames=0 rate=0 eof=1883 underrun=1882 stack=1212[0m
[0;32mI (1225998) net_bench: case=70 second=0 bytes=16384 rssi=-82[0m
[0;32mI (1226004) net_bench: case=70 second=1 bytes=16718 rssi=-69[0m
[0;32mI (1226010) net_bench: case=70 second=2 bytes=15694 rssi=-71[0m
[0;32mI (1226017) net_bench: case=70 second=3 bytes=15694 rssi=-73[0m
[0;32mI (1226023) net_bench: case=70 second=4 bytes=15694 rssi=-71[0m
[0;32mI (1226029) net_bench: case=70 second=5 bytes=13646 rssi=-69[0m
[0;32mI (1226036) net_bench: case=70 second=6 bytes=18766 rssi=-75[0m
[0;32mI (1226042) net_bench: case=70 second=7 bytes=15694 rssi=-79[0m
[0;32mI (1226048) net_bench: case=70 second=8 bytes=16718 rssi=-78[0m
[0;32mI (1226055) net_bench: case=70 second=9 bytes=15694 rssi=-82[0m
[0;32mI (1226061) net_bench: case=70 second=10 bytes=15694 rssi=-80[0m
[0;32mI (1226067) net_bench: case=70 second=11 bytes=16718 rssi=-70[0m
[0;32mI (1226074) net_bench: case=70 second=12 bytes=15694 rssi=-69[0m
[0;32mI (1226080) net_bench: case=70 second=13 bytes=15694 rssi=-70[0m
[0;32mI (1226086) net_bench: case=70 second=14 bytes=16718 rssi=-70[0m
[0;32mI (1226093) net_bench: case=70 second=15 bytes=15694 rssi=-69[0m
[0;32mI (1226099) net_bench: case=70 second=16 bytes=15694 rssi=-79[0m
[0;32mI (1226106) net_bench: case=70 second=17 bytes=16718 rssi=-81[0m
[0;32mI (1226112) net_bench: case=70 second=18 bytes=10776 rssi=-71[0m
[0;32mI (1226118) net_bench: case=70 second=19 bytes=20612 rssi=-85[0m
[0;32mI (1227126) net_bench: case=71 path=/mp3-128?rate=128 output=0 begin rssi=-80 round=4 fixture=1 variant=3 wait_ms=25 read_limit=1024 batch=4[0m
[0;32mI (1247232) net_cpu: case=71 valid=1 total_us=20052014 tasks_before=8 tasks_after=8 snapshot_bytes=1440[0m
[0;32mI (1247234) net_cpu: case=71 task=audio id=4 runtime_us=1435873 existed=1[0m
[0;32mI (1247240) net_cpu: case=71 task=IDLE id=2 runtime_us=16801734 existed=1[0m
[0;32mI (1247247) net_cpu: case=71 task=tiT id=5 runtime_us=901213 existed=1[0m
[0;32mI (1247255) net_cpu: case=71 task=uiT id=1 runtime_us=38780 existed=1[0m
[0;32mI (1247262) net_cpu: case=71 task=httpd id=9 runtime_us=90501 existed=1[0m
[0;32mI (1247269) net_cpu: case=71 task=ppT id=7 runtime_us=785631 existed=1[0m
[0;32mI (1247276) net_cpu: case=71 task=sys_evt id=6 runtime_us=0 existed=1[0m
[0;32mI (1247283) net_cpu: case=71 task=Tmr Svc id=3 runtime_us=0 existed=1[0m
[0;32mI (1247292) net_bench: case=71 output=0 wall_us=20024413 bytes=321250 open_us=66686 error=0 rssi=-71 heap_min=12352[0m
[0;32mI (1247301) net_bench: case=71 recv_total_us=756853 recv_positive_us=561318 recv_empty_us=195535[0m
[0;32mI (1247311) net_bench: case=71 cpu_lean=1 gap_metrics_valid=0 heap_is_final=1[0m
[0;32mI (1247319) net_bench: case=71 sampled_heap_min=12116 rx_gap_tick_ms=143 wait_calls=1186[0m
[0;32mI (1247327) net_bench: case=71 calls=1790 empty=1186 rx_gap_us=0 app_gap_us=0 empty_wait_us=0 recv_max_us=3476 commit_max_us=0 ready_max=0 ready_probes=0[0m
[0;32mI (1247342) net_bench: case=71 pcm_frames=0 rate=0 eof=1883 underrun=1882 stack=1212[0m
[0;32mI (1247350) net_bench: case=71 second=0 bytes=16384 rssi=-80[0m
[0;32mI (1247357) net_bench: case=71 second=1 bytes=15694 rssi=-81[0m
[0;32mI (1247363) net_bench: case=71 second=2 bytes=16718 rssi=-79[0m
[0;32mI (1247369) net_bench: case=71 second=3 bytes=15694 rssi=-80[0m
[0;32mI (1247375) net_bench: case=71 second=4 bytes=16718 rssi=-79[0m
[0;32mI (1247382) net_bench: case=71 second=5 bytes=15694 rssi=-80[0m
[0;32mI (1247388) net_bench: case=71 second=6 bytes=15694 rssi=-70[0m
[0;32mI (1247394) net_bench: case=71 second=7 bytes=16230 rssi=-79[0m
[0;32mI (1247401) net_bench: case=71 second=8 bytes=16182 rssi=-67[0m
[0;32mI (1247407) net_bench: case=71 second=9 bytes=15694 rssi=-66[0m
[0;32mI (1247413) net_bench: case=71 second=10 bytes=15694 rssi=-79[0m
[0;32mI (1247420) net_bench: case=71 second=11 bytes=16718 rssi=-78[0m
[0;32mI (1247426) net_bench: case=71 second=12 bytes=15694 rssi=-80[0m
[0;32mI (1247433) net_bench: case=71 second=13 bytes=15694 rssi=-78[0m
[0;32mI (1247439) net_bench: case=71 second=14 bytes=16718 rssi=-79[0m
[0;32mI (1247445) net_bench: case=71 second=15 bytes=15694 rssi=-79[0m
[0;32mI (1247452) net_bench: case=71 second=16 bytes=15694 rssi=-72[0m
[0;32mI (1247459) net_bench: case=71 second=17 bytes=16718 rssi=-70[0m
[0;32mI (1247466) net_bench: case=71 second=18 bytes=15694 rssi=-71[0m
[0;32mI (1247472) net_bench: case=71 second=19 bytes=16230 rssi=-80[0m
[0;32mI (1248479) net_bench: case=72 path=/mp3-320?rate=320 output=0 begin rssi=-79 round=4 fixture=2 variant=0 wait_ms=25 read_limit=1024 batch=1[0m
[0;32mI (1268609) net_cpu: case=72 valid=1 total_us=20067693 tasks_before=8 tasks_after=8 snapshot_bytes=1440[0m
[0;32mI (1268611) net_cpu: case=72 task=audio id=4 runtime_us=1776866 existed=1[0m
[0;32mI (1268617) net_cpu: case=72 task=IDLE id=2 runtime_us=14906328 existed=1[0m
[0;32mI (1268625) net_cpu: case=72 task=tiT id=5 runtime_us=1809579 existed=1[0m
[0;32mI (1268632) net_cpu: case=72 task=uiT id=1 runtime_us=39171 existed=1[0m
[0;32mI (1268639) net_cpu: case=72 task=httpd id=9 runtime_us=91612 existed=1[0m
[0;32mI (1268646) net_cpu: case=72 task=ppT id=7 runtime_us=1445558 existed=1[0m
[0;32mI (1268654) net_cpu: case=72 task=sys_evt id=6 runtime_us=0 existed=1[0m
[0;32mI (1268661) net_cpu: case=72 task=Tmr Svc id=3 runtime_us=0 existed=1[0m
[0;32mI (1268670) net_bench: case=72 output=0 wall_us=20040009 bytes=802316 open_us=75197 error=0 rssi=-79 heap_min=12952[0m
[0;32mI (1268679) net_bench: case=72 recv_total_us=1518002 recv_positive_us=1293941 recv_empty_us=224061[0m
[0;32mI (1268689) net_bench: case=72 cpu_lean=1 gap_metrics_valid=0 heap_is_final=1[0m
[0;32mI (1268696) net_bench: case=72 sampled_heap_min=11708 rx_gap_tick_ms=46 wait_calls=1219[0m
[0;32mI (1268705) net_bench: case=72 calls=2258 empty=1219 rx_gap_us=0 app_gap_us=0 empty_wait_us=0 recv_max_us=4255 commit_max_us=0 ready_max=0 ready_probes=0[0m
[0;32mI (1268719) net_bench: case=72 pcm_frames=0 rate=0 eof=1884 underrun=1883 stack=1212[0m
[0;32mI (1268728) net_bench: case=72 second=0 bytes=39936 rssi=-72[0m
[0;32mI (1268734) net_bench: case=72 second=1 bytes=40772 rssi=-72[0m
[0;32mI (1268741) net_bench: case=72 second=2 bytes=39748 rssi=-70[0m
[0;32mI (1268747) net_bench: case=72 second=3 bytes=39748 rssi=-71[0m
[0;32mI (1268753) net_bench: case=72 second=4 bytes=40772 rssi=-79[0m
[0;32mI (1268759) net_bench: case=72 second=5 bytes=39748 rssi=-80[0m
[0;32mI (1268766) net_bench: case=72 second=6 bytes=40772 rssi=-78[0m
[0;32mI (1268772) net_bench: case=72 second=7 bytes=39748 rssi=-71[0m
[0;32mI (1268778) net_bench: case=72 second=8 bytes=39748 rssi=-80[0m
[0;32mI (1268785) net_bench: case=72 second=9 bytes=39748 rssi=-71[0m
[0;32mI (1268791) net_bench: case=72 second=10 bytes=40772 rssi=-72[0m
[0;32mI (1268797) net_bench: case=72 second=11 bytes=39748 rssi=-71[0m
[0;32mI (1268804) net_bench: case=72 second=12 bytes=40284 rssi=-71[0m
[0;32mI (1268810) net_bench: case=72 second=13 bytes=40236 rssi=-72[0m
[0;32mI (1268817) net_bench: case=72 second=14 bytes=39748 rssi=-78[0m
[0;32mI (1268823) net_bench: case=72 second=15 bytes=40772 rssi=-77[0m
[0;32mI (1268829) net_bench: case=72 second=16 bytes=39748 rssi=-78[0m
[0;32mI (1268836) net_bench: case=72 second=17 bytes=40772 rssi=-78[0m
[0;32mI (1268842) net_bench: case=72 second=18 bytes=39748 rssi=-78[0m
[0;32mI (1268849) net_bench: case=72 second=19 bytes=39748 rssi=-72[0m
[0;32mI (1269856) net_bench: case=73 path=/mp3-320?rate=320 output=0 begin rssi=-73 round=4 fixture=2 variant=1 wait_ms=25 read_limit=512 batch=1[0m
[0;32mI (1289973) net_cpu: case=73 valid=1 total_us=20059320 tasks_before=8 tasks_after=8 snapshot_bytes=1440[0m
[0;32mI (1289975) net_cpu: case=73 task=audio id=4 runtime_us=1917516 existed=1[0m
[0;32mI (1289982) net_cpu: case=73 task=IDLE id=2 runtime_us=14546201 existed=1[0m
[0;32mI (1289989) net_cpu: case=73 task=uiT id=1 runtime_us=38777 existed=1[0m
[0;32mI (1289996) net_cpu: case=73 task=tiT id=5 runtime_us=1987585 existed=1[0m
[0;32mI (1290003) net_cpu: case=73 task=httpd id=9 runtime_us=91281 existed=1[0m
[0;32mI (1290011) net_cpu: case=73 task=ppT id=7 runtime_us=1478679 existed=1[0m
[0;32mI (1290018) net_cpu: case=73 task=sys_evt id=6 runtime_us=0 existed=1[0m
[0;32mI (1290025) net_cpu: case=73 task=Tmr Svc id=3 runtime_us=0 existed=1[0m
[0;32mI (1290034) net_bench: case=73 output=0 wall_us=20031560 bytes=802316 open_us=69121 error=0 rssi=-71 heap_min=12184[0m
[0;32mI (1290043) net_bench: case=73 recv_total_us=2006819 recv_positive_us=1823151 recv_empty_us=183668[0m
[0;32mI (1290053) net_bench: case=73 cpu_lean=1 gap_metrics_valid=0 heap_is_final=1[0m
[0;32mI (1290061) net_bench: case=73 sampled_heap_min=11708 rx_gap_tick_ms=44 wait_calls=1109[0m
[0;32mI (1290069) net_bench: case=73 calls=2982 empty=1109 rx_gap_us=0 app_gap_us=0 empty_wait_us=0 recv_max_us=4392 commit_max_us=0 ready_max=0 ready_probes=0[0m
[0;32mI (1290084) net_bench: case=73 pcm_frames=0 rate=0 eof=1884 underrun=1883 stack=1212[0m
[0;32mI (1290092) net_bench: case=73 second=0 bytes=40960 rssi=-79[0m
[0;32mI (1290098) net_bench: case=73 second=1 bytes=39748 rssi=-78[0m
[0;32mI (1290105) net_bench: case=73 second=2 bytes=39748 rssi=-79[0m
[0;32mI (1290112) net_bench: case=73 second=3 bytes=40772 rssi=-79[0m
[0;32mI (1290117) net_bench: case=73 second=4 bytes=39748 rssi=-80[0m
[0;32mI (1290124) net_bench: case=73 second=5 bytes=39748 rssi=-71[0m
[0;32mI (1290130) net_bench: case=73 second=6 bytes=39748 rssi=-72[0m
[0;32mI (1290136) net_bench: case=73 second=7 bytes=40772 rssi=-71[0m
[0;32mI (1290143) net_bench: case=73 second=8 bytes=39748 rssi=-72[0m
[0;32mI (1290149) net_bench: case=73 second=9 bytes=40772 rssi=-79[0m
[0;32mI (1290155) net_bench: case=73 second=10 bytes=39748 rssi=-81[0m
[0;32mI (1290162) net_bench: case=73 second=11 bytes=39748 rssi=-79[0m
[0;32mI (1290168) net_bench: case=73 second=12 bytes=40284 rssi=-79[0m
[0;32mI (1290174) net_bench: case=73 second=13 bytes=40236 rssi=-78[0m
[0;32mI (1290181) net_bench: case=73 second=14 bytes=39748 rssi=-71[0m
[0;32mI (1290187) net_bench: case=73 second=15 bytes=40772 rssi=-71[0m
[0;32mI (1290194) net_bench: case=73 second=16 bytes=39748 rssi=-72[0m
[0;32mI (1290200) net_bench: case=73 second=17 bytes=39748 rssi=-72[0m
[0;32mI (1290207) net_bench: case=73 second=18 bytes=40772 rssi=-78[0m
[0;32mI (1290213) net_bench: case=73 second=19 bytes=39748 rssi=-79[0m
[0;32mI (1291220) net_bench: case=74 path=/mp3-320?rate=320 output=0 begin rssi=-80 round=4 fixture=2 variant=2 wait_ms=25 read_limit=1536 batch=1[0m
[0;32mI (1311347) net_cpu: case=74 valid=1 total_us=20055761 tasks_before=8 tasks_after=8 snapshot_bytes=1440[0m
[0;32mI (1311352) net_cpu: case=74 task=audio id=4 runtime_us=1851840 existed=1[0m
[0;32mI (1311358) net_cpu: case=74 task=IDLE id=2 runtime_us=14819028 existed=1[0m
[0;32mI (1311365) net_cpu: case=74 task=tiT id=5 runtime_us=1819755 existed=1[0m
[0;32mI (1311373) net_cpu: case=74 task=uiT id=1 runtime_us=38982 existed=1[0m
[0;32mI (1311381) net_cpu: case=74 task=httpd id=9 runtime_us=91118 existed=1[0m
[0;32mI (1311387) net_cpu: case=74 task=ppT id=7 runtime_us=1436798 existed=1[0m
[0;32mI (1311394) net_cpu: case=74 task=sys_evt id=6 runtime_us=0 existed=1[0m
[0;32mI (1311401) net_cpu: case=74 task=Tmr Svc id=3 runtime_us=0 existed=1[0m
[0;32mI (1311410) net_bench: case=74 output=0 wall_us=20028077 bytes=802316 open_us=82877 error=0 rssi=-78 heap_min=12952[0m
[0;32mI (1311420) net_bench: case=74 recv_total_us=1611814 recv_positive_us=1383429 recv_empty_us=228385[0m
[0;32mI (1311429) net_bench: case=74 cpu_lean=1 gap_metrics_valid=0 heap_is_final=1[0m
[0;32mI (1311437) net_bench: case=74 sampled_heap_min=11584 rx_gap_tick_ms=47 wait_calls=1239[0m
[0;32mI (1311445) net_bench: case=74 calls=2395 empty=1239 rx_gap_us=0 app_gap_us=0 empty_wait_us=0 recv_max_us=4383 commit_max_us=0 ready_max=0 ready_probes=0[0m
[0;32mI (1311460) net_bench: case=74 pcm_frames=0 rate=0 eof=1883 underrun=1883 stack=1212[0m
[0;32mI (1311468) net_bench: case=74 second=0 bytes=39936 rssi=-71[0m
[0;32mI (1311475) net_bench: case=74 second=1 bytes=40772 rssi=-71[0m
[0;32mI (1311481) net_bench: case=74 second=2 bytes=39748 rssi=-71[0m
[0;32mI (1311487) net_bench: case=74 second=3 bytes=40772 rssi=-71[0m
[0;32mI (1311493) net_bench: case=74 second=4 bytes=39748 rssi=-71[0m
[0;32mI (1311500) net_bench: case=74 second=5 bytes=40284 rssi=-72[0m
[0;32mI (1311506) net_bench: case=74 second=6 bytes=39212 rssi=-78[0m
[0;32mI (1311512) net_bench: case=74 second=7 bytes=40772 rssi=-80[0m
[0;32mI (1311519) net_bench: case=74 second=8 bytes=39748 rssi=-80[0m
[0;32mI (1311525) net_bench: case=74 second=9 bytes=39748 rssi=-70[0m
[0;32mI (1311531) net_bench: case=74 second=10 bytes=40772 rssi=-71[0m
[0;32mI (1311538) net_bench: case=74 second=11 bytes=39748 rssi=-71[0m
[0;32mI (1311544) net_bench: case=74 second=12 bytes=40772 rssi=-73[0m
[0;32mI (1311551) net_bench: case=74 second=13 bytes=39748 rssi=-72[0m
[0;32mI (1311557) net_bench: case=74 second=14 bytes=39748 rssi=-70[0m
[0;32mI (1311563) net_bench: case=74 second=15 bytes=39748 rssi=-79[0m
[0;32mI (1311570) net_bench: case=74 second=16 bytes=40772 rssi=-79[0m
[0;32mI (1311576) net_bench: case=74 second=17 bytes=39748 rssi=-79[0m
[0;32mI (1311583) net_bench: case=74 second=18 bytes=40772 rssi=-79[0m
[0;32mI (1311589) net_bench: case=74 second=19 bytes=39748 rssi=-71[0m
[0;32mI (1312596) net_bench: case=75 path=/mp3-320?rate=320 output=0 begin rssi=-71 round=4 fixture=2 variant=3 wait_ms=25 read_limit=1024 batch=4[0m
[0;32mI (1332722) net_cpu: case=75 valid=1 total_us=20061682 tasks_before=8 tasks_after=8 snapshot_bytes=1440[0m
[0;32mI (1332727) net_cpu: case=75 task=audio id=4 runtime_us=2061723 existed=1[0m
[0;32mI (1332733) net_cpu: case=75 task=IDLE id=2 runtime_us=14560477 existed=1[0m
[0;32mI (1332741) net_cpu: case=75 task=uiT id=1 runtime_us=38411 existed=1[0m
[0;32mI (1332749) net_cpu: case=75 task=tiT id=5 runtime_us=1861807 existed=1[0m
[0;32mI (1332755) net_cpu: case=75 task=httpd id=9 runtime_us=92472 existed=1[0m
[0;32mI (1332763) net_cpu: case=75 task=ppT id=7 runtime_us=1448459 existed=1[0m
[0;32mI (1332770) net_cpu: case=75 task=sys_evt id=6 runtime_us=0 existed=1[0m
[0;32mI (1332777) net_cpu: case=75 task=Tmr Svc id=3 runtime_us=0 existed=1[0m
[0;32mI (1332786) net_bench: case=75 output=0 wall_us=20033922 bytes=802316 open_us=76767 error=0 rssi=-71 heap_min=12948[0m
[0;32mI (1332795) net_bench: case=75 recv_total_us=1695945 recv_positive_us=1431025 recv_empty_us=264920[0m
[0;32mI (1332805) net_bench: case=75 cpu_lean=1 gap_metrics_valid=0 heap_is_final=1[0m
[0;32mI (1332812) net_bench: case=75 sampled_heap_min=11708 rx_gap_tick_ms=46 wait_calls=1443[0m
[0;32mI (1332821) net_bench: case=75 calls=2735 empty=1443 rx_gap_us=0 app_gap_us=0 empty_wait_us=0 recv_max_us=4320 commit_max_us=0 ready_max=0 ready_probes=0[0m
[0;32mI (1332836) net_bench: case=75 pcm_frames=0 rate=0 eof=1884 underrun=1883 stack=1212[0m
[0;32mI (1332844) net_bench: case=75 second=0 bytes=40960 rssi=-78[0m
[0;32mI (1332850) net_bench: case=75 second=1 bytes=39748 rssi=-81[0m
[0;32mI (1332857) net_bench: case=75 second=2 bytes=39748 rssi=-79[0m
[0;32mI (1332863) net_bench: case=75 second=3 bytes=39748 rssi=-78[0m
[0;32mI (1332869) net_bench: case=75 second=4 bytes=40772 rssi=-72[0m
[0;32mI (1332875) net_bench: case=75 second=5 bytes=40284 rssi=-72[0m
[0;32mI (1332882) net_bench: case=75 second=6 bytes=40236 rssi=-70[0m
[0;32mI (1332888) net_bench: case=75 second=7 bytes=39748 rssi=-70[0m
[0;32mI (1332894) net_bench: case=75 second=8 bytes=39748 rssi=-70[0m
[0;32mI (1332901) net_bench: case=75 second=9 bytes=39748 rssi=-79[0m
[0;32mI (1332907) net_bench: case=75 second=10 bytes=40772 rssi=-79[0m
[0;32mI (1332913) net_bench: case=75 second=11 bytes=39748 rssi=-79[0m
[0;32mI (1332920) net_bench: case=75 second=12 bytes=39748 rssi=-80[0m
[0;32mI (1332926) net_bench: case=75 second=13 bytes=40772 rssi=-79[0m
[0;32mI (1332933) net_bench: case=75 second=14 bytes=39748 rssi=-71[0m
[0;32mI (1332939) net_bench: case=75 second=15 bytes=39748 rssi=-72[0m
[0;32mI (1332945) net_bench: case=75 second=16 bytes=40772 rssi=-73[0m
[0;32mI (1332952) net_bench: case=75 second=17 bytes=40772 rssi=-71[0m
[0;32mI (1332958) net_bench: case=75 second=18 bytes=39748 rssi=-71[0m
[0;32mI (1332965) net_bench: case=75 second=19 bytes=39748 rssi=-81[0m
[0;32mI (1333972) net_bench: case=76 path=/aac-64?rate=64 output=0 begin rssi=-81 round=4 fixture=3 variant=0 wait_ms=25 read_limit=1024 batch=1[0m
[0;32mI (1354085) net_cpu: case=76 valid=1 total_us=20052835 tasks_before=8 tasks_after=8 snapshot_bytes=1440[0m
[0;32mI (1354087) net_cpu: case=76 task=audio id=4 runtime_us=936249 existed=1[0m
[0;32mI (1354093) net_cpu: case=76 task=IDLE id=2 runtime_us=18055418 existed=1[0m
[0;32mI (1354101) net_cpu: case=76 task=uiT id=1 runtime_us=39549 existed=1[0m
[0;32mI (1354108) net_cpu: case=76 task=tiT id=5 runtime_us=461068 existed=1[0m
[0;32mI (1354115) net_cpu: case=76 task=httpd id=9 runtime_us=90878 existed=1[0m
[0;32mI (1354122) net_cpu: case=76 task=ppT id=7 runtime_us=471104 existed=1[0m
[0;32mI (1354129) net_cpu: case=76 task=sys_evt id=6 runtime_us=0 existed=1[0m
[0;32mI (1354137) net_cpu: case=76 task=Tmr Svc id=3 runtime_us=0 existed=1[0m
[0;32mI (1354146) net_bench: case=76 output=0 wall_us=20025337 bytes=160751 open_us=72933 error=0 rssi=-80 heap_min=14632[0m
[0;32mI (1354155) net_bench: case=76 recv_total_us=412001 recv_positive_us=276544 recv_empty_us=135457[0m
[0;32mI (1354164) net_bench: case=76 cpu_lean=1 gap_metrics_valid=0 heap_is_final=1[0m
[0;32mI (1354172) net_bench: case=76 sampled_heap_min=13804 rx_gap_tick_ms=143 wait_calls=851[0m
[0;32mI (1354181) net_bench: case=76 calls=1087 empty=851 rx_gap_us=0 app_gap_us=0 empty_wait_us=0 recv_max_us=4345 commit_max_us=0 ready_max=0 ready_probes=0[0m
[0;32mI (1354195) net_bench: case=76 pcm_frames=0 rate=0 eof=1883 underrun=1882 stack=1212[0m
[0;32mI (1354203) net_bench: case=76 second=0 bytes=8192 rssi=-73[0m
[0;32mI (1354209) net_bench: case=76 second=1 bytes=8245 rssi=-71[0m
[0;32mI (1354216) net_bench: case=76 second=2 bytes=8245 rssi=-71[0m
[0;32mI (1354222) net_bench: case=76 second=3 bytes=8245 rssi=-70[0m
[0;32mI (1354229) net_bench: case=76 second=4 bytes=7221 rssi=-80[0m
[0;32mI (1354235) net_bench: case=76 second=5 bytes=8245 rssi=-80[0m
[0;32mI (1354241) net_bench: case=76 second=6 bytes=8245 rssi=-80[0m
[0;32mI (1354247) net_bench: case=76 second=7 bytes=8245 rssi=-80[0m
[0;32mI (1354253) net_bench: case=76 second=8 bytes=7757 rssi=-80[0m
[0;32mI (1354259) net_bench: case=76 second=9 bytes=7709 rssi=-70[0m
[0;32mI (1354266) net_bench: case=76 second=10 bytes=8245 rssi=-70[0m
[0;32mI (1354272) net_bench: case=76 second=11 bytes=8245 rssi=-69[0m
[0;32mI (1354278) net_bench: case=76 second=12 bytes=8245 rssi=-70[0m
[0;32mI (1354285) net_bench: case=76 second=13 bytes=7221 rssi=-79[0m
[0;32mI (1354291) net_bench: case=76 second=14 bytes=8245 rssi=-80[0m
[0;32mI (1354297) net_bench: case=76 second=15 bytes=8245 rssi=-78[0m
[0;32mI (1354303) net_bench: case=76 second=16 bytes=8245 rssi=-80[0m
[0;32mI (1354310) net_bench: case=76 second=17 bytes=8245 rssi=-79[0m
[0;32mI (1354316) net_bench: case=76 second=18 bytes=7221 rssi=-70[0m
[0;32mI (1354322) net_bench: case=76 second=19 bytes=8245 rssi=-72[0m
[0;32mI (1355331) net_bench: case=77 path=/aac-64?rate=64 output=0 begin rssi=-71 round=4 fixture=3 variant=1 wait_ms=25 read_limit=512 batch=1[0m
[0;32mI (1375458) net_cpu: case=77 valid=1 total_us=20068279 tasks_before=8 tasks_after=8 snapshot_bytes=1440[0m
[0;32mI (1375460) net_cpu: case=77 task=audio id=4 runtime_us=944037 existed=1[0m
[0;32mI (1375466) net_cpu: case=77 task=IDLE id=2 runtime_us=18035792 existed=1[0m
[0;32mI (1375474) net_cpu: case=77 task=tiT id=5 runtime_us=483004 existed=1[0m
[0;32mI (1375481) net_cpu: case=77 task=uiT id=1 runtime_us=39585 existed=1[0m
[0;32mI (1375488) net_cpu: case=77 task=httpd id=9 runtime_us=90978 existed=1[0m
[0;32mI (1375495) net_cpu: case=77 task=ppT id=7 runtime_us=475230 existed=1[0m
[0;32mI (1375503) net_cpu: case=77 task=sys_evt id=6 runtime_us=0 existed=1[0m
[0;32mI (1375510) net_cpu: case=77 task=Tmr Svc id=3 runtime_us=0 existed=1[0m
[0;32mI (1375519) net_bench: case=77 output=0 wall_us=20040778 bytes=160751 open_us=72523 error=0 rssi=-71 heap_min=14632[0m
[0;32mI (1375529) net_bench: case=77 recv_total_us=457231 recv_positive_us=328013 recv_empty_us=129218[0m
[0;32mI (1375538) net_bench: case=77 cpu_lean=1 gap_metrics_valid=0 heap_is_final=1[0m
[0;32mI (1375546) net_bench: case=77 sampled_heap_min=13292 rx_gap_tick_ms=542 wait_calls=825[0m
[0;32mI (1375555) net_bench: case=77 calls=1187 empty=825 rx_gap_us=0 app_gap_us=0 empty_wait_us=0 recv_max_us=4161 commit_max_us=0 ready_max=0 ready_probes=0[0m
[0;32mI (1375569) net_bench: case=77 pcm_frames=0 rate=0 eof=1884 underrun=1883 stack=1180[0m
[0;32mI (1375577) net_bench: case=77 second=0 bytes=8192 rssi=-80[0m
[0;32mI (1375584) net_bench: case=77 second=1 bytes=8245 rssi=-79[0m
[0;32mI (1375590) net_bench: case=77 second=2 bytes=8245 rssi=-81[0m
[0;32mI (1375596) net_bench: case=77 second=3 bytes=8245 rssi=-72[0m
[0;32mI (1375602) net_bench: case=77 second=4 bytes=6197 rssi=-67[0m
[0;32mI (1375609) net_bench: case=77 second=5 bytes=9269 rssi=-68[0m
[0;32mI (1375615) net_bench: case=77 second=6 bytes=8245 rssi=-72[0m
[0;32mI (1375621) net_bench: case=77 second=7 bytes=8245 rssi=-71[0m
[0;32mI (1375627) net_bench: case=77 second=8 bytes=7733 rssi=-71[0m
[0;32mI (1375633) net_bench: case=77 second=9 bytes=7733 rssi=-80[0m
[0;32mI (1375640) net_bench: case=77 second=10 bytes=8245 rssi=-81[0m
[0;32mI (1375646) net_bench: case=77 second=11 bytes=8245 rssi=-79[0m
[0;32mI (1375652) net_bench: case=77 second=12 bytes=8245 rssi=-79[0m
[0;32mI (1375659) net_bench: case=77 second=13 bytes=7221 rssi=-71[0m
[0;32mI (1375665) net_bench: case=77 second=14 bytes=8245 rssi=-71[0m
[0;32mI (1375671) net_bench: case=77 second=15 bytes=8245 rssi=-79[0m
[0;32mI (1375677) net_bench: case=77 second=16 bytes=8245 rssi=-72[0m
[0;32mI (1375684) net_bench: case=77 second=17 bytes=7221 rssi=-71[0m
[0;32mI (1375690) net_bench: case=77 second=18 bytes=8245 rssi=-78[0m
[0;32mI (1375696) net_bench: case=77 second=19 bytes=8245 rssi=-79[0m
[0;32mI (1376704) net_bench: case=78 path=/aac-64?rate=64 output=0 begin rssi=-81 round=4 fixture=3 variant=2 wait_ms=25 read_limit=1536 batch=1[0m
[0;32mI (1396829) net_cpu: case=78 valid=1 total_us=20070130 tasks_before=8 tasks_after=8 snapshot_bytes=1440[0m
[0;32mI (1396831) net_cpu: case=78 task=audio id=4 runtime_us=948513 existed=1[0m
[0;32mI (1396837) net_cpu: case=78 task=IDLE id=2 runtime_us=18054319 existed=1[0m
[0;32mI (1396845) net_cpu: case=78 task=tiT id=5 runtime_us=463842 existed=1[0m
[0;32mI (1396852) net_cpu: case=78 task=uiT id=1 runtime_us=39639 existed=1[0m
[0;32mI (1396859) net_cpu: case=78 task=httpd id=9 runtime_us=91188 existed=1[0m
[0;32mI (1396866) net_cpu: case=78 task=ppT id=7 runtime_us=473072 existed=1[0m
[0;32mI (1396873) net_cpu: case=78 task=sys_evt id=6 runtime_us=0 existed=1[0m
[0;32mI (1396881) net_cpu: case=78 task=Tmr Svc id=3 runtime_us=0 existed=1[0m
[0;32mI (1396889) net_bench: case=78 output=0 wall_us=20042383 bytes=160751 open_us=67632 error=0 rssi=-79 heap_min=14632[0m
[0;32mI (1396899) net_bench: case=78 recv_total_us=395315 recv_positive_us=255448 recv_empty_us=139867[0m
[0;32mI (1396908) net_bench: case=78 cpu_lean=1 gap_metrics_valid=0 heap_is_final=1[0m
[0;32mI (1396916) net_bench: case=78 sampled_heap_min=13268 rx_gap_tick_ms=504 wait_calls=858[0m
[0;32mI (1396925) net_bench: case=78 calls=1100 empty=858 rx_gap_us=0 app_gap_us=0 empty_wait_us=0 recv_max_us=3410 commit_max_us=0 ready_max=0 ready_probes=0[0m
[0;32mI (1396939) net_bench: case=78 pcm_frames=0 rate=0 eof=1884 underrun=1883 stack=1180[0m
[0;32mI (1396947) net_bench: case=78 second=0 bytes=8192 rssi=-72[0m
[0;32mI (1396953) net_bench: case=78 second=1 bytes=8245 rssi=-70[0m
[0;32mI (1396960) net_bench: case=78 second=2 bytes=8245 rssi=-71[0m
[0;32mI (1396966) net_bench: case=78 second=3 bytes=8245 rssi=-80[0m
[0;32mI (1396972) net_bench: case=78 second=4 bytes=7221 rssi=-81[0m
[0;32mI (1396978) net_bench: case=78 second=5 bytes=8245 rssi=-80[0m
[0;32mI (1396985) net_bench: case=78 second=6 bytes=8245 rssi=-79[0m
[0;32mI (1396991) net_bench: case=78 second=7 bytes=8245 rssi=-81[0m
[0;32mI (1396997) net_bench: case=78 second=8 bytes=7221 rssi=-80[0m
[0;32mI (1397003) net_bench: case=78 second=9 bytes=8245 rssi=-73[0m
[0;32mI (1397010) net_bench: case=78 second=10 bytes=8245 rssi=-71[0m
[0;32mI (1397016) net_bench: case=78 second=11 bytes=8245 rssi=-72[0m
[0;32mI (1397022) net_bench: case=78 second=12 bytes=8245 rssi=-72[0m
[0;32mI (1397028) net_bench: case=78 second=13 bytes=7221 rssi=-79[0m
[0;32mI (1397035) net_bench: case=78 second=14 bytes=8245 rssi=-79[0m
[0;32mI (1397041) net_bench: case=78 second=15 bytes=8245 rssi=-78[0m
[0;32mI (1397047) net_bench: case=78 second=16 bytes=8245 rssi=-84[0m
[0;32mI (1397054) net_bench: case=78 second=17 bytes=7221 rssi=-79[0m
[0;32mI (1397060) net_bench: case=78 second=18 bytes=8245 rssi=-74[0m
[0;32mI (1397066) net_bench: case=78 second=19 bytes=8245 rssi=-75[0m
[0;32mI (1398074) net_bench: case=79 path=/aac-64?rate=64 output=0 begin rssi=-71 round=4 fixture=3 variant=3 wait_ms=25 read_limit=1024 batch=4[0m
[0;32mI (1418201) net_cpu: case=79 valid=1 total_us=20072091 tasks_before=8 tasks_after=8 snapshot_bytes=1440[0m
[0;32mI (1418203) net_cpu: case=79 task=audio id=4 runtime_us=965990 existed=1[0m
[0;32mI (1418209) net_cpu: case=79 task=IDLE id=2 runtime_us=18035245 existed=1[0m
[0;32mI (1418217) net_cpu: case=79 task=uiT id=1 runtime_us=39664 existed=1[0m
[0;32mI (1418224) net_cpu: case=79 task=tiT id=5 runtime_us=464751 existed=1[0m
[0;32mI (1418231) net_cpu: case=79 task=httpd id=9 runtime_us=91114 existed=1[0m
[0;32mI (1418238) net_cpu: case=79 task=ppT id=7 runtime_us=475994 existed=1[0m
[0;32mI (1418245) net_cpu: case=79 task=sys_evt id=6 runtime_us=0 existed=1[0m
[0;32mI (1418253) net_cpu: case=79 task=Tmr Svc id=3 runtime_us=0 existed=1[0m
[0;32mI (1418261) net_bench: case=79 output=0 wall_us=20044563 bytes=160751 open_us=68012 error=0 rssi=-72 heap_min=14632[0m
[0;32mI (1418271) net_bench: case=79 recv_total_us=420170 recv_positive_us=274433 recv_empty_us=145737[0m
[0;32mI (1418280) net_bench: case=79 cpu_lean=1 gap_metrics_valid=0 heap_is_final=1[0m
[0;32mI (1418288) net_bench: case=79 sampled_heap_min=13268 rx_gap_tick_ms=154 wait_calls=877[0m
[0;32mI (1418297) net_bench: case=79 calls=1132 empty=877 rx_gap_us=0 app_gap_us=0 empty_wait_us=0 recv_max_us=3409 commit_max_us=0 ready_max=0 ready_probes=0[0m
[0;32mI (1418311) net_bench: case=79 pcm_frames=0 rate=0 eof=1885 underrun=1884 stack=1180[0m
[0;32mI (1418319) net_bench: case=79 second=0 bytes=8192 rssi=-77[0m
[0;32mI (1418325) net_bench: case=79 second=1 bytes=8245 rssi=-81[0m
[0;32mI (1418333) net_bench: case=79 second=2 bytes=8245 rssi=-78[0m
[0;32mI (1418339) net_bench: case=79 second=3 bytes=8245 rssi=-79[0m
[0;32mI (1418345) net_bench: case=79 second=4 bytes=7221 rssi=-70[0m
[0;32mI (1418351) net_bench: case=79 second=5 bytes=8245 rssi=-69[0m
[0;32mI (1418358) net_bench: case=79 second=6 bytes=8245 rssi=-71[0m
[0;32mI (1418364) net_bench: case=79 second=7 bytes=8245 rssi=-69[0m
[0;32mI (1418370) net_bench: case=79 second=8 bytes=8245 rssi=-78[0m
[0;32mI (1418376) net_bench: case=79 second=9 bytes=7221 rssi=-79[0m
[0;32mI (1418383) net_bench: case=79 second=10 bytes=8245 rssi=-78[0m
[0;32mI (1418389) net_bench: case=79 second=11 bytes=8245 rssi=-79[0m
[0;32mI (1418395) net_bench: case=79 second=12 bytes=8245 rssi=-79[0m
[0;32mI (1418402) net_bench: case=79 second=13 bytes=7221 rssi=-70[0m
[0;32mI (1418408) net_bench: case=79 second=14 bytes=8245 rssi=-70[0m
[0;32mI (1418414) net_bench: case=79 second=15 bytes=8245 rssi=-70[0m
[0;32mI (1418420) net_bench: case=79 second=16 bytes=8245 rssi=-71[0m
[0;32mI (1418427) net_bench: case=79 second=17 bytes=8245 rssi=-70[0m
[0;32mI (1418433) net_bench: case=79 second=18 bytes=7221 rssi=-79[0m
[0;32mI (1418439) net_bench: case=79 second=19 bytes=8245 rssi=-80[0m
[0;32mI (1419447) net_bench: case=80 path=/mp3-320?rate=0 output=0 begin rssi=-80 round=5 fixture=0 variant=1 wait_ms=25 read_limit=512 batch=1[0m
[0;32mI (1439564) net_cpu: case=80 valid=1 total_us=20066286 tasks_before=8 tasks_after=8 snapshot_bytes=1440[0m
[0;32mI (1439566) net_cpu: case=80 task=audio id=4 runtime_us=3568284 existed=1[0m
[0;32mI (1439572) net_cpu: case=80 task=IDLE id=2 runtime_us=6269832 existed=1[0m
[0;32mI (1439580) net_cpu: case=80 task=tiT id=5 runtime_us=5898812 existed=1[0m
[0;32mI (1439587) net_cpu: case=80 task=uiT id=1 runtime_us=39711 existed=1[0m
[0;32mI (1439594) net_cpu: case=80 task=httpd id=9 runtime_us=97314 existed=1[0m
[0;32mI (1439601) net_cpu: case=80 task=ppT id=7 runtime_us=4192727 existed=1[0m
[0;32mI (1439609) net_cpu: case=80 task=sys_evt id=6 runtime_us=0 existed=1[0m
[0;32mI (1439616) net_cpu: case=80 task=Tmr Svc id=3 runtime_us=0 existed=1[0m
[0;32mI (1439626) net_bench: case=80 output=0 wall_us=20038080 bytes=2773128 open_us=64747 error=0 rssi=-80 heap_min=10080[0m
[0;32mI (1439634) net_bench: case=80 recv_total_us=7590562 recv_positive_us=7379273 recv_empty_us=211289[0m
[0;32mI (1439644) net_bench: case=80 cpu_lean=1 gap_metrics_valid=0 heap_is_final=1[0m
[0;32mI (1439651) net_bench: case=80 sampled_heap_min=10364 rx_gap_tick_ms=915 wait_calls=896[0m
[0;32mI (1439660) net_bench: case=80 calls=7442 empty=896 rx_gap_us=0 app_gap_us=0 empty_wait_us=0 recv_max_us=6738 commit_max_us=0 ready_max=0 ready_probes=0[0m
[0;32mI (1439674) net_bench: case=80 pcm_frames=0 rate=0 eof=1885 underrun=1884 stack=1180[0m
[0;32mI (1439683) net_bench: case=80 second=0 bytes=108568 rssi=-71[0m
[0;32mI (1439689) net_bench: case=80 second=1 bytes=159736 rssi=-72[0m
[0;32mI (1439696) net_bench: case=80 second=2 bytes=152224 rssi=-73[0m
[0;32mI (1439702) net_bench: case=80 second=3 bytes=171128 rssi=-80[0m
[0;32mI (1439708) net_bench: case=80 second=4 bytes=171144 rssi=-82[0m
[0;32mI (1439715) net_bench: case=80 second=5 bytes=179272 rssi=-78[0m
[0;32mI (1439721) net_bench: case=80 second=6 bytes=171056 rssi=-81[0m
[0;32mI (1439728) net_bench: case=80 second=7 bytes=117832 rssi=-79[0m
[0;32mI (1439734) net_bench: case=80 second=8 bytes=146632 rssi=-70[0m
[0;32mI (1439740) net_bench: case=80 second=9 bytes=153352 rssi=-71[0m
[0;32mI (1439747) net_bench: case=80 second=10 bytes=143344 rssi=-71[0m
[0;32mI (1439753) net_bench: case=80 second=11 bytes=124312 rssi=-72[0m
[0;32mI (1439760) net_bench: case=80 second=12 bytes=71008 rssi=-70[0m
[0;32mI (1439766) net_bench: case=80 second=13 bytes=2144 rssi=-79[0m
[0;32mI (1439773) net_bench: case=80 second=14 bytes=83840 rssi=-81[0m
[0;32mI (1439779) net_bench: case=80 second=15 bytes=153336 rssi=-79[0m
[0;32mI (1439785) net_bench: case=80 second=16 bytes=156008 rssi=-80[0m
[0;32mI (1439792) net_bench: case=80 second=17 bytes=153472 rssi=-72[0m
[0;32mI (1439798) net_bench: case=80 second=18 bytes=174336 rssi=-71[0m
[0;32mI (1439805) net_bench: case=80 second=19 bytes=180384 rssi=-72[0m
[0;32mI (1440812) net_bench: case=81 path=/mp3-320?rate=0 output=0 begin rssi=-72 round=5 fixture=0 variant=2 wait_ms=25 read_limit=1536 batch=1[0m
[0;32mI (1460936) net_cpu: case=81 valid=1 total_us=20065928 tasks_before=8 tasks_after=8 snapshot_bytes=1440[0m
[0;32mI (1460938) net_cpu: case=81 task=audio id=4 runtime_us=3949162 existed=1[0m
[0;32mI (1460944) net_cpu: case=81 task=IDLE id=2 runtime_us=7412219 existed=1[0m
[0;32mI (1460952) net_cpu: case=81 task=tiT id=5 runtime_us=4891137 existed=1[0m
[0;32mI (1460959) net_cpu: case=81 task=uiT id=1 runtime_us=39839 existed=1[0m
[0;32mI (1460966) net_cpu: case=81 task=httpd id=9 runtime_us=93691 existed=1[0m
[0;32mI (1460973) net_cpu: case=81 task=ppT id=7 runtime_us=3681167 existed=1[0m
[0;32mI (1460981) net_cpu: case=81 task=sys_evt id=6 runtime_us=0 existed=1[0m
[0;32mI (1460988) net_cpu: case=81 task=Tmr Svc id=3 runtime_us=0 existed=1[0m
[0;32mI (1460996) net_bench: case=81 output=0 wall_us=20037764 bytes=2530040 open_us=69447 error=0 rssi=-83 heap_min=12304[0m
[0;32mI (1461006) net_bench: case=81 recv_total_us=4894641 recv_positive_us=4306494 recv_empty_us=588147[0m
[0;32mI (1461016) net_bench: case=81 cpu_lean=1 gap_metrics_valid=0 heap_is_final=1[0m
[0;32mI (1461023) net_bench: case=81 sampled_heap_min=9728 rx_gap_tick_ms=534 wait_calls=2257[0m
[0;32mI (1461032) net_bench: case=81 calls=5686 empty=2257 rx_gap_us=0 app_gap_us=0 empty_wait_us=0 recv_max_us=7258 commit_max_us=0 ready_max=0 ready_probes=0[0m
[0;32mI (1461046) net_bench: case=81 pcm_frames=0 rate=0 eof=1884 underrun=1883 stack=1180[0m
[0;32mI (1461055) net_bench: case=81 second=0 bytes=200392 rssi=-79[0m
[0;32mI (1461061) net_bench: case=81 second=1 bytes=208064 rssi=-81[0m
[0;32mI (1461068) net_bench: case=81 second=2 bytes=208192 rssi=-82[0m
[0;32mI (1461074) net_bench: case=81 second=3 bytes=196456 rssi=-73[0m
[0;32mI (1461080) net_bench: case=81 second=4 bytes=125536 rssi=-72[0m
[0;32mI (1461087) net_bench: case=81 second=5 bytes=89496 rssi=-75[0m
[0;32mI (1461093) net_bench: case=81 second=6 bytes=96888 rssi=-73[0m
[0;32mI (1461100) net_bench: case=81 second=7 bytes=153408 rssi=-73[0m
[0;32mI (1461106) net_bench: case=81 second=8 bytes=152560 rssi=-84[0m
[0;32mI (1461112) net_bench: case=81 second=9 bytes=139896 rssi=-72[0m
[0;32mI (1461119) net_bench: case=81 second=10 bytes=72896 rssi=-81[0m
[0;32mI (1461125) net_bench: case=81 second=11 bytes=129232 rssi=-82[0m
[0;32mI (1461132) net_bench: case=81 second=12 bytes=178232 rssi=-72[0m
[0;32mI (1461138) net_bench: case=81 second=13 bytes=158232 rssi=-72[0m
[0;32mI (1461144) net_bench: case=81 second=14 bytes=118808 rssi=-73[0m
[0;32mI (1461151) net_bench: case=81 second=15 bytes=33824 rssi=-75[0m
[0;32mI (1461157) net_bench: case=81 second=16 bytes=36448 rssi=-70[0m
[0;32mI (1461164) net_bench: case=81 second=17 bytes=126312 rssi=-83[0m
[0;32mI (1461170) net_bench: case=81 second=18 bytes=52584 rssi=-83[0m
[0;32mI (1461177) net_bench: case=81 second=19 bytes=52584 rssi=-82[0m
[0;32mI (1462185) net_bench: case=82 path=/mp3-320?rate=0 output=0 begin rssi=-85 round=5 fixture=0 variant=3 wait_ms=25 read_limit=1024 batch=4[0m
[0;32mI (1482321) net_cpu: case=82 valid=1 total_us=20064958 tasks_before=8 tasks_after=8 snapshot_bytes=1440[0m
[0;32mI (1482323) net_cpu: case=82 task=audio id=4 runtime_us=4549577 existed=1[0m
[0;32mI (1482329) net_cpu: case=82 task=IDLE id=2 runtime_us=9323713 existed=1[0m
[0;32mI (1482337) net_cpu: case=82 task=uiT id=1 runtime_us=38625 existed=1[0m
[0;32mI (1482344) net_cpu: case=82 task=tiT id=5 runtime_us=3496688 existed=1[0m
[0;32mI (1482351) net_cpu: case=82 task=ppT id=7 runtime_us=2566669 existed=1[0m
[0;32mI (1482358) net_cpu: case=82 task=httpd id=9 runtime_us=91369 existed=1[0m
[0;32mI (1482366) net_cpu: case=82 task=sys_evt id=6 runtime_us=0 existed=1[0m
[0;32mI (1482373) net_cpu: case=82 task=Tmr Svc id=3 runtime_us=0 existed=1[0m
[0;32mI (1482382) net_bench: case=82 output=0 wall_us=20036828 bytes=1633968 open_us=84418 error=0 rssi=-84 heap_min=10944[0m
[0;32mI (1482391) net_bench: case=82 recv_total_us=2882773 recv_positive_us=2262320 recv_empty_us=620453[0m
[0;32mI (1482401) net_bench: case=82 cpu_lean=1 gap_metrics_valid=0 heap_is_final=1[0m
[0;32mI (1482408) net_bench: case=82 sampled_heap_min=10944 rx_gap_tick_ms=923 wait_calls=3169[0m
[0;32mI (1482417) net_bench: case=82 calls=6186 empty=3169 rx_gap_us=0 app_gap_us=0 empty_wait_us=0 recv_max_us=2373 commit_max_us=0 ready_max=0 ready_probes=0[0m
[0;32mI (1482432) net_bench: case=82 pcm_frames=0 rate=0 eof=1884 underrun=1883 stack=1180[0m
[0;32mI (1482440) net_bench: case=82 second=0 bytes=116536 rssi=-72[0m
[0;32mI (1482446) net_bench: case=82 second=1 bytes=76648 rssi=-71[0m
[0;32mI (1482453) net_bench: case=82 second=2 bytes=119048 rssi=-72[0m
[0;32mI (1482459) net_bench: case=82 second=3 bytes=85576 rssi=-83[0m
[0;32mI (1482465) net_bench: case=82 second=4 bytes=78848 rssi=-73[0m
[0;32mI (1482472) net_bench: case=82 second=5 bytes=88440 rssi=-84[0m
[0;32mI (1482478) net_bench: case=82 second=6 bytes=84208 rssi=-82[0m
[0;32mI (1482484) net_bench: case=82 second=7 bytes=83376 rssi=-81[0m
[0;32mI (1482491) net_bench: case=82 second=8 bytes=90344 rssi=-72[0m
[0;32mI (1482497) net_bench: case=82 second=9 bytes=65688 rssi=-70[0m
[0;32mI (1482503) net_bench: case=82 second=10 bytes=30072 rssi=-69[0m
[0;32mI (1482510) net_bench: case=82 second=11 bytes=122264 rssi=-74[0m
[0;32mI (1482516) net_bench: case=82 second=12 bytes=113984 rssi=-72[0m
[0;32mI (1482523) net_bench: case=82 second=13 bytes=71288 rssi=-86[0m
[0;32mI (1482529) net_bench: case=82 second=14 bytes=53656 rssi=-84[0m
[0;32mI (1482535) net_bench: case=82 second=15 bytes=71880 rssi=-80[0m
[0;32mI (1482542) net_bench: case=82 second=16 bytes=48536 rssi=-82[0m
[0;32mI (1482548) net_bench: case=82 second=17 bytes=86840 rssi=-82[0m
[0;32mI (1482555) net_bench: case=82 second=18 bytes=107848 rssi=-72[0m
[0;32mI (1482561) net_bench: case=82 second=19 bytes=38888 rssi=-72[0m
[0;32mI (1483568) net_bench: case=83 path=/mp3-320?rate=0 output=0 begin rssi=-72 round=5 fixture=0 variant=0 wait_ms=25 read_limit=1024 batch=1[0m
[0;32mI (1503709) net_cpu: case=83 valid=1 total_us=20069852 tasks_before=8 tasks_after=8 snapshot_bytes=1440[0m
[0;32mI (1503711) net_cpu: case=83 task=audio id=4 runtime_us=3914057 existed=1[0m
[0;32mI (1503717) net_cpu: case=83 task=IDLE id=2 runtime_us=9401920 existed=1[0m
[0;32mI (1503725) net_cpu: case=83 task=tiT id=5 runtime_us=3802453 existed=1[0m
[0;32mI (1503732) net_cpu: case=83 task=uiT id=1 runtime_us=39018 existed=1[0m
[0;32mI (1503739) net_cpu: case=83 task=httpd id=9 runtime_us=91426 existed=1[0m
[0;32mI (1503746) net_cpu: case=83 task=ppT id=7 runtime_us=2822702 existed=1[0m
[0;32mI (1503754) net_cpu: case=83 task=sys_evt id=6 runtime_us=0 existed=1[0m
[0;32mI (1503761) net_cpu: case=83 task=Tmr Svc id=3 runtime_us=0 existed=1[0m
[0;32mI (1503769) net_bench: case=83 output=0 wall_us=20041850 bytes=1833424 open_us=84376 error=0 rssi=-75 heap_min=10912[0m
[0;32mI (1503779) net_bench: case=83 recv_total_us=3613920 recv_positive_us=3026603 recv_empty_us=587317[0m
[0;32mI (1503789) net_bench: case=83 cpu_lean=1 gap_metrics_valid=0 heap_is_final=1[0m
[0;32mI (1503796) net_bench: case=83 sampled_heap_min=10232 rx_gap_tick_ms=327 wait_calls=2434[0m
[0;32mI (1503805) net_bench: case=83 calls=5650 empty=2434 rx_gap_us=0 app_gap_us=0 empty_wait_us=0 recv_max_us=6642 commit_max_us=0 ready_max=0 ready_probes=0[0m
[0;32mI (1503819) net_bench: case=83 pcm_frames=0 rate=0 eof=1885 underrun=1884 stack=1180[0m
[0;32mI (1503828) net_bench: case=83 second=0 bytes=85392 rssi=-83[0m
[0;32mI (1503834) net_bench: case=83 second=1 bytes=68368 rssi=-82[0m
[0;32mI (1503840) net_bench: case=83 second=2 bytes=72656 rssi=-83[0m
[0;32mI (1503848) net_bench: case=83 second=3 bytes=133040 rssi=-83[0m
[0;32mI (1503853) net_bench: case=83 second=4 bytes=90048 rssi=-72[0m
[0;32mI (1503860) net_bench: case=83 second=5 bytes=88256 rssi=-72[0m
[0;32mI (1503866) net_bench: case=83 second=6 bytes=90640 rssi=-72[0m
[0;32mI (1503872) net_bench: case=83 second=7 bytes=131864 rssi=-72[0m
[0;32mI (1503879) net_bench: case=83 second=8 bytes=46392 rssi=-72[0m
[0;32mI (1503885) net_bench: case=83 second=9 bytes=91768 rssi=-82[0m
[0;32mI (1503891) net_bench: case=83 second=10 bytes=123928 rssi=-81[0m
[0;32mI (1503898) net_bench: case=83 second=11 bytes=93024 rssi=-82[0m
[0;32mI (1503904) net_bench: case=83 second=12 bytes=59744 rssi=-80[0m
[0;32mI (1503910) net_bench: case=83 second=13 bytes=106528 rssi=-70[0m
[0;32mI (1503917) net_bench: case=83 second=14 bytes=138640 rssi=-74[0m
[0;32mI (1503923) net_bench: case=83 second=15 bytes=89808 rssi=-74[0m
[0;32mI (1503930) net_bench: case=83 second=16 bytes=51992 rssi=-72[0m
[0;32mI (1503936) net_bench: case=83 second=17 bytes=143224 rssi=-72[0m
[0;32mI (1503943) net_bench: case=83 second=18 bytes=55208 rssi=-72[0m
[0;32mI (1503950) net_bench: case=83 second=19 bytes=72904 rssi=-83[0m
[0;32mI (1504957) net_bench: case=84 path=/mp3-128?rate=128 output=0 begin rssi=-80 round=5 fixture=1 variant=1 wait_ms=25 read_limit=512 batch=1[0m
[0;32mI (1525094) net_cpu: case=84 valid=1 total_us=20068500 tasks_before=8 tasks_after=8 snapshot_bytes=1440[0m
[0;32mI (1525096) net_cpu: case=84 task=audio id=4 runtime_us=1243195 existed=1[0m
[0;32mI (1525102) net_cpu: case=84 task=IDLE id=2 runtime_us=17046361 existed=1[0m
[0;32mI (1525110) net_cpu: case=84 task=tiT id=5 runtime_us=878293 existed=1[0m
[0;32mI (1525117) net_cpu: case=84 task=uiT id=1 runtime_us=38638 existed=1[0m
[0;32mI (1525124) net_cpu: case=84 task=httpd id=9 runtime_us=90604 existed=1[0m
[0;32mI (1525131) net_cpu: case=84 task=ppT id=7 runtime_us=772730 existed=1[0m
[0;32mI (1525138) net_cpu: case=84 task=sys_evt id=6 runtime_us=0 existed=1[0m
[0;32mI (1525147) net_cpu: case=84 task=Tmr Svc id=3 runtime_us=0 existed=1[0m
[0;32mI (1525154) net_bench: case=84 output=0 wall_us=20040932 bytes=321738 open_us=81430 error=0 rssi=-78 heap_min=12948[0m
[0;32mI (1525164) net_bench: case=84 recv_total_us=788776 recv_positive_us=633557 recv_empty_us=155219[0m
[0;32mI (1525173) net_bench: case=84 cpu_lean=1 gap_metrics_valid=0 heap_is_final=1[0m
[0;32mI (1525181) net_bench: case=84 sampled_heap_min=11708 rx_gap_tick_ms=595 wait_calls=964[0m
[0;32mI (1525190) net_bench: case=84 calls=1678 empty=964 rx_gap_us=0 app_gap_us=0 empty_wait_us=0 recv_max_us=4170 commit_max_us=0 ready_max=0 ready_probes=0[0m
[0;32mI (1525204) net_bench: case=84 pcm_frames=0 rate=0 eof=1885 underrun=1884 stack=1180[0m
[0;32mI (1525212) net_bench: case=84 second=0 bytes=16384 rssi=-72[0m
[0;32mI (1525219) net_bench: case=84 second=1 bytes=16230 rssi=-73[0m
[0;32mI (1525226) net_bench: case=84 second=2 bytes=16182 rssi=-74[0m
[0;32mI (1525232) net_bench: case=84 second=3 bytes=15694 rssi=-73[0m
[0;32mI (1525239) net_bench: case=84 second=4 bytes=15694 rssi=-81[0m
[0;32mI (1525245) net_bench: case=84 second=5 bytes=12622 rssi=-79[0m
[0;32mI (1525251) net_bench: case=84 second=6 bytes=6144 rssi=-81[0m
[0;32mI (1525257) net_bench: case=84 second=7 bytes=11728 rssi=-71[0m
[0;32mI (1525264) net_bench: case=84 second=8 bytes=34330 rssi=-76[0m
[0;32mI (1525270) net_bench: case=84 second=9 bytes=15694 rssi=-72[0m
[0;32mI (1525276) net_bench: case=84 second=10 bytes=15694 rssi=-72[0m
[0;32mI (1525283) net_bench: case=84 second=11 bytes=16718 rssi=-72[0m
[0;32mI (1525289) net_bench: case=84 second=12 bytes=15694 rssi=-69[0m
[0;32mI (1525296) net_bench: case=84 second=13 bytes=15694 rssi=-72[0m
[0;32mI (1525302) net_bench: case=84 second=14 bytes=16718 rssi=-81[0m
[0;32mI (1525308) net_bench: case=84 second=15 bytes=15694 rssi=-80[0m
[0;32mI (1525315) net_bench: case=84 second=16 bytes=16718 rssi=-80[0m
[0;32mI (1525321) net_bench: case=84 second=17 bytes=15694 rssi=-80[0m
[0;32mI (1525328) net_bench: case=84 second=18 bytes=15694 rssi=-78[0m
[0;32mI (1525334) net_bench: case=84 second=19 bytes=16718 rssi=-72[0m
[0;32mI (1526341) net_bench: case=85 path=/mp3-128?rate=128 output=0 begin rssi=-72 round=5 fixture=1 variant=2 wait_ms=25 read_limit=1536 batch=1[0m
[0;32mI (1546467) net_cpu: case=85 valid=1 total_us=20072518 tasks_before=8 tasks_after=8 snapshot_bytes=1440[0m
[0;32mI (1546469) net_cpu: case=85 task=audio id=4 runtime_us=1360064 existed=1[0m
[0;32mI (1546475) net_cpu: case=85 task=IDLE id=2 runtime_us=16926391 existed=1[0m
[0;32mI (1546483) net_cpu: case=85 task=tiT id=5 runtime_us=876640 existed=1[0m
[0;32mI (1546490) net_cpu: case=85 task=uiT id=1 runtime_us=39053 existed=1[0m
[0;32mI (1546497) net_cpu: case=85 task=httpd id=9 runtime_us=91431 existed=1[0m
[0;32mI (1546504) net_cpu: case=85 task=ppT id=7 runtime_us=779324 existed=1[0m
[0;32mI (1546512) net_cpu: case=85 task=sys_evt id=6 runtime_us=0 existed=1[0m
[0;32mI (1546519) net_cpu: case=85 task=Tmr Svc id=3 runtime_us=0 existed=1[0m
[0;32mI (1546527) net_bench: case=85 output=0 wall_us=20044915 bytes=321738 open_us=66416 error=0 rssi=-72 heap_min=12948[0m
[0;32mI (1546537) net_bench: case=85 recv_total_us=733982 recv_positive_us=557321 recv_empty_us=176661[0m
[0;32mI (1546546) net_bench: case=85 cpu_lean=1 gap_metrics_valid=0 heap_is_final=1[0m
[0;32mI (1546554) net_bench: case=85 sampled_heap_min=10944 rx_gap_tick_ms=434 wait_calls=1107[0m
[0;32mI (1546563) net_bench: case=85 calls=1682 empty=1107 rx_gap_us=0 app_gap_us=0 empty_wait_us=0 recv_max_us=4465 commit_max_us=0 ready_max=0 ready_probes=0[0m
[0;32mI (1546577) net_bench: case=85 pcm_frames=0 rate=0 eof=1884 underrun=1883 stack=1180[0m
[0;32mI (1546585) net_bench: case=85 second=0 bytes=16384 rssi=-82[0m
[0;32mI (1546592) net_bench: case=85 second=1 bytes=15694 rssi=-83[0m
[0;32mI (1546598) net_bench: case=85 second=2 bytes=16718 rssi=-82[0m
[0;32mI (1546604) net_bench: case=85 second=3 bytes=15694 rssi=-83[0m
[0;32mI (1546611) net_bench: case=85 second=4 bytes=15694 rssi=-72[0m
[0;32mI (1546617) net_bench: case=85 second=5 bytes=11110 rssi=-72[0m
[0;32mI (1546623) net_bench: case=85 second=6 bytes=21302 rssi=-73[0m
[0;32mI (1546630) net_bench: case=85 second=7 bytes=15694 rssi=-72[0m
[0;32mI (1546636) net_bench: case=85 second=8 bytes=16718 rssi=-72[0m
[0;32mI (1546642) net_bench: case=85 second=9 bytes=14182 rssi=-79[0m
[0;32mI (1546649) net_bench: case=85 second=10 bytes=17206 rssi=-79[0m
[0;32mI (1546655) net_bench: case=85 second=11 bytes=16718 rssi=-80[0m
[0;32mI (1546661) net_bench: case=85 second=12 bytes=15694 rssi=-82[0m
[0;32mI (1546668) net_bench: case=85 second=13 bytes=16230 rssi=-73[0m
[0;32mI (1546674) net_bench: case=85 second=14 bytes=16182 rssi=-71[0m
[0;32mI (1546681) net_bench: case=85 second=15 bytes=12622 rssi=-74[0m
[0;32mI (1546687) net_bench: case=85 second=16 bytes=15528 rssi=-71[0m
[0;32mI (1546693) net_bench: case=85 second=17 bytes=19956 rssi=-72[0m
[0;32mI (1546700) net_bench: case=85 second=18 bytes=15694 rssi=-80[0m
[0;32mI (1546706) net_bench: case=85 second=19 bytes=16718 rssi=-79[0m
[0;32mI (1547714) net_bench: case=86 path=/mp3-128?rate=128 output=0 begin rssi=-80 round=5 fixture=1 variant=3 wait_ms=25 read_limit=1024 batch=4[0m
[0;32mI (1567842) net_cpu: case=86 valid=1 total_us=20071951 tasks_before=8 tasks_after=8 snapshot_bytes=1440[0m
[0;32mI (1567844) net_cpu: case=86 task=audio id=4 runtime_us=1261118 existed=1[0m
[0;32mI (1567850) net_cpu: case=86 task=IDLE id=2 runtime_us=17127920 existed=1[0m
[0;32mI (1567858) net_cpu: case=86 task=tiT id=5 runtime_us=816744 existed=1[0m
[0;32mI (1567865) net_cpu: case=86 task=uiT id=1 runtime_us=38884 existed=1[0m
[0;32mI (1567872) net_cpu: case=86 task=httpd id=9 runtime_us=90249 existed=1[0m
[0;32mI (1567879) net_cpu: case=86 task=ppT id=7 runtime_us=738345 existed=1[0m
[0;32mI (1567887) net_cpu: case=86 task=sys_evt id=6 runtime_us=0 existed=1[0m
[0;32mI (1567894) net_cpu: case=86 task=Tmr Svc id=3 runtime_us=0 existed=1[0m
[0;32mI (1567902) net_bench: case=86 output=0 wall_us=20044316 bytes=321738 open_us=68290 error=0 rssi=-80 heap_min=12948[0m
[0;32mI (1567912) net_bench: case=86 recv_total_us=681518 recv_positive_us=511829 recv_empty_us=169689[0m
[0;32mI (1567921) net_bench: case=86 cpu_lean=1 gap_metrics_valid=0 heap_is_final=1[0m
[0;32mI (1567929) net_bench: case=86 sampled_heap_min=11660 rx_gap_tick_ms=139 wait_calls=1050[0m
[0;32mI (1567938) net_bench: case=86 calls=1537 empty=1050 rx_gap_us=0 app_gap_us=0 empty_wait_us=0 recv_max_us=3433 commit_max_us=0 ready_max=0 ready_probes=0[0m
[0;32mI (1567952) net_bench: case=86 pcm_frames=0 rate=0 eof=1885 underrun=1884 stack=1180[0m
[0;32mI (1567960) net_bench: case=86 second=0 bytes=16384 rssi=-71[0m
[0;32mI (1567967) net_bench: case=86 second=1 bytes=15694 rssi=-71[0m
[0;32mI (1567973) net_bench: case=86 second=2 bytes=16718 rssi=-71[0m
[0;32mI (1567979) net_bench: case=86 second=3 bytes=15694 rssi=-71[0m
[0;32mI (1567986) net_bench: case=86 second=4 bytes=15694 rssi=-71[0m
[0;32mI (1567992) net_bench: case=86 second=5 bytes=16718 rssi=-80[0m
[0;32mI (1567998) net_bench: case=86 second=6 bytes=15694 rssi=-79[0m
[0;32mI (1568005) net_bench: case=86 second=7 bytes=15206 rssi=-80[0m
[0;32mI (1568011) net_bench: case=86 second=8 bytes=17206 rssi=-80[0m
[0;32mI (1568017) net_bench: case=86 second=9 bytes=15694 rssi=-72[0m
[0;32mI (1568024) net_bench: case=86 second=10 bytes=15694 rssi=-80[0m
[0;32mI (1568030) net_bench: case=86 second=11 bytes=16718 rssi=-72[0m
[0;32mI (1568036) net_bench: case=86 second=12 bytes=15694 rssi=-73[0m
[0;32mI (1568043) net_bench: case=86 second=13 bytes=15694 rssi=-71[0m
[0;32mI (1568049) net_bench: case=86 second=14 bytes=16718 rssi=-81[0m
[0;32mI (1568056) net_bench: case=86 second=15 bytes=15694 rssi=-81[0m
[0;32mI (1568062) net_bench: case=86 second=16 bytes=16718 rssi=-81[0m
[0;32mI (1568068) net_bench: case=86 second=17 bytes=15694 rssi=-80[0m
[0;32mI (1568075) net_bench: case=86 second=18 bytes=15694 rssi=-81[0m
[0;32mI (1568081) net_bench: case=86 second=19 bytes=16718 rssi=-70[0m
[0;32mI (1569089) net_bench: case=87 path=/mp3-128?rate=128 output=0 begin rssi=-71 round=5 fixture=1 variant=0 wait_ms=25 read_limit=1024 batch=1[0m
[0;32mI (1589231) net_cpu: case=87 valid=1 total_us=20074134 tasks_before=8 tasks_after=8 snapshot_bytes=1440[0m
[0;32mI (1589233) net_cpu: case=87 task=audio id=4 runtime_us=1246114 existed=1[0m
[0;32mI (1589240) net_cpu: case=87 task=IDLE id=2 runtime_us=17150787 existed=1[0m
[0;32mI (1589247) net_cpu: case=87 task=tiT id=5 runtime_us=811874 existed=1[0m
[0;32mI (1589254) net_cpu: case=87 task=uiT id=1 runtime_us=39110 existed=1[0m
[0;32mI (1589262) net_cpu: case=87 task=httpd id=9 runtime_us=90545 existed=1[0m
[0;32mI (1589269) net_cpu: case=87 task=ppT id=7 runtime_us=735919 existed=1[0m
[0;32mI (1589276) net_cpu: case=87 task=sys_evt id=6 runtime_us=0 existed=1[0m
[0;32mI (1589283) net_cpu: case=87 task=Tmr Svc id=3 runtime_us=0 existed=1[0m
[0;32mI (1589291) net_bench: case=87 output=0 wall_us=20046575 bytes=321738 open_us=80472 error=0 rssi=-71 heap_min=12948[0m
[0;32mI (1589301) net_bench: case=87 recv_total_us=695659 recv_positive_us=522142 recv_empty_us=173517[0m
[0;32mI (1589310) net_bench: case=87 cpu_lean=1 gap_metrics_valid=0 heap_is_final=1[0m
[0;32mI (1589318) net_bench: case=87 sampled_heap_min=11704 rx_gap_tick_ms=385 wait_calls=1030[0m
[0;32mI (1589328) net_bench: case=87 calls=1508 empty=1030 rx_gap_us=0 app_gap_us=0 empty_wait_us=0 recv_max_us=3921 commit_max_us=0 ready_max=0 ready_probes=0[0m
[0;32mI (1589342) net_bench: case=87 pcm_frames=0 rate=0 eof=1885 underrun=1884 stack=1180[0m
[0;32mI (1589351) net_bench: case=87 second=0 bytes=16384 rssi=-80[0m
[0;32mI (1589357) net_bench: case=87 second=1 bytes=15694 rssi=-79[0m
[0;32mI (1589363) net_bench: case=87 second=2 bytes=16718 rssi=-80[0m
[0;32mI (1589369) net_bench: case=87 second=3 bytes=15694 rssi=-80[0m
[0;32mI (1589376) net_bench: case=87 second=4 bytes=15694 rssi=-79[0m
[0;32mI (1589382) net_bench: case=87 second=5 bytes=16718 rssi=-71[0m
[0;32mI (1589388) net_bench: case=87 second=6 bytes=15694 rssi=-71[0m
[0;32mI (1589395) net_bench: case=87 second=7 bytes=15694 rssi=-72[0m
[0;32mI (1589401) net_bench: case=87 second=8 bytes=16718 rssi=-71[0m
[0;32mI (1589407) net_bench: case=87 second=9 bytes=15694 rssi=-80[0m
[0;32mI (1589414) net_bench: case=87 second=10 bytes=15694 rssi=-82[0m
[0;32mI (1589420) net_bench: case=87 second=11 bytes=16718 rssi=-80[0m
[0;32mI (1589426) net_bench: case=87 second=12 bytes=15694 rssi=-71[0m
[0;32mI (1589433) net_bench: case=87 second=13 bytes=15694 rssi=-80[0m
[0;32mI (1589439) net_bench: case=87 second=14 bytes=16718 rssi=-79[0m
[0;32mI (1589446) net_bench: case=87 second=15 bytes=15694 rssi=-71[0m
[0;32mI (1589452) net_bench: case=87 second=16 bytes=15694 rssi=-70[0m
[0;32mI (1589459) net_bench: case=87 second=17 bytes=16718 rssi=-72[0m
[0;32mI (1589465) net_bench: case=87 second=18 bytes=15694 rssi=-71[0m
[0;32mI (1589471) net_bench: case=87 second=19 bytes=16718 rssi=-69[0m
[0;32mI (1590479) net_bench: case=88 path=/mp3-320?rate=320 output=0 begin rssi=-73 round=5 fixture=2 variant=1 wait_ms=25 read_limit=512 batch=1[0m
[0;32mI (1610605) net_cpu: case=88 valid=1 total_us=20059469 tasks_before=8 tasks_after=8 snapshot_bytes=1440[0m
[0;32mI (1610607) net_cpu: case=88 task=audio id=4 runtime_us=2019839 existed=1[0m
[0;32mI (1610614) net_cpu: case=88 task=IDLE id=2 runtime_us=14361937 existed=1[0m
[0;32mI (1610620) net_cpu: case=88 task=uiT id=1 runtime_us=38890 existed=1[0m
[0;32mI (1610627) net_cpu: case=88 task=tiT id=5 runtime_us=2037835 existed=1[0m
[0;32mI (1610635) net_cpu: case=88 task=httpd id=9 runtime_us=92517 existed=1[0m
[0;32mI (1610642) net_cpu: case=88 task=ppT id=7 runtime_us=1508673 existed=1[0m
[0;32mI (1610649) net_cpu: case=88 task=sys_evt id=6 runtime_us=0 existed=1[0m
[0;32mI (1610656) net_cpu: case=88 task=Tmr Svc id=3 runtime_us=0 existed=1[0m
[0;32mI (1610665) net_bench: case=88 output=0 wall_us=20031707 bytes=802316 open_us=78582 error=0 rssi=-81 heap_min=12304[0m
[0;32mI (1610675) net_bench: case=88 recv_total_us=1974909 recv_positive_us=1778572 recv_empty_us=196337[0m
[0;32mI (1610684) net_bench: case=88 cpu_lean=1 gap_metrics_valid=0 heap_is_final=1[0m
[0;32mI (1610693) net_bench: case=88 sampled_heap_min=11708 rx_gap_tick_ms=523 wait_calls=1177[0m
[0;32mI (1610702) net_bench: case=88 calls=3186 empty=1177 rx_gap_us=0 app_gap_us=0 empty_wait_us=0 recv_max_us=6272 commit_max_us=0 ready_max=0 ready_probes=0[0m
[0;32mI (1610717) net_bench: case=88 pcm_frames=0 rate=0 eof=1884 underrun=1883 stack=1180[0m
[0;32mI (1610724) net_bench: case=88 second=0 bytes=37400 rssi=-80[0m
[0;32mI (1610731) net_bench: case=88 second=1 bytes=43308 rssi=-68[0m
[0;32mI (1610737) net_bench: case=88 second=2 bytes=39748 rssi=-73[0m
[0;32mI (1610743) net_bench: case=88 second=3 bytes=39748 rssi=-72[0m
[0;32mI (1610750) net_bench: case=88 second=4 bytes=40772 rssi=-72[0m
[0;32mI (1610756) net_bench: case=88 second=5 bytes=39748 rssi=-72[0m
[0;32mI (1610762) net_bench: case=88 second=6 bytes=40260 rssi=-79[0m
[0;32mI (1610769) net_bench: case=88 second=7 bytes=40260 rssi=-80[0m
[0;32mI (1610775) net_bench: case=88 second=8 bytes=39748 rssi=-81[0m
[0;32mI (1610781) net_bench: case=88 second=9 bytes=39748 rssi=-78[0m
[0;32mI (1610788) net_bench: case=88 second=10 bytes=40772 rssi=-71[0m
[0;32mI (1610794) net_bench: case=88 second=11 bytes=39748 rssi=-73[0m
[0;32mI (1610800) net_bench: case=88 second=12 bytes=40772 rssi=-74[0m
[0;32mI (1610807) net_bench: case=88 second=13 bytes=39748 rssi=-71[0m
[0;32mI (1610813) net_bench: case=88 second=14 bytes=39748 rssi=-71[0m
[0;32mI (1610820) net_bench: case=88 second=15 bytes=39748 rssi=-81[0m
[0;32mI (1610826) net_bench: case=88 second=16 bytes=40772 rssi=-80[0m
[0;32mI (1610832) net_bench: case=88 second=17 bytes=39748 rssi=-81[0m
[0;32mI (1610839) net_bench: case=88 second=18 bytes=39748 rssi=-80[0m
[0;32mI (1610845) net_bench: case=88 second=19 bytes=40772 rssi=-81[0m
[0;32mI (1611853) net_bench: case=89 path=/mp3-320?rate=320 output=0 begin rssi=-80 round=5 fixture=2 variant=2 wait_ms=25 read_limit=1536 batch=1[0m
[0;32mI (1631980) net_cpu: case=89 valid=1 total_us=20067910 tasks_before=8 tasks_after=8 snapshot_bytes=1440[0m
[0;32mI (1631982) net_cpu: case=89 task=audio id=4 runtime_us=2091619 existed=1[0m
[0;32mI (1631989) net_cpu: case=89 task=IDLE id=2 runtime_us=14414680 existed=1[0m
[0;32mI (1631996) net_cpu: case=89 task=uiT id=1 runtime_us=38980 existed=1[0m
[0;32mI (1632005) net_cpu: case=89 task=tiT id=5 runtime_us=1937599 existed=1[0m
[0;32mI (1632010) net_cpu: case=89 task=httpd id=9 runtime_us=91438 existed=1[0m
[0;32mI (1632018) net_cpu: case=89 task=ppT id=7 runtime_us=1495209 existed=1[0m
[0;32mI (1632025) net_cpu: case=89 task=sys_evt id=6 runtime_us=0 existed=1[0m
[0;32mI (1632032) net_cpu: case=89 task=Tmr Svc id=3 runtime_us=0 existed=1[0m
[0;32mI (1632041) net_bench: case=89 output=0 wall_us=20040141 bytes=802316 open_us=70811 error=0 rssi=-72 heap_min=12180[0m
[0;32mI (1632050) net_bench: case=89 recv_total_us=1603897 recv_positive_us=1343447 recv_empty_us=260450[0m
[0;32mI (1632060) net_bench: case=89 cpu_lean=1 gap_metrics_valid=0 heap_is_final=1[0m
[0;32mI (1632067) net_bench: case=89 sampled_heap_min=11480 rx_gap_tick_ms=310 wait_calls=1400[0m
[0;32mI (1632076) net_bench: case=89 calls=2801 empty=1400 rx_gap_us=0 app_gap_us=0 empty_wait_us=0 recv_max_us=4494 commit_max_us=0 ready_max=0 ready_probes=0[0m
[0;32mI (1632091) net_bench: case=89 pcm_frames=0 rate=0 eof=1885 underrun=1884 stack=1180[0m
[0;32mI (1632099) net_bench: case=89 second=0 bytes=40472 rssi=-72[0m
[0;32mI (1632105) net_bench: case=89 second=1 bytes=40236 rssi=-80[0m
[0;32mI (1632112) net_bench: case=89 second=2 bytes=39748 rssi=-79[0m
[0;32mI (1632118) net_bench: case=89 second=3 bytes=40284 rssi=-80[0m
[0;32mI (1632124) net_bench: case=89 second=4 bytes=39212 rssi=-80[0m
[0;32mI (1632131) net_bench: case=89 second=5 bytes=40772 rssi=-70[0m
[0;32mI (1632137) net_bench: case=89 second=6 bytes=40772 rssi=-80[0m
[0;32mI (1632143) net_bench: case=89 second=7 bytes=39748 rssi=-73[0m
[0;32mI (1632149) net_bench: case=89 second=8 bytes=39748 rssi=-72[0m
[0;32mI (1632156) net_bench: case=89 second=9 bytes=40772 rssi=-71[0m
[0;32mI (1632162) net_bench: case=89 second=10 bytes=39748 rssi=-71[0m
[0;32mI (1632169) net_bench: case=89 second=11 bytes=39748 rssi=-81[0m
[0;32mI (1632175) net_bench: case=89 second=12 bytes=40772 rssi=-82[0m
[0;32mI (1632181) net_bench: case=89 second=13 bytes=39748 rssi=-80[0m
[0;32mI (1632188) net_bench: case=89 second=14 bytes=39748 rssi=-81[0m
[0;32mI (1632194) net_bench: case=89 second=15 bytes=40284 rssi=-72[0m
[0;32mI (1632201) net_bench: case=89 second=16 bytes=40236 rssi=-72[0m
[0;32mI (1632207) net_bench: case=89 second=17 bytes=39748 rssi=-80[0m
[0;32mI (1632213) net_bench: case=89 second=18 bytes=40284 rssi=-72[0m
[0;32mI (1632220) net_bench: case=89 second=19 bytes=40236 rssi=-80[0m
[0;32mI (1633227) net_bench: case=90 path=/mp3-320?rate=320 output=0 begin rssi=-73 round=5 fixture=2 variant=3 wait_ms=25 read_limit=1024 batch=4[0m
[0;32mI (1654339) net_cpu: case=90 valid=1 total_us=20055966 tasks_before=8 tasks_after=8 snapshot_bytes=1440[0m
[0;32mI (1654341) net_cpu: case=90 task=audio id=4 runtime_us=2270789 existed=1[0m
[0;32mI (1654347) net_cpu: case=90 task=IDLE id=2 runtime_us=14192635 existed=1[0m
[0;32mI (1654356) net_cpu: case=90 task=uiT id=1 runtime_us=38426 existed=1[0m
[0;32mI (1654362) net_cpu: case=90 task=tiT id=5 runtime_us=1961907 existed=1[0m
[0;32mI (1654369) net_cpu: case=90 task=httpd id=9 runtime_us=91833 existed=1[0m
[0;32mI (1654376) net_cpu: case=90 task=ppT id=7 runtime_us=1501991 existed=1[0m
[0;32mI (1654384) net_cpu: case=90 task=sys_evt id=6 runtime_us=0 existed=1[0m
[0;32mI (1654391) net_cpu: case=90 task=Tmr Svc id=3 runtime_us=0 existed=1[0m
[0;32mI (1654399) net_bench: case=90 output=0 wall_us=20028127 bytes=801292 open_us=1068833 error=0 rssi=-81 heap_min=12172[0m
[0;32mI (1654409) net_bench: case=90 recv_total_us=1683409 recv_positive_us=1390824 recv_empty_us=292585[0m
[0;32mI (1654419) net_bench: case=90 cpu_lean=1 gap_metrics_valid=0 heap_is_final=1[0m
[0;32mI (1654426) net_bench: case=90 sampled_heap_min=11452 rx_gap_tick_ms=439 wait_calls=1581[0m
[0;32mI (1654435) net_bench: case=90 calls=3039 empty=1581 rx_gap_us=0 app_gap_us=0 empty_wait_us=0 recv_max_us=4425 commit_max_us=0 ready_max=0 ready_probes=0[0m
[0;32mI (1654450) net_bench: case=90 pcm_frames=0 rate=0 eof=1883 underrun=1882 stack=1180[0m
[0;32mI (1654458) net_bench: case=90 second=0 bytes=39936 rssi=-73[0m
[0;32mI (1654464) net_bench: case=90 second=1 bytes=40772 rssi=-71[0m
[0;32mI (1654471) net_bench: case=90 second=2 bytes=39748 rssi=-71[0m
[0;32mI (1654477) net_bench: case=90 second=3 bytes=39748 rssi=-73[0m
[0;32mI (1654483) net_bench: case=90 second=4 bytes=39748 rssi=-80[0m
[0;32mI (1654490) net_bench: case=90 second=5 bytes=40772 rssi=-81[0m
[0;32mI (1654496) net_bench: case=90 second=6 bytes=40284 rssi=-81[0m
[0;32mI (1654502) net_bench: case=90 second=7 bytes=40236 rssi=-80[0m
[0;32mI (1654509) net_bench: case=90 second=8 bytes=7264 rssi=-80[0m
[0;32mI (1654515) net_bench: case=90 second=9 bytes=72232 rssi=-81[0m
[0;32mI (1654521) net_bench: case=90 second=10 bytes=40772 rssi=-71[0m
[0;32mI (1654527) net_bench: case=90 second=11 bytes=40284 rssi=-69[0m
[0;32mI (1654534) net_bench: case=90 second=12 bytes=40236 rssi=-72[0m
[0;32mI (1654540) net_bench: case=90 second=13 bytes=39748 rssi=-72[0m
[0;32mI (1654547) net_bench: case=90 second=14 bytes=27364 rssi=-78[0m
[0;32mI (1654553) net_bench: case=90 second=15 bytes=53156 rssi=-81[0m
[0;32mI (1654560) net_bench: case=90 second=16 bytes=39748 rssi=-80[0m
[0;32mI (1654567) net_bench: case=90 second=17 bytes=39748 rssi=-80[0m
[0;32mI (1654573) net_bench: case=90 second=18 bytes=40772 rssi=-71[0m
[0;32mI (1654580) net_bench: case=90 second=19 bytes=38724 rssi=-72[0m
[0;32mI (1655587) net_bench: case=91 path=/mp3-320?rate=320 output=0 begin rssi=-81 round=5 fixture=2 variant=0 wait_ms=25 read_limit=1024 batch=1[0m
[0;32mI (1675710) net_cpu: case=91 valid=1 total_us=20056861 tasks_before=8 tasks_after=8 snapshot_bytes=1440[0m
[0;32mI (1675712) net_cpu: case=91 task=audio id=4 runtime_us=2131863 existed=1[0m
[0;32mI (1675719) net_cpu: case=91 task=IDLE id=2 runtime_us=14372023 existed=1[0m
[0;32mI (1675726) net_cpu: case=91 task=tiT id=5 runtime_us=1940179 existed=1[0m
[0;32mI (1675733) net_cpu: case=91 task=uiT id=1 runtime_us=38907 existed=1[0m
[0;32mI (1675742) net_cpu: case=91 task=httpd id=9 runtime_us=90705 existed=1[0m
[0;32mI (1675748) net_cpu: case=91 task=ppT id=7 runtime_us=1484834 existed=1[0m
[0;32mI (1675755) net_cpu: case=91 task=sys_evt id=6 runtime_us=0 existed=1[0m
[0;32mI (1675762) net_cpu: case=91 task=Tmr Svc id=3 runtime_us=0 existed=1[0m
[0;32mI (1675771) net_bench: case=91 output=0 wall_us=20029088 bytes=802316 open_us=77152 error=0 rssi=-71 heap_min=12308[0m
[0;32mI (1675780) net_bench: case=91 recv_total_us=1640027 recv_positive_us=1373883 recv_empty_us=266144[0m
[0;32mI (1675790) net_bench: case=91 cpu_lean=1 gap_metrics_valid=0 heap_is_final=1[0m
[0;32mI (1675798) net_bench: case=91 sampled_heap_min=10992 rx_gap_tick_ms=371 wait_calls=1430[0m
[0;32mI (1675806) net_bench: case=91 calls=2870 empty=1430 rx_gap_us=0 app_gap_us=0 empty_wait_us=0 recv_max_us=4176 commit_max_us=0 ready_max=0 ready_probes=0[0m
[0;32mI (1675821) net_bench: case=91 pcm_frames=0 rate=0 eof=1883 underrun=1882 stack=1180[0m
[0;32mI (1675829) net_bench: case=91 second=0 bytes=40960 rssi=-81[0m
[0;32mI (1675835) net_bench: case=91 second=1 bytes=39748 rssi=-80[0m
[0;32mI (1675842) net_bench: case=91 second=2 bytes=39748 rssi=-81[0m
[0;32mI (1675848) net_bench: case=91 second=3 bytes=40772 rssi=-81[0m
[0;32mI (1675854) net_bench: case=91 second=4 bytes=39748 rssi=-71[0m
[0;32mI (1675861) net_bench: case=91 second=5 bytes=39748 rssi=-73[0m
[0;32mI (1675867) net_bench: case=91 second=6 bytes=39748 rssi=-71[0m
[0;32mI (1675873) net_bench: case=91 second=7 bytes=40772 rssi=-73[0m
[0;32mI (1675880) net_bench: case=91 second=8 bytes=39260 rssi=-73[0m
[0;32mI (1675886) net_bench: case=91 second=9 bytes=40236 rssi=-81[0m
[0;32mI (1675892) net_bench: case=91 second=10 bytes=40772 rssi=-81[0m
[0;32mI (1675899) net_bench: case=91 second=11 bytes=39748 rssi=-81[0m
[0;32mI (1675905) net_bench: case=91 second=12 bytes=40772 rssi=-80[0m
[0;32mI (1675911) net_bench: case=91 second=13 bytes=39748 rssi=-80[0m
[0;32mI (1675918) net_bench: case=91 second=14 bytes=39748 rssi=-72[0m
[0;32mI (1675924) net_bench: case=91 second=15 bytes=40772 rssi=-72[0m
[0;32mI (1675931) net_bench: case=91 second=16 bytes=39748 rssi=-72[0m
[0;32mI (1675937) net_bench: case=91 second=17 bytes=40284 rssi=-74[0m
[0;32mI (1675943) net_bench: case=91 second=18 bytes=32044 rssi=-80[0m
[0;32mI (1675950) net_bench: case=91 second=19 bytes=47940 rssi=-80[0m
[0;32mI (1676957) net_bench: case=92 path=/aac-64?rate=64 output=0 begin rssi=-81 round=5 fixture=3 variant=1 wait_ms=25 read_limit=512 batch=1[0m
[0;32mI (1697083) net_cpu: case=92 valid=1 total_us=20068091 tasks_before=8 tasks_after=8 snapshot_bytes=1440[0m
[0;32mI (1697085) net_cpu: case=92 task=audio id=4 runtime_us=990420 existed=1[0m
[0;32mI (1697092) net_cpu: case=92 task=IDLE id=2 runtime_us=17945689 existed=1[0m
[0;32mI (1697099) net_cpu: case=92 task=uiT id=1 runtime_us=39531 existed=1[0m
[0;32mI (1697106) net_cpu: case=92 task=tiT id=5 runtime_us=508822 existed=1[0m
[0;32mI (1697113) net_cpu: case=92 task=httpd id=9 runtime_us=90556 existed=1[0m
[0;32mI (1697121) net_cpu: case=92 task=ppT id=7 runtime_us=493361 existed=1[0m
[0;32mI (1697128) net_cpu: case=92 task=sys_evt id=6 runtime_us=0 existed=1[0m
[0;32mI (1697135) net_cpu: case=92 task=Tmr Svc id=3 runtime_us=0 existed=1[0m
[0;32mI (1697144) net_bench: case=92 output=0 wall_us=20040591 bytes=160751 open_us=70837 error=0 rssi=-81 heap_min=14636[0m
[0;32mI (1697153) net_bench: case=92 recv_total_us=508932 recv_positive_us=373485 recv_empty_us=135447[0m
[0;32mI (1697163) net_bench: case=92 cpu_lean=1 gap_metrics_valid=0 heap_is_final=1[0m
[0;32mI (1697170) net_bench: case=92 sampled_heap_min=13396 rx_gap_tick_ms=343 wait_calls=854[0m
[0;32mI (1697179) net_bench: case=92 calls=1263 empty=854 rx_gap_us=0 app_gap_us=0 empty_wait_us=0 recv_max_us=3242 commit_max_us=0 ready_max=0 ready_probes=0[0m
[0;32mI (1697193) net_bench: case=92 pcm_frames=0 rate=0 eof=1884 underrun=1883 stack=1180[0m
[0;32mI (1697202) net_bench: case=92 second=0 bytes=8192 rssi=-71[0m
[0;32mI (1697208) net_bench: case=92 second=1 bytes=8245 rssi=-71[0m
[0;32mI (1697214) net_bench: case=92 second=2 bytes=8245 rssi=-71[0m
[0;32mI (1697220) net_bench: case=92 second=3 bytes=8245 rssi=-71[0m
[0;32mI (1697227) net_bench: case=92 second=4 bytes=7221 rssi=-81[0m
[0;32mI (1697233) net_bench: case=92 second=5 bytes=8245 rssi=-80[0m
[0;32mI (1697239) net_bench: case=92 second=6 bytes=8245 rssi=-80[0m
[0;32mI (1697245) net_bench: case=92 second=7 bytes=8245 rssi=-80[0m
[0;32mI (1697251) net_bench: case=92 second=8 bytes=8245 rssi=-72[0m
[0;32mI (1697258) net_bench: case=92 second=9 bytes=7221 rssi=-73[0m
[0;32mI (1697264) net_bench: case=92 second=10 bytes=7757 rssi=-72[0m
[0;32mI (1697270) net_bench: case=92 second=11 bytes=8733 rssi=-73[0m
[0;32mI (1697277) net_bench: case=92 second=12 bytes=8245 rssi=-72[0m
[0;32mI (1697283) net_bench: case=92 second=13 bytes=7221 rssi=-81[0m
[0;32mI (1697289) net_bench: case=92 second=14 bytes=8245 rssi=-80[0m
[0;32mI (1697295) net_bench: case=92 second=15 bytes=8245 rssi=-81[0m
[0;32mI (1697302) net_bench: case=92 second=16 bytes=8245 rssi=-81[0m
[0;32mI (1697308) net_bench: case=92 second=17 bytes=7733 rssi=-82[0m
[0;32mI (1697314) net_bench: case=92 second=18 bytes=7733 rssi=-80[0m
[0;32mI (1697321) net_bench: case=92 second=19 bytes=8245 rssi=-80[0m
[0;32mI (1698328) net_bench: case=93 path=/aac-64?rate=64 output=0 begin rssi=-73 round=5 fixture=3 variant=2 wait_ms=25 read_limit=1536 batch=1[0m
[0;32mI (1718429) net_cpu: case=93 valid=1 total_us=20052445 tasks_before=8 tasks_after=8 snapshot_bytes=1440[0m
[0;32mI (1718431) net_cpu: case=93 task=audio id=4 runtime_us=1044351 existed=1[0m
[0;32mI (1718437) net_cpu: case=93 task=IDLE id=2 runtime_us=17872391 existed=1[0m
[0;32mI (1718445) net_cpu: case=93 task=uiT id=1 runtime_us=39303 existed=1[0m
[0;32mI (1718452) net_cpu: case=93 task=tiT id=5 runtime_us=509732 existed=1[0m
[0;32mI (1718459) net_cpu: case=93 task=httpd id=9 runtime_us=90724 existed=1[0m
[0;32mI (1718466) net_cpu: case=93 task=ppT id=7 runtime_us=497633 existed=1[0m
[0;32mI (1718474) net_cpu: case=93 task=sys_evt id=6 runtime_us=0 existed=1[0m
[0;32mI (1718481) net_cpu: case=93 task=Tmr Svc id=3 runtime_us=0 existed=1[0m
[0;32mI (1718490) net_bench: case=93 output=0 wall_us=20024936 bytes=160751 open_us=60671 error=0 rssi=-81 heap_min=14632[0m
[0;32mI (1718499) net_bench: case=93 recv_total_us=421642 recv_positive_us=271632 recv_empty_us=150010[0m
[0;32mI (1718508) net_bench: case=93 cpu_lean=1 gap_metrics_valid=0 heap_is_final=1[0m
[0;32mI (1718516) net_bench: case=93 sampled_heap_min=13336 rx_gap_tick_ms=266 wait_calls=930[0m
[0;32mI (1718525) net_bench: case=93 calls=1238 empty=930 rx_gap_us=0 app_gap_us=0 empty_wait_us=0 recv_max_us=3320 commit_max_us=0 ready_max=0 ready_probes=0[0m
[0;32mI (1718539) net_bench: case=93 pcm_frames=0 rate=0 eof=1883 underrun=1882 stack=1180[0m
[0;32mI (1718547) net_bench: case=93 second=0 bytes=8192 rssi=-80[0m
[0;32mI (1718554) net_bench: case=93 second=1 bytes=8245 rssi=-81[0m
[0;32mI (1718560) net_bench: case=93 second=2 bytes=8245 rssi=-80[0m
[0;32mI (1718566) net_bench: case=93 second=3 bytes=8245 rssi=-71[0m
[0;32mI (1718572) net_bench: case=93 second=4 bytes=7221 rssi=-71[0m
[0;32mI (1718579) net_bench: case=93 second=5 bytes=7757 rssi=-72[0m
[0;32mI (1718585) net_bench: case=93 second=6 bytes=8733 rssi=-82[0m
[0;32mI (1718591) net_bench: case=93 second=7 bytes=8245 rssi=-71[0m
[0;32mI (1718598) net_bench: case=93 second=8 bytes=7757 rssi=-81[0m
[0;32mI (1718603) net_bench: case=93 second=9 bytes=7709 rssi=-81[0m
[0;32mI (1718610) net_bench: case=93 second=10 bytes=6733 rssi=-80[0m
[0;32mI (1718616) net_bench: case=93 second=11 bytes=9757 rssi=-80[0m
[0;32mI (1718622) net_bench: case=93 second=12 bytes=7757 rssi=-80[0m
[0;32mI (1718629) net_bench: case=93 second=13 bytes=7709 rssi=-71[0m
[0;32mI (1718635) net_bench: case=93 second=14 bytes=8245 rssi=-71[0m
[0;32mI (1718641) net_bench: case=93 second=15 bytes=8245 rssi=-72[0m
[0;32mI (1718648) net_bench: case=93 second=16 bytes=8245 rssi=-71[0m
[0;32mI (1718654) net_bench: case=93 second=17 bytes=7757 rssi=-72[0m
[0;32mI (1718660) net_bench: case=93 second=18 bytes=7709 rssi=-81[0m
[0;32mI (1718667) net_bench: case=93 second=19 bytes=8245 rssi=-81[0m
[0;32mI (1719674) net_bench: case=94 path=/aac-64?rate=64 output=0 begin rssi=-82 round=5 fixture=3 variant=3 wait_ms=25 read_limit=1024 batch=4[0m
[0;32mI (1739798) net_cpu: case=94 valid=1 total_us=20069391 tasks_before=8 tasks_after=8 snapshot_bytes=1440[0m
[0;32mI (1739800) net_cpu: case=94 task=audio id=4 runtime_us=1027172 existed=1[0m
[0;32mI (1739806) net_cpu: case=94 task=IDLE id=2 runtime_us=17938619 existed=1[0m
[0;32mI (1739814) net_cpu: case=94 task=tiT id=5 runtime_us=491307 existed=1[0m
[0;32mI (1739821) net_cpu: case=94 task=uiT id=1 runtime_us=39617 existed=1[0m
[0;32mI (1739828) net_cpu: case=94 task=httpd id=9 runtime_us=90919 existed=1[0m
[0;32mI (1739836) net_cpu: case=94 task=ppT id=7 runtime_us=483382 existed=1[0m
[0;32mI (1739843) net_cpu: case=94 task=sys_evt id=6 runtime_us=0 existed=1[0m
[0;32mI (1739850) net_cpu: case=94 task=Tmr Svc id=3 runtime_us=0 existed=1[0m
[0;32mI (1739858) net_bench: case=94 output=0 wall_us=20041862 bytes=160751 open_us=67684 error=0 rssi=-73 heap_min=14632[0m
[0;32mI (1739868) net_bench: case=94 recv_total_us=454403 recv_positive_us=310137 recv_empty_us=144266[0m
[0;32mI (1739877) net_bench: case=94 cpu_lean=1 gap_metrics_valid=0 heap_is_final=1[0m
[0;32mI (1739885) net_bench: case=94 sampled_heap_min=13864 rx_gap_tick_ms=146 wait_calls=924[0m
[0;32mI (1739894) net_bench: case=94 calls=1227 empty=924 rx_gap_us=0 app_gap_us=0 empty_wait_us=0 recv_max_us=3630 commit_max_us=0 ready_max=0 ready_probes=0[0m
[0;32mI (1739908) net_bench: case=94 pcm_frames=0 rate=0 eof=1885 underrun=1884 stack=1180[0m
[0;32mI (1739916) net_bench: case=94 second=0 bytes=8192 rssi=-71[0m
[0;32mI (1739923) net_bench: case=94 second=1 bytes=8245 rssi=-71[0m
[0;32mI (1739929) net_bench: case=94 second=2 bytes=8245 rssi=-71[0m
[0;32mI (1739935) net_bench: case=94 second=3 bytes=8245 rssi=-80[0m
[0;32mI (1739941) net_bench: case=94 second=4 bytes=7221 rssi=-81[0m
[0;32mI (1739948) net_bench: case=94 second=5 bytes=8245 rssi=-79[0m
[0;32mI (1739954) net_bench: case=94 second=6 bytes=8245 rssi=-79[0m
[0;32mI (1739960) net_bench: case=94 second=7 bytes=8245 rssi=-73[0m
[0;32mI (1739966) net_bench: case=94 second=8 bytes=7221 rssi=-71[0m
[0;32mI (1739973) net_bench: case=94 second=9 bytes=8245 rssi=-71[0m
[0;32mI (1739979) net_bench: case=94 second=10 bytes=8245 rssi=-71[0m
[0;32mI (1739985) net_bench: case=94 second=11 bytes=8245 rssi=-81[0m
[0;32mI (1739991) net_bench: case=94 second=12 bytes=8245 rssi=-81[0m
[0;32mI (1739998) net_bench: case=94 second=13 bytes=7221 rssi=-81[0m
[0;32mI (1740004) net_bench: case=94 second=14 bytes=8245 rssi=-80[0m
[0;32mI (1740010) net_bench: case=94 second=15 bytes=8245 rssi=-79[0m
[0;32mI (1740017) net_bench: case=94 second=16 bytes=8245 rssi=-72[0m
[0;32mI (1740023) net_bench: case=94 second=17 bytes=7757 rssi=-72[0m
[0;32mI (1740029) net_bench: case=94 second=18 bytes=7709 rssi=-71[0m
[0;32mI (1740036) net_bench: case=94 second=19 bytes=8245 rssi=-71[0m
[0;32mI (1741043) net_bench: case=95 path=/aac-64?rate=64 output=0 begin rssi=-71 round=5 fixture=3 variant=0 wait_ms=25 read_limit=1024 batch=1[0m
[0;32mI (1761167) net_cpu: case=95 valid=1 total_us=20067758 tasks_before=8 tasks_after=8 snapshot_bytes=1440[0m
[0;32mI (1761169) net_cpu: case=95 task=audio id=4 runtime_us=933530 existed=1[0m
[0;32mI (1761175) net_cpu: case=95 task=IDLE id=2 runtime_us=18054048 existed=1[0m
[0;32mI (1761183) net_cpu: case=95 task=uiT id=1 runtime_us=39523 existed=1[0m
[0;32mI (1761190) net_cpu: case=95 task=tiT id=5 runtime_us=468073 existed=1[0m
[0;32mI (1761197) net_cpu: case=95 task=httpd id=9 runtime_us=90552 existed=1[0m
[0;32mI (1761204) net_cpu: case=95 task=ppT id=7 runtime_us=481977 existed=1[0m
[0;32mI (1761211) net_cpu: case=95 task=sys_evt id=6 runtime_us=0 existed=1[0m
[0;32mI (1761219) net_cpu: case=95 task=Tmr Svc id=3 runtime_us=0 existed=1[0m
[0;32mI (1761228) net_bench: case=95 output=0 wall_us=20040226 bytes=160751 open_us=68347 error=0 rssi=-82 heap_min=14636[0m
[0;32mI (1761237) net_bench: case=95 recv_total_us=380981 recv_positive_us=246016 recv_empty_us=134965[0m
[0;32mI (1761246) net_bench: case=95 cpu_lean=1 gap_metrics_valid=0 heap_is_final=1[0m
[0;32mI (1761254) net_bench: case=95 sampled_heap_min=13272 rx_gap_tick_ms=458 wait_calls=849[0m
[0;32mI (1761263) net_bench: case=95 calls=1088 empty=849 rx_gap_us=0 app_gap_us=0 empty_wait_us=0 recv_max_us=3517 commit_max_us=0 ready_max=0 ready_probes=0[0m
[0;32mI (1761277) net_bench: case=95 pcm_frames=0 rate=0 eof=1885 underrun=1884 stack=1180[0m
[0;32mI (1761285) net_bench: case=95 second=0 bytes=8192 rssi=-81[0m
[0;32mI (1761292) net_bench: case=95 second=1 bytes=8245 rssi=-79[0m
[0;32mI (1761298) net_bench: case=95 second=2 bytes=8245 rssi=-71[0m
[0;32mI (1761304) net_bench: case=95 second=3 bytes=8245 rssi=-72[0m
[0;32mI (1761310) net_bench: case=95 second=4 bytes=7221 rssi=-81[0m
[0;32mI (1761316) net_bench: case=95 second=5 bytes=8245 rssi=-73[0m
[0;32mI (1761323) net_bench: case=95 second=6 bytes=8245 rssi=-72[0m
[0;32mI (1761329) net_bench: case=95 second=7 bytes=8245 rssi=-82[0m
[0;32mI (1761335) net_bench: case=95 second=8 bytes=8245 rssi=-80[0m
[0;32mI (1761341) net_bench: case=95 second=9 bytes=7221 rssi=-79[0m
[0;32mI (1761348) net_bench: case=95 second=10 bytes=8245 rssi=-79[0m
[0;32mI (1761355) net_bench: case=95 second=11 bytes=8245 rssi=-80[0m
[0;32mI (1761360) net_bench: case=95 second=12 bytes=8245 rssi=-73[0m
[0;32mI (1761367) net_bench: case=95 second=13 bytes=5173 rssi=-70[0m
[0;32mI (1761373) net_bench: case=95 second=14 bytes=10293 rssi=-74[0m
[0;32mI (1761379) net_bench: case=95 second=15 bytes=8245 rssi=-75[0m
[0;32mI (1761386) net_bench: case=95 second=16 bytes=8245 rssi=-69[0m
[0;32mI (1761392) net_bench: case=95 second=17 bytes=8245 rssi=-77[0m
[0;32mI (1761398) net_bench: case=95 second=18 bytes=7221 rssi=-77[0m
[0;32mI (1761405) net_bench: case=95 second=19 bytes=8245 rssi=-78[0m
[0;32mI (1762412) net_bench: case=96 path=/mp3-320?rate=0 output=0 begin rssi=-74 round=6 fixture=0 variant=2 wait_ms=25 read_limit=1536 batch=1[0m
[0;32mI (1782537) net_cpu: case=96 valid=1 total_us=20068674 tasks_before=8 tasks_after=8 snapshot_bytes=1440[0m
[0;32mI (1782539) net_cpu: case=96 task=audio id=4 runtime_us=2707526 existed=1[0m
[0;32mI (1782545) net_cpu: case=96 task=IDLE id=2 runtime_us=9536264 existed=1[0m
[0;32mI (1782553) net_cpu: case=96 task=uiT id=1 runtime_us=38843 existed=1[0m
[0;32mI (1782560) net_cpu: case=96 task=tiT id=5 runtime_us=4347160 existed=1[0m
[0;32mI (1782567) net_cpu: case=96 task=httpd id=9 runtime_us=94255 existed=1[0m
[0;32mI (1782574) net_cpu: case=96 task=ppT id=7 runtime_us=3345874 existed=1[0m
[0;32mI (1782582) net_cpu: case=96 task=sys_evt id=6 runtime_us=0 existed=1[0m
[0;32mI (1782589) net_cpu: case=96 task=Tmr Svc id=3 runtime_us=0 existed=1[0m
[0;32mI (1782597) net_bench: case=96 output=0 wall_us=20040694 bytes=2317360 open_us=67758 error=0 rssi=-72 heap_min=10252[0m
[0;32mI (1782607) net_bench: case=96 recv_total_us=4771541 recv_positive_us=4497652 recv_empty_us=273889[0m
[0;32mI (1782617) net_bench: case=96 cpu_lean=1 gap_metrics_valid=0 heap_is_final=1[0m
[0;32mI (1782625) net_bench: case=96 sampled_heap_min=9728 rx_gap_tick_ms=929 wait_calls=1368[0m
[0;32mI (1782633) net_bench: case=96 calls=3937 empty=1368 rx_gap_us=0 app_gap_us=0 empty_wait_us=0 recv_max_us=8017 commit_max_us=0 ready_max=0 ready_probes=0[0m
[0;32mI (1782648) net_bench: case=96 pcm_frames=0 rate=0 eof=1884 underrun=1883 stack=1180[0m
[0;32mI (1782657) net_bench: case=96 second=0 bytes=112192 rssi=-71[0m
[0;32mI (1782663) net_bench: case=96 second=1 bytes=121416 rssi=-75[0m
[0;32mI (1782670) net_bench: case=96 second=2 bytes=146976 rssi=-80[0m
[0;32mI (1782676) net_bench: case=96 second=3 bytes=127848 rssi=-81[0m
[0;32mI (1782682) net_bench: case=96 second=4 bytes=120064 rssi=-79[0m
[0;32mI (1782689) net_bench: case=96 second=5 bytes=2680 rssi=-84[0m
[0;32mI (1782695) net_bench: case=96 second=6 bytes=12864 rssi=-73[0m
[0;32mI (1782701) net_bench: case=96 second=7 bytes=80160 rssi=-76[0m
[0;32mI (1782708) net_bench: case=96 second=8 bytes=148472 rssi=-70[0m
[0;32mI (1782714) net_bench: case=96 second=9 bytes=191248 rssi=-75[0m
[0;32mI (1782720) net_bench: case=96 second=10 bytes=160912 rssi=-79[0m
[0;32mI (1782727) net_bench: case=96 second=11 bytes=91400 rssi=-83[0m
[0;32mI (1782733) net_bench: case=96 second=12 bytes=48240 rssi=-78[0m
[0;32mI (1782740) net_bench: case=96 second=13 bytes=236680 rssi=-77[0m
[0;32mI (1782746) net_bench: case=96 second=14 bytes=161072 rssi=-77[0m
[0;32mI (1782753) net_bench: case=96 second=15 bytes=29776 rssi=-83[0m
[0;32mI (1782759) net_bench: case=96 second=16 bytes=147440 rssi=-76[0m
[0;32mI (1782766) net_bench: case=96 second=17 bytes=107736 rssi=-72[0m
[0;32mI (1782772) net_bench: case=96 second=18 bytes=74504 rssi=-71[0m
[0;32mI (1782779) net_bench: case=96 second=19 bytes=194144 rssi=-72[0m
[0;32mI (1783786) net_bench: case=97 path=/mp3-320?rate=0 output=0 begin rssi=-71 round=6 fixture=0 variant=3 wait_ms=25 read_limit=1024 batch=4[0m
[0;32mI (1803920) net_cpu: case=97 valid=1 total_us=20063432 tasks_before=8 tasks_after=8 snapshot_bytes=1440[0m
[0;32mI (1803923) net_cpu: case=97 task=audio id=4 runtime_us=4117500 existed=1[0m
[0;32mI (1803930) net_cpu: case=97 task=IDLE id=2 runtime_us=9290386 existed=1[0m
[0;32mI (1803937) net_cpu: case=97 task=uiT id=1 runtime_us=38793 existed=1[0m
[0;32mI (1803944) net_cpu: case=97 task=tiT id=5 runtime_us=3759349 existed=1[0m
[0;32mI (1803951) net_cpu: case=97 task=httpd id=9 runtime_us=94052 existed=1[0m
[0;32mI (1803958) net_cpu: case=97 task=ppT id=7 runtime_us=2763736 existed=1[0m
[0;32mI (1803966) net_cpu: case=97 task=sys_evt id=6 runtime_us=0 existed=1[0m
[0;32mI (1803973) net_cpu: case=97 task=Tmr Svc id=3 runtime_us=0 existed=1[0m
[0;32mI (1803981) net_bench: case=97 output=0 wall_us=20035296 bytes=1791776 open_us=83918 error=0 rssi=-81 heap_min=12180[0m
[0;32mI (1803991) net_bench: case=97 recv_total_us=3717546 recv_positive_us=3190934 recv_empty_us=526612[0m
[0;32mI (1804001) net_bench: case=97 cpu_lean=1 gap_metrics_valid=0 heap_is_final=1[0m
[0;32mI (1804008) net_bench: case=97 sampled_heap_min=9728 rx_gap_tick_ms=329 wait_calls=2734[0m
[0;32mI (1804017) net_bench: case=97 calls=5833 empty=2734 rx_gap_us=0 app_gap_us=0 empty_wait_us=0 recv_max_us=7696 commit_max_us=0 ready_max=0 ready_probes=0[0m
[0;32mI (1804031) net_bench: case=97 pcm_frames=0 rate=0 eof=1884 underrun=1883 stack=1180[0m
[0;32mI (1804040) net_bench: case=97 second=0 bytes=110248 rssi=-78[0m
[0;32mI (1804046) net_bench: case=97 second=1 bytes=69984 rssi=-78[0m
[0;32mI (1804052) net_bench: case=97 second=2 bytes=130208 rssi=-73[0m
[0;32mI (1804059) net_bench: case=97 second=3 bytes=23880 rssi=-72[0m
[0;32mI (1804065) net_bench: case=97 second=4 bytes=95704 rssi=-71[0m
[0;32mI (1804071) net_bench: case=97 second=5 bytes=135184 rssi=-73[0m
[0;32mI (1804078) net_bench: case=97 second=6 bytes=92248 rssi=-71[0m
[0;32mI (1804084) net_bench: case=97 second=7 bytes=108032 rssi=-80[0m
[0;32mI (1804091) net_bench: case=97 second=8 bytes=41280 rssi=-81[0m
[0;32mI (1804097) net_bench: case=97 second=9 bytes=135072 rssi=-82[0m
[0;32mI (1804103) net_bench: case=97 second=10 bytes=92248 rssi=-80[0m
[0;32mI (1804111) net_bench: case=97 second=11 bytes=93032 rssi=-81[0m
[0;32mI (1804117) net_bench: case=97 second=12 bytes=64856 rssi=-71[0m
[0;32mI (1804123) net_bench: case=97 second=13 bytes=33232 rssi=-72[0m
[0;32mI (1804130) net_bench: case=97 second=14 bytes=60336 rssi=-79[0m
[0;32mI (1804136) net_bench: case=97 second=15 bytes=129192 rssi=-72[0m
[0;32mI (1804143) net_bench: case=97 second=16 bytes=130840 rssi=-72[0m
[0;32mI (1804149) net_bench: case=97 second=17 bytes=91232 rssi=-80[0m
[0;32mI (1804156) net_bench: case=97 second=18 bytes=43960 rssi=-81[0m
[0;32mI (1804162) net_bench: case=97 second=19 bytes=111008 rssi=-80[0m
[0;32mI (1805170) net_bench: case=98 path=/mp3-320?rate=0 output=0 begin rssi=-81 round=6 fixture=0 variant=0 wait_ms=25 read_limit=1024 batch=1[0m
[0;32mI (1825303) net_cpu: case=98 valid=1 total_us=20066428 tasks_before=8 tasks_after=8 snapshot_bytes=1440[0m
[0;32mI (1825305) net_cpu: case=98 task=audio id=4 runtime_us=3322232 existed=1[0m
[0;32mI (1825311) net_cpu: case=98 task=IDLE id=2 runtime_us=9689419 existed=1[0m
[0;32mI (1825319) net_cpu: case=98 task=tiT id=5 runtime_us=3955506 existed=1[0m
[0;32mI (1825326) net_cpu: case=98 task=uiT id=1 runtime_us=39835 existed=1[0m
[0;32mI (1825333) net_cpu: case=98 task=httpd id=9 runtime_us=93751 existed=1[0m
[0;32mI (1825340) net_cpu: case=98 task=ppT id=7 runtime_us=2965509 existed=1[0m
[0;32mI (1825348) net_cpu: case=98 task=sys_evt id=6 runtime_us=0 existed=1[0m
[0;32mI (1825355) net_cpu: case=98 task=Tmr Svc id=3 runtime_us=0 existed=1[0m
[0;32mI (1825364) net_bench: case=98 output=0 wall_us=20038409 bytes=1923152 open_us=80114 error=0 rssi=-71 heap_min=11612[0m
[0;32mI (1825373) net_bench: case=98 recv_total_us=4268019 recv_positive_us=3790313 recv_empty_us=477706[0m
[0;32mI (1825383) net_bench: case=98 cpu_lean=1 gap_metrics_valid=0 heap_is_final=1[0m
[0;32mI (1825390) net_bench: case=98 sampled_heap_min=10892 rx_gap_tick_ms=917 wait_calls=1865[0m
[0;32mI (1825399) net_bench: case=98 calls=5005 empty=1865 rx_gap_us=0 app_gap_us=0 empty_wait_us=0 recv_max_us=7004 commit_max_us=0 ready_max=0 ready_probes=0[0m
[0;32mI (1825414) net_bench: case=98 pcm_frames=0 rate=0 eof=1884 underrun=1883 stack=1180[0m
[0;32mI (1825422) net_bench: case=98 second=0 bytes=91288 rssi=-72[0m
[0;32mI (1825428) net_bench: case=98 second=1 bytes=121384 rssi=-73[0m
[0;32mI (1825435) net_bench: case=98 second=2 bytes=131536 rssi=-79[0m
[0;32mI (1825441) net_bench: case=98 second=3 bytes=140432 rssi=-74[0m
[0;32mI (1825447) net_bench: case=98 second=4 bytes=79240 rssi=-81[0m
[0;32mI (1825454) net_bench: case=98 second=5 bytes=88496 rssi=-81[0m
[0;32mI (1825460) net_bench: case=98 second=6 bytes=94296 rssi=-82[0m
[0;32mI (1825466) net_bench: case=98 second=7 bytes=57408 rssi=-72[0m
[0;32mI (1825473) net_bench: case=98 second=8 bytes=98392 rssi=-72[0m
[0;32mI (1825479) net_bench: case=98 second=9 bytes=135184 rssi=-71[0m
[0;32mI (1825485) net_bench: case=98 second=10 bytes=146384 rssi=-71[0m
[0;32mI (1825492) net_bench: case=98 second=11 bytes=68368 rssi=-72[0m
[0;32mI (1825498) net_bench: case=98 second=12 bytes=80400 rssi=-72[0m
[0;32mI (1825505) net_bench: case=98 second=13 bytes=60576 rssi=-81[0m
[0;32mI (1825511) net_bench: case=98 second=14 bytes=41768 rssi=-80[0m
[0;32mI (1825518) net_bench: case=98 second=15 bytes=113696 rssi=-82[0m
[0;32mI (1825524) net_bench: case=98 second=16 bytes=99752 rssi=-81[0m
[0;32mI (1825530) net_bench: case=98 second=17 bytes=107256 rssi=-72[0m
[0;32mI (1825537) net_bench: case=98 second=18 bytes=142392 rssi=-71[0m
[0;32mI (1825543) net_bench: case=98 second=19 bytes=24904 rssi=-72[0m
[0;32mI (1826551) net_bench: case=99 path=/mp3-320?rate=0 output=0 begin rssi=-72 round=6 fixture=0 variant=1 wait_ms=25 read_limit=512 batch=1[0m
[0;32mI (1846688) net_cpu: case=99 valid=1 total_us=20081778 tasks_before=8 tasks_after=8 snapshot_bytes=1440[0m
[0;32mI (1846690) net_cpu: case=99 task=audio id=4 runtime_us=3161432 existed=1[0m
[0;32mI (1846697) net_cpu: case=99 task=IDLE id=2 runtime_us=9993116 existed=1[0m
[0;32mI (1846704) net_cpu: case=99 task=tiT id=5 runtime_us=3963556 existed=1[0m
[0;32mI (1846711) net_cpu: case=99 task=uiT id=1 runtime_us=39254 existed=1[0m
[0;32mI (1846718) net_cpu: case=99 task=httpd id=9 runtime_us=92958 existed=1[0m
[0;32mI (1846726) net_cpu: case=99 task=ppT id=7 runtime_us=2833152 existed=1[0m
[0;32mI (1846733) net_cpu: case=99 task=sys_evt id=6 runtime_us=0 existed=1[0m
[0;32mI (1846740) net_cpu: case=99 task=Tmr Svc id=3 runtime_us=0 existed=1[0m
[0;32mI (1846749) net_bench: case=99 output=0 wall_us=20053763 bytes=1809736 open_us=68538 error=0 rssi=-72 heap_min=10944[0m
[0;32mI (1846758) net_bench: case=99 recv_total_us=4786022 recv_positive_us=4481196 recv_empty_us=304826[0m
[0;32mI (1846768) net_bench: case=99 cpu_lean=1 gap_metrics_valid=0 heap_is_final=1[0m
[0;32mI (1846776) net_bench: case=99 sampled_heap_min=10388 rx_gap_tick_ms=322 wait_calls=1209[0m
[0;32mI (1846784) net_bench: case=99 calls=6203 empty=1209 rx_gap_us=0 app_gap_us=0 empty_wait_us=0 recv_max_us=7673 commit_max_us=0 ready_max=0 ready_probes=0[0m
[0;32mI (1846799) net_bench: case=99 pcm_frames=0 rate=0 eof=1885 underrun=1884 stack=1180[0m
[0;32mI (1846807) net_bench: case=99 second=0 bytes=48112 rssi=-81[0m
[0;32mI (1846814) net_bench: case=99 second=1 bytes=55208 rssi=-80[0m
[0;32mI (1846820) net_bench: case=99 second=2 bytes=133256 rssi=-72[0m
[0;32mI (1846826) net_bench: case=99 second=3 bytes=127328 rssi=-70[0m
[0;32mI (1846833) net_bench: case=99 second=4 bytes=101552 rssi=-71[0m
[0;32mI (1846839) net_bench: case=99 second=5 bytes=68888 rssi=-72[0m
[0;32mI (1846845) net_bench: case=99 second=6 bytes=39568 rssi=-72[0m
[0;32mI (1846852) net_bench: case=99 second=7 bytes=136704 rssi=-81[0m
[0;32mI (1846858) net_bench: case=99 second=8 bytes=114720 rssi=-81[0m
[0;32mI (1846864) net_bench: case=99 second=9 bytes=80432 rssi=-82[0m
[0;32mI (1846871) net_bench: case=99 second=10 bytes=56280 rssi=-82[0m
[0;32mI (1846877) net_bench: case=99 second=11 bytes=79872 rssi=-81[0m
[0;32mI (1846884) net_bench: case=99 second=12 bytes=115240 rssi=-88[0m
[0;32mI (1846890) net_bench: case=99 second=13 bytes=62712 rssi=-71[0m
[0;32mI (1846896) net_bench: case=99 second=14 bytes=54192 rssi=-71[0m
[0;32mI (1846903) net_bench: case=99 second=15 bytes=123280 rssi=-72[0m
[0;32mI (1846909) net_bench: case=99 second=16 bytes=97848 rssi=-72[0m
[0;32mI (1846916) net_bench: case=99 second=17 bytes=141400 rssi=-81[0m
[0;32mI (1846922) net_bench: case=99 second=18 bytes=116328 rssi=-80[0m
[0;32mI (1846929) net_bench: case=99 second=19 bytes=56816 rssi=-82[0m
[0;32mI (1847936) net_bench: case=100 path=/mp3-128?rate=128 output=0 begin rssi=-82 round=6 fixture=1 variant=2 wait_ms=25 read_limit=1536 batch=1[0m
[0;32mI (1868053) net_cpu: case=100 valid=1 total_us=20053143 tasks_before=8 tasks_after=8 snapshot_bytes=1440[0m
[0;32mI (1868055) net_cpu: case=100 task=audio id=4 runtime_us=1378666 existed=1[0m
[0;32mI (1868062) net_cpu: case=100 task=IDLE id=2 runtime_us=16921665 existed=1[0m
[0;32mI (1868069) net_cpu: case=100 task=tiT id=5 runtime_us=868806 existed=1[0m
[0;32mI (1868076) net_cpu: case=100 task=uiT id=1 runtime_us=38462 existed=1[0m
[0;32mI (1868084) net_cpu: case=100 task=httpd id=9 runtime_us=90884 existed=1[0m
[0;32mI (1868091) net_cpu: case=100 task=ppT id=7 runtime_us=756367 existed=1[0m
[0;32mI (1868098) net_cpu: case=100 task=sys_evt id=6 runtime_us=0 existed=1[0m
[0;32mI (1868105) net_cpu: case=100 task=Tmr Svc id=3 runtime_us=0 existed=1[0m
[0;32mI (1868114) net_bench: case=100 output=0 wall_us=20025574 bytes=320714 open_us=75923 error=0 rssi=-72 heap_min=12948[0m
[0;32mI (1868124) net_bench: case=100 recv_total_us=749100 recv_positive_us=567353 recv_empty_us=181747[0m
[0;32mI (1868133) net_bench: case=100 cpu_lean=1 gap_metrics_valid=0 heap_is_final=1[0m
[0;32mI (1868141) net_bench: case=100 sampled_heap_min=12304 rx_gap_tick_ms=142 wait_calls=1116[0m
[0;32mI (1868150) net_bench: case=100 calls=1712 empty=1116 rx_gap_us=0 app_gap_us=0 empty_wait_us=0 recv_max_us=3421 commit_max_us=0 ready_max=0 ready_probes=0[0m
[0;32mI (1868164) net_bench: case=100 pcm_frames=0 rate=0 eof=1883 underrun=1882 stack=1180[0m
[0;32mI (1868173) net_bench: case=100 second=0 bytes=16384 rssi=-73[0m
[0;32mI (1868179) net_bench: case=100 second=1 bytes=16230 rssi=-71[0m
[0;32mI (1868186) net_bench: case=100 second=2 bytes=16182 rssi=-80[0m
[0;32mI (1868192) net_bench: case=100 second=3 bytes=15694 rssi=-71[0m
[0;32mI (1868198) net_bench: case=100 second=4 bytes=15694 rssi=-81[0m
[0;32mI (1868205) net_bench: case=100 second=5 bytes=16718 rssi=-79[0m
[0;32mI (1868211) net_bench: case=100 second=6 bytes=15694 rssi=-81[0m
[0;32mI (1868218) net_bench: case=100 second=7 bytes=15694 rssi=-80[0m
[0;32mI (1868224) net_bench: case=100 second=8 bytes=16718 rssi=-71[0m
[0;32mI (1868230) net_bench: case=100 second=9 bytes=15694 rssi=-72[0m
[0;32mI (1868237) net_bench: case=100 second=10 bytes=15694 rssi=-71[0m
[0;32mI (1868243) net_bench: case=100 second=11 bytes=16718 rssi=-71[0m
[0;32mI (1868250) net_bench: case=100 second=12 bytes=15694 rssi=-71[0m
[0;32mI (1868256) net_bench: case=100 second=13 bytes=16718 rssi=-81[0m
[0;32mI (1868263) net_bench: case=100 second=14 bytes=15694 rssi=-82[0m
[0;32mI (1868269) net_bench: case=100 second=15 bytes=15694 rssi=-80[0m
[0;32mI (1868276) net_bench: case=100 second=16 bytes=15694 rssi=-82[0m
[0;32mI (1868282) net_bench: case=100 second=17 bytes=16230 rssi=-72[0m
[0;32mI (1868289) net_bench: case=100 second=18 bytes=16182 rssi=-82[0m
[0;32mI (1868295) net_bench: case=100 second=19 bytes=15694 rssi=-72[0m
[0;32mI (1869303) net_bench: case=101 path=/mp3-128?rate=128 output=0 begin rssi=-72 round=6 fixture=1 variant=3 wait_ms=25 read_limit=1024 batch=4[0m
[0;32mI (1889430) net_cpu: case=101 valid=1 total_us=20053272 tasks_before=8 tasks_after=8 snapshot_bytes=1440[0m
[0;32mI (1889432) net_cpu: case=101 task=audio id=4 runtime_us=1432831 existed=1[0m
[0;32mI (1889438) net_cpu: case=101 task=IDLE id=2 runtime_us=16815868 existed=1[0m
[0;32mI (1889446) net_cpu: case=101 task=tiT id=5 runtime_us=900579 existed=1[0m
[0;32mI (1889453) net_cpu: case=101 task=uiT id=1 runtime_us=38678 existed=1[0m
[0;32mI (1889460) net_cpu: case=101 task=httpd id=9 runtime_us=90756 existed=1[0m
[0;32mI (1889468) net_cpu: case=101 task=ppT id=7 runtime_us=774633 existed=1[0m
[0;32mI (1889475) net_cpu: case=101 task=sys_evt id=6 runtime_us=0 existed=1[0m
[0;32mI (1889482) net_cpu: case=101 task=Tmr Svc id=3 runtime_us=0 existed=1[0m
[0;32mI (1889491) net_bench: case=101 output=0 wall_us=20025694 bytes=320714 open_us=84423 error=0 rssi=-82 heap_min=12304[0m
[0;32mI (1889501) net_bench: case=101 recv_total_us=729941 recv_positive_us=530119 recv_empty_us=199822[0m
[0;32mI (1889510) net_bench: case=101 cpu_lean=1 gap_metrics_valid=0 heap_is_final=1[0m
[0;32mI (1889518) net_bench: case=101 sampled_heap_min=10420 rx_gap_tick_ms=447 wait_calls=1180[0m
[0;32mI (1889527) net_bench: case=101 calls=1780 empty=1180 rx_gap_us=0 app_gap_us=0 empty_wait_us=0 recv_max_us=3133 commit_max_us=0 ready_max=0 ready_probes=0[0m
[0;32mI (1889541) net_bench: case=101 pcm_frames=0 rate=0 eof=1883 underrun=1882 stack=1180[0m
[0;32mI (1889550) net_bench: case=101 second=0 bytes=16384 rssi=-81[0m
[0;32mI (1889556) net_bench: case=101 second=1 bytes=15694 rssi=-82[0m
[0;32mI (1889562) net_bench: case=101 second=2 bytes=16718 rssi=-81[0m
[0;32mI (1889569) net_bench: case=101 second=3 bytes=15694 rssi=-82[0m
[0;32mI (1889575) net_bench: case=101 second=4 bytes=14182 rssi=-72[0m
[0;32mI (1889582) net_bench: case=101 second=5 bytes=18230 rssi=-70[0m
[0;32mI (1889588) net_bench: case=101 second=6 bytes=15694 rssi=-71[0m
[0;32mI (1889595) net_bench: case=101 second=7 bytes=15694 rssi=-72[0m
[0;32mI (1889601) net_bench: case=101 second=8 bytes=16718 rssi=-81[0m
[0;32mI (1889607) net_bench: case=101 second=9 bytes=15694 rssi=-81[0m
[0;32mI (1889614) net_bench: case=101 second=10 bytes=15694 rssi=-82[0m
[0;32mI (1889620) net_bench: case=101 second=11 bytes=16718 rssi=-80[0m
[0;32mI (1889627) net_bench: case=101 second=12 bytes=15694 rssi=-81[0m
[0;32mI (1889633) net_bench: case=101 second=13 bytes=15694 rssi=-72[0m
[0;32mI (1889640) net_bench: case=101 second=14 bytes=16718 rssi=-73[0m
[0;32mI (1889646) net_bench: case=101 second=15 bytes=15694 rssi=-72[0m
[0;32mI (1889653) net_bench: case=101 second=16 bytes=15694 rssi=-72[0m
[0;32mI (1889660) net_bench: case=101 second=17 bytes=16718 rssi=-72[0m
[0;32mI (1889667) net_bench: case=101 second=18 bytes=15694 rssi=-83[0m
[0;32mI (1889673) net_bench: case=101 second=19 bytes=15694 rssi=-82[0m
[0;32mI (1890680) net_bench: case=102 path=/mp3-128?rate=128 output=0 begin rssi=-82 round=6 fixture=1 variant=0 wait_ms=25 read_limit=1024 batch=1[0m
[0;32mI (1910793) net_cpu: case=102 valid=1 total_us=20053507 tasks_before=8 tasks_after=8 snapshot_bytes=1440[0m
[0;32mI (1910795) net_cpu: case=102 task=audio id=4 runtime_us=1411733 existed=1[0m
[0;32mI (1910802) net_cpu: case=102 task=IDLE id=2 runtime_us=16839149 existed=1[0m
[0;32mI (1910809) net_cpu: case=102 task=uiT id=1 runtime_us=38906 existed=1[0m
[0;32mI (1910816) net_cpu: case=102 task=tiT id=5 runtime_us=904339 existed=1[0m
[0;32mI (1910824) net_cpu: case=102 task=httpd id=9 runtime_us=90390 existed=1[0m
[0;32mI (1910831) net_cpu: case=102 task=ppT id=7 runtime_us=770576 existed=1[0m
[0;32mI (1910838) net_cpu: case=102 task=sys_evt id=6 runtime_us=0 existed=1[0m
[0;32mI (1910845) net_cpu: case=102 task=Tmr Svc id=3 runtime_us=0 existed=1[0m
[0;32mI (1910854) net_bench: case=102 output=0 wall_us=20025789 bytes=320714 open_us=72419 error=0 rssi=-73 heap_min=12184[0m
[0;32mI (1910864) net_bench: case=102 recv_total_us=706637 recv_positive_us=529876 recv_empty_us=176761[0m
[0;32mI (1910873) net_bench: case=102 cpu_lean=1 gap_metrics_valid=0 heap_is_final=1[0m
[0;32mI (1910881) net_bench: case=102 sampled_heap_min=11664 rx_gap_tick_ms=223 wait_calls=1145[0m
[0;32mI (1910890) net_bench: case=102 calls=1748 empty=1145 rx_gap_us=0 app_gap_us=0 empty_wait_us=0 recv_max_us=2861 commit_max_us=0 ready_max=0 ready_probes=0[0m
[0;32mI (1910904) net_bench: case=102 pcm_frames=0 rate=0 eof=1883 underrun=1882 stack=1180[0m
[0;32mI (1910913) net_bench: case=102 second=0 bytes=16384 rssi=-72[0m
[0;32mI (1910919) net_bench: case=102 second=1 bytes=15694 rssi=-72[0m
[0;32mI (1910926) net_bench: case=102 second=2 bytes=16718 rssi=-72[0m
[0;32mI (1910932) net_bench: case=102 second=3 bytes=15694 rssi=-83[0m
[0;32mI (1910939) net_bench: case=102 second=4 bytes=15694 rssi=-82[0m
[0;32mI (1910945) net_bench: case=102 second=5 bytes=15694 rssi=-82[0m
[0;32mI (1910951) net_bench: case=102 second=6 bytes=16718 rssi=-82[0m
[0;32mI (1910958) net_bench: case=102 second=7 bytes=15694 rssi=-80[0m
[0;32mI (1910964) net_bench: case=102 second=8 bytes=16718 rssi=-72[0m
[0;32mI (1910971) net_bench: case=102 second=9 bytes=14182 rssi=-72[0m
[0;32mI (1910977) net_bench: case=102 second=10 bytes=17206 rssi=-73[0m
[0;32mI (1910983) net_bench: case=102 second=11 bytes=16718 rssi=-73[0m
[0;32mI (1910990) net_bench: case=102 second=12 bytes=15694 rssi=-72[0m
[0;32mI (1910996) net_bench: case=102 second=13 bytes=15694 rssi=-81[0m
[0;32mI (1911003) net_bench: case=102 second=14 bytes=16718 rssi=-81[0m
[0;32mI (1911009) net_bench: case=102 second=15 bytes=15694 rssi=-81[0m
[0;32mI (1911016) net_bench: case=102 second=16 bytes=15694 rssi=-81[0m
[0;32mI (1911022) net_bench: case=102 second=17 bytes=16718 rssi=-72[0m
[0;32mI (1911029) net_bench: case=102 second=18 bytes=15694 rssi=-72[0m
[0;32mI (1911035) net_bench: case=102 second=19 bytes=15694 rssi=-71[0m
[0;32mI (1912043) net_bench: case=103 path=/mp3-128?rate=128 output=0 begin rssi=-71 round=6 fixture=1 variant=1 wait_ms=25 read_limit=512 batch=1[0m
[0;32mI (1932167) net_cpu: case=103 valid=1 total_us=20052996 tasks_before=8 tasks_after=8 snapshot_bytes=1440[0m
[0;32mI (1932169) net_cpu: case=103 task=audio id=4 runtime_us=1389394 existed=1[0m
[0;32mI (1932175) net_cpu: case=103 task=IDLE id=2 runtime_us=16851048 existed=1[0m
[0;32mI (1932183) net_cpu: case=103 task=tiT id=5 runtime_us=925060 existed=1[0m
[0;32mI (1932190) net_cpu: case=103 task=uiT id=1 runtime_us=38548 existed=1[0m
[0;32mI (1932197) net_cpu: case=103 task=httpd id=9 runtime_us=90692 existed=1[0m
[0;32mI (1932204) net_cpu: case=103 task=ppT id=7 runtime_us=759819 existed=1[0m
[0;32mI (1932212) net_cpu: case=103 task=sys_evt id=6 runtime_us=0 existed=1[0m
[0;32mI (1932219) net_cpu: case=103 task=Tmr Svc id=3 runtime_us=0 existed=1[0m
[0;32mI (1932228) net_bench: case=103 output=0 wall_us=20025348 bytes=320714 open_us=80749 error=0 rssi=-81 heap_min=12172[0m
[0;32mI (1932237) net_bench: case=103 recv_total_us=800153 recv_positive_us=630217 recv_empty_us=169936[0m
[0;32mI (1932247) net_bench: case=103 cpu_lean=1 gap_metrics_valid=0 heap_is_final=1[0m
[0;32mI (1932255) net_bench: case=103 sampled_heap_min=10184 rx_gap_tick_ms=436 wait_calls=1054[0m
[0;32mI (1932263) net_bench: case=103 calls=1932 empty=1054 rx_gap_us=0 app_gap_us=0 empty_wait_us=0 recv_max_us=2904 commit_max_us=0 ready_max=0 ready_probes=0[0m
[0;32mI (1932278) net_bench: case=103 pcm_frames=0 rate=0 eof=1883 underrun=1882 stack=1180[0m
[0;32mI (1932286) net_bench: case=103 second=0 bytes=16384 rssi=-82[0m
[0;32mI (1932293) net_bench: case=103 second=1 bytes=12182 rssi=-80[0m
[0;32mI (1932299) net_bench: case=103 second=2 bytes=20230 rssi=-81[0m
[0;32mI (1932306) net_bench: case=103 second=3 bytes=15694 rssi=-72[0m
[0;32mI (1932312) net_bench: case=103 second=4 bytes=15694 rssi=-73[0m
[0;32mI (1932318) net_bench: case=103 second=5 bytes=16718 rssi=-72[0m
[0;32mI (1932325) net_bench: case=103 second=6 bytes=15694 rssi=-71[0m
[0;32mI (1932331) net_bench: case=103 second=7 bytes=15694 rssi=-68[0m
[0;32mI (1932338) net_bench: case=103 second=8 bytes=16718 rssi=-72[0m
[0;32mI (1932344) net_bench: case=103 second=9 bytes=12134 rssi=-81[0m
[0;32mI (1932350) net_bench: case=103 second=10 bytes=19254 rssi=-81[0m
[0;32mI (1932357) net_bench: case=103 second=11 bytes=16718 rssi=-82[0m
[0;32mI (1932363) net_bench: case=103 second=12 bytes=15694 rssi=-80[0m
[0;32mI (1932370) net_bench: case=103 second=13 bytes=15694 rssi=-72[0m
[0;32mI (1932376) net_bench: case=103 second=14 bytes=16718 rssi=-72[0m
[0;32mI (1932383) net_bench: case=103 second=15 bytes=15694 rssi=-71[0m
[0;32mI (1932389) net_bench: case=103 second=16 bytes=15694 rssi=-71[0m
[0;32mI (1932396) net_bench: case=103 second=17 bytes=16718 rssi=-82[0m
[0;32mI (1932402) net_bench: case=103 second=18 bytes=15694 rssi=-80[0m
[0;32mI (1932409) net_bench: case=103 second=19 bytes=15694 rssi=-81[0m
[0;32mI (1933416) net_bench: case=104 path=/mp3-320?rate=320 output=0 begin rssi=-80 round=6 fixture=2 variant=2 wait_ms=25 read_limit=1536 batch=1[0m
[0;32mI (1953541) net_cpu: case=104 valid=1 total_us=20054315 tasks_before=8 tasks_after=8 snapshot_bytes=1440[0m
[0;32mI (1953546) net_cpu: case=104 task=audio id=4 runtime_us=2262111 existed=1[0m
[0;32mI (1953551) net_cpu: case=104 task=IDLE id=2 runtime_us=14155332 existed=1[0m
[0;32mI (1953559) net_cpu: case=104 task=tiT id=5 runtime_us=1991940 existed=1[0m
[0;32mI (1953566) net_cpu: case=104 task=uiT id=1 runtime_us=38659 existed=1[0m
[0;32mI (1953574) net_cpu: case=104 task=httpd id=9 runtime_us=90821 existed=1[0m
[0;32mI (1953581) net_cpu: case=104 task=ppT id=7 runtime_us=1515978 existed=1[0m
[0;32mI (1953588) net_cpu: case=104 task=sys_evt id=6 runtime_us=0 existed=1[0m
[0;32mI (1953595) net_cpu: case=104 task=Tmr Svc id=3 runtime_us=0 existed=1[0m
[0;32mI (1953604) net_bench: case=104 output=0 wall_us=20026559 bytes=802316 open_us=83028 error=0 rssi=-72 heap_min=12304[0m
[0;32mI (1953614) net_bench: case=104 recv_total_us=1601333 recv_positive_us=1323053 recv_empty_us=278280[0m
[0;32mI (1953623) net_bench: case=104 cpu_lean=1 gap_metrics_valid=0 heap_is_final=1[0m
[0;32mI (1953631) net_bench: case=104 sampled_heap_min=10992 rx_gap_tick_ms=390 wait_calls=1537[0m
[0;32mI (1953640) net_bench: case=104 calls=3032 empty=1537 rx_gap_us=0 app_gap_us=0 empty_wait_us=0 recv_max_us=3505 commit_max_us=0 ready_max=0 ready_probes=0[0m
[0;32mI (1953655) net_bench: case=104 pcm_frames=0 rate=0 eof=1883 underrun=1882 stack=1180[0m
[0;32mI (1953663) net_bench: case=104 second=0 bytes=38424 rssi=-71[0m
[0;32mI (1953669) net_bench: case=104 second=1 bytes=41796 rssi=-72[0m
[0;32mI (1953676) net_bench: case=104 second=2 bytes=40236 rssi=-71[0m
[0;32mI (1953682) net_bench: case=104 second=3 bytes=40772 rssi=-82[0m
[0;32mI (1953689) net_bench: case=104 second=4 bytes=39748 rssi=-82[0m
[0;32mI (1953695) net_bench: case=104 second=5 bytes=39748 rssi=-81[0m
[0;32mI (1953702) net_bench: case=104 second=6 bytes=39748 rssi=-80[0m
[0;32mI (1953708) net_bench: case=104 second=7 bytes=40772 rssi=-81[0m
[0;32mI (1953714) net_bench: case=104 second=8 bytes=38236 rssi=-74[0m
[0;32mI (1953721) net_bench: case=104 second=9 bytes=42284 rssi=-73[0m
[0;32mI (1953727) net_bench: case=104 second=10 bytes=39748 rssi=-71[0m
[0;32mI (1953734) net_bench: case=104 second=11 bytes=40772 rssi=-71[0m
[0;32mI (1953740) net_bench: case=104 second=12 bytes=39748 rssi=-81[0m
[0;32mI (1953747) net_bench: case=104 second=13 bytes=39748 rssi=-82[0m
[0;32mI (1953753) net_bench: case=104 second=14 bytes=39748 rssi=-82[0m
[0;32mI (1953760) net_bench: case=104 second=15 bytes=36188 rssi=-71[0m
[0;32mI (1953766) net_bench: case=104 second=16 bytes=40912 rssi=-81[0m
[0;32mI (1953773) net_bench: case=104 second=17 bytes=42680 rssi=-71[0m
[0;32mI (1953779) net_bench: case=104 second=18 bytes=41260 rssi=-72[0m
[0;32mI (1953786) net_bench: case=104 second=19 bytes=39748 rssi=-72[0m
[0;32mI (1954793) net_bench: case=105 path=/mp3-320?rate=320 output=0 begin rssi=-82 round=6 fixture=2 variant=3 wait_ms=25 read_limit=1024 batch=4[0m
[0;32mI (1975914) net_cpu: case=105 valid=1 total_us=20065925 tasks_before=8 tasks_after=8 snapshot_bytes=1440[0m
[0;32mI (1975918) net_cpu: case=105 task=audio id=4 runtime_us=2315906 existed=1[0m
[0;32mI (1975924) net_cpu: case=105 task=IDLE id=2 runtime_us=14031617 existed=1[0m
[0;32mI (1975931) net_cpu: case=105 task=uiT id=1 runtime_us=38854 existed=1[0m
[0;32mI (1975939) net_cpu: case=105 task=tiT id=5 runtime_us=2042519 existed=1[0m
[0;32mI (1975946) net_cpu: case=105 task=httpd id=9 runtime_us=91161 existed=1[0m
[0;32mI (1975953) net_cpu: case=105 task=ppT id=7 runtime_us=1546159 existed=1[0m
[0;32mI (1975961) net_cpu: case=105 task=sys_evt id=6 runtime_us=0 existed=1[0m
[0;32mI (1975968) net_cpu: case=105 task=Tmr Svc id=3 runtime_us=0 existed=1[0m
[0;32mI (1975977) net_bench: case=105 output=0 wall_us=20037072 bytes=802316 open_us=1066166 error=0 rssi=-81 heap_min=12948[0m
[0;32mI (1975986) net_bench: case=105 recv_total_us=1602461 recv_positive_us=1291415 recv_empty_us=311046[0m
[0;32mI (1975996) net_bench: case=105 cpu_lean=1 gap_metrics_valid=0 heap_is_final=1[0m
[0;32mI (1976004) net_bench: case=105 sampled_heap_min=10992 rx_gap_tick_ms=381 wait_calls=1613[0m
[0;32mI (1976013) net_bench: case=105 calls=3099 empty=1613 rx_gap_us=0 app_gap_us=0 empty_wait_us=0 recv_max_us=2708 commit_max_us=0 ready_max=0 ready_probes=0[0m
[0;32mI (1976027) net_bench: case=105 pcm_frames=0 rate=0 eof=1885 underrun=1884 stack=1180[0m
[0;32mI (1976036) net_bench: case=105 second=0 bytes=40960 rssi=-81[0m
[0;32mI (1976042) net_bench: case=105 second=1 bytes=39748 rssi=-81[0m
[0;32mI (1976049) net_bench: case=105 second=2 bytes=39748 rssi=-71[0m
[0;32mI (1976055) net_bench: case=105 second=3 bytes=39748 rssi=-71[0m
[0;32mI (1976061) net_bench: case=105 second=4 bytes=40772 rssi=-71[0m
[0;32mI (1976068) net_bench: case=105 second=5 bytes=39748 rssi=-72[0m
[0;32mI (1976074) net_bench: case=105 second=6 bytes=30532 rssi=-80[0m
[0;32mI (1976081) net_bench: case=105 second=7 bytes=49988 rssi=-82[0m
[0;32mI (1976087) net_bench: case=105 second=8 bytes=39748 rssi=-81[0m
[0;32mI (1976093) net_bench: case=105 second=9 bytes=40772 rssi=-80[0m
[0;32mI (1976100) net_bench: case=105 second=10 bytes=39748 rssi=-82[0m
[0;32mI (1976106) net_bench: case=105 second=11 bytes=40284 rssi=-73[0m
[0;32mI (1976113) net_bench: case=105 second=12 bytes=40236 rssi=-71[0m
[0;32mI (1976119) net_bench: case=105 second=13 bytes=39748 rssi=-71[0m
[0;32mI (1976126) net_bench: case=105 second=14 bytes=39748 rssi=-71[0m
[0;32mI (1976132) net_bench: case=105 second=15 bytes=40772 rssi=-81[0m
[0;32mI (1976139) net_bench: case=105 second=16 bytes=39260 rssi=-81[0m
[0;32mI (1976145) net_bench: case=105 second=17 bytes=37164 rssi=-81[0m
[0;32mI (1976153) net_bench: case=105 second=18 bytes=13744 rssi=-82[0m
[0;32mI (1976159) net_bench: case=105 second=19 bytes=69848 rssi=-71[0m
[0;32mI (1977167) net_bench: case=106 path=/mp3-320?rate=320 output=0 begin rssi=-81 round=6 fixture=2 variant=0 wait_ms=25 read_limit=1024 batch=1[0m
[0;32mI (1997292) net_cpu: case=106 valid=1 total_us=20059859 tasks_before=8 tasks_after=8 snapshot_bytes=1440[0m
[0;32mI (1997296) net_cpu: case=106 task=audio id=4 runtime_us=2229960 existed=1[0m
[0;32mI (1997302) net_cpu: case=106 task=IDLE id=2 runtime_us=14084846 existed=1[0m
[0;32mI (1997310) net_cpu: case=106 task=tiT id=5 runtime_us=2055169 existed=1[0m
[0;32mI (1997317) net_cpu: case=106 task=uiT id=1 runtime_us=39017 existed=1[0m
[0;32mI (1997325) net_cpu: case=106 task=httpd id=9 runtime_us=91006 existed=1[0m
[0;32mI (1997332) net_cpu: case=106 task=ppT id=7 runtime_us=1561603 existed=1[0m
[0;32mI (1997340) net_cpu: case=106 task=sys_evt id=6 runtime_us=0 existed=1[0m
[0;32mI (1997347) net_cpu: case=106 task=Tmr Svc id=3 runtime_us=0 existed=1[0m
[0;32mI (1997356) net_bench: case=106 output=0 wall_us=20032092 bytes=802316 open_us=79070 error=0 rssi=-72 heap_min=12304[0m
[0;32mI (1997365) net_bench: case=106 recv_total_us=1600308 recv_positive_us=1338678 recv_empty_us=261630[0m
[0;32mI (1997375) net_bench: case=106 cpu_lean=1 gap_metrics_valid=0 heap_is_final=1[0m
[0;32mI (1997383) net_bench: case=106 sampled_heap_min=10420 rx_gap_tick_ms=384 wait_calls=1497[0m
[0;32mI (1997392) net_bench: case=106 calls=2980 empty=1497 rx_gap_us=0 app_gap_us=0 empty_wait_us=0 recv_max_us=3182 commit_max_us=0 ready_max=0 ready_probes=0[0m
[0;32mI (1997406) net_bench: case=106 pcm_frames=0 rate=0 eof=1884 underrun=1883 stack=1180[0m
[0;32mI (1997415) net_bench: case=106 second=0 bytes=39936 rssi=-71[0m
[0;32mI (1997421) net_bench: case=106 second=1 bytes=39260 rssi=-71[0m
[0;32mI (1997427) net_bench: case=106 second=2 bytes=39748 rssi=-82[0m
[0;32mI (1997434) net_bench: case=106 second=3 bytes=41796 rssi=-81[0m
[0;32mI (1997440) net_bench: case=106 second=4 bytes=39748 rssi=-81[0m
[0;32mI (1997447) net_bench: case=106 second=5 bytes=38724 rssi=-80[0m
[0;32mI (1997453) net_bench: case=106 second=6 bytes=41260 rssi=-83[0m
[0;32mI (1997459) net_bench: case=106 second=7 bytes=40772 rssi=-73[0m
[0;32mI (1997466) net_bench: case=106 second=8 bytes=39748 rssi=-71[0m
[0;32mI (1997472) net_bench: case=106 second=9 bytes=39748 rssi=-72[0m
[0;32mI (1997479) net_bench: case=106 second=10 bytes=39748 rssi=-71[0m
[0;32mI (1997485) net_bench: case=106 second=11 bytes=36868 rssi=-71[0m
[0;32mI (1997492) net_bench: case=106 second=12 bytes=43652 rssi=-83[0m
[0;32mI (1997498) net_bench: case=106 second=13 bytes=40772 rssi=-81[0m
[0;32mI (1997505) net_bench: case=106 second=14 bytes=39748 rssi=-81[0m
[0;32mI (1997511) net_bench: case=106 second=15 bytes=40772 rssi=-81[0m
[0;32mI (1997518) net_bench: case=106 second=16 bytes=39748 rssi=-83[0m
[0;32mI (1997524) net_bench: case=106 second=17 bytes=39748 rssi=-70[0m
[0;32mI (1997531) net_bench: case=106 second=18 bytes=40284 rssi=-71[0m
[0;32mI (1997537) net_bench: case=106 second=19 bytes=40236 rssi=-71[0m
[0;32mI (1998545) net_bench: case=107 path=/mp3-320?rate=320 output=0 begin rssi=-72 round=6 fixture=2 variant=1 wait_ms=25 read_limit=512 batch=1[0m
[0;32mI (2018661) net_cpu: case=107 valid=1 total_us=20060930 tasks_before=8 tasks_after=8 snapshot_bytes=1440[0m
[0;32mI (2018666) net_cpu: case=107 task=audio id=4 runtime_us=2165730 existed=1[0m
[0;32mI (2018672) net_cpu: case=107 task=IDLE id=2 runtime_us=14099089 existed=1[0m
[0;32mI (2018679) net_cpu: case=107 task=tiT id=5 runtime_us=2118278 existed=1[0m
[0;32mI (2018687) net_cpu: case=107 task=uiT id=1 runtime_us=38414 existed=1[0m
[0;32mI (2018694) net_cpu: case=107 task=httpd id=9 runtime_us=91398 existed=1[0m
[0;32mI (2018701) net_cpu: case=107 task=ppT id=7 runtime_us=1549701 existed=1[0m
[0;32mI (2018709) net_cpu: case=107 task=sys_evt id=6 runtime_us=0 existed=1[0m
[0;32mI (2018716) net_cpu: case=107 task=Tmr Svc id=3 runtime_us=0 existed=1[0m
[0;32mI (2018725) net_bench: case=107 output=0 wall_us=20033225 bytes=802316 open_us=68121 error=0 rssi=-73 heap_min=12308[0m
[0;32mI (2018734) net_bench: case=107 recv_total_us=1918751 recv_positive_us=1702559 recv_empty_us=216192[0m
[0;32mI (2018744) net_bench: case=107 cpu_lean=1 gap_metrics_valid=0 heap_is_final=1[0m
[0;32mI (2018752) net_bench: case=107 sampled_heap_min=12072 rx_gap_tick_ms=220 wait_calls=1267[0m
[0;32mI (2018761) net_bench: case=107 calls=3418 empty=1267 rx_gap_us=0 app_gap_us=0 empty_wait_us=0 recv_max_us=3984 commit_max_us=0 ready_max=0 ready_probes=0[0m
[0;32mI (2018775) net_bench: case=107 pcm_frames=0 rate=0 eof=1884 underrun=1883 stack=1180[0m
[0;32mI (2018784) net_bench: case=107 second=0 bytes=39936 rssi=-81[0m
[0;32mI (2018790) net_bench: case=107 second=1 bytes=40772 rssi=-71[0m
[0;32mI (2018796) net_bench: case=107 second=2 bytes=39748 rssi=-81[0m
[0;32mI (2018803) net_bench: case=107 second=3 bytes=40772 rssi=-70[0m
[0;32mI (2018809) net_bench: case=107 second=4 bytes=39748 rssi=-71[0m
[0;32mI (2018816) net_bench: case=107 second=5 bytes=39748 rssi=-72[0m
[0;32mI (2018822) net_bench: case=107 second=6 bytes=39748 rssi=-83[0m
[0;32mI (2018828) net_bench: case=107 second=7 bytes=40772 rssi=-79[0m
[0;32mI (2018835) net_bench: case=107 second=8 bytes=39748 rssi=-80[0m
[0;32mI (2018841) net_bench: case=107 second=9 bytes=40772 rssi=-80[0m
[0;32mI (2018848) net_bench: case=107 second=10 bytes=39748 rssi=-80[0m
[0;32mI (2018854) net_bench: case=107 second=11 bytes=39748 rssi=-71[0m
[0;32mI (2018861) net_bench: case=107 second=12 bytes=40772 rssi=-71[0m
[0;32mI (2018867) net_bench: case=107 second=13 bytes=39748 rssi=-71[0m
[0;32mI (2018874) net_bench: case=107 second=14 bytes=39748 rssi=-70[0m
[0;32mI (2018880) net_bench: case=107 second=15 bytes=40284 rssi=-71[0m
[0;32mI (2018887) net_bench: case=107 second=16 bytes=40236 rssi=-79[0m
[0;32mI (2018893) net_bench: case=107 second=17 bytes=39260 rssi=-72[0m
[0;32mI (2018900) net_bench: case=107 second=18 bytes=40748 rssi=-81[0m
[0;32mI (2018906) net_bench: case=107 second=19 bytes=40260 rssi=-80[0m
[0;32mI (2019913) net_bench: case=108 path=/aac-64?rate=64 output=0 begin rssi=-71 round=6 fixture=3 variant=2 wait_ms=25 read_limit=1536 batch=1[0m
[0;32mI (2040018) net_cpu: case=108 valid=1 total_us=20053692 tasks_before=8 tasks_after=8 snapshot_bytes=1440[0m
[0;32mI (2040020) net_cpu: case=108 task=audio id=4 runtime_us=1047756 existed=1[0m
[0;32mI (2040027) net_cpu: case=108 task=IDLE id=2 runtime_us=17842070 existed=1[0m
[0;32mI (2040034) net_cpu: case=108 task=uiT id=1 runtime_us=39560 existed=1[0m
[0;32mI (2040041) net_cpu: case=108 task=tiT id=5 runtime_us=524344 existed=1[0m
[0;32mI (2040049) net_cpu: case=108 task=httpd id=9 runtime_us=90432 existed=1[0m
[0;32mI (2040056) net_cpu: case=108 task=ppT id=7 runtime_us=511237 existed=1[0m
[0;32mI (2040063) net_cpu: case=108 task=sys_evt id=6 runtime_us=0 existed=1[0m
[0;32mI (2040070) net_cpu: case=108 task=Tmr Svc id=3 runtime_us=0 existed=1[0m
[0;32mI (2040079) net_bench: case=108 output=0 wall_us=20026189 bytes=160751 open_us=63366 error=0 rssi=-71 heap_min=14632[0m
[0;32mI (2040089) net_bench: case=108 recv_total_us=404231 recv_positive_us=257557 recv_empty_us=146674[0m
[0;32mI (2040098) net_bench: case=108 cpu_lean=1 gap_metrics_valid=0 heap_is_final=1[0m
[0;32mI (2040106) net_bench: case=108 sampled_heap_min=13336 rx_gap_tick_ms=517 wait_calls=932[0m
[0;32mI (2040115) net_bench: case=108 calls=1239 empty=932 rx_gap_us=0 app_gap_us=0 empty_wait_us=0 recv_max_us=2168 commit_max_us=0 ready_max=0 ready_probes=0[0m
[0;32mI (2040129) net_bench: case=108 pcm_frames=0 rate=0 eof=1883 underrun=1882 stack=1180[0m
[0;32mI (2040138) net_bench: case=108 second=0 bytes=8192 rssi=-72[0m
[0;32mI (2040144) net_bench: case=108 second=1 bytes=8245 rssi=-71[0m
[0;32mI (2040150) net_bench: case=108 second=2 bytes=8245 rssi=-81[0m
[0;32mI (2040157) net_bench: case=108 second=3 bytes=8245 rssi=-80[0m
[0;32mI (2040163) net_bench: case=108 second=4 bytes=7221 rssi=-81[0m
[0;32mI (2040169) net_bench: case=108 second=5 bytes=8245 rssi=-81[0m
[0;32mI (2040176) net_bench: case=108 second=6 bytes=8245 rssi=-72[0m
[0;32mI (2040182) net_bench: case=108 second=7 bytes=8245 rssi=-71[0m
[0;32mI (2040188) net_bench: case=108 second=8 bytes=7757 rssi=-70[0m
[0;32mI (2040194) net_bench: case=108 second=9 bytes=7709 rssi=-71[0m
[0;32mI (2040201) net_bench: case=108 second=10 bytes=8245 rssi=-81[0m
[0;32mI (2040207) net_bench: case=108 second=11 bytes=8245 rssi=-79[0m
[0;32mI (2040214) net_bench: case=108 second=12 bytes=8245 rssi=-81[0m
[0;32mI (2040220) net_bench: case=108 second=13 bytes=7221 rssi=-81[0m
[0;32mI (2040226) net_bench: case=108 second=14 bytes=8245 rssi=-79[0m
[0;32mI (2040233) net_bench: case=108 second=15 bytes=8245 rssi=-73[0m
[0;32mI (2040239) net_bench: case=108 second=16 bytes=8245 rssi=-71[0m
[0;32mI (2040246) net_bench: case=108 second=17 bytes=6733 rssi=-71[0m
[0;32mI (2040252) net_bench: case=108 second=18 bytes=8733 rssi=-71[0m
[0;32mI (2040258) net_bench: case=108 second=19 bytes=8245 rssi=-71[0m
[0;32mI (2041266) net_bench: case=109 path=/aac-64?rate=64 output=0 begin rssi=-71 round=6 fixture=3 variant=3 wait_ms=25 read_limit=1024 batch=4[0m
[0;32mI (2061386) net_cpu: case=109 valid=1 total_us=20058397 tasks_before=8 tasks_after=8 snapshot_bytes=1440[0m
[0;32mI (2061388) net_cpu: case=109 task=audio id=4 runtime_us=1070119 existed=1[0m
[0;32mI (2061395) net_cpu: case=109 task=IDLE id=2 runtime_us=17837783 existed=1[0m
[0;32mI (2061402) net_cpu: case=109 task=tiT id=5 runtime_us=510975 existed=1[0m
[0;32mI (2061409) net_cpu: case=109 task=uiT id=1 runtime_us=39575 existed=1[0m
[0;32mI (2061416) net_cpu: case=109 task=httpd id=9 runtime_us=90875 existed=1[0m
[0;32mI (2061424) net_cpu: case=109 task=ppT id=7 runtime_us=509191 existed=1[0m
[0;32mI (2061431) net_cpu: case=109 task=sys_evt id=6 runtime_us=0 existed=1[0m
[0;32mI (2061438) net_cpu: case=109 task=Tmr Svc id=3 runtime_us=0 existed=1[0m
[0;32mI (2061447) net_bench: case=109 output=0 wall_us=20030864 bytes=160751 open_us=74379 error=0 rssi=-80 heap_min=14636[0m
[0;32mI (2061457) net_bench: case=109 recv_total_us=429664 recv_positive_us=272803 recv_empty_us=156861[0m
[0;32mI (2061467) net_bench: case=109 cpu_lean=1 gap_metrics_valid=0 heap_is_final=1[0m
[0;32mI (2061474) net_bench: case=109 sampled_heap_min=13392 rx_gap_tick_ms=550 wait_calls=960[0m
[0;32mI (2061483) net_bench: case=109 calls=1275 empty=960 rx_gap_us=0 app_gap_us=0 empty_wait_us=0 recv_max_us=3535 commit_max_us=0 ready_max=0 ready_probes=0[0m
[0;32mI (2061497) net_bench: case=109 pcm_frames=0 rate=0 eof=1883 underrun=1882 stack=1180[0m
[0;32mI (2061506) net_bench: case=109 second=0 bytes=8192 rssi=-71[0m
[0;32mI (2061512) net_bench: case=109 second=1 bytes=8245 rssi=-72[0m
[0;32mI (2061518) net_bench: case=109 second=2 bytes=6245 rssi=-71[0m
[0;32mI (2061525) net_bench: case=109 second=3 bytes=10245 rssi=-72[0m
[0;32mI (2061531) net_bench: case=109 second=4 bytes=7221 rssi=-71[0m
[0;32mI (2061537) net_bench: case=109 second=5 bytes=8245 rssi=-71[0m
[0;32mI (2061544) net_bench: case=109 second=6 bytes=8245 rssi=-80[0m
[0;32mI (2061550) net_bench: case=109 second=7 bytes=8245 rssi=-80[0m
[0;32mI (2061556) net_bench: case=109 second=8 bytes=7221 rssi=-81[0m
[0;32mI (2061563) net_bench: case=109 second=9 bytes=8245 rssi=-81[0m
[0;32mI (2061569) net_bench: case=109 second=10 bytes=8245 rssi=-82[0m
[0;32mI (2061575) net_bench: case=109 second=11 bytes=8245 rssi=-70[0m
[0;32mI (2061582) net_bench: case=109 second=12 bytes=8245 rssi=-70[0m
[0;32mI (2061588) net_bench: case=109 second=13 bytes=7221 rssi=-71[0m
[0;32mI (2061595) net_bench: case=109 second=14 bytes=8245 rssi=-70[0m
[0;32mI (2061601) net_bench: case=109 second=15 bytes=8245 rssi=-81[0m
[0;32mI (2061608) net_bench: case=109 second=16 bytes=8245 rssi=-82[0m
[0;32mI (2061614) net_bench: case=109 second=17 bytes=7221 rssi=-81[0m
[0;32mI (2061620) net_bench: case=109 second=18 bytes=8245 rssi=-80[0m
[0;32mI (2061627) net_bench: case=109 second=19 bytes=8245 rssi=-70[0m
[0;32mI (2062634) net_bench: case=110 path=/aac-64?rate=64 output=0 begin rssi=-80 round=6 fixture=3 variant=0 wait_ms=25 read_limit=1024 batch=1[0m
[0;32mI (2082773) net_cpu: case=110 valid=1 total_us=20071535 tasks_before=8 tasks_after=8 snapshot_bytes=1440[0m
[0;32mI (2082775) net_cpu: case=110 task=audio id=4 runtime_us=1025139 existed=1[0m
[0;32mI (2082782) net_cpu: case=110 task=IDLE id=2 runtime_us=17912309 existed=1[0m
[0;32mI (2082789) net_cpu: case=110 task=tiT id=5 runtime_us=502450 existed=1[0m
[0;32mI (2082796) net_cpu: case=110 task=uiT id=1 runtime_us=39568 existed=1[0m
[0;32mI (2082804) net_cpu: case=110 task=httpd id=9 runtime_us=90458 existed=1[0m
[0;32mI (2082811) net_cpu: case=110 task=ppT id=7 runtime_us=501563 existed=1[0m
[0;32mI (2082819) net_cpu: case=110 task=sys_evt id=6 runtime_us=0 existed=1[0m
[0;32mI (2082826) net_cpu: case=110 task=Tmr Svc id=3 runtime_us=0 existed=1[0m
[0;32mI (2082835) net_bench: case=110 output=0 wall_us=20044003 bytes=160751 open_us=80379 error=0 rssi=-70 heap_min=14632[0m
[0;32mI (2082845) net_bench: case=110 recv_total_us=423489 recv_positive_us=274458 recv_empty_us=149031[0m
[0;32mI (2082854) net_bench: case=110 cpu_lean=1 gap_metrics_valid=0 heap_is_final=1[0m
[0;32mI (2082862) net_bench: case=110 sampled_heap_min=13864 rx_gap_tick_ms=254 wait_calls=915[0m
[0;32mI (2082871) net_bench: case=110 calls=1220 empty=915 rx_gap_us=0 app_gap_us=0 empty_wait_us=0 recv_max_us=3799 commit_max_us=0 ready_max=0 ready_probes=0[0m
[0;32mI (2082885) net_bench: case=110 pcm_frames=0 rate=0 eof=1884 underrun=1883 stack=1180[0m
[0;32mI (2082894) net_bench: case=110 second=0 bytes=8192 rssi=-80[0m
[0;32mI (2082900) net_bench: case=110 second=1 bytes=8245 rssi=-79[0m
[0;32mI (2082906) net_bench: case=110 second=2 bytes=8245 rssi=-81[0m
[0;32mI (2082913) net_bench: case=110 second=3 bytes=8245 rssi=-80[0m
[0;32mI (2082919) net_bench: case=110 second=4 bytes=7221 rssi=-81[0m
[0;32mI (2082925) net_bench: case=110 second=5 bytes=8245 rssi=-72[0m
[0;32mI (2082932) net_bench: case=110 second=6 bytes=8245 rssi=-72[0m
[0;32mI (2082938) net_bench: case=110 second=7 bytes=8245 rssi=-72[0m
[0;32mI (2082944) net_bench: case=110 second=8 bytes=8245 rssi=-71[0m
[0;32mI (2082951) net_bench: case=110 second=9 bytes=7221 rssi=-70[0m
[0;32mI (2082957) net_bench: case=110 second=10 bytes=8245 rssi=-81[0m
[0;32mI (2082963) net_bench: case=110 second=11 bytes=8245 rssi=-81[0m
[0;32mI (2082970) net_bench: case=110 second=12 bytes=8245 rssi=-80[0m
[0;32mI (2082976) net_bench: case=110 second=13 bytes=7221 rssi=-79[0m
[0;32mI (2082983) net_bench: case=110 second=14 bytes=8245 rssi=-80[0m
[0;32mI (2082989) net_bench: case=110 second=15 bytes=7757 rssi=-71[0m
[0;32mI (2082995) net_bench: case=110 second=16 bytes=8733 rssi=-73[0m
[0;32mI (2083002) net_bench: case=110 second=17 bytes=7757 rssi=-71[0m
[0;32mI (2083008) net_bench: case=110 second=18 bytes=7221 rssi=-72[0m
[0;32mI (2083014) net_bench: case=110 second=19 bytes=8733 rssi=-71[0m
[0;32mI (2084022) net_bench: case=111 path=/aac-64?rate=64 output=0 begin rssi=-71 round=6 fixture=3 variant=1 wait_ms=25 read_limit=512 batch=1[0m
[0;32mI (2104144) net_cpu: case=111 valid=1 total_us=20058063 tasks_before=8 tasks_after=8 snapshot_bytes=1440[0m
[0;32mI (2104146) net_cpu: case=111 task=audio id=4 runtime_us=1031820 existed=1[0m
[0;32mI (2104153) net_cpu: case=111 task=IDLE id=2 runtime_us=17858641 existed=1[0m
[0;32mI (2104160) net_cpu: case=111 task=tiT id=5 runtime_us=530349 existed=1[0m
[0;32mI (2104167) net_cpu: case=111 task=uiT id=1 runtime_us=39713 existed=1[0m
[0;32mI (2104174) net_cpu: case=111 task=httpd id=9 runtime_us=90751 existed=1[0m
[0;32mI (2104182) net_cpu: case=111 task=ppT id=7 runtime_us=508497 existed=1[0m
[0;32mI (2104190) net_cpu: case=111 task=sys_evt id=6 runtime_us=0 existed=1[0m
[0;32mI (2104196) net_cpu: case=111 task=Tmr Svc id=3 runtime_us=0 existed=1[0m
[0;32mI (2104205) net_bench: case=111 output=0 wall_us=20030552 bytes=160751 open_us=76951 error=0 rssi=-81 heap_min=14636[0m
[0;32mI (2104215) net_bench: case=111 recv_total_us=498893 recv_positive_us=358474 recv_empty_us=140419[0m
[0;32mI (2104224) net_bench: case=111 cpu_lean=1 gap_metrics_valid=0 heap_is_final=1[0m
[0;32mI (2104232) net_bench: case=111 sampled_heap_min=13988 rx_gap_tick_ms=254 wait_calls=880[0m
[0;32mI (2104241) net_bench: case=111 calls=1326 empty=880 rx_gap_us=0 app_gap_us=0 empty_wait_us=0 recv_max_us=3223 commit_max_us=0 ready_max=0 ready_probes=0[0m
[0;32mI (2104255) net_bench: case=111 pcm_frames=0 rate=0 eof=1884 underrun=1883 stack=1180[0m
[0;32mI (2104264) net_bench: case=111 second=0 bytes=8192 rssi=-82[0m
[0;32mI (2104270) net_bench: case=111 second=1 bytes=8245 rssi=-72[0m
[0;32mI (2104276) net_bench: case=111 second=2 bytes=8245 rssi=-71[0m
[0;32mI (2104283) net_bench: case=111 second=3 bytes=8245 rssi=-71[0m
[0;32mI (2104289) net_bench: case=111 second=4 bytes=7221 rssi=-72[0m
[0;32mI (2104295) net_bench: case=111 second=5 bytes=8245 rssi=-71[0m
[0;32mI (2104302) net_bench: case=111 second=6 bytes=7757 rssi=-80[0m
[0;32mI (2104308) net_bench: case=111 second=7 bytes=8733 rssi=-82[0m
[0;32mI (2104314) net_bench: case=111 second=8 bytes=7221 rssi=-81[0m
[0;32mI (2104320) net_bench: case=111 second=9 bytes=8245 rssi=-80[0m
[0;32mI (2104327) net_bench: case=111 second=10 bytes=8245 rssi=-71[0m
[0;32mI (2104333) net_bench: case=111 second=11 bytes=8245 rssi=-71[0m
[0;32mI (2104340) net_bench: case=111 second=12 bytes=8245 rssi=-72[0m
[0;32mI (2104346) net_bench: case=111 second=13 bytes=7221 rssi=-72[0m
[0;32mI (2104352) net_bench: case=111 second=14 bytes=8245 rssi=-71[0m
[0;32mI (2104359) net_bench: case=111 second=15 bytes=8245 rssi=-72[0m
[0;32mI (2104365) net_bench: case=111 second=16 bytes=8245 rssi=-80[0m
[0;32mI (2104372) net_bench: case=111 second=17 bytes=8245 rssi=-80[0m
[0;32mI (2104378) net_bench: case=111 second=18 bytes=7221 rssi=-81[0m
[0;32mI (2104385) net_bench: case=111 second=19 bytes=8245 rssi=-81[0m
[0;32mI (2105392) net_bench: case=112 path=/mp3-320?rate=0 output=0 begin rssi=-80 round=7 fixture=0 variant=3 wait_ms=25 read_limit=1024 batch=4[0m
[0;32mI (2125532) net_cpu: case=112 valid=1 total_us=20068281 tasks_before=8 tasks_after=8 snapshot_bytes=1440[0m
[0;32mI (2125534) net_cpu: case=112 task=audio id=4 runtime_us=3920339 existed=1[0m
[0;32mI (2125541) net_cpu: case=112 task=IDLE id=2 runtime_us=10562481 existed=1[0m
[0;32mI (2125548) net_cpu: case=112 task=tiT id=5 runtime_us=3120117 existed=1[0m
[0;32mI (2125555) net_cpu: case=112 task=uiT id=1 runtime_us=38879 existed=1[0m
[0;32mI (2125563) net_cpu: case=112 task=httpd id=9 runtime_us=91182 existed=1[0m
[0;32mI (2125570) net_cpu: case=112 task=ppT id=7 runtime_us=2335347 existed=1[0m
[0;32mI (2125577) net_cpu: case=112 task=sys_evt id=6 runtime_us=0 existed=1[0m
[0;32mI (2125585) net_cpu: case=112 task=Tmr Svc id=3 runtime_us=0 existed=1[0m
[0;32mI (2125593) net_bench: case=112 output=0 wall_us=20040283 bytes=1444432 open_us=84501 error=0 rssi=-72 heap_min=10944[0m
[0;32mI (2125603) net_bench: case=112 recv_total_us=2682105 recv_positive_us=2180151 recv_empty_us=501954[0m
[0;32mI (2125613) net_bench: case=112 cpu_lean=1 gap_metrics_valid=0 heap_is_final=1[0m
[0;32mI (2125621) net_bench: case=112 sampled_heap_min=10944 rx_gap_tick_ms=341 wait_calls=2730[0m
[0;32mI (2125629) net_bench: case=112 calls=5378 empty=2730 rx_gap_us=0 app_gap_us=0 empty_wait_us=0 recv_max_us=4466 commit_max_us=0 ready_max=0 ready_probes=0[0m
[0;32mI (2125644) net_bench: case=112 pcm_frames=0 rate=0 eof=1885 underrun=1884 stack=1180[0m
[0;32mI (2125652) net_bench: case=112 second=0 bytes=89200 rssi=-72[0m
[0;32mI (2125659) net_bench: case=112 second=1 bytes=87904 rssi=-79[0m
[0;32mI (2125665) net_bench: case=112 second=2 bytes=71344 rssi=-80[0m
[0;32mI (2125672) net_bench: case=112 second=3 bytes=101848 rssi=-81[0m
[0;32mI (2125678) net_bench: case=112 second=4 bytes=87424 rssi=-81[0m
[0;32mI (2125684) net_bench: case=112 second=5 bytes=65208 rssi=-81[0m
[0;32mI (2125691) net_bench: case=112 second=6 bytes=64856 rssi=-80[0m
[0;32mI (2125697) net_bench: case=112 second=7 bytes=68128 rssi=-73[0m
[0;32mI (2125704) net_bench: case=112 second=8 bytes=70752 rssi=-71[0m
[0;32mI (2125710) net_bench: case=112 second=9 bytes=47760 rssi=-71[0m
[0;32mI (2125716) net_bench: case=112 second=10 bytes=36208 rssi=-72[0m
[0;32mI (2125723) net_bench: case=112 second=11 bytes=72368 rssi=-72[0m
[0;32mI (2125730) net_bench: case=112 second=12 bytes=56336 rssi=-80[0m
[0;32mI (2125736) net_bench: case=112 second=13 bytes=54728 rssi=-80[0m
[0;32mI (2125742) net_bench: case=112 second=14 bytes=96296 rssi=-80[0m
[0;32mI (2125749) net_bench: case=112 second=15 bytes=86112 rssi=-81[0m
[0;32mI (2125755) net_bench: case=112 second=16 bytes=85040 rssi=-71[0m
[0;32mI (2125762) net_bench: case=112 second=17 bytes=88736 rssi=-71[0m
[0;32mI (2125768) net_bench: case=112 second=18 bytes=47712 rssi=-72[0m
[0;32mI (2125775) net_bench: case=112 second=19 bytes=66472 rssi=-72[0m
[0;32mI (2126782) net_bench: case=113 path=/mp3-320?rate=0 output=0 begin rssi=-71 round=7 fixture=0 variant=0 wait_ms=25 read_limit=1024 batch=1[0m
[0;32mI (2146915) net_cpu: case=113 valid=1 total_us=20058232 tasks_before=8 tasks_after=8 snapshot_bytes=1440[0m
[0;32mI (2146917) net_cpu: case=113 task=audio id=4 runtime_us=3256378 existed=1[0m
[0;32mI (2146923) net_cpu: case=113 task=IDLE id=2 runtime_us=11045771 existed=1[0m
[0;32mI (2146931) net_cpu: case=113 task=tiT id=5 runtime_us=3192979 existed=1[0m
[0;32mI (2146938) net_cpu: case=113 task=uiT id=1 runtime_us=39275 existed=1[0m
[0;32mI (2146945) net_cpu: case=113 task=httpd id=9 runtime_us=92353 existed=1[0m
[0;32mI (2146952) net_cpu: case=113 task=ppT id=7 runtime_us=2431718 existed=1[0m
[0;32mI (2146960) net_cpu: case=113 task=sys_evt id=6 runtime_us=0 existed=1[0m
[0;32mI (2146967) net_cpu: case=113 task=Tmr Svc id=3 runtime_us=0 existed=1[0m
[0;32mI (2146976) net_bench: case=113 output=0 wall_us=20030251 bytes=1519544 open_us=84206 error=0 rssi=-79 heap_min=12952[0m
[0;32mI (2146985) net_bench: case=113 recv_total_us=3064871 recv_positive_us=2576110 recv_empty_us=488761[0m
[0;32mI (2146995) net_bench: case=113 cpu_lean=1 gap_metrics_valid=0 heap_is_final=1[0m
[0;32mI (2147003) net_bench: case=113 sampled_heap_min=10376 rx_gap_tick_ms=325 wait_calls=2026[0m
[0;32mI (2147012) net_bench: case=113 calls=4712 empty=2026 rx_gap_us=0 app_gap_us=0 empty_wait_us=0 recv_max_us=7033 commit_max_us=0 ready_max=0 ready_probes=0[0m
[0;32mI (2147026) net_bench: case=113 pcm_frames=0 rate=0 eof=1883 underrun=1882 stack=1180[0m
[0;32mI (2147035) net_bench: case=113 second=0 bytes=50552 rssi=-81[0m
[0;32mI (2147041) net_bench: case=113 second=1 bytes=26024 rssi=-82[0m
[0;32mI (2147048) net_bench: case=113 second=2 bytes=69144 rssi=-81[0m
[0;32mI (2147054) net_bench: case=113 second=3 bytes=128992 rssi=-71[0m
[0;32mI (2147061) net_bench: case=113 second=4 bytes=108576 rssi=-71[0m
[0;32mI (2147067) net_bench: case=113 second=5 bytes=32696 rssi=-72[0m
[0;32mI (2147073) net_bench: case=113 second=6 bytes=67000 rssi=-71[0m
[0;32mI (2147080) net_bench: case=113 second=7 bytes=74024 rssi=-81[0m
[0;32mI (2147086) net_bench: case=113 second=8 bytes=91664 rssi=-80[0m
[0;32mI (2147093) net_bench: case=113 second=9 bytes=100232 rssi=-80[0m
[0;32mI (2147099) net_bench: case=113 second=10 bytes=108328 rssi=-80[0m
[0;32mI (2147106) net_bench: case=113 second=11 bytes=80168 rssi=-79[0m
[0;32mI (2147112) net_bench: case=113 second=12 bytes=19832 rssi=-72[0m
[0;32mI (2147119) net_bench: case=113 second=13 bytes=92976 rssi=-73[0m
[0;32mI (2147125) net_bench: case=113 second=14 bytes=53120 rssi=-72[0m
[0;32mI (2147132) net_bench: case=113 second=15 bytes=89808 rssi=-72[0m
[0;32mI (2147138) net_bench: case=113 second=16 bytes=86944 rssi=-81[0m
[0;32mI (2147145) net_bench: case=113 second=17 bytes=105888 rssi=-80[0m
[0;32mI (2147151) net_bench: case=113 second=18 bytes=55264 rssi=-79[0m
[0;32mI (2147158) net_bench: case=113 second=19 bytes=78312 rssi=-80[0m
[0;32mI (2148165) net_bench: case=114 path=/mp3-320?rate=0 output=0 begin rssi=-82 round=7 fixture=0 variant=1 wait_ms=25 read_limit=512 batch=1[0m
[0;32mI (2168279) net_cpu: case=114 valid=1 total_us=20058748 tasks_before=8 tasks_after=8 snapshot_bytes=1440[0m
[0;32mI (2168283) net_cpu: case=114 task=audio id=4 runtime_us=2856273 existed=1[0m
[0;32mI (2168289) net_cpu: case=114 task=httpd id=9 runtime_us=93849 existed=1[0m
[0;32mI (2168296) net_cpu: case=114 task=uiT id=1 runtime_us=40012 existed=1[0m
[0;32mI (2168304) net_cpu: case=114 task=IDLE id=2 runtime_us=11499425 existed=1[0m
[0;32mI (2168311) net_cpu: case=114 task=tiT id=5 runtime_us=3237939 existed=1[0m
[0;32mI (2168319) net_cpu: case=114 task=ppT id=7 runtime_us=2331587 existed=1[0m
[0;32mI (2168326) net_cpu: case=114 task=sys_evt id=6 runtime_us=0 existed=1[0m
[0;32mI (2168333) net_cpu: case=114 task=Tmr Svc id=3 runtime_us=0 existed=1[0m
[0;32mI (2168342) net_bench: case=114 output=0 wall_us=20030796 bytes=1472791 open_us=68209 error=0 rssi=-71 heap_min=11548[0m
[0;32mI (2168351) net_bench: case=114 recv_total_us=3877564 recv_positive_us=3614604 recv_empty_us=262960[0m
[0;32mI (2168361) net_bench: case=114 cpu_lean=1 gap_metrics_valid=0 heap_is_final=1[0m
[0;32mI (2168369) net_bench: case=114 sampled_heap_min=10372 rx_gap_tick_ms=330 wait_calls=1232[0m
[0;32mI (2168378) net_bench: case=114 calls=5464 empty=1232 rx_gap_us=0 app_gap_us=0 empty_wait_us=0 recv_max_us=4919 commit_max_us=0 ready_max=0 ready_probes=0[0m
[0;32mI (2168392) net_bench: case=114 pcm_frames=0 rate=0 eof=1883 underrun=1882 stack=1180[0m
[0;32mI (2168401) net_bench: case=114 second=0 bytes=60440 rssi=-73[0m
[0;32mI (2168407) net_bench: case=114 second=1 bytes=92796 rssi=-71[0m
[0;32mI (2168414) net_bench: case=114 second=2 bytes=55308 rssi=-79[0m
[0;32mI (2168420) net_bench: case=114 second=3 bytes=94640 rssi=-82[0m
[0;32mI (2168426) net_bench: case=114 second=4 bytes=91520 rssi=-81[0m
[0;32mI (2168433) net_bench: case=114 second=5 bytes=100592 rssi=-79[0m
[0;32mI (2168439) net_bench: case=114 second=6 bytes=67688 rssi=-80[0m
[0;32mI (2168446) net_bench: case=114 second=7 bytes=101538 rssi=-72[0m
[0;32mI (2168452) net_bench: case=114 second=8 bytes=90792 rssi=-72[0m
[0;32mI (2168459) net_bench: case=114 second=9 bytes=41592 rssi=-72[0m
[0;32mI (2168465) net_bench: case=114 second=10 bytes=53653 rssi=-72[0m
[0;32mI (2168471) net_bench: case=114 second=11 bytes=41248 rssi=-79[0m
[0;32mI (2168478) net_bench: case=114 second=12 bytes=64080 rssi=-80[0m
[0;32mI (2168484) net_bench: case=114 second=13 bytes=34304 rssi=-81[0m
[0;32mI (2168491) net_bench: case=114 second=14 bytes=38592 rssi=-80[0m
[0;32mI (2168497) net_bench: case=114 second=15 bytes=58720 rssi=-79[0m
[0;32mI (2168504) net_bench: case=114 second=16 bytes=92960 rssi=-72[0m
[0;32mI (2168510) net_bench: case=114 second=17 bytes=139656 rssi=-72[0m
[0;32mI (2168517) net_bench: case=114 second=18 bytes=70216 rssi=-71[0m
[0;32mI (2168523) net_bench: case=114 second=19 bytes=82456 rssi=-72[0m
[0;32mI (2169531) net_bench: case=115 path=/mp3-320?rate=0 output=0 begin rssi=-71 round=7 fixture=0 variant=2 wait_ms=25 read_limit=1536 batch=1[0m
[0;32mI (2189662) net_cpu: case=115 valid=1 total_us=20067402 tasks_before=8 tasks_after=8 snapshot_bytes=1440[0m
[0;32mI (2189664) net_cpu: case=115 task=audio id=4 runtime_us=3729538 existed=1[0m
[0;32mI (2189671) net_cpu: case=115 task=IDLE id=2 runtime_us=9148325 existed=1[0m
[0;32mI (2189678) net_cpu: case=115 task=uiT id=1 runtime_us=39077 existed=1[0m
[0;32mI (2189685) net_cpu: case=115 task=tiT id=5 runtime_us=4032406 existed=1[0m
[0;32mI (2189693) net_cpu: case=115 task=httpd id=9 runtime_us=93285 existed=1[0m
[0;32mI (2189700) net_cpu: case=115 task=ppT id=7 runtime_us=3025216 existed=1[0m
[0;32mI (2189707) net_cpu: case=115 task=sys_evt id=6 runtime_us=0 existed=1[0m
[0;32mI (2189714) net_cpu: case=115 task=Tmr Svc id=3 runtime_us=0 existed=1[0m
[0;32mI (2189723) net_bench: case=115 output=0 wall_us=20039386 bytes=1999800 open_us=77115 error=0 rssi=-80 heap_min=10936[0m
[0;32mI (2189733) net_bench: case=115 recv_total_us=3971040 recv_positive_us=3377756 recv_empty_us=593284[0m
[0;32mI (2189744) net_bench: case=115 cpu_lean=1 gap_metrics_valid=0 heap_is_final=1[0m
[0;32mI (2189752) net_bench: case=115 sampled_heap_min=10372 rx_gap_tick_ms=334 wait_calls=2268[0m
[0;32mI (2189760) net_bench: case=115 calls=5338 empty=2268 rx_gap_us=0 app_gap_us=0 empty_wait_us=0 recv_max_us=8703 commit_max_us=0 ready_max=0 ready_probes=0[0m
[0;32mI (2189775) net_bench: case=115 pcm_frames=0 rate=0 eof=1884 underrun=1883 stack=1180[0m
[0;32mI (2189783) net_bench: case=115 second=0 bytes=87056 rssi=-81[0m
[0;32mI (2189790) net_bench: case=115 second=1 bytes=105112 rssi=-81[0m
[0;32mI (2189796) net_bench: case=115 second=2 bytes=117200 rssi=-71[0m
[0;32mI (2189803) net_bench: case=115 second=3 bytes=98736 rssi=-72[0m
[0;32mI (2189809) net_bench: case=115 second=4 bytes=94928 rssi=-72[0m
[0;32mI (2189815) net_bench: case=115 second=5 bytes=106776 rssi=-73[0m
[0;32mI (2189822) net_bench: case=115 second=6 bytes=141024 rssi=-71[0m
[0;32mI (2189828) net_bench: case=115 second=7 bytes=98736 rssi=-82[0m
[0;32mI (2189835) net_bench: case=115 second=8 bytes=82064 rssi=-79[0m
[0;32mI (2189841) net_bench: case=115 second=9 bytes=149120 rssi=-81[0m
[0;32mI (2189848) net_bench: case=115 second=10 bytes=105408 rssi=-80[0m
[0;32mI (2189855) net_bench: case=115 second=11 bytes=56632 rssi=-72[0m
[0;32mI (2189861) net_bench: case=115 second=12 bytes=97664 rssi=-72[0m
[0;32mI (2189867) net_bench: case=115 second=13 bytes=95464 rssi=-73[0m
[0;32mI (2189874) net_bench: case=115 second=14 bytes=106408 rssi=-73[0m
[0;32mI (2189880) net_bench: case=115 second=15 bytes=105352 rssi=-71[0m
[0;32mI (2189887) net_bench: case=115 second=16 bytes=92784 rssi=-71[0m
[0;32mI (2189893) net_bench: case=115 second=17 bytes=31384 rssi=-80[0m
[0;32mI (2189900) net_bench: case=115 second=18 bytes=133560 rssi=-79[0m
[0;32mI (2189906) net_bench: case=115 second=19 bytes=94392 rssi=-81[0m
[0;32mI (2190914) net_bench: case=116 path=/mp3-128?rate=128 output=0 begin rssi=-80 round=7 fixture=1 variant=3 wait_ms=25 read_limit=1024 batch=4[0m
[0;32mI (2211029) net_cpu: case=116 valid=1 total_us=20053063 tasks_before=8 tasks_after=8 snapshot_bytes=1440[0m
[0;32mI (2211031) net_cpu: case=116 task=audio id=4 runtime_us=1332936 existed=1[0m
[0;32mI (2211037) net_cpu: case=116 task=IDLE id=2 runtime_us=17036542 existed=1[0m
[0;32mI (2211045) net_cpu: case=116 task=tiT id=5 runtime_us=831490 existed=1[0m
[0;32mI (2211052) net_cpu: case=116 task=uiT id=1 runtime_us=38757 existed=1[0m
[0;32mI (2211059) net_cpu: case=116 task=httpd id=9 runtime_us=90622 existed=1[0m
[0;32mI (2211066) net_cpu: case=116 task=ppT id=7 runtime_us=724388 existed=1[0m
[0;32mI (2211074) net_cpu: case=116 task=sys_evt id=6 runtime_us=0 existed=1[0m
[0;32mI (2211081) net_cpu: case=116 task=Tmr Svc id=3 runtime_us=0 existed=1[0m
[0;32mI (2211090) net_bench: case=116 output=0 wall_us=20025447 bytes=321250 open_us=74025 error=0 rssi=-71 heap_min=12352[0m
[0;32mI (2211099) net_bench: case=116 recv_total_us=733573 recv_positive_us=543838 recv_empty_us=189735[0m
[0;32mI (2211109) net_bench: case=116 cpu_lean=1 gap_metrics_valid=0 heap_is_final=1[0m
[0;32mI (2211117) net_bench: case=116 sampled_heap_min=11708 rx_gap_tick_ms=175 wait_calls=1105[0m
[0;32mI (2211126) net_bench: case=116 calls=1647 empty=1105 rx_gap_us=0 app_gap_us=0 empty_wait_us=0 recv_max_us=3902 commit_max_us=0 ready_max=0 ready_probes=0[0m
[0;32mI (2211140) net_bench: case=116 pcm_frames=0 rate=0 eof=1883 underrun=1882 stack=1180[0m
[0;32mI (2211148) net_bench: case=116 second=0 bytes=16384 rssi=-70[0m
[0;32mI (2211155) net_bench: case=116 second=1 bytes=15694 rssi=-71[0m
[0;32mI (2211161) net_bench: case=116 second=2 bytes=16718 rssi=-80[0m
[0;32mI (2211167) net_bench: case=116 second=3 bytes=15694 rssi=-81[0m
[0;32mI (2211174) net_bench: case=116 second=4 bytes=15694 rssi=-81[0m
[0;32mI (2211180) net_bench: case=116 second=5 bytes=16718 rssi=-80[0m
[0;32mI (2211187) net_bench: case=116 second=6 bytes=15694 rssi=-81[0m
[0;32mI (2211193) net_bench: case=116 second=7 bytes=16230 rssi=-71[0m
[0;32mI (2211200) net_bench: case=116 second=8 bytes=16182 rssi=-71[0m
[0;32mI (2211206) net_bench: case=116 second=9 bytes=15694 rssi=-72[0m
[0;32mI (2211212) net_bench: case=116 second=10 bytes=15694 rssi=-71[0m
[0;32mI (2211219) net_bench: case=116 second=11 bytes=16718 rssi=-71[0m
[0;32mI (2211225) net_bench: case=116 second=12 bytes=15694 rssi=-81[0m
[0;32mI (2211232) net_bench: case=116 second=13 bytes=16230 rssi=-81[0m
[0;32mI (2211238) net_bench: case=116 second=14 bytes=16182 rssi=-81[0m
[0;32mI (2211245) net_bench: case=116 second=15 bytes=15694 rssi=-82[0m
[0;32mI (2211251) net_bench: case=116 second=16 bytes=16718 rssi=-81[0m
[0;32mI (2211258) net_bench: case=116 second=17 bytes=15694 rssi=-72[0m
[0;32mI (2211264) net_bench: case=116 second=18 bytes=15206 rssi=-71[0m
[0;32mI (2211271) net_bench: case=116 second=19 bytes=16718 rssi=-72[0m
[0;32mI (2212278) net_bench: case=117 path=/mp3-128?rate=128 output=0 begin rssi=-72 round=7 fixture=1 variant=0 wait_ms=25 read_limit=1024 batch=1[0m
[0;32mI (2232412) net_cpu: case=117 valid=1 total_us=20073529 tasks_before=8 tasks_after=8 snapshot_bytes=1440[0m
[0;32mI (2232414) net_cpu: case=117 task=audio id=4 runtime_us=1362536 existed=1[0m
[0;32mI (2232421) net_cpu: case=117 task=IDLE id=2 runtime_us=16959564 existed=1[0m
[0;32mI (2232428) net_cpu: case=117 task=tiT id=5 runtime_us=873039 existed=1[0m
[0;32mI (2232435) net_cpu: case=117 task=uiT id=1 runtime_us=38739 existed=1[0m
[0;32mI (2232443) net_cpu: case=117 task=httpd id=9 runtime_us=90967 existed=1[0m
[0;32mI (2232450) net_cpu: case=117 task=ppT id=7 runtime_us=749259 existed=1[0m
[0;32mI (2232457) net_cpu: case=117 task=sys_evt id=6 runtime_us=0 existed=1[0m
[0;32mI (2232464) net_cpu: case=117 task=Tmr Svc id=3 runtime_us=0 existed=1[0m
[0;32mI (2232473) net_bench: case=117 output=0 wall_us=20045917 bytes=321738 open_us=73524 error=0 rssi=-81 heap_min=12948[0m
[0;32mI (2232483) net_bench: case=117 recv_total_us=752941 recv_positive_us=564797 recv_empty_us=188144[0m
[0;32mI (2232493) net_bench: case=117 cpu_lean=1 gap_metrics_valid=0 heap_is_final=1[0m
[0;32mI (2232501) net_bench: case=117 sampled_heap_min=11612 rx_gap_tick_ms=428 wait_calls=1108[0m
[0;32mI (2232510) net_bench: case=117 calls=1699 empty=1108 rx_gap_us=0 app_gap_us=0 empty_wait_us=0 recv_max_us=3524 commit_max_us=0 ready_max=0 ready_probes=0[0m
[0;32mI (2232524) net_bench: case=117 pcm_frames=0 rate=0 eof=1884 underrun=1883 stack=1180[0m
[0;32mI (2232533) net_bench: case=117 second=0 bytes=16384 rssi=-80[0m
[0;32mI (2232539) net_bench: case=117 second=1 bytes=15694 rssi=-80[0m
[0;32mI (2232546) net_bench: case=117 second=2 bytes=16718 rssi=-71[0m
[0;32mI (2232552) net_bench: case=117 second=3 bytes=15694 rssi=-71[0m
[0;32mI (2232559) net_bench: case=117 second=4 bytes=11598 rssi=-71[0m
[0;32mI (2232565) net_bench: case=117 second=5 bytes=20326 rssi=-71[0m
[0;32mI (2232571) net_bench: case=117 second=6 bytes=16182 rssi=-70[0m
[0;32mI (2232578) net_bench: case=117 second=7 bytes=15694 rssi=-81[0m
[0;32mI (2232584) net_bench: case=117 second=8 bytes=15206 rssi=-81[0m
[0;32mI (2232591) net_bench: case=117 second=9 bytes=17206 rssi=-81[0m
[0;32mI (2232597) net_bench: case=117 second=10 bytes=16718 rssi=-79[0m
[0;32mI (2232603) net_bench: case=117 second=11 bytes=15694 rssi=-80[0m
[0;32mI (2232610) net_bench: case=117 second=12 bytes=15694 rssi=-72[0m
[0;32mI (2232616) net_bench: case=117 second=13 bytes=16718 rssi=-71[0m
[0;32mI (2232623) net_bench: case=117 second=14 bytes=15694 rssi=-72[0m
[0;32mI (2232629) net_bench: case=117 second=15 bytes=15694 rssi=-71[0m
[0;32mI (2232636) net_bench: case=117 second=16 bytes=15694 rssi=-81[0m
[0;32mI (2232642) net_bench: case=117 second=17 bytes=16718 rssi=-80[0m
[0;32mI (2232649) net_bench: case=117 second=18 bytes=15694 rssi=-81[0m
[0;32mI (2232655) net_bench: case=117 second=19 bytes=16718 rssi=-80[0m
[0;32mI (2233663) net_bench: case=118 path=/mp3-128?rate=128 output=0 begin rssi=-80 round=7 fixture=1 variant=1 wait_ms=25 read_limit=512 batch=1[0m
[0;32mI (2253785) net_cpu: case=118 valid=1 total_us=20058735 tasks_before=8 tasks_after=8 snapshot_bytes=1440[0m
[0;32mI (2253787) net_cpu: case=118 task=audio id=4 runtime_us=1262947 existed=1[0m
[0;32mI (2253794) net_cpu: case=118 task=IDLE id=2 runtime_us=17047965 existed=1[0m
[0;32mI (2253801) net_cpu: case=118 task=uiT id=1 runtime_us=39065 existed=1[0m
[0;32mI (2253808) net_cpu: case=118 task=tiT id=5 runtime_us=875369 existed=1[0m
[0;32mI (2253816) net_cpu: case=118 task=httpd id=9 runtime_us=90203 existed=1[0m
[0;32mI (2253823) net_cpu: case=118 task=ppT id=7 runtime_us=743645 existed=1[0m
[0;32mI (2253830) net_cpu: case=118 task=sys_evt id=6 runtime_us=0 existed=1[0m
[0;32mI (2253837) net_cpu: case=118 task=Tmr Svc id=3 runtime_us=0 existed=1[0m
[0;32mI (2253846) net_bench: case=118 output=0 wall_us=20030114 bytes=320714 open_us=76338 error=0 rssi=-72 heap_min=12948[0m
[0;32mI (2253858) net_bench: case=118 recv_total_us=848866 recv_positive_us=695182 recv_empty_us=153684[0m
[0;32mI (2253865) net_bench: case=118 cpu_lean=1 gap_metrics_valid=0 heap_is_final=1[0m
[0;32mI (2253873) net_bench: case=118 sampled_heap_min=10420 rx_gap_tick_ms=135 wait_calls=969[0m
[0;32mI (2253882) net_bench: case=118 calls=1724 empty=969 rx_gap_us=0 app_gap_us=0 empty_wait_us=0 recv_max_us=3245 commit_max_us=0 ready_max=0 ready_probes=0[0m
[0;32mI (2253896) net_bench: case=118 pcm_frames=0 rate=0 eof=1883 underrun=1882 stack=1180[0m
[0;32mI (2253905) net_bench: case=118 second=0 bytes=16384 rssi=-72[0m
[0;32mI (2253911) net_bench: case=118 second=1 bytes=15694 rssi=-71[0m
[0;32mI (2253917) net_bench: case=118 second=2 bytes=16718 rssi=-80[0m
[0;32mI (2253924) net_bench: case=118 second=3 bytes=15694 rssi=-80[0m
[0;32mI (2253930) net_bench: case=118 second=4 bytes=16718 rssi=-80[0m
[0;32mI (2253937) net_bench: case=118 second=5 bytes=15694 rssi=-79[0m
[0;32mI (2253943) net_bench: case=118 second=6 bytes=15694 rssi=-82[0m
[0;32mI (2253950) net_bench: case=118 second=7 bytes=15694 rssi=-71[0m
[0;32mI (2253956) net_bench: case=118 second=8 bytes=16718 rssi=-72[0m
[0;32mI (2253962) net_bench: case=118 second=9 bytes=15694 rssi=-72[0m
[0;32mI (2253969) net_bench: case=118 second=10 bytes=15694 rssi=-73[0m
[0;32mI (2253975) net_bench: case=118 second=11 bytes=14182 rssi=-74[0m
[0;32mI (2253982) net_bench: case=118 second=12 bytes=18230 rssi=-81[0m
[0;32mI (2253988) net_bench: case=118 second=13 bytes=15694 rssi=-81[0m
[0;32mI (2253995) net_bench: case=118 second=14 bytes=16718 rssi=-80[0m
[0;32mI (2254001) net_bench: case=118 second=15 bytes=15694 rssi=-80[0m
[0;32mI (2254008) net_bench: case=118 second=16 bytes=15694 rssi=-79[0m
[0;32mI (2254014) net_bench: case=118 second=17 bytes=16718 rssi=-71[0m
[0;32mI (2254021) net_bench: case=118 second=18 bytes=15694 rssi=-71[0m
[0;32mI (2254027) net_bench: case=118 second=19 bytes=15694 rssi=-71[0m
[0;32mI (2255035) net_bench: case=119 path=/mp3-128?rate=128 output=0 begin rssi=-73 round=7 fixture=1 variant=2 wait_ms=25 read_limit=1536 batch=1[0m
[0;32mI (2275191) net_cpu: case=119 valid=1 total_us=20067344 tasks_before=8 tasks_after=8 snapshot_bytes=1440[0m
[0;32mI (2275193) net_cpu: case=119 task=audio id=4 runtime_us=1316381 existed=1[0m
[0;32mI (2275200) net_cpu: case=119 task=IDLE id=2 runtime_us=17045229 existed=1[0m
[0;32mI (2275207) net_cpu: case=119 task=uiT id=1 runtime_us=38852 existed=1[0m
[0;32mI (2275214) net_cpu: case=119 task=tiT id=5 runtime_us=843113 existed=1[0m
[0;32mI (2275222) net_cpu: case=119 task=httpd id=9 runtime_us=90931 existed=1[0m
[0;32mI (2275230) net_cpu: case=119 task=ppT id=7 runtime_us=734069 existed=1[0m
[0;32mI (2275237) net_cpu: case=119 task=sys_evt id=6 runtime_us=0 existed=1[0m
[0;32mI (2275244) net_cpu: case=119 task=Tmr Svc id=3 runtime_us=0 existed=1[0m
[0;32mI (2275254) net_bench: case=119 output=0 wall_us=20039775 bytes=321738 open_us=101286 error=0 rssi=-73 heap_min=12948[0m
[0;32mI (2275263) net_bench: case=119 recv_total_us=709829 recv_positive_us=535650 recv_empty_us=174179[0m
[0;32mI (2275272) net_bench: case=119 cpu_lean=1 gap_metrics_valid=0 heap_is_final=1[0m
[0;32mI (2275280) net_bench: case=119 sampled_heap_min=11584 rx_gap_tick_ms=164 wait_calls=1072[0m
[0;32mI (2275289) net_bench: case=119 calls=1630 empty=1072 rx_gap_us=0 app_gap_us=0 empty_wait_us=0 recv_max_us=3465 commit_max_us=0 ready_max=0 ready_probes=0[0m
[0;32mI (2275303) net_bench: case=119 pcm_frames=0 rate=0 eof=1885 underrun=1884 stack=1180[0m
[0;32mI (2275312) net_bench: case=119 second=0 bytes=16384 rssi=-82[0m
[0;32mI (2275318) net_bench: case=119 second=1 bytes=15694 rssi=-80[0m
[0;32mI (2275325) net_bench: case=119 second=2 bytes=16718 rssi=-80[0m
[0;32mI (2275331) net_bench: case=119 second=3 bytes=15694 rssi=-80[0m
[0;32mI (2275337) net_bench: case=119 second=4 bytes=15694 rssi=-73[0m
[0;32mI (2275344) net_bench: case=119 second=5 bytes=16718 rssi=-72[0m
[0;32mI (2275350) net_bench: case=119 second=6 bytes=15694 rssi=-71[0m
[0;32mI (2275357) net_bench: case=119 second=7 bytes=15694 rssi=-72[0m
[0;32mI (2275363) net_bench: case=119 second=8 bytes=16718 rssi=-79[0m
[0;32mI (2275369) net_bench: case=119 second=9 bytes=15694 rssi=-80[0m
[0;32mI (2275376) net_bench: case=119 second=10 bytes=16718 rssi=-81[0m
[0;32mI (2275382) net_bench: case=119 second=11 bytes=15694 rssi=-79[0m
[0;32mI (2275389) net_bench: case=119 second=12 bytes=15694 rssi=-82[0m
[0;32mI (2275395) net_bench: case=119 second=13 bytes=15694 rssi=-74[0m
[0;32mI (2275402) net_bench: case=119 second=14 bytes=16718 rssi=-72[0m
[0;32mI (2275408) net_bench: case=119 second=15 bytes=15694 rssi=-72[0m
[0;32mI (2275415) net_bench: case=119 second=16 bytes=15694 rssi=-72[0m
[0;32mI (2275421) net_bench: case=119 second=17 bytes=16718 rssi=-79[0m
[0;32mI (2275428) net_bench: case=119 second=18 bytes=15694 rssi=-81[0m
[0;32mI (2275434) net_bench: case=119 second=19 bytes=16718 rssi=-80[0m
[0;32mI (2276442) net_bench: case=120 path=/mp3-320?rate=320 output=0 begin rssi=-81 round=7 fixture=2 variant=3 wait_ms=25 read_limit=1024 batch=4[0m
[0;32mI (2296573) net_cpu: case=120 valid=1 total_us=20065820 tasks_before=8 tasks_after=8 snapshot_bytes=1440[0m
[0;32mI (2296578) net_cpu: case=120 task=audio id=4 runtime_us=2264530 existed=1[0m
[0;32mI (2296585) net_cpu: case=120 task=IDLE id=2 runtime_us=14175344 existed=1[0m
[0;32mI (2296592) net_cpu: case=120 task=tiT id=5 runtime_us=1984815 existed=1[0m
[0;32mI (2296600) net_cpu: case=120 task=uiT id=1 runtime_us=38450 existed=1[0m
[0;32mI (2296607) net_cpu: case=120 task=httpd id=9 runtime_us=91773 existed=1[0m
[0;32mI (2296614) net_cpu: case=120 task=ppT id=7 runtime_us=1512611 existed=1[0m
[0;32mI (2296622) net_cpu: case=120 task=sys_evt id=6 runtime_us=0 existed=1[0m
[0;32mI (2296629) net_cpu: case=120 task=Tmr Svc id=3 runtime_us=0 existed=1[0m
[0;32mI (2296638) net_bench: case=120 output=0 wall_us=20038008 bytes=802316 open_us=77800 error=0 rssi=-81 heap_min=12952[0m
[0;32mI (2296647) net_bench: case=120 recv_total_us=1630199 recv_positive_us=1351198 recv_empty_us=279001[0m
[0;32mI (2296657) net_bench: case=120 cpu_lean=1 gap_metrics_valid=0 heap_is_final=1[0m
[0;32mI (2296665) net_bench: case=120 sampled_heap_min=10944 rx_gap_tick_ms=524 wait_calls=1571[0m
[0;32mI (2296673) net_bench: case=120 calls=3035 empty=1571 rx_gap_us=0 app_gap_us=0 empty_wait_us=0 recv_max_us=3336 commit_max_us=0 ready_max=0 ready_probes=0[0m
[0;32mI (2296688) net_bench: case=120 pcm_frames=0 rate=0 eof=1884 underrun=1883 stack=1180[0m
[0;32mI (2296696) net_bench: case=120 second=0 bytes=39936 rssi=-72[0m
[0;32mI (2296703) net_bench: case=120 second=1 bytes=40772 rssi=-71[0m
[0;32mI (2296709) net_bench: case=120 second=2 bytes=39748 rssi=-73[0m
[0;32mI (2296716) net_bench: case=120 second=3 bytes=39260 rssi=-72[0m
[0;32mI (2296722) net_bench: case=120 second=4 bytes=41260 rssi=-78[0m
[0;32mI (2296728) net_bench: case=120 second=5 bytes=39748 rssi=-80[0m
[0;32mI (2296735) net_bench: case=120 second=6 bytes=18292 rssi=-70[0m
[0;32mI (2296741) net_bench: case=120 second=7 bytes=62228 rssi=-81[0m
[0;32mI (2296748) net_bench: case=120 second=8 bytes=40284 rssi=-79[0m
[0;32mI (2296754) net_bench: case=120 second=9 bytes=39748 rssi=-71[0m
[0;32mI (2296760) net_bench: case=120 second=10 bytes=40236 rssi=-72[0m
[0;32mI (2296767) net_bench: case=120 second=11 bytes=39748 rssi=-70[0m
[0;32mI (2296773) net_bench: case=120 second=12 bytes=39748 rssi=-71[0m
[0;32mI (2296780) net_bench: case=120 second=13 bytes=40772 rssi=-80[0m
[0;32mI (2296786) net_bench: case=120 second=14 bytes=39748 rssi=-80[0m
[0;32mI (2296793) net_bench: case=120 second=15 bytes=40772 rssi=-79[0m
[0;32mI (2296799) net_bench: case=120 second=16 bytes=39748 rssi=-81[0m
[0;32mI (2296806) net_bench: case=120 second=17 bytes=39748 rssi=-71[0m
[0;32mI (2296812) net_bench: case=120 second=18 bytes=40772 rssi=-72[0m
[0;32mI (2296819) net_bench: case=120 second=19 bytes=39748 rssi=-72[0m
[0;32mI (2297826) net_bench: case=121 path=/mp3-320?rate=320 output=0 begin rssi=-72 round=7 fixture=2 variant=0 wait_ms=25 read_limit=1024 batch=1[0m
[0;32mI (2317952) net_cpu: case=121 valid=1 total_us=20057532 tasks_before=8 tasks_after=8 snapshot_bytes=1440[0m
[0;32mI (2317958) net_cpu: case=121 task=audio id=4 runtime_us=2101188 existed=1[0m
[0;32mI (2317964) net_cpu: case=121 task=IDLE id=2 runtime_us=14424869 existed=1[0m
[0;32mI (2317971) net_cpu: case=121 task=tiT id=5 runtime_us=1920268 existed=1[0m
[0;32mI (2317979) net_cpu: case=121 task=uiT id=1 runtime_us=39017 existed=1[0m
[0;32mI (2317986) net_cpu: case=121 task=httpd id=9 runtime_us=91611 existed=1[0m
[0;32mI (2317994) net_cpu: case=121 task=ppT id=7 runtime_us=1480853 existed=1[0m
[0;32mI (2318001) net_cpu: case=121 task=sys_evt id=6 runtime_us=0 existed=1[0m
[0;32mI (2318008) net_cpu: case=121 task=Tmr Svc id=3 runtime_us=0 existed=1[0m
[0;32mI (2318017) net_bench: case=121 output=0 wall_us=20029708 bytes=795488 open_us=79364 error=0 rssi=-72 heap_min=12184[0m
[0;32mI (2318026) net_bench: case=121 recv_total_us=1606522 recv_positive_us=1328081 recv_empty_us=278441[0m
[0;32mI (2318036) net_bench: case=121 cpu_lean=1 gap_metrics_valid=0 heap_is_final=1[0m
[0;32mI (2318044) net_bench: case=121 sampled_heap_min=11612 rx_gap_tick_ms=385 wait_calls=1416[0m
[0;32mI (2318053) net_bench: case=121 calls=2834 empty=1416 rx_gap_us=0 app_gap_us=0 empty_wait_us=0 recv_max_us=3534 commit_max_us=0 ready_max=0 ready_probes=0[0m
[0;32mI (2318068) net_bench: case=121 pcm_frames=0 rate=0 eof=1883 underrun=1882 stack=1180[0m
[0;32mI (2318077) net_bench: case=121 second=0 bytes=35840 rssi=-79[0m
[0;32mI (2318083) net_bench: case=121 second=1 bytes=44868 rssi=-81[0m
[0;32mI (2318089) net_bench: case=121 second=2 bytes=39748 rssi=-80[0m
[0;32mI (2318096) net_bench: case=121 second=3 bytes=39748 rssi=-81[0m
[0;32mI (2318102) net_bench: case=121 second=4 bytes=40772 rssi=-71[0m
[0;32mI (2318109) net_bench: case=121 second=5 bytes=39748 rssi=-72[0m
[0;32mI (2318115) net_bench: case=121 second=6 bytes=39748 rssi=-71[0m
[0;32mI (2318121) net_bench: case=121 second=7 bytes=40772 rssi=-72[0m
[0;32mI (2318128) net_bench: case=121 second=8 bytes=39748 rssi=-71[0m
[0;32mI (2318134) net_bench: case=121 second=9 bytes=39748 rssi=-80[0m
[0;32mI (2318141) net_bench: case=121 second=10 bytes=40772 rssi=-80[0m
[0;32mI (2318147) net_bench: case=121 second=11 bytes=36676 rssi=-81[0m
[0;32mI (2318154) net_bench: case=121 second=12 bytes=43844 rssi=-81[0m
[0;32mI (2318160) net_bench: case=121 second=13 bytes=39748 rssi=-81[0m
[0;32mI (2318167) net_bench: case=121 second=14 bytes=39748 rssi=-73[0m
[0;32mI (2318173) net_bench: case=121 second=15 bytes=40772 rssi=-72[0m
[0;32mI (2318180) net_bench: case=121 second=16 bytes=39748 rssi=-70[0m
[0;32mI (2318186) net_bench: case=121 second=17 bytes=39748 rssi=-70[0m
[0;32mI (2318193) net_bench: case=121 second=18 bytes=40284 rssi=-71[0m
[0;32mI (2318199) net_bench: case=121 second=19 bytes=33408 rssi=-81[0m
[0;32mI (2319207) net_bench: case=122 path=/mp3-320?rate=320 output=0 begin rssi=-80 round=7 fixture=2 variant=1 wait_ms=25 read_limit=512 batch=1[0m
[0;32mI (2339320) net_cpu: case=122 valid=1 total_us=20060700 tasks_before=8 tasks_after=8 snapshot_bytes=1440[0m
[0;32mI (2339322) net_cpu: case=122 task=audio id=4 runtime_us=2045927 existed=1[0m
[0;32mI (2339329) net_cpu: case=122 task=IDLE id=2 runtime_us=14329062 existed=1[0m
[0;32mI (2339336) net_cpu: case=122 task=uiT id=1 runtime_us=38944 existed=1[0m
[0;32mI (2339343) net_cpu: case=122 task=tiT id=5 runtime_us=2049492 existed=1[0m
[0;32mI (2339351) net_cpu: case=122 task=httpd id=9 runtime_us=91339 existed=1[0m
[0;32mI (2339358) net_cpu: case=122 task=ppT id=7 runtime_us=1505978 existed=1[0m
[0;32mI (2339365) net_cpu: case=122 task=sys_evt id=6 runtime_us=0 existed=1[0m
[0;32mI (2339372) net_cpu: case=122 task=Tmr Svc id=3 runtime_us=0 existed=1[0m
[0;32mI (2339381) net_bench: case=122 output=0 wall_us=20032991 bytes=802316 open_us=65128 error=0 rssi=-79 heap_min=12948[0m
[0;32mI (2339391) net_bench: case=122 recv_total_us=1992132 recv_positive_us=1770980 recv_empty_us=221152[0m
[0;32mI (2339401) net_bench: case=122 cpu_lean=1 gap_metrics_valid=0 heap_is_final=1[0m
[0;32mI (2339408) net_bench: case=122 sampled_heap_min=10420 rx_gap_tick_ms=399 wait_calls=1189[0m
[0;32mI (2339417) net_bench: case=122 calls=3249 empty=1189 rx_gap_us=0 app_gap_us=0 empty_wait_us=0 recv_max_us=3732 commit_max_us=0 ready_max=0 ready_probes=0[0m
[0;32mI (2339432) net_bench: case=122 pcm_frames=0 rate=0 eof=1884 underrun=1883 stack=1180[0m
[0;32mI (2339440) net_bench: case=122 second=0 bytes=39936 rssi=-72[0m
[0;32mI (2339447) net_bench: case=122 second=1 bytes=40772 rssi=-73[0m
[0;32mI (2339453) net_bench: case=122 second=2 bytes=39748 rssi=-72[0m
[0;32mI (2339459) net_bench: case=122 second=3 bytes=39748 rssi=-71[0m
[0;32mI (2339466) net_bench: case=122 second=4 bytes=40772 rssi=-79[0m
[0;32mI (2339472) net_bench: case=122 second=5 bytes=39748 rssi=-80[0m
[0;32mI (2339479) net_bench: case=122 second=6 bytes=40772 rssi=-80[0m
[0;32mI (2339485) net_bench: case=122 second=7 bytes=39748 rssi=-81[0m
[0;32mI (2339491) net_bench: case=122 second=8 bytes=39748 rssi=-80[0m
[0;32mI (2339498) net_bench: case=122 second=9 bytes=40772 rssi=-71[0m
[0;32mI (2339504) net_bench: case=122 second=10 bytes=39748 rssi=-72[0m
[0;32mI (2339511) net_bench: case=122 second=11 bytes=39748 rssi=-71[0m
[0;32mI (2339517) net_bench: case=122 second=12 bytes=39748 rssi=-72[0m
[0;32mI (2339524) net_bench: case=122 second=13 bytes=40772 rssi=-72[0m
[0;32mI (2339530) net_bench: case=122 second=14 bytes=40772 rssi=-80[0m
[0;32mI (2339537) net_bench: case=122 second=15 bytes=38724 rssi=-81[0m
[0;32mI (2339543) net_bench: case=122 second=16 bytes=40772 rssi=-82[0m
[0;32mI (2339550) net_bench: case=122 second=17 bytes=39748 rssi=-81[0m
[0;32mI (2339556) net_bench: case=122 second=18 bytes=39260 rssi=-72[0m
[0;32mI (2339563) net_bench: case=122 second=19 bytes=41260 rssi=-71[0m
[0;32mI (2340570) net_bench: case=123 path=/mp3-320?rate=320 output=0 begin rssi=-70 round=7 fixture=2 variant=2 wait_ms=25 read_limit=1536 batch=1[0m
[0;32mI (2360698) net_cpu: case=123 valid=1 total_us=20059053 tasks_before=8 tasks_after=8 snapshot_bytes=1440[0m
[0;32mI (2360700) net_cpu: case=123 task=audio id=4 runtime_us=1849647 existed=1[0m
[0;32mI (2360707) net_cpu: case=123 task=IDLE id=2 runtime_us=14776022 existed=1[0m
[0;32mI (2360714) net_cpu: case=123 task=tiT id=5 runtime_us=1866742 existed=1[0m
[0;32mI (2360722) net_cpu: case=123 task=uiT id=1 runtime_us=39150 existed=1[0m
[0;32mI (2360729) net_cpu: case=123 task=httpd id=9 runtime_us=91242 existed=1[0m
[0;32mI (2360737) net_cpu: case=123 task=ppT id=7 runtime_us=1436507 existed=1[0m
[0;32mI (2360744) net_cpu: case=123 task=sys_evt id=6 runtime_us=0 existed=1[0m
[0;32mI (2360751) net_cpu: case=123 task=Tmr Svc id=3 runtime_us=0 existed=1[0m
[0;32mI (2360760) net_bench: case=123 output=0 wall_us=20031332 bytes=802316 open_us=81352 error=0 rssi=-72 heap_min=11540[0m
[0;32mI (2360769) net_bench: case=123 recv_total_us=1430776 recv_positive_us=1216857 recv_empty_us=213919[0m
[0;32mI (2360779) net_bench: case=123 cpu_lean=1 gap_metrics_valid=0 heap_is_final=1[0m
[0;32mI (2360787) net_bench: case=123 sampled_heap_min=11416 rx_gap_tick_ms=355 wait_calls=1287[0m
[0;32mI (2360795) net_bench: case=123 calls=2359 empty=1287 rx_gap_us=0 app_gap_us=0 empty_wait_us=0 recv_max_us=4049 commit_max_us=0 ready_max=0 ready_probes=0[0m
[0;32mI (2360810) net_bench: case=123 pcm_frames=0 rate=0 eof=1884 underrun=1883 stack=1180[0m
[0;32mI (2360818) net_bench: case=123 second=0 bytes=39936 rssi=-70[0m
[0;32mI (2360825) net_bench: case=123 second=1 bytes=40772 rssi=-80[0m
[0;32mI (2360831) net_bench: case=123 second=2 bytes=30532 rssi=-81[0m
[0;32mI (2360839) net_bench: case=123 second=3 bytes=48964 rssi=-81[0m
[0;32mI (2360844) net_bench: case=123 second=4 bytes=40772 rssi=-72[0m
[0;32mI (2360850) net_bench: case=123 second=5 bytes=39748 rssi=-71[0m
[0;32mI (2360857) net_bench: case=123 second=6 bytes=40284 rssi=-73[0m
[0;32mI (2360863) net_bench: case=123 second=7 bytes=40236 rssi=-70[0m
[0;32mI (2360870) net_bench: case=123 second=8 bytes=39748 rssi=-72[0m
[0;32mI (2360876) net_bench: case=123 second=9 bytes=40772 rssi=-80[0m
[0;32mI (2360883) net_bench: case=123 second=10 bytes=39748 rssi=-80[0m
[0;32mI (2360889) net_bench: case=123 second=11 bytes=39748 rssi=-79[0m
[0;32mI (2360895) net_bench: case=123 second=12 bytes=40772 rssi=-80[0m
[0;32mI (2360902) net_bench: case=123 second=13 bytes=39748 rssi=-80[0m
[0;32mI (2360908) net_bench: case=123 second=14 bytes=39748 rssi=-71[0m
[0;32mI (2360915) net_bench: case=123 second=15 bytes=40772 rssi=-70[0m
[0;32mI (2360921) net_bench: case=123 second=16 bytes=39748 rssi=-70[0m
[0;32mI (2360928) net_bench: case=123 second=17 bytes=39748 rssi=-71[0m
[0;32mI (2360934) net_bench: case=123 second=18 bytes=40772 rssi=-71[0m
[0;32mI (2360941) net_bench: case=123 second=19 bytes=39748 rssi=-81[0m
[0;32mI (2361948) net_bench: case=124 path=/aac-64?rate=64 output=0 begin rssi=-82 round=7 fixture=3 variant=3 wait_ms=25 read_limit=1024 batch=4[0m
[0;32mI (2382048) net_cpu: case=124 valid=1 total_us=20049116 tasks_before=8 tasks_after=8 snapshot_bytes=1440[0m
[0;32mI (2382050) net_cpu: case=124 task=audio id=4 runtime_us=883222 existed=1[0m
[0;32mI (2382056) net_cpu: case=124 task=IDLE id=2 runtime_us=18111268 existed=1[0m
[0;32mI (2382064) net_cpu: case=124 task=tiT id=5 runtime_us=449868 existed=1[0m
[0;32mI (2382071) net_cpu: case=124 task=uiT id=1 runtime_us=39609 existed=1[0m
[0;32mI (2382078) net_cpu: case=124 task=httpd id=9 runtime_us=91054 existed=1[0m
[0;32mI (2382086) net_cpu: case=124 task=ppT id=7 runtime_us=474294 existed=1[0m
[0;32mI (2382093) net_cpu: case=124 task=sys_evt id=6 runtime_us=0 existed=1[0m
[0;32mI (2382100) net_cpu: case=124 task=Tmr Svc id=3 runtime_us=0 existed=1[0m
[0;32mI (2382109) net_bench: case=124 output=0 wall_us=20021627 bytes=160751 open_us=63478 error=0 rssi=-71 heap_min=14464[0m
[0;32mI (2382120) net_bench: case=124 recv_total_us=380336 recv_positive_us=244862 recv_empty_us=135474[0m
[0;32mI (2382128) net_bench: case=124 cpu_lean=1 gap_metrics_valid=0 heap_is_final=1[0m
[0;32mI (2382136) net_bench: case=124 sampled_heap_min=13100 rx_gap_tick_ms=146 wait_calls=822[0m
[0;32mI (2382145) net_bench: case=124 calls=1010 empty=822 rx_gap_us=0 app_gap_us=0 empty_wait_us=0 recv_max_us=3504 commit_max_us=0 ready_max=0 ready_probes=0[0m
[0;32mI (2382159) net_bench: case=124 pcm_frames=0 rate=0 eof=1882 underrun=1881 stack=1180[0m
[0;32mI (2382168) net_bench: case=124 second=0 bytes=8192 rssi=-71[0m
[0;32mI (2382174) net_bench: case=124 second=1 bytes=8245 rssi=-71[0m
[0;32mI (2382180) net_bench: case=124 second=2 bytes=8245 rssi=-72[0m
[0;32mI (2382186) net_bench: case=124 second=3 bytes=8245 rssi=-71[0m
[0;32mI (2382193) net_bench: case=124 second=4 bytes=7221 rssi=-81[0m
[0;32mI (2382199) net_bench: case=124 second=5 bytes=8245 rssi=-85[0m
[0;32mI (2382205) net_bench: case=124 second=6 bytes=8245 rssi=-80[0m
[0;32mI (2382212) net_bench: case=124 second=7 bytes=8245 rssi=-80[0m
[0;32mI (2382218) net_bench: case=124 second=8 bytes=8245 rssi=-71[0m
[0;32mI (2382224) net_bench: case=124 second=9 bytes=7221 rssi=-71[0m
[0;32mI (2382231) net_bench: case=124 second=10 bytes=8245 rssi=-72[0m
[0;32mI (2382237) net_bench: case=124 second=11 bytes=8245 rssi=-71[0m
[0;32mI (2382244) net_bench: case=124 second=12 bytes=8245 rssi=-73[0m
[0;32mI (2382250) net_bench: case=124 second=13 bytes=7221 rssi=-81[0m
[0;32mI (2382256) net_bench: case=124 second=14 bytes=8245 rssi=-81[0m
[0;32mI (2382263) net_bench: case=124 second=15 bytes=8245 rssi=-82[0m
[0;32mI (2382269) net_bench: case=124 second=16 bytes=8245 rssi=-80[0m
[0;32mI (2382276) net_bench: case=124 second=17 bytes=8245 rssi=-79[0m
[0;32mI (2382282) net_bench: case=124 second=18 bytes=7221 rssi=-72[0m
[0;32mI (2382288) net_bench: case=124 second=19 bytes=8245 rssi=-73[0m
[0;32mI (2383296) net_bench: case=125 path=/aac-64?rate=64 output=0 begin rssi=-70 round=7 fixture=3 variant=0 wait_ms=25 read_limit=1024 batch=1[0m
[0;32mI (2403420) net_cpu: case=125 valid=1 total_us=20071184 tasks_before=8 tasks_after=8 snapshot_bytes=1440[0m
[0;32mI (2403422) net_cpu: case=125 task=audio id=4 runtime_us=877879 existed=1[0m
[0;32mI (2403428) net_cpu: case=125 task=IDLE id=2 runtime_us=18151711 existed=1[0m
[0;32mI (2403436) net_cpu: case=125 task=uiT id=1 runtime_us=39357 existed=1[0m
[0;32mI (2403443) net_cpu: case=125 task=tiT id=5 runtime_us=447274 existed=1[0m
[0;32mI (2403450) net_cpu: case=125 task=httpd id=9 runtime_us=90697 existed=1[0m
[0;32mI (2403458) net_cpu: case=125 task=ppT id=7 runtime_us=465948 existed=1[0m
[0;32mI (2403465) net_cpu: case=125 task=sys_evt id=6 runtime_us=0 existed=1[0m
[0;32mI (2403472) net_cpu: case=125 task=Tmr Svc id=3 runtime_us=0 existed=1[0m
[0;32mI (2403481) net_bench: case=125 output=0 wall_us=20043635 bytes=160751 open_us=65427 error=0 rssi=-80 heap_min=14464[0m
[0;32mI (2403491) net_bench: case=125 recv_total_us=362840 recv_positive_us=233680 recv_empty_us=129160[0m
[0;32mI (2403500) net_bench: case=125 cpu_lean=1 gap_metrics_valid=0 heap_is_final=1[0m
[0;32mI (2403508) net_bench: case=125 sampled_heap_min=13224 rx_gap_tick_ms=158 wait_calls=815[0m
[0;32mI (2403517) net_bench: case=125 calls=998 empty=815 rx_gap_us=0 app_gap_us=0 empty_wait_us=0 recv_max_us=3998 commit_max_us=0 ready_max=0 ready_probes=0[0m
[0;32mI (2403531) net_bench: case=125 pcm_frames=0 rate=0 eof=1885 underrun=1884 stack=1180[0m
[0;32mI (2403539) net_bench: case=125 second=0 bytes=8192 rssi=-81[0m
[0;32mI (2403546) net_bench: case=125 second=1 bytes=8245 rssi=-80[0m
[0;32mI (2403552) net_bench: case=125 second=2 bytes=8245 rssi=-82[0m
[0;32mI (2403558) net_bench: case=125 second=3 bytes=8245 rssi=-70[0m
[0;32mI (2403565) net_bench: case=125 second=4 bytes=7221 rssi=-70[0m
[0;32mI (2403571) net_bench: case=125 second=5 bytes=8245 rssi=-70[0m
[0;32mI (2403577) net_bench: case=125 second=6 bytes=8245 rssi=-72[0m
[0;32mI (2403584) net_bench: case=125 second=7 bytes=8245 rssi=-71[0m
[0;32mI (2403590) net_bench: case=125 second=8 bytes=8245 rssi=-79[0m
[0;32mI (2403596) net_bench: case=125 second=9 bytes=7221 rssi=-80[0m
[0;32mI (2403603) net_bench: case=125 second=10 bytes=8245 rssi=-80[0m
[0;32mI (2403609) net_bench: case=125 second=11 bytes=8245 rssi=-80[0m
[0;32mI (2403615) net_bench: case=125 second=12 bytes=8245 rssi=-79[0m
[0;32mI (2403622) net_bench: case=125 second=13 bytes=7221 rssi=-71[0m
[0;32mI (2403628) net_bench: case=125 second=14 bytes=8245 rssi=-71[0m
[0;32mI (2403635) net_bench: case=125 second=15 bytes=8245 rssi=-71[0m
[0;32mI (2403641) net_bench: case=125 second=16 bytes=8245 rssi=-70[0m
[0;32mI (2403647) net_bench: case=125 second=17 bytes=8245 rssi=-80[0m
[0;32mI (2403654) net_bench: case=125 second=18 bytes=7221 rssi=-80[0m
[0;32mI (2403660) net_bench: case=125 second=19 bytes=8245 rssi=-79[0m
[0;32mI (2404668) net_bench: case=126 path=/aac-64?rate=64 output=0 begin rssi=-80 round=7 fixture=3 variant=1 wait_ms=25 read_limit=512 batch=1[0m
[0;32mI (2424783) net_cpu: case=126 valid=1 total_us=20051932 tasks_before=8 tasks_after=8 snapshot_bytes=1440[0m
[0;32mI (2424785) net_cpu: case=126 task=audio id=4 runtime_us=925809 existed=1[0m
[0;32mI (2424791) net_cpu: case=126 task=IDLE id=2 runtime_us=18028487 existed=1[0m
[0;32mI (2424799) net_cpu: case=126 task=tiT id=5 runtime_us=477397 existed=1[0m
[0;32mI (2424806) net_cpu: case=126 task=uiT id=1 runtime_us=39256 existed=1[0m
[0;32mI (2424813) net_cpu: case=126 task=httpd id=9 runtime_us=90851 existed=1[0m
[0;32mI (2424821) net_cpu: case=126 task=ppT id=7 runtime_us=491981 existed=1[0m
[0;32mI (2424828) net_cpu: case=126 task=sys_evt id=6 runtime_us=0 existed=1[0m
[0;32mI (2424836) net_cpu: case=126 task=Tmr Svc id=3 runtime_us=0 existed=1[0m
[0;32mI (2424845) net_bench: case=126 output=0 wall_us=20024425 bytes=160751 open_us=75960 error=0 rssi=-71 heap_min=14464[0m
[0;32mI (2424855) net_bench: case=126 recv_total_us=413695 recv_positive_us=284413 recv_empty_us=129282[0m
[0;32mI (2424864) net_bench: case=126 cpu_lean=1 gap_metrics_valid=0 heap_is_final=1[0m
[0;32mI (2424872) net_bench: case=126 sampled_heap_min=13100 rx_gap_tick_ms=265 wait_calls=818[0m
[0;32mI (2424881) net_bench: case=126 calls=1156 empty=818 rx_gap_us=0 app_gap_us=0 empty_wait_us=0 recv_max_us=3251 commit_max_us=0 ready_max=0 ready_probes=0[0m
[0;32mI (2424895) net_bench: case=126 pcm_frames=0 rate=0 eof=1882 underrun=1881 stack=1180[0m
[0;32mI (2424904) net_bench: case=126 second=0 bytes=8192 rssi=-70[0m
[0;32mI (2424910) net_bench: case=126 second=1 bytes=8245 rssi=-71[0m
[0;32mI (2424916) net_bench: case=126 second=2 bytes=8245 rssi=-71[0m
[0;32mI (2424923) net_bench: case=126 second=3 bytes=8245 rssi=-80[0m
[0;32mI (2424929) net_bench: case=126 second=4 bytes=7221 rssi=-80[0m
[0;32mI (2424935) net_bench: case=126 second=5 bytes=8245 rssi=-81[0m
[0;32mI (2424941) net_bench: case=126 second=6 bytes=8245 rssi=-81[0m
[0;32mI (2424948) net_bench: case=126 second=7 bytes=8245 rssi=-79[0m
[0;32mI (2424954) net_bench: case=126 second=8 bytes=7221 rssi=-79[0m
[0;32mI (2424961) net_bench: case=126 second=9 bytes=8245 rssi=-72[0m
[0;32mI (2424967) net_bench: case=126 second=10 bytes=8245 rssi=-70[0m
[0;32mI (2424973) net_bench: case=126 second=11 bytes=8245 rssi=-71[0m
[0;32mI (2424980) net_bench: case=126 second=12 bytes=8245 rssi=-71[0m
[0;32mI (2424986) net_bench: case=126 second=13 bytes=7221 rssi=-80[0m
[0;32mI (2424992) net_bench: case=126 second=14 bytes=8245 rssi=-80[0m
[0;32mI (2424999) net_bench: case=126 second=15 bytes=8245 rssi=-80[0m
[0;32mI (2425005) net_bench: case=126 second=16 bytes=8245 rssi=-80[0m
[0;32mI (2425012) net_bench: case=126 second=17 bytes=8245 rssi=-80[0m
[0;32mI (2425018) net_bench: case=126 second=18 bytes=7221 rssi=-71[0m
[0;32mI (2425024) net_bench: case=126 second=19 bytes=8245 rssi=-71[0m
[0;32mI (2426032) net_bench: case=127 path=/aac-64?rate=64 output=0 begin rssi=-71 round=7 fixture=3 variant=2 wait_ms=25 read_limit=1536 batch=1[0m
[0;32mI (2446167) net_cpu: case=127 valid=1 total_us=20074070 tasks_before=8 tasks_after=8 snapshot_bytes=1440[0m
[0;32mI (2446169) net_cpu: case=127 task=audio id=4 runtime_us=886272 existed=1[0m
[0;32mI (2446175) net_cpu: case=127 task=IDLE id=2 runtime_us=18109368 existed=1[0m
[0;32mI (2446183) net_cpu: case=127 task=tiT id=5 runtime_us=455793 existed=1[0m
[0;32mI (2446190) net_cpu: case=127 task=uiT id=1 runtime_us=39305 existed=1[0m
[0;32mI (2446198) net_cpu: case=127 task=httpd id=9 runtime_us=91094 existed=1[0m
[0;32mI (2446205) net_cpu: case=127 task=ppT id=7 runtime_us=493959 existed=1[0m
[0;32mI (2446212) net_cpu: case=127 task=sys_evt id=6 runtime_us=0 existed=1[0m
[0;32mI (2446219) net_cpu: case=127 task=Tmr Svc id=3 runtime_us=0 existed=1[0m
[0;32mI (2446228) net_bench: case=127 output=0 wall_us=20046552 bytes=160751 open_us=73531 error=0 rssi=-81 heap_min=14464[0m
[0;32mI (2446238) net_bench: case=127 recv_total_us=345715 recv_positive_us=216666 recv_empty_us=129049[0m
[0;32mI (2446247) net_bench: case=127 cpu_lean=1 gap_metrics_valid=0 heap_is_final=1[0m
[0;32mI (2446255) net_bench: case=127 sampled_heap_min=13224 rx_gap_tick_ms=265 wait_calls=818[0m
[0;32mI (2446264) net_bench: case=127 calls=997 empty=818 rx_gap_us=0 app_gap_us=0 empty_wait_us=0 recv_max_us=3640 commit_max_us=0 ready_max=0 ready_probes=0[0m
[0;32mI (2446278) net_bench: case=127 pcm_frames=0 rate=0 eof=1885 underrun=1884 stack=1180[0m
[0;32mI (2446286) net_bench: case=127 second=0 bytes=8192 rssi=-80[0m
[0;32mI (2446293) net_bench: case=127 second=1 bytes=8245 rssi=-80[0m
[0;32mI (2446299) net_bench: case=127 second=2 bytes=8245 rssi=-74[0m
[0;32mI (2446305) net_bench: case=127 second=3 bytes=8245 rssi=-71[0m
[0;32mI (2446312) net_bench: case=127 second=4 bytes=7221 rssi=-71[0m
[0;32mI (2446318) net_bench: case=127 second=5 bytes=8245 rssi=-71[0m
[0;32mI (2446324) net_bench: case=127 second=6 bytes=8245 rssi=-72[0m
[0;32mI (2446331) net_bench: case=127 second=7 bytes=8245 rssi=-81[0m
[0;32mI (2446337) net_bench: case=127 second=8 bytes=7221 rssi=-82[0m
[0;32mI (2446343) net_bench: case=127 second=9 bytes=8245 rssi=-81[0m
[0;32mI (2446350) net_bench: case=127 second=10 bytes=8245 rssi=-80[0m
[0;32mI (2446356) net_bench: case=127 second=11 bytes=8245 rssi=-81[0m
[0;32mI (2446362) net_bench: case=127 second=12 bytes=8245 rssi=-71[0m
[0;32mI (2446369) net_bench: case=127 second=13 bytes=7221 rssi=-70[0m
[0;32mI (2446375) net_bench: case=127 second=14 bytes=8245 rssi=-71[0m
[0;32mI (2446382) net_bench: case=127 second=15 bytes=8245 rssi=-71[0m
[0;32mI (2446388) net_bench: case=127 second=16 bytes=8245 rssi=-71[0m
[0;32mI (2446394) net_bench: case=127 second=17 bytes=8245 rssi=-81[0m
[0;32mI (2446401) net_bench: case=127 second=18 bytes=7221 rssi=-81[0m
[0;32mI (2446407) net_bench: case=127 second=19 bytes=8245 rssi=-80[0m
[0;32mI (2447415) net_bench: case=128 path=/mp3-320?rate=0 output=0 begin rssi=-82 round=8 fixture=0 variant=0 wait_ms=25 read_limit=1024 batch=1[0m
[0;32mI (2467562) net_cpu: case=128 valid=1 total_us=20072374 tasks_before=8 tasks_after=8 snapshot_bytes=1440[0m
[0;32mI (2467567) net_cpu: case=128 task=audio id=4 runtime_us=2705707 existed=1[0m
[0;32mI (2467574) net_cpu: case=128 task=IDLE id=2 runtime_us=2720863 existed=1[0m
[0;32mI (2467581) net_cpu: case=128 task=uiT id=1 runtime_us=39199 existed=1[0m
[0;32mI (2467588) net_cpu: case=128 task=tiT id=5 runtime_us=8353276 existed=1[0m
[0;32mI (2467596) net_cpu: case=128 task=httpd id=9 runtime_us=100404 existed=1[0m
[0;32mI (2467604) net_cpu: case=128 task=ppT id=7 runtime_us=6154930 existed=1[0m
[0;32mI (2467611) net_cpu: case=128 task=sys_evt id=6 runtime_us=0 existed=1[0m
[0;32mI (2467618) net_cpu: case=128 task=Tmr Svc id=3 runtime_us=0 existed=1[0m
[0;32mI (2467627) net_bench: case=128 output=0 wall_us=20043761 bytes=4371704 open_us=88258 error=0 rssi=-81 heap_min=10600[0m
[0;32mI (2467636) net_bench: case=128 recv_total_us=10499502 recv_positive_us=10212221 recv_empty_us=287281[0m
[0;32mI (2467646) net_bench: case=128 cpu_lean=1 gap_metrics_valid=0 heap_is_final=1[0m
[0;32mI (2467654) net_bench: case=128 sampled_heap_min=9556 rx_gap_tick_ms=310 wait_calls=315[0m
[0;32mI (2467663) net_bench: case=128 calls=4896 empty=315 rx_gap_us=0 app_gap_us=0 empty_wait_us=0 recv_max_us=9569 commit_max_us=0 ready_max=0 ready_probes=0[0m
[0;32mI (2467677) net_bench: case=128 pcm_frames=0 rate=0 eof=1885 underrun=1884 stack=1180[0m
[0;32mI (2467685) net_bench: case=128 second=0 bytes=225528 rssi=-72[0m
[0;32mI (2467692) net_bench: case=128 second=1 bytes=222152 rssi=-71[0m
[0;32mI (2467698) net_bench: case=128 second=2 bytes=232792 rssi=-70[0m
[0;32mI (2467706) net_bench: case=128 second=3 bytes=193992 rssi=-71[0m
[0;32mI (2467711) net_bench: case=128 second=4 bytes=132008 rssi=-81[0m
[0;32mI (2467718) net_bench: case=128 second=5 bytes=165336 rssi=-79[0m
[0;32mI (2467724) net_bench: case=128 second=6 bytes=231184 rssi=-81[0m
[0;32mI (2467731) net_bench: case=128 second=7 bytes=224968 rssi=-79[0m
[0;32mI (2467737) net_bench: case=128 second=8 bytes=229616 rssi=-81[0m
[0;32mI (2467745) net_bench: case=128 second=9 bytes=233000 rssi=-71[0m
[0;32mI (2467751) net_bench: case=128 second=10 bytes=229680 rssi=-71[0m
[0;32mI (2467758) net_bench: case=128 second=11 bytes=227768 rssi=-71[0m
[0;32mI (2467765) net_bench: case=128 second=12 bytes=227536 rssi=-71[0m
[0;32mI (2467771) net_bench: case=128 second=13 bytes=229192 rssi=-70[0m
[0;32mI (2467778) net_bench: case=128 second=14 bytes=229592 rssi=-80[0m
[0;32mI (2467784) net_bench: case=128 second=15 bytes=230440 rssi=-82[0m
[0;32mI (2467791) net_bench: case=128 second=16 bytes=226376 rssi=-80[0m
[0;32mI (2467797) net_bench: case=128 second=17 bytes=227296 rssi=-80[0m
[0;32mI (2467804) net_bench: case=128 second=18 bytes=228680 rssi=-71[0m
[0;32mI (2467811) net_bench: case=128 second=19 bytes=224568 rssi=-71[0m
[0;32mI (2468818) net_bench: case=129 path=/mp3-320?rate=0 output=0 begin rssi=-71 round=8 fixture=0 variant=1 wait_ms=25 read_limit=512 batch=1[0m
[0;32mI (2472075) net_cpu: case=129 valid=1 total_us=3170620 tasks_before=8 tasks_after=8 snapshot_bytes=1440[0m
[0;32mI (2472077) net_cpu: case=129 task=audio id=4 runtime_us=351351 existed=1[0m
[0;32mI (2472083) net_cpu: case=129 task=IDLE id=2 runtime_us=1557200 existed=1[0m
[0;32mI (2472091) net_cpu: case=129 task=uiT id=1 runtime_us=5871 existed=1[0m
[0;32mI (2472098) net_cpu: case=129 task=tiT id=5 runtime_us=721137 existed=1[0m
[0;32mI (2472105) net_cpu: case=129 task=httpd id=9 runtime_us=14198 existed=1[0m
[0;32mI (2472112) net_cpu: case=129 task=ppT id=7 runtime_us=522204 existed=1[0m
[0;32mI (2472120) net_cpu: case=129 task=sys_evt id=6 runtime_us=0 existed=1[0m
[0;32mI (2472127) net_cpu: case=129 task=Tmr Svc id=3 runtime_us=0 existed=1[0m
[0;32mI (2472136) net_bench: case=129 output=0 wall_us=3165538 bytes=354183 open_us=75801 error=-116 rssi=-81 heap_min=9560[0m
[0;32mI (2472145) net_bench: case=129 recv_total_us=819780 recv_positive_us=808848 recv_empty_us=10932[0m
[0;32mI (2472155) net_bench: case=129 cpu_lean=1 gap_metrics_valid=0 heap_is_final=1[0m
[0;32mI (2472163) net_bench: case=129 sampled_heap_min=9560 rx_gap_tick_ms=319 wait_calls=66[0m
[0;32mI (2472171) net_bench: case=129 calls=765 empty=66 rx_gap_us=0 app_gap_us=0 empty_wait_us=0 recv_max_us=7295 commit_max_us=0 ready_max=0 ready_probes=0[0m
[0;32mI (2472186) net_bench: case=129 pcm_frames=0 rate=0 eof=298 underrun=297 stack=1180[0m
[0;32mI (2472194) net_bench: case=129 second=0 bytes=133391 rssi=-82[0m
[0;32mI (2472200) net_bench: case=129 second=1 bytes=190096 rssi=-83[0m
[0;32mI (2472207) net_bench: case=129 second=2 bytes=30696 rssi=-80[0m
[0;32mI (2472213) net_bench: case=129 second=3 bytes=0 rssi=-83[0m
[0;32mI (2472219) net_bench: case=129 second=4 bytes=0 rssi=-127[0m
[0;32mI (2472225) net_bench: case=129 second=5 bytes=0 rssi=-127[0m
[0;32mI (2472231) net_bench: case=129 second=6 bytes=0 rssi=-127[0m
[0;32mI (2472238) net_bench: case=129 second=7 bytes=0 rssi=-127[0m
[0;32mI (2472244) net_bench: case=129 second=8 bytes=0 rssi=-127[0m
[0;32mI (2472250) net_bench: case=129 second=9 bytes=0 rssi=-127[0m
[0;32mI (2472256) net_bench: case=129 second=10 bytes=0 rssi=-127[0m
[0;32mI (2472262) net_bench: case=129 second=11 bytes=0 rssi=-127[0m
[0;32mI (2472269) net_bench: case=129 second=12 bytes=0 rssi=-127[0m
[0;32mI (2472275) net_bench: case=129 second=13 bytes=0 rssi=-127[0m
[0;32mI (2472281) net_bench: case=129 second=14 bytes=0 rssi=-127[0m
[0;32mI (2472287) net_bench: case=129 second=15 bytes=0 rssi=-127[0m
[0;32mI (2472293) net_bench: case=129 second=16 bytes=0 rssi=-127[0m
[0;32mI (2472300) net_bench: case=129 second=17 bytes=0 rssi=-127[0m
[0;32mI (2472306) net_bench: case=129 second=18 bytes=0 rssi=-127[0m
[0;32mI (2472312) net_bench: case=129 second=19 bytes=0 rssi=-127[0m
[0;32mI (2473319) net_bench: case=130 path=/mp3-320?rate=0 output=0 begin rssi=-71 round=8 fixture=0 variant=2 wait_ms=25 read_limit=1536 batch=1[0m
[0;32mI (2493453) net_cpu: case=130 valid=1 total_us=20076193 tasks_before=8 tasks_after=8 snapshot_bytes=1440[0m
[0;32mI (2493455) net_cpu: case=130 task=audio id=4 runtime_us=2713143 existed=1[0m
[0;32mI (2493461) net_cpu: case=130 task=IDLE id=2 runtime_us=2730732 existed=1[0m
[0;32mI (2493469) net_cpu: case=130 task=uiT id=1 runtime_us=38580 existed=1[0m
[0;32mI (2493476) net_cpu: case=130 task=tiT id=5 runtime_us=8267126 existed=1[0m
[0;32mI (2493483) net_cpu: case=130 task=httpd id=9 runtime_us=98850 existed=1[0m
[0;32mI (2493490) net_cpu: case=130 task=ppT id=7 runtime_us=6229011 existed=1[0m
[0;32mI (2493498) net_cpu: case=130 task=sys_evt id=6 runtime_us=0 existed=1[0m
[0;32mI (2493505) net_cpu: case=130 task=Tmr Svc id=3 runtime_us=0 existed=1[0m
[0;32mI (2493514) net_bench: case=130 output=0 wall_us=20047520 bytes=4839520 open_us=71518 error=0 rssi=-73 heap_min=10196[0m
[0;32mI (2493523) net_bench: case=130 recv_total_us=9181850 recv_positive_us=8891370 recv_empty_us=290480[0m
[0;32mI (2493533) net_bench: case=130 cpu_lean=1 gap_metrics_valid=0 heap_is_final=1[0m
[0;32mI (2493541) net_bench: case=130 sampled_heap_min=9556 rx_gap_tick_ms=310 wait_calls=536[0m
[0;32mI (2493550) net_bench: case=130 calls=4367 empty=536 rx_gap_us=0 app_gap_us=0 empty_wait_us=0 recv_max_us=9651 commit_max_us=0 ready_max=0 ready_probes=0[0m
[0;32mI (2493564) net_bench: case=130 pcm_frames=0 rate=0 eof=1885 underrun=1884 stack=1180[0m
[0;32mI (2493572) net_bench: case=130 second=0 bytes=249176 rssi=-82[0m
[0;32mI (2493579) net_bench: case=130 second=1 bytes=253584 rssi=-81[0m
[0;32mI (2493586) net_bench: case=130 second=2 bytes=256736 rssi=-81[0m
[0;32mI (2493592) net_bench: case=130 second=3 bytes=253840 rssi=-82[0m
[0;32mI (2493598) net_bench: case=130 second=4 bytes=122640 rssi=-71[0m
[0;32mI (2493605) net_bench: case=130 second=5 bytes=192184 rssi=-71[0m
[0;32mI (2493611) net_bench: case=130 second=6 bytes=252736 rssi=-71[0m
[0;32mI (2493618) net_bench: case=130 second=7 bytes=253272 rssi=-71[0m
[0;32mI (2493624) net_bench: case=130 second=8 bytes=251008 rssi=-71[0m
[0;32mI (2493631) net_bench: case=130 second=9 bytes=259256 rssi=-81[0m
[0;32mI (2493637) net_bench: case=130 second=10 bytes=263304 rssi=-80[0m
[0;32mI (2493644) net_bench: case=130 second=11 bytes=262368 rssi=-83[0m
[0;32mI (2493651) net_bench: case=130 second=12 bytes=159016 rssi=-79[0m
[0;32mI (2493657) net_bench: case=130 second=13 bytes=261752 rssi=-82[0m
[0;32mI (2493664) net_bench: case=130 second=14 bytes=253360 rssi=-71[0m
[0;32mI (2493670) net_bench: case=130 second=15 bytes=256264 rssi=-72[0m
[0;32mI (2493677) net_bench: case=130 second=16 bytes=258504 rssi=-70[0m
[0;32mI (2493684) net_bench: case=130 second=17 bytes=259032 rssi=-71[0m
[0;32mI (2493690) net_bench: case=130 second=18 bytes=261400 rssi=-70[0m
[0;32mI (2493697) net_bench: case=130 second=19 bytes=260088 rssi=-80[0m
[0;32mI (2494704) net_bench: case=131 path=/mp3-320?rate=0 output=0 begin rssi=-71 round=8 fixture=0 variant=3 wait_ms=25 read_limit=1024 batch=4[0m
[0;32mI (2514836) net_cpu: case=131 valid=1 total_us=20078145 tasks_before=8 tasks_after=8 snapshot_bytes=1440[0m
[0;32mI (2514838) net_cpu: case=131 task=audio id=4 runtime_us=3154664 existed=1[0m
[0;32mI (2514844) net_cpu: case=131 task=IDLE id=2 runtime_us=1163764 existed=1[0m
[0;32mI (2514852) net_cpu: case=131 task=tiT id=5 runtime_us=8989774 existed=1[0m
[0;32mI (2514859) net_cpu: case=131 task=uiT id=1 runtime_us=37074 existed=1[0m
[0;32mI (2514866) net_cpu: case=131 task=httpd id=9 runtime_us=93094 existed=1[0m
[0;32mI (2514874) net_cpu: case=131 task=ppT id=7 runtime_us=6639886 existed=1[0m
[0;32mI (2514881) net_cpu: case=131 task=sys_evt id=6 runtime_us=0 existed=1[0m
[0;32mI (2514888) net_cpu: case=131 task=Tmr Svc id=3 runtime_us=0 existed=1[0m
[0;32mI (2514897) net_bench: case=131 output=0 wall_us=20049362 bytes=4727376 open_us=67243 error=0 rssi=-81 heap_min=9560[0m
[0;32mI (2514907) net_bench: case=131 recv_total_us=13722636 recv_positive_us=13500319 recv_empty_us=222317[0m
[0;32mI (2514917) net_bench: case=131 cpu_lean=1 gap_metrics_valid=0 heap_is_final=1[0m
[0;32mI (2514924) net_bench: case=131 sampled_heap_min=9424 rx_gap_tick_ms=303 wait_calls=657[0m
[0;32mI (2514933) net_bench: case=131 calls=5762 empty=657 rx_gap_us=0 app_gap_us=0 empty_wait_us=0 recv_max_us=9870 commit_max_us=0 ready_max=0 ready_probes=0[0m
[0;32mI (2514947) net_bench: case=131 pcm_frames=0 rate=0 eof=1885 underrun=1884 stack=1180[0m
[0;32mI (2514956) net_bench: case=131 second=0 bytes=164672 rssi=-71[0m
[0;32mI (2514962) net_bench: case=131 second=1 bytes=238336 rssi=-71[0m
[0;32mI (2514969) net_bench: case=131 second=2 bytes=241424 rssi=-72[0m
[0;32mI (2514975) net_bench: case=131 second=3 bytes=242744 rssi=-71[0m
[0;32mI (2514982) net_bench: case=131 second=4 bytes=240056 rssi=-70[0m
[0;32mI (2514988) net_bench: case=131 second=5 bytes=244872 rssi=-80[0m
[0;32mI (2514995) net_bench: case=131 second=6 bytes=237216 rssi=-82[0m
[0;32mI (2515001) net_bench: case=131 second=7 bytes=241112 rssi=-80[0m
[0;32mI (2515008) net_bench: case=131 second=8 bytes=237752 rssi=-79[0m
[0;32mI (2515014) net_bench: case=131 second=9 bytes=240152 rssi=-81[0m
[0;32mI (2515021) net_bench: case=131 second=10 bytes=244864 rssi=-71[0m
[0;32mI (2515027) net_bench: case=131 second=11 bytes=241960 rssi=-71[0m
[0;32mI (2515034) net_bench: case=131 second=12 bytes=240984 rssi=-71[0m
[0;32mI (2515040) net_bench: case=131 second=13 bytes=241992 rssi=-71[0m
[0;32mI (2515047) net_bench: case=131 second=14 bytes=237936 rssi=-71[0m
[0;32mI (2515054) net_bench: case=131 second=15 bytes=236400 rssi=-80[0m
[0;32mI (2515060) net_bench: case=131 second=16 bytes=236704 rssi=-80[0m
[0;32mI (2515067) net_bench: case=131 second=17 bytes=241264 rssi=-82[0m
[0;32mI (2515073) net_bench: case=131 second=18 bytes=238832 rssi=-81[0m
[0;32mI (2515080) net_bench: case=131 second=19 bytes=237080 rssi=-81[0m
[0;32mI (2516087) net_bench: case=132 path=/mp3-128?rate=128 output=0 begin rssi=-81 round=8 fixture=1 variant=0 wait_ms=25 read_limit=1024 batch=1[0m
[0;32mI (2536196) net_cpu: case=132 valid=1 total_us=20050913 tasks_before=8 tasks_after=8 snapshot_bytes=1440[0m
[0;32mI (2536198) net_cpu: case=132 task=audio id=4 runtime_us=1106427 existed=1[0m
[0;32mI (2536204) net_cpu: case=132 task=IDLE id=2 runtime_us=17340112 existed=1[0m
[0;32mI (2536212) net_cpu: case=132 task=uiT id=1 runtime_us=39066 existed=1[0m
[0;32mI (2536219) net_cpu: case=132 task=tiT id=5 runtime_us=781832 existed=1[0m
[0;32mI (2536227) net_cpu: case=132 task=httpd id=9 runtime_us=90410 existed=1[0m
[0;32mI (2536234) net_cpu: case=132 task=ppT id=7 runtime_us=694960 existed=1[0m
[0;32mI (2536241) net_cpu: case=132 task=sys_evt id=6 runtime_us=0 existed=1[0m
[0;32mI (2536248) net_cpu: case=132 task=Tmr Svc id=3 runtime_us=0 existed=1[0m
[0;32mI (2536257) net_bench: case=132 output=0 wall_us=20023385 bytes=321738 open_us=69985 error=0 rssi=-73 heap_min=12780[0m
[0;32mI (2536267) net_bench: case=132 recv_total_us=605317 recv_positive_us=454074 recv_empty_us=151243[0m
[0;32mI (2536276) net_bench: case=132 cpu_lean=1 gap_metrics_valid=0 heap_is_final=1[0m
[0;32mI (2536284) net_bench: case=132 sampled_heap_min=11540 rx_gap_tick_ms=85 wait_calls=945[0m
[0;32mI (2536293) net_bench: case=132 calls=1295 empty=945 rx_gap_us=0 app_gap_us=0 empty_wait_us=0 recv_max_us=3522 commit_max_us=0 ready_max=0 ready_probes=0[0m
[0;32mI (2536307) net_bench: case=132 pcm_frames=0 rate=0 eof=1882 underrun=1881 stack=1180[0m
[0;32mI (2536315) net_bench: case=132 second=0 bytes=16384 rssi=-81[0m
[0;32mI (2536322) net_bench: case=132 second=1 bytes=16718 rssi=-82[0m
[0;32mI (2536328) net_bench: case=132 second=2 bytes=15694 rssi=-83[0m
[0;32mI (2536335) net_bench: case=132 second=3 bytes=15694 rssi=-81[0m
[0;32mI (2536341) net_bench: case=132 second=4 bytes=15694 rssi=-81[0m
[0;32mI (2536347) net_bench: case=132 second=5 bytes=16718 rssi=-71[0m
[0;32mI (2536354) net_bench: case=132 second=6 bytes=15694 rssi=-72[0m
[0;32mI (2536360) net_bench: case=132 second=7 bytes=15694 rssi=-71[0m
[0;32mI (2536367) net_bench: case=132 second=8 bytes=16718 rssi=-73[0m
[0;32mI (2536373) net_bench: case=132 second=9 bytes=15694 rssi=-73[0m
[0;32mI (2536379) net_bench: case=132 second=10 bytes=16718 rssi=-82[0m
[0;32mI (2536386) net_bench: case=132 second=11 bytes=15694 rssi=-79[0m
[0;32mI (2536392) net_bench: case=132 second=12 bytes=15694 rssi=-79[0m
[0;32mI (2536399) net_bench: case=132 second=13 bytes=16718 rssi=-81[0m
[0;32mI (2536405) net_bench: case=132 second=14 bytes=15694 rssi=-81[0m
[0;32mI (2536412) net_bench: case=132 second=15 bytes=15694 rssi=-72[0m
[0;32mI (2536418) net_bench: case=132 second=16 bytes=16718 rssi=-72[0m
[0;32mI (2536425) net_bench: case=132 second=17 bytes=15694 rssi=-71[0m
[0;32mI (2536431) net_bench: case=132 second=18 bytes=15694 rssi=-71[0m
[0;32mI (2536438) net_bench: case=132 second=19 bytes=15694 rssi=-80[0m
[0;32mI (2537445) net_bench: case=133 path=/mp3-128?rate=128 output=0 begin rssi=-80 round=8 fixture=1 variant=1 wait_ms=25 read_limit=512 batch=1[0m
[0;32mI (2557558) net_cpu: case=133 valid=1 total_us=20052901 tasks_before=8 tasks_after=8 snapshot_bytes=1440[0m
[0;32mI (2557560) net_cpu: case=133 task=audio id=4 runtime_us=1188659 existed=1[0m
[0;32mI (2557567) net_cpu: case=133 task=IDLE id=2 runtime_us=17212008 existed=1[0m
[0;32mI (2557574) net_cpu: case=133 task=uiT id=1 runtime_us=38864 existed=1[0m
[0;32mI (2557581) net_cpu: case=133 task=tiT id=5 runtime_us=826574 existed=1[0m
[0;32mI (2557589) net_cpu: case=133 task=httpd id=9 runtime_us=90264 existed=1[0m
[0;32mI (2557596) net_cpu: case=133 task=ppT id=7 runtime_us=698211 existed=1[0m
[0;32mI (2557603) net_cpu: case=133 task=sys_evt id=6 runtime_us=0 existed=1[0m
[0;32mI (2557610) net_cpu: case=133 task=Tmr Svc id=3 runtime_us=0 existed=1[0m
[0;32mI (2557619) net_bench: case=133 output=0 wall_us=20025316 bytes=320714 open_us=73072 error=0 rssi=-82 heap_min=11540[0m
[0;32mI (2557629) net_bench: case=133 recv_total_us=723809 recv_positive_us=573798 recv_empty_us=150011[0m
[0;32mI (2557638) net_bench: case=133 cpu_lean=1 gap_metrics_valid=0 heap_is_final=1[0m
[0;32mI (2557646) net_bench: case=133 sampled_heap_min=11540 rx_gap_tick_ms=80 wait_calls=949[0m
[0;32mI (2557656) net_bench: case=133 calls=1594 empty=949 rx_gap_us=0 app_gap_us=0 empty_wait_us=0 recv_max_us=3234 commit_max_us=0 ready_max=0 ready_probes=0[0m
[0;32mI (2557670) net_bench: case=133 pcm_frames=0 rate=0 eof=1883 underrun=1882 stack=1180[0m
[0;32mI (2557679) net_bench: case=133 second=0 bytes=16384 rssi=-71[0m
[0;32mI (2557685) net_bench: case=133 second=1 bytes=16206 rssi=-71[0m
[0;32mI (2557691) net_bench: case=133 second=2 bytes=16206 rssi=-72[0m
[0;32mI (2557698) net_bench: case=133 second=3 bytes=15694 rssi=-73[0m
[0;32mI (2557704) net_bench: case=133 second=4 bytes=15694 rssi=-71[0m
[0;32mI (2557711) net_bench: case=133 second=5 bytes=16718 rssi=-81[0m
[0;32mI (2557717) net_bench: case=133 second=6 bytes=15694 rssi=-79[0m
[0;32mI (2557723) net_bench: case=133 second=7 bytes=15694 rssi=-79[0m
[0;32mI (2557730) net_bench: case=133 second=8 bytes=16718 rssi=-81[0m
[0;32mI (2557736) net_bench: case=133 second=9 bytes=15694 rssi=-80[0m
[0;32mI (2557743) net_bench: case=133 second=10 bytes=15694 rssi=-71[0m
[0;32mI (2557749) net_bench: case=133 second=11 bytes=16718 rssi=-72[0m
[0;32mI (2557756) net_bench: case=133 second=12 bytes=15694 rssi=-73[0m
[0;32mI (2557762) net_bench: case=133 second=13 bytes=15694 rssi=-72[0m
[0;32mI (2557769) net_bench: case=133 second=14 bytes=16718 rssi=-80[0m
[0;32mI (2557775) net_bench: case=133 second=15 bytes=15694 rssi=-80[0m
[0;32mI (2557782) net_bench: case=133 second=16 bytes=16718 rssi=-82[0m
[0;32mI (2557788) net_bench: case=133 second=17 bytes=15694 rssi=-79[0m
[0;32mI (2557795) net_bench: case=133 second=18 bytes=15694 rssi=-81[0m
[0;32mI (2557801) net_bench: case=133 second=19 bytes=15694 rssi=-79[0m
[0;32mI (2558809) net_bench: case=134 path=/mp3-128?rate=128 output=0 begin rssi=-71 round=8 fixture=1 variant=2 wait_ms=25 read_limit=1536 batch=1[0m
[0;32mI (2578924) net_cpu: case=134 valid=1 total_us=20056060 tasks_before=8 tasks_after=8 snapshot_bytes=1440[0m
[0;32mI (2578926) net_cpu: case=134 task=audio id=4 runtime_us=1122237 existed=1[0m
[0;32mI (2578932) net_cpu: case=134 task=IDLE id=2 runtime_us=17328922 existed=1[0m
[0;32mI (2578940) net_cpu: case=134 task=tiT id=5 runtime_us=780048 existed=1[0m
[0;32mI (2578947) net_cpu: case=134 task=uiT id=1 runtime_us=39013 existed=1[0m
[0;32mI (2578954) net_cpu: case=134 task=httpd id=9 runtime_us=90708 existed=1[0m
[0;32mI (2578962) net_cpu: case=134 task=ppT id=7 runtime_us=696806 existed=1[0m
[0;32mI (2578969) net_cpu: case=134 task=sys_evt id=6 runtime_us=0 existed=1[0m
[0;32mI (2578976) net_cpu: case=134 task=Tmr Svc id=3 runtime_us=0 existed=1[0m
[0;32mI (2578985) net_bench: case=134 output=0 wall_us=20028518 bytes=320714 open_us=71191 error=0 rssi=-73 heap_min=11540[0m
[0;32mI (2578994) net_bench: case=134 recv_total_us=600512 recv_positive_us=450598 recv_empty_us=149914[0m
[0;32mI (2579004) net_bench: case=134 cpu_lean=1 gap_metrics_valid=0 heap_is_final=1[0m
[0;32mI (2579012) net_bench: case=134 sampled_heap_min=11416 rx_gap_tick_ms=90 wait_calls=955[0m
[0;32mI (2579020) net_bench: case=134 calls=1303 empty=955 rx_gap_us=0 app_gap_us=0 empty_wait_us=0 recv_max_us=3499 commit_max_us=0 ready_max=0 ready_probes=0[0m
[0;32mI (2579035) net_bench: case=134 pcm_frames=0 rate=0 eof=1883 underrun=1882 stack=1180[0m
[0;32mI (2579043) net_bench: case=134 second=0 bytes=16384 rssi=-80[0m
[0;32mI (2579050) net_bench: case=134 second=1 bytes=15694 rssi=-79[0m
[0;32mI (2579056) net_bench: case=134 second=2 bytes=16718 rssi=-79[0m
[0;32mI (2579062) net_bench: case=134 second=3 bytes=15694 rssi=-81[0m
[0;32mI (2579069) net_bench: case=134 second=4 bytes=15694 rssi=-80[0m
[0;32mI (2579075) net_bench: case=134 second=5 bytes=16718 rssi=-71[0m
[0;32mI (2579082) net_bench: case=134 second=6 bytes=15694 rssi=-71[0m
[0;32mI (2579088) net_bench: case=134 second=7 bytes=15694 rssi=-71[0m
[0;32mI (2579094) net_bench: case=134 second=8 bytes=16718 rssi=-71[0m
[0;32mI (2579101) net_bench: case=134 second=9 bytes=15694 rssi=-81[0m
[0;32mI (2579107) net_bench: case=134 second=10 bytes=15694 rssi=-80[0m
[0;32mI (2579114) net_bench: case=134 second=11 bytes=16718 rssi=-82[0m
[0;32mI (2579120) net_bench: case=134 second=12 bytes=15694 rssi=-80[0m
[0;32mI (2579127) net_bench: case=134 second=13 bytes=16718 rssi=-80[0m
[0;32mI (2579133) net_bench: case=134 second=14 bytes=15694 rssi=-70[0m
[0;32mI (2579140) net_bench: case=134 second=15 bytes=15694 rssi=-70[0m
[0;32mI (2579146) net_bench: case=134 second=16 bytes=16718 rssi=-71[0m
[0;32mI (2579153) net_bench: case=134 second=17 bytes=15694 rssi=-71[0m
[0;32mI (2579159) net_bench: case=134 second=18 bytes=15694 rssi=-70[0m
[0;32mI (2579166) net_bench: case=134 second=19 bytes=15694 rssi=-80[0m
[0;32mI (2580173) net_bench: case=135 path=/mp3-128?rate=128 output=0 begin rssi=-81 round=8 fixture=1 variant=3 wait_ms=25 read_limit=1024 batch=4[0m
[0;32mI (2600303) net_cpu: case=135 valid=1 total_us=20063965 tasks_before=8 tasks_after=8 snapshot_bytes=1440[0m
[0;32mI (2600305) net_cpu: case=135 task=audio id=4 runtime_us=1112762 existed=1[0m
[0;32mI (2600312) net_cpu: case=135 task=IDLE id=2 runtime_us=17330432 existed=1[0m
[0;32mI (2600319) net_cpu: case=135 task=tiT id=5 runtime_us=787205 existed=1[0m
[0;32mI (2600326) net_cpu: case=135 task=uiT id=1 runtime_us=38790 existed=1[0m
[0;32mI (2600334) net_cpu: case=135 task=httpd id=9 runtime_us=90422 existed=1[0m
[0;32mI (2600341) net_cpu: case=135 task=ppT id=7 runtime_us=706076 existed=1[0m
[0;32mI (2600348) net_cpu: case=135 task=sys_evt id=6 runtime_us=0 existed=1[0m
[0;32mI (2600355) net_cpu: case=135 task=Tmr Svc id=3 runtime_us=0 existed=1[0m
[0;32mI (2600364) net_bench: case=135 output=0 wall_us=20036384 bytes=321738 open_us=78291 error=0 rssi=-79 heap_min=12780[0m
[0;32mI (2600374) net_bench: case=135 recv_total_us=618209 recv_positive_us=459407 recv_empty_us=158802[0m
[0;32mI (2600383) net_bench: case=135 cpu_lean=1 gap_metrics_valid=0 heap_is_final=1[0m
[0;32mI (2600391) net_bench: case=135 sampled_heap_min=11416 rx_gap_tick_ms=415 wait_calls=959[0m
[0;32mI (2600400) net_bench: case=135 calls=1314 empty=959 rx_gap_us=0 app_gap_us=0 empty_wait_us=0 recv_max_us=6738 commit_max_us=0 ready_max=0 ready_probes=0[0m
[0;32mI (2600414) net_bench: case=135 pcm_frames=0 rate=0 eof=1884 underrun=1883 stack=1180[0m
[0;32mI (2600423) net_bench: case=135 second=0 bytes=16384 rssi=-70[0m
[0;32mI (2600429) net_bench: case=135 second=1 bytes=15694 rssi=-71[0m
[0;32mI (2600435) net_bench: case=135 second=2 bytes=16718 rssi=-71[0m
[0;32mI (2600442) net_bench: case=135 second=3 bytes=15694 rssi=-70[0m
[0;32mI (2600448) net_bench: case=135 second=4 bytes=15694 rssi=-81[0m
[0;32mI (2600455) net_bench: case=135 second=5 bytes=12622 rssi=-80[0m
[0;32mI (2600461) net_bench: case=135 second=6 bytes=19790 rssi=-79[0m
[0;32mI (2600467) net_bench: case=135 second=7 bytes=15694 rssi=-80[0m
[0;32mI (2600474) net_bench: case=135 second=8 bytes=16718 rssi=-71[0m
[0;32mI (2600480) net_bench: case=135 second=9 bytes=15694 rssi=-80[0m
[0;32mI (2600487) net_bench: case=135 second=10 bytes=15694 rssi=-71[0m
[0;32mI (2600493) net_bench: case=135 second=11 bytes=16718 rssi=-71[0m
[0;32mI (2600500) net_bench: case=135 second=12 bytes=15694 rssi=-71[0m
[0;32mI (2600506) net_bench: case=135 second=13 bytes=15694 rssi=-71[0m
[0;32mI (2600513) net_bench: case=135 second=14 bytes=16718 rssi=-81[0m
[0;32mI (2600519) net_bench: case=135 second=15 bytes=15694 rssi=-80[0m
[0;32mI (2600526) net_bench: case=135 second=16 bytes=15694 rssi=-80[0m
[0;32mI (2600532) net_bench: case=135 second=17 bytes=16718 rssi=-81[0m
[0;32mI (2600539) net_bench: case=135 second=18 bytes=15694 rssi=-71[0m
[0;32mI (2600545) net_bench: case=135 second=19 bytes=16718 rssi=-71[0m
[0;32mI (2601553) net_bench: case=136 path=/mp3-320?rate=320 output=0 begin rssi=-72 round=8 fixture=2 variant=0 wait_ms=25 read_limit=1024 batch=1[0m
[0;32mI (2621673) net_cpu: case=136 valid=1 total_us=20059403 tasks_before=8 tasks_after=8 snapshot_bytes=1440[0m
[0;32mI (2621676) net_cpu: case=136 task=audio id=4 runtime_us=1632993 existed=1[0m
[0;32mI (2621682) net_cpu: case=136 task=IDLE id=2 runtime_us=15123173 existed=1[0m
[0;32mI (2621690) net_cpu: case=136 task=uiT id=1 runtime_us=38970 existed=1[0m
[0;32mI (2621697) net_cpu: case=136 task=tiT id=5 runtime_us=1785194 existed=1[0m
[0;32mI (2621704) net_cpu: case=136 task=httpd id=9 runtime_us=91838 existed=1[0m
[0;32mI (2621712) net_cpu: case=136 task=ppT id=7 runtime_us=1388867 existed=1[0m
[0;32mI (2621719) net_cpu: case=136 task=sys_evt id=6 runtime_us=0 existed=1[0m
[0;32mI (2621726) net_cpu: case=136 task=Tmr Svc id=3 runtime_us=0 existed=1[0m
[0;32mI (2621735) net_bench: case=136 output=0 wall_us=20031600 bytes=802316 open_us=73420 error=0 rssi=-71 heap_min=11420[0m
[0;32mI (2621744) net_bench: case=136 recv_total_us=1324976 recv_positive_us=1109049 recv_empty_us=215927[0m
[0;32mI (2621754) net_bench: case=136 cpu_lean=1 gap_metrics_valid=0 heap_is_final=1[0m
[0;32mI (2621762) net_bench: case=136 sampled_heap_min=11540 rx_gap_tick_ms=48 wait_calls=1180[0m
[0;32mI (2621770) net_bench: case=136 calls=2013 empty=1180 rx_gap_us=0 app_gap_us=0 empty_wait_us=0 recv_max_us=4073 commit_max_us=0 ready_max=0 ready_probes=0[0m
[0;32mI (2621785) net_bench: case=136 pcm_frames=0 rate=0 eof=1883 underrun=1882 stack=1180[0m
[0;32mI (2621794) net_bench: case=136 second=0 bytes=39936 rssi=-78[0m
[0;32mI (2621800) net_bench: case=136 second=1 bytes=40772 rssi=-80[0m
[0;32mI (2621806) net_bench: case=136 second=2 bytes=39748 rssi=-81[0m
[0;32mI (2621813) net_bench: case=136 second=3 bytes=40772 rssi=-80[0m
[0;32mI (2621820) net_bench: case=136 second=4 bytes=39748 rssi=-79[0m
[0;32mI (2621825) net_bench: case=136 second=5 bytes=39748 rssi=-71[0m
[0;32mI (2621832) net_bench: case=136 second=6 bytes=39748 rssi=-71[0m
[0;32mI (2621838) net_bench: case=136 second=7 bytes=40772 rssi=-70[0m
[0;32mI (2621845) net_bench: case=136 second=8 bytes=40772 rssi=-71[0m
[0;32mI (2621851) net_bench: case=136 second=9 bytes=39748 rssi=-80[0m
[0;32mI (2621857) net_bench: case=136 second=10 bytes=39748 rssi=-80[0m
[0;32mI (2621864) net_bench: case=136 second=11 bytes=39748 rssi=-81[0m
[0;32mI (2621870) net_bench: case=136 second=12 bytes=40772 rssi=-80[0m
[0;32mI (2621877) net_bench: case=136 second=13 bytes=39748 rssi=-81[0m
[0;32mI (2621883) net_bench: case=136 second=14 bytes=39748 rssi=-72[0m
[0;32mI (2621890) net_bench: case=136 second=15 bytes=40772 rssi=-71[0m
[0;32mI (2621896) net_bench: case=136 second=16 bytes=39748 rssi=-71[0m
[0;32mI (2621903) net_bench: case=136 second=17 bytes=39748 rssi=-70[0m
[0;32mI (2621909) net_bench: case=136 second=18 bytes=40772 rssi=-80[0m
[0;32mI (2621916) net_bench: case=136 second=19 bytes=39748 rssi=-82[0m
[0;32mI (2622923) net_bench: case=137 path=/mp3-320?rate=320 output=0 begin rssi=-81 round=8 fixture=2 variant=1 wait_ms=25 read_limit=512 batch=1[0m
[0;32mI (2643045) net_cpu: case=137 valid=1 total_us=20065033 tasks_before=8 tasks_after=8 snapshot_bytes=1440[0m
[0;32mI (2643047) net_cpu: case=137 task=audio id=4 runtime_us=1720608 existed=1[0m
[0;32mI (2643054) net_cpu: case=137 task=IDLE id=2 runtime_us=14939397 existed=1[0m
[0;32mI (2643061) net_cpu: case=137 task=tiT id=5 runtime_us=1883196 existed=1[0m
[0;32mI (2643069) net_cpu: case=137 task=uiT id=1 runtime_us=38574 existed=1[0m
[0;32mI (2643076) net_cpu: case=137 task=httpd id=9 runtime_us=91000 existed=1[0m
[0;32mI (2643083) net_cpu: case=137 task=ppT id=7 runtime_us=1392323 existed=1[0m
[0;32mI (2643092) net_cpu: case=137 task=sys_evt id=6 runtime_us=0 existed=1[0m
[0;32mI (2643098) net_cpu: case=137 task=Tmr Svc id=3 runtime_us=0 existed=1[0m
[0;32mI (2643107) net_bench: case=137 output=0 wall_us=20037348 bytes=802316 open_us=70834 error=0 rssi=-81 heap_min=11544[0m
[0;32mI (2643116) net_bench: case=137 recv_total_us=1606890 recv_positive_us=1417094 recv_empty_us=189796[0m
[0;32mI (2643126) net_bench: case=137 cpu_lean=1 gap_metrics_valid=0 heap_is_final=1[0m
[0;32mI (2643134) net_bench: case=137 sampled_heap_min=11540 rx_gap_tick_ms=47 wait_calls=1054[0m
[0;32mI (2643142) net_bench: case=137 calls=2642 empty=1054 rx_gap_us=0 app_gap_us=0 empty_wait_us=0 recv_max_us=4261 commit_max_us=0 ready_max=0 ready_probes=0[0m
[0;32mI (2643157) net_bench: case=137 pcm_frames=0 rate=0 eof=1884 underrun=1883 stack=1180[0m
[0;32mI (2643165) net_bench: case=137 second=0 bytes=39936 rssi=-71[0m
[0;32mI (2643172) net_bench: case=137 second=1 bytes=40772 rssi=-71[0m
[0;32mI (2643178) net_bench: case=137 second=2 bytes=39748 rssi=-72[0m
[0;32mI (2643185) net_bench: case=137 second=3 bytes=39748 rssi=-72[0m
[0;32mI (2643191) net_bench: case=137 second=4 bytes=40772 rssi=-80[0m
[0;32mI (2643198) net_bench: case=137 second=5 bytes=39748 rssi=-81[0m
[0;32mI (2643204) net_bench: case=137 second=6 bytes=40772 rssi=-79[0m
[0;32mI (2643210) net_bench: case=137 second=7 bytes=39748 rssi=-80[0m
[0;32mI (2643217) net_bench: case=137 second=8 bytes=39748 rssi=-81[0m
[0;32mI (2643223) net_bench: case=137 second=9 bytes=40772 rssi=-71[0m
[0;32mI (2643229) net_bench: case=137 second=10 bytes=39748 rssi=-71[0m
[0;32mI (2643236) net_bench: case=137 second=11 bytes=39748 rssi=-71[0m
[0;32mI (2643242) net_bench: case=137 second=12 bytes=40260 rssi=-71[0m
[0;32mI (2643249) net_bench: case=137 second=13 bytes=40260 rssi=-79[0m
[0;32mI (2643255) net_bench: case=137 second=14 bytes=39748 rssi=-80[0m
[0;32mI (2643262) net_bench: case=137 second=15 bytes=40772 rssi=-79[0m
[0;32mI (2643268) net_bench: case=137 second=16 bytes=39748 rssi=-79[0m
[0;32mI (2643275) net_bench: case=137 second=17 bytes=40772 rssi=-80[0m
[0;32mI (2643281) net_bench: case=137 second=18 bytes=38724 rssi=-70[0m
[0;32mI (2643288) net_bench: case=137 second=19 bytes=40772 rssi=-71[0m
[0;32mI (2644295) net_bench: case=138 path=/mp3-320?rate=320 output=0 begin rssi=-71 round=8 fixture=2 variant=2 wait_ms=25 read_limit=1536 batch=1[0m
[0;32mI (2664414) net_cpu: case=138 valid=1 total_us=20062283 tasks_before=8 tasks_after=8 snapshot_bytes=1440[0m
[0;32mI (2664416) net_cpu: case=138 task=audio id=4 runtime_us=1643373 existed=1[0m
[0;32mI (2664422) net_cpu: case=138 task=IDLE id=2 runtime_us=15108430 existed=1[0m
[0;32mI (2664430) net_cpu: case=138 task=tiT id=5 runtime_us=1791395 existed=1[0m
[0;32mI (2664437) net_cpu: case=138 task=uiT id=1 runtime_us=38965 existed=1[0m
[0;32mI (2664444) net_cpu: case=138 task=httpd id=9 runtime_us=91080 existed=1[0m
[0;32mI (2664452) net_cpu: case=138 task=ppT id=7 runtime_us=1390834 existed=1[0m
[0;32mI (2664460) net_cpu: case=138 task=sys_evt id=6 runtime_us=0 existed=1[0m
[0;32mI (2664466) net_cpu: case=138 task=Tmr Svc id=3 runtime_us=0 existed=1[0m
[0;32mI (2664475) net_bench: case=138 output=0 wall_us=20034604 bytes=802316 open_us=68600 error=0 rssi=-73 heap_min=11540[0m
[0;32mI (2664485) net_bench: case=138 recv_total_us=1353138 recv_positive_us=1147352 recv_empty_us=205786[0m
[0;32mI (2664494) net_bench: case=138 cpu_lean=1 gap_metrics_valid=0 heap_is_final=1[0m
[0;32mI (2664502) net_bench: case=138 sampled_heap_min=11416 rx_gap_tick_ms=64 wait_calls=1172[0m
[0;32mI (2664511) net_bench: case=138 calls=2009 empty=1172 rx_gap_us=0 app_gap_us=0 empty_wait_us=0 recv_max_us=4294 commit_max_us=0 ready_max=0 ready_probes=0[0m
[0;32mI (2664525) net_bench: case=138 pcm_frames=0 rate=0 eof=1884 underrun=1883 stack=1180[0m
[0;32mI (2664534) net_bench: case=138 second=0 bytes=39936 rssi=-71[0m
[0;32mI (2664540) net_bench: case=138 second=1 bytes=40772 rssi=-81[0m
[0;32mI (2664547) net_bench: case=138 second=2 bytes=39748 rssi=-82[0m
[0;32mI (2664553) net_bench: case=138 second=3 bytes=40772 rssi=-81[0m
[0;32mI (2664559) net_bench: case=138 second=4 bytes=39748 rssi=-71[0m
[0;32mI (2664566) net_bench: case=138 second=5 bytes=39748 rssi=-71[0m
[0;32mI (2664572) net_bench: case=138 second=6 bytes=39748 rssi=-72[0m
[0;32mI (2664579) net_bench: case=138 second=7 bytes=40772 rssi=-70[0m
[0;32mI (2664585) net_bench: case=138 second=8 bytes=39748 rssi=-71[0m
[0;32mI (2664591) net_bench: case=138 second=9 bytes=40772 rssi=-80[0m
[0;32mI (2664598) net_bench: case=138 second=10 bytes=39748 rssi=-79[0m
[0;32mI (2664604) net_bench: case=138 second=11 bytes=39748 rssi=-80[0m
[0;32mI (2664611) net_bench: case=138 second=12 bytes=40772 rssi=-80[0m
[0;32mI (2664617) net_bench: case=138 second=13 bytes=39748 rssi=-79[0m
[0;32mI (2664624) net_bench: case=138 second=14 bytes=39748 rssi=-70[0m
[0;32mI (2664630) net_bench: case=138 second=15 bytes=39748 rssi=-71[0m
[0;32mI (2664637) net_bench: case=138 second=16 bytes=40772 rssi=-72[0m
[0;32mI (2664643) net_bench: case=138 second=17 bytes=39748 rssi=-70[0m
[0;32mI (2664650) net_bench: case=138 second=18 bytes=39748 rssi=-81[0m
[0;32mI (2664656) net_bench: case=138 second=19 bytes=40772 rssi=-80[0m
[0;32mI (2665664) net_bench: case=139 path=/mp3-320?rate=320 output=0 begin rssi=-80 round=8 fixture=2 variant=3 wait_ms=25 read_limit=1024 batch=4[0m
[0;32mI (2685793) net_cpu: case=139 valid=1 total_us=20065075 tasks_before=8 tasks_after=8 snapshot_bytes=1440[0m
[0;32mI (2685795) net_cpu: case=139 task=audio id=4 runtime_us=1641674 existed=1[0m
[0;32mI (2685802) net_cpu: case=139 task=IDLE id=2 runtime_us=15125892 existed=1[0m
[0;32mI (2685810) net_cpu: case=139 task=uiT id=1 runtime_us=38949 existed=1[0m
[0;32mI (2685816) net_cpu: case=139 task=tiT id=5 runtime_us=1786111 existed=1[0m
[0;32mI (2685824) net_cpu: case=139 task=httpd id=9 runtime_us=91052 existed=1[0m
[0;32mI (2685831) net_cpu: case=139 task=ppT id=7 runtime_us=1383222 existed=1[0m
[0;32mI (2685839) net_cpu: case=139 task=sys_evt id=6 runtime_us=0 existed=1[0m
[0;32mI (2685846) net_cpu: case=139 task=Tmr Svc id=3 runtime_us=0 existed=1[0m
[0;32mI (2685855) net_bench: case=139 output=0 wall_us=20037321 bytes=802316 open_us=76305 error=0 rssi=-81 heap_min=12780[0m
[0;32mI (2685864) net_bench: case=139 recv_total_us=1307794 recv_positive_us=1112953 recv_empty_us=194841[0m
[0;32mI (2685874) net_bench: case=139 cpu_lean=1 gap_metrics_valid=0 heap_is_final=1[0m
[0;32mI (2685881) net_bench: case=139 sampled_heap_min=11416 rx_gap_tick_ms=110 wait_calls=1212[0m
[0;32mI (2685890) net_bench: case=139 calls=2058 empty=1212 rx_gap_us=0 app_gap_us=0 empty_wait_us=0 recv_max_us=6020 commit_max_us=0 ready_max=0 ready_probes=0[0m
[0;32mI (2685905) net_bench: case=139 pcm_frames=0 rate=0 eof=1884 underrun=1883 stack=1180[0m
[0;32mI (2685913) net_bench: case=139 second=0 bytes=40960 rssi=-71[0m
[0;32mI (2685920) net_bench: case=139 second=1 bytes=39748 rssi=-71[0m
[0;32mI (2685926) net_bench: case=139 second=2 bytes=39748 rssi=-70[0m
[0;32mI (2685932) net_bench: case=139 second=3 bytes=40772 rssi=-71[0m
[0;32mI (2685939) net_bench: case=139 second=4 bytes=39748 rssi=-70[0m
[0;32mI (2685945) net_bench: case=139 second=5 bytes=39748 rssi=-81[0m
[0;32mI (2685952) net_bench: case=139 second=6 bytes=40772 rssi=-81[0m
[0;32mI (2685958) net_bench: case=139 second=7 bytes=39748 rssi=-82[0m
[0;32mI (2685964) net_bench: case=139 second=8 bytes=39748 rssi=-80[0m
[0;32mI (2685971) net_bench: case=139 second=9 bytes=39748 rssi=-70[0m
[0;32mI (2685977) net_bench: case=139 second=10 bytes=40772 rssi=-70[0m
[0;32mI (2685984) net_bench: case=139 second=11 bytes=40772 rssi=-72[0m
[0;32mI (2685990) net_bench: case=139 second=12 bytes=39748 rssi=-70[0m
[0;32mI (2685997) net_bench: case=139 second=13 bytes=39748 rssi=-70[0m
[0;32mI (2686003) net_bench: case=139 second=14 bytes=40772 rssi=-81[0m
[0;32mI (2686010) net_bench: case=139 second=15 bytes=38724 rssi=-80[0m
[0;32mI (2686016) net_bench: case=139 second=16 bytes=40772 rssi=-72[0m
[0;32mI (2686023) net_bench: case=139 second=17 bytes=39748 rssi=-80[0m
[0;32mI (2686029) net_bench: case=139 second=18 bytes=40772 rssi=-70[0m
[0;32mI (2686036) net_bench: case=139 second=19 bytes=39748 rssi=-71[0m
[0;32mI (2687044) net_bench: case=140 path=/aac-64?rate=64 output=0 begin rssi=-70 round=8 fixture=3 variant=0 wait_ms=25 read_limit=1024 batch=1[0m
[0;32mI (2707179) net_cpu: case=140 valid=1 total_us=20071462 tasks_before=8 tasks_after=8 snapshot_bytes=1440[0m
[0;32mI (2707181) net_cpu: case=140 task=audio id=4 runtime_us=892176 existed=1[0m
[0;32mI (2707187) net_cpu: case=140 task=IDLE id=2 runtime_us=18112641 existed=1[0m
[0;32mI (2707195) net_cpu: case=140 task=tiT id=5 runtime_us=459018 existed=1[0m
[0;32mI (2707203) net_cpu: case=140 task=uiT id=1 runtime_us=39467 existed=1[0m
[0;32mI (2707210) net_cpu: case=140 task=httpd id=9 runtime_us=90705 existed=1[0m
[0;32mI (2707217) net_cpu: case=140 task=ppT id=7 runtime_us=479176 existed=1[0m
[0;32mI (2707224) net_cpu: case=140 task=sys_evt id=6 runtime_us=0 existed=1[0m
[0;32mI (2707231) net_cpu: case=140 task=Tmr Svc id=3 runtime_us=0 existed=1[0m
[0;32mI (2707240) net_bench: case=140 output=0 wall_us=20043926 bytes=160751 open_us=76086 error=0 rssi=-72 heap_min=14464[0m
[0;32mI (2707250) net_bench: case=140 recv_total_us=369090 recv_positive_us=236314 recv_empty_us=132776[0m
[0;32mI (2707259) net_bench: case=140 cpu_lean=1 gap_metrics_valid=0 heap_is_final=1[0m
[0;32mI (2707267) net_bench: case=140 sampled_heap_min=13224 rx_gap_tick_ms=156 wait_calls=821[0m
[0;32mI (2707276) net_bench: case=140 calls=1015 empty=821 rx_gap_us=0 app_gap_us=0 empty_wait_us=0 recv_max_us=3639 commit_max_us=0 ready_max=0 ready_probes=0[0m
[0;32mI (2707290) net_bench: case=140 pcm_frames=0 rate=0 eof=1884 underrun=1883 stack=1180[0m
[0;32mI (2707299) net_bench: case=140 second=0 bytes=8192 rssi=-81[0m
[0;32mI (2707305) net_bench: case=140 second=1 bytes=8245 rssi=-80[0m
[0;32mI (2707311) net_bench: case=140 second=2 bytes=8245 rssi=-80[0m
[0;32mI (2707318) net_bench: case=140 second=3 bytes=8245 rssi=-80[0m
[0;32mI (2707324) net_bench: case=140 second=4 bytes=7221 rssi=-71[0m
[0;32mI (2707330) net_bench: case=140 second=5 bytes=8245 rssi=-71[0m
[0;32mI (2707336) net_bench: case=140 second=6 bytes=8245 rssi=-71[0m
[0;32mI (2707343) net_bench: case=140 second=7 bytes=8245 rssi=-71[0m
[0;32mI (2707349) net_bench: case=140 second=8 bytes=8245 rssi=-72[0m
[0;32mI (2707355) net_bench: case=140 second=9 bytes=7221 rssi=-81[0m
[0;32mI (2707362) net_bench: case=140 second=10 bytes=8245 rssi=-82[0m
[0;32mI (2707368) net_bench: case=140 second=11 bytes=8245 rssi=-81[0m
[0;32mI (2707375) net_bench: case=140 second=12 bytes=8245 rssi=-80[0m
[0;32mI (2707381) net_bench: case=140 second=13 bytes=7221 rssi=-79[0m
[0;32mI (2707387) net_bench: case=140 second=14 bytes=8245 rssi=-71[0m
[0;32mI (2707394) net_bench: case=140 second=15 bytes=8245 rssi=-73[0m
[0;32mI (2707400) net_bench: case=140 second=16 bytes=8245 rssi=-72[0m
[0;32mI (2707407) net_bench: case=140 second=17 bytes=8245 rssi=-71[0m
[0;32mI (2707413) net_bench: case=140 second=18 bytes=7221 rssi=-73[0m
[0;32mI (2707419) net_bench: case=140 second=19 bytes=8245 rssi=-80[0m
[0;32mI (2708427) net_bench: case=141 path=/aac-64?rate=64 output=0 begin rssi=-81 round=8 fixture=3 variant=1 wait_ms=25 read_limit=512 batch=1[0m
[0;32mI (2728544) net_cpu: case=141 valid=1 total_us=20056030 tasks_before=8 tasks_after=8 snapshot_bytes=1440[0m
[0;32mI (2728546) net_cpu: case=141 task=audio id=4 runtime_us=923407 existed=1[0m
[0;32mI (2728552) net_cpu: case=141 task=IDLE id=2 runtime_us=18030711 existed=1[0m
[0;32mI (2728560) net_cpu: case=141 task=tiT id=5 runtime_us=478941 existed=1[0m
[0;32mI (2728567) net_cpu: case=141 task=uiT id=1 runtime_us=39110 existed=1[0m
[0;32mI (2728574) net_cpu: case=141 task=httpd id=9 runtime_us=91302 existed=1[0m
[0;32mI (2728582) net_cpu: case=141 task=ppT id=7 runtime_us=494274 existed=1[0m
[0;32mI (2728589) net_cpu: case=141 task=sys_evt id=6 runtime_us=0 existed=1[0m
[0;32mI (2728597) net_cpu: case=141 task=Tmr Svc id=3 runtime_us=0 existed=1[0m
[0;32mI (2728605) net_bench: case=141 output=0 wall_us=20028521 bytes=160751 open_us=72994 error=0 rssi=-81 heap_min=14464[0m
[0;32mI (2728615) net_bench: case=141 recv_total_us=411284 recv_positive_us=280988 recv_empty_us=130296[0m
[0;32mI (2728624) net_bench: case=141 cpu_lean=1 gap_metrics_valid=0 heap_is_final=1[0m
[0;32mI (2728632) net_bench: case=141 sampled_heap_min=13224 rx_gap_tick_ms=250 wait_calls=819[0m
[0;32mI (2728641) net_bench: case=141 calls=1151 empty=819 rx_gap_us=0 app_gap_us=0 empty_wait_us=0 recv_max_us=2614 commit_max_us=0 ready_max=0 ready_probes=0[0m
[0;32mI (2728655) net_bench: case=141 pcm_frames=0 rate=0 eof=1883 underrun=1882 stack=1180[0m
[0;32mI (2728664) net_bench: case=141 second=0 bytes=8192 rssi=-71[0m
[0;32mI (2728670) net_bench: case=141 second=1 bytes=8245 rssi=-73[0m
[0;32mI (2728676) net_bench: case=141 second=2 bytes=8245 rssi=-71[0m
[0;32mI (2728682) net_bench: case=141 second=3 bytes=8245 rssi=-71[0m
[0;32mI (2728689) net_bench: case=141 second=4 bytes=7221 rssi=-79[0m
[0;32mI (2728695) net_bench: case=141 second=5 bytes=8245 rssi=-80[0m
[0;32mI (2728701) net_bench: case=141 second=6 bytes=8245 rssi=-80[0m
[0;32mI (2728708) net_bench: case=141 second=7 bytes=8245 rssi=-80[0m
[0;32mI (2728714) net_bench: case=141 second=8 bytes=8245 rssi=-80[0m
[0;32mI (2728720) net_bench: case=141 second=9 bytes=7221 rssi=-81[0m
[0;32mI (2728727) net_bench: case=141 second=10 bytes=8245 rssi=-73[0m
[0;32mI (2728733) net_bench: case=141 second=11 bytes=8245 rssi=-72[0m
[0;32mI (2728740) net_bench: case=141 second=12 bytes=8245 rssi=-72[0m
[0;32mI (2728746) net_bench: case=141 second=13 bytes=7221 rssi=-73[0m
[0;32mI (2728752) net_bench: case=141 second=14 bytes=8245 rssi=-82[0m
[0;32mI (2728759) net_bench: case=141 second=15 bytes=8245 rssi=-80[0m
[0;32mI (2728765) net_bench: case=141 second=16 bytes=8245 rssi=-80[0m
[0;32mI (2728772) net_bench: case=141 second=17 bytes=7757 rssi=-79[0m
[0;32mI (2728778) net_bench: case=141 second=18 bytes=7709 rssi=-71[0m
[0;32mI (2728784) net_bench: case=141 second=19 bytes=8245 rssi=-72[0m
[0;32mI (2729792) net_bench: case=142 path=/aac-64?rate=64 output=0 begin rssi=-74 round=8 fixture=3 variant=2 wait_ms=25 read_limit=1536 batch=1[0m
[0;32mI (2749935) net_cpu: case=142 valid=1 total_us=20071939 tasks_before=8 tasks_after=8 snapshot_bytes=1440[0m
[0;32mI (2749937) net_cpu: case=142 task=audio id=4 runtime_us=882006 existed=1[0m
[0;32mI (2749943) net_cpu: case=142 task=IDLE id=2 runtime_us=18111067 existed=1[0m
[0;32mI (2749951) net_cpu: case=142 task=uiT id=1 runtime_us=39413 existed=1[0m
[0;32mI (2749958) net_cpu: case=142 task=tiT id=5 runtime_us=456044 existed=1[0m
[0;32mI (2749966) net_cpu: case=142 task=httpd id=9 runtime_us=90820 existed=1[0m
[0;32mI (2749974) net_cpu: case=142 task=ppT id=7 runtime_us=494309 existed=1[0m
[0;32mI (2749980) net_cpu: case=142 task=sys_evt id=6 runtime_us=0 existed=1[0m
[0;32mI (2749987) net_cpu: case=142 task=Tmr Svc id=3 runtime_us=0 existed=1[0m
[0;32mI (2749996) net_bench: case=142 output=0 wall_us=20044426 bytes=160751 open_us=83651 error=0 rssi=-72 heap_min=14468[0m
[0;32mI (2750006) net_bench: case=142 recv_total_us=348427 recv_positive_us=219747 recv_empty_us=128680[0m
[0;32mI (2750015) net_bench: case=142 cpu_lean=1 gap_metrics_valid=0 heap_is_final=1[0m
[0;32mI (2750023) net_bench: case=142 sampled_heap_min=13100 rx_gap_tick_ms=155 wait_calls=820[0m
[0;32mI (2750032) net_bench: case=142 calls=986 empty=820 rx_gap_us=0 app_gap_us=0 empty_wait_us=0 recv_max_us=2722 commit_max_us=0 ready_max=0 ready_probes=0[0m
[0;32mI (2750046) net_bench: case=142 pcm_frames=0 rate=0 eof=1884 underrun=1883 stack=1180[0m
[0;32mI (2750054) net_bench: case=142 second=0 bytes=8192 rssi=-80[0m
[0;32mI (2750061) net_bench: case=142 second=1 bytes=8245 rssi=-80[0m
[0;32mI (2750067) net_bench: case=142 second=2 bytes=8245 rssi=-80[0m
[0;32mI (2750073) net_bench: case=142 second=3 bytes=8245 rssi=-77[0m
[0;32mI (2750080) net_bench: case=142 second=4 bytes=7221 rssi=-80[0m
[0;32mI (2750086) net_bench: case=142 second=5 bytes=8245 rssi=-71[0m
[0;32mI (2750092) net_bench: case=142 second=6 bytes=8245 rssi=-71[0m
[0;32mI (2750099) net_bench: case=142 second=7 bytes=8245 rssi=-71[0m
[0;32mI (2750105) net_bench: case=142 second=8 bytes=8245 rssi=-71[0m
[0;32mI (2750111) net_bench: case=142 second=9 bytes=7221 rssi=-72[0m
[0;32mI (2750118) net_bench: case=142 second=10 bytes=8245 rssi=-81[0m
[0;32mI (2750124) net_bench: case=142 second=11 bytes=8245 rssi=-81[0m
[0;32mI (2750130) net_bench: case=142 second=12 bytes=8245 rssi=-80[0m
[0;32mI (2750137) net_bench: case=142 second=13 bytes=7221 rssi=-79[0m
[0;32mI (2750143) net_bench: case=142 second=14 bytes=8245 rssi=-73[0m
[0;32mI (2750150) net_bench: case=142 second=15 bytes=8245 rssi=-72[0m
[0;32mI (2750156) net_bench: case=142 second=16 bytes=8245 rssi=-72[0m
[0;32mI (2750162) net_bench: case=142 second=17 bytes=8245 rssi=-71[0m
[0;32mI (2750169) net_bench: case=142 second=18 bytes=7221 rssi=-81[0m
[0;32mI (2750175) net_bench: case=142 second=19 bytes=8245 rssi=-80[0m
[0;32mI (2751183) net_bench: case=143 path=/aac-64?rate=64 output=0 begin rssi=-81 round=8 fixture=3 variant=3 wait_ms=25 read_limit=1024 batch=4[0m
[0;32mI (2771301) net_cpu: case=143 valid=1 total_us=20066188 tasks_before=8 tasks_after=8 snapshot_bytes=1440[0m
[0;32mI (2771303) net_cpu: case=143 task=audio id=4 runtime_us=882031 existed=1[0m
[0;32mI (2771309) net_cpu: case=143 task=IDLE id=2 runtime_us=18105501 existed=1[0m
[0;32mI (2771317) net_cpu: case=143 task=tiT id=5 runtime_us=459378 existed=1[0m
[0;32mI (2771324) net_cpu: case=143 task=uiT id=1 runtime_us=39083 existed=1[0m
[0;32mI (2771332) net_cpu: case=143 task=httpd id=9 runtime_us=91181 existed=1[0m
[0;32mI (2771339) net_cpu: case=143 task=ppT id=7 runtime_us=490693 existed=1[0m
[0;32mI (2771346) net_cpu: case=143 task=sys_evt id=6 runtime_us=0 existed=1[0m
[0;32mI (2771353) net_cpu: case=143 task=Tmr Svc id=3 runtime_us=0 existed=1[0m
[0;32mI (2771362) net_bench: case=143 output=0 wall_us=20038675 bytes=160751 open_us=64619 error=0 rssi=-80 heap_min=14464[0m
[0;32mI (2771372) net_bench: case=143 recv_total_us=355122 recv_positive_us=226294 recv_empty_us=128828[0m
[0;32mI (2771381) net_bench: case=143 cpu_lean=1 gap_metrics_valid=0 heap_is_final=1[0m
[0;32mI (2771389) net_bench: case=143 sampled_heap_min=13100 rx_gap_tick_ms=145 wait_calls=821[0m
[0;32mI (2771398) net_bench: case=143 calls=1005 empty=821 rx_gap_us=0 app_gap_us=0 empty_wait_us=0 recv_max_us=3266 commit_max_us=0 ready_max=0 ready_probes=0[0m
[0;32mI (2771412) net_bench: case=143 pcm_frames=0 rate=0 eof=1884 underrun=1883 stack=1180[0m
[0;32mI (2771422) net_bench: case=143 second=0 bytes=8192 rssi=-72[0m
[0;32mI (2771428) net_bench: case=143 second=1 bytes=8245 rssi=-71[0m
[0;32mI (2771434) net_bench: case=143 second=2 bytes=8245 rssi=-74[0m
[0;32mI (2771441) net_bench: case=143 second=3 bytes=8245 rssi=-72[0m
[0;32mI (2771447) net_bench: case=143 second=4 bytes=7221 rssi=-72[0m
[0;32mI (2771453) net_bench: case=143 second=5 bytes=8245 rssi=-80[0m
[0;32mI (2771459) net_bench: case=143 second=6 bytes=8245 rssi=-79[0m
[0;32mI (2771466) net_bench: case=143 second=7 bytes=8245 rssi=-80[0m
[0;32mI (2771472) net_bench: case=143 second=8 bytes=8245 rssi=-80[0m
[0;32mI (2771478) net_bench: case=143 second=9 bytes=7221 rssi=-80[0m
[0;32mI (2771485) net_bench: case=143 second=10 bytes=8245 rssi=-71[0m
[0;32mI (2771491) net_bench: case=143 second=11 bytes=8245 rssi=-71[0m
[0;32mI (2771498) net_bench: case=143 second=12 bytes=8245 rssi=-72[0m
[0;32mI (2771504) net_bench: case=143 second=13 bytes=7221 rssi=-72[0m
[0;32mI (2771510) net_bench: case=143 second=14 bytes=8245 rssi=-80[0m
[0;32mI (2771517) net_bench: case=143 second=15 bytes=8245 rssi=-80[0m
[0;32mI (2771523) net_bench: case=143 second=16 bytes=8245 rssi=-80[0m
[0;32mI (2771530) net_bench: case=143 second=17 bytes=8245 rssi=-80[0m
[0;32mI (2771536) net_bench: case=143 second=18 bytes=7221 rssi=-79[0m
[0;32mI (2771542) net_bench: case=143 second=19 bytes=8245 rssi=-71[0m
[0;32mI (2772550) net_bench: case=144 path=/mp3-320?rate=0 output=0 begin rssi=-72 round=9 fixture=0 variant=1 wait_ms=25 read_limit=512 batch=1[0m
[0;32mI (2792684) net_cpu: case=144 valid=1 total_us=20073366 tasks_before=8 tasks_after=8 snapshot_bytes=1440[0m
[0;32mI (2792686) net_cpu: case=144 task=audio id=4 runtime_us=3143651 existed=1[0m
[0;32mI (2792692) net_cpu: case=144 task=IDLE id=2 runtime_us=4017977 existed=1[0m
[0;32mI (2792700) net_cpu: case=144 task=tiT id=5 runtime_us=7445132 existed=1[0m
[0;32mI (2792707) net_cpu: case=144 task=uiT id=1 runtime_us=38874 existed=1[0m
[0;32mI (2792714) net_cpu: case=144 task=httpd id=9 runtime_us=96876 existed=1[0m
[0;32mI (2792722) net_cpu: case=144 task=ppT id=7 runtime_us=5332109 existed=1[0m
[0;32mI (2792729) net_cpu: case=144 task=sys_evt id=6 runtime_us=0 existed=1[0m
[0;32mI (2792736) net_cpu: case=144 task=Tmr Svc id=3 runtime_us=0 existed=1[0m
[0;32mI (2792745) net_bench: case=144 output=0 wall_us=20044679 bytes=3681416 open_us=75115 error=0 rssi=-71 heap_min=10204[0m
[0;32mI (2792755) net_bench: case=144 recv_total_us=8811801 recv_positive_us=8760555 recv_empty_us=51246[0m
[0;32mI (2792764) net_bench: case=144 cpu_lean=1 gap_metrics_valid=0 heap_is_final=1[0m
[0;32mI (2792772) net_bench: case=144 sampled_heap_min=9560 rx_gap_tick_ms=313 wait_calls=114[0m
[0;32mI (2792782) net_bench: case=144 calls=7409 empty=114 rx_gap_us=0 app_gap_us=0 empty_wait_us=0 recv_max_us=7701 commit_max_us=0 ready_max=0 ready_probes=0[0m
[0;32mI (2792796) net_bench: case=144 pcm_frames=0 rate=0 eof=1885 underrun=1884 stack=1180[0m
[0;32mI (2792805) net_bench: case=144 second=0 bytes=185464 rssi=-81[0m
[0;32mI (2792811) net_bench: case=144 second=1 bytes=191064 rssi=-80[0m
[0;32mI (2792818) net_bench: case=144 second=2 bytes=191352 rssi=-79[0m
[0;32mI (2792824) net_bench: case=144 second=3 bytes=192760 rssi=-82[0m
[0;32mI (2792831) net_bench: case=144 second=4 bytes=137024 rssi=-71[0m
[0;32mI (2792837) net_bench: case=144 second=5 bytes=185216 rssi=-71[0m
[0;32mI (2792844) net_bench: case=144 second=6 bytes=182944 rssi=-71[0m
[0;32mI (2792850) net_bench: case=144 second=7 bytes=188216 rssi=-72[0m
[0;32mI (2792857) net_bench: case=144 second=8 bytes=190368 rssi=-72[0m
[0;32mI (2792863) net_bench: case=144 second=9 bytes=189136 rssi=-80[0m
[0;32mI (2792870) net_bench: case=144 second=10 bytes=190912 rssi=-79[0m
[0;32mI (2792876) net_bench: case=144 second=11 bytes=192832 rssi=-80[0m
[0;32mI (2792883) net_bench: case=144 second=12 bytes=193128 rssi=-79[0m
[0;32mI (2792889) net_bench: case=144 second=13 bytes=188256 rssi=-79[0m
[0;32mI (2792896) net_bench: case=144 second=14 bytes=182296 rssi=-71[0m
[0;32mI (2792902) net_bench: case=144 second=15 bytes=192616 rssi=-72[0m
[0;32mI (2792909) net_bench: case=144 second=16 bytes=188760 rssi=-70[0m
[0;32mI (2792916) net_bench: case=144 second=17 bytes=192064 rssi=-70[0m
[0;32mI (2792922) net_bench: case=144 second=18 bytes=144448 rssi=-70[0m
[0;32mI (2792929) net_bench: case=144 second=19 bytes=182560 rssi=-72[0m
[0;32mI (2793936) net_bench: case=145 path=/mp3-320?rate=0 output=0 begin rssi=-73 round=9 fixture=0 variant=2 wait_ms=25 read_limit=1536 batch=1[0m
[0;32mI (2814066) net_cpu: case=145 valid=1 total_us=20075005 tasks_before=8 tasks_after=8 snapshot_bytes=1440[0m
[0;32mI (2814070) net_cpu: case=145 task=audio id=4 runtime_us=2777094 existed=1[0m
[0;32mI (2814076) net_cpu: case=145 task=httpd id=9 runtime_us=96435 existed=1[0m
[0;32mI (2814084) net_cpu: case=145 task=uiT id=1 runtime_us=39062 existed=1[0m
[0;32mI (2814091) net_cpu: case=145 task=IDLE id=2 runtime_us=2785592 existed=1[0m
[0;32mI (2814098) net_cpu: case=145 task=tiT id=5 runtime_us=8201029 existed=1[0m
[0;32mI (2814106) net_cpu: case=145 task=ppT id=7 runtime_us=6177265 existed=1[0m
[0;32mI (2814113) net_cpu: case=145 task=sys_evt id=6 runtime_us=0 existed=1[0m
[0;32mI (2814120) net_cpu: case=145 task=Tmr Svc id=3 runtime_us=0 existed=1[0m
[0;32mI (2814129) net_bench: case=145 output=0 wall_us=20046431 bytes=4813408 open_us=69913 error=0 rssi=-81 heap_min=9276[0m
[0;32mI (2814139) net_bench: case=145 recv_total_us=8744921 recv_positive_us=8518376 recv_empty_us=226545[0m
[0;32mI (2814148) net_bench: case=145 cpu_lean=1 gap_metrics_valid=0 heap_is_final=1[0m
[0;32mI (2814156) net_bench: case=145 sampled_heap_min=9436 rx_gap_tick_ms=316 wait_calls=611[0m
[0;32mI (2814165) net_bench: case=145 calls=4381 empty=611 rx_gap_us=0 app_gap_us=0 empty_wait_us=0 recv_max_us=10723 commit_max_us=0 ready_max=0 ready_probes=0[0m
[0;32mI (2814179) net_bench: case=145 pcm_frames=0 rate=0 eof=1886 underrun=1885 stack=1180[0m
[0;32mI (2814188) net_bench: case=145 second=0 bytes=255064 rssi=-73[0m
[0;32mI (2814194) net_bench: case=145 second=1 bytes=251856 rssi=-71[0m
[0;32mI (2814201) net_bench: case=145 second=2 bytes=258848 rssi=-70[0m
[0;32mI (2814207) net_bench: case=145 second=3 bytes=242992 rssi=-72[0m
[0;32mI (2814214) net_bench: case=145 second=4 bytes=181544 rssi=-71[0m
[0;32mI (2814220) net_bench: case=145 second=5 bytes=182080 rssi=-80[0m
[0;32mI (2814227) net_bench: case=145 second=6 bytes=256824 rssi=-80[0m
[0;32mI (2814233) net_bench: case=145 second=7 bytes=167232 rssi=-81[0m
[0;32mI (2814240) net_bench: case=145 second=8 bytes=253584 rssi=-71[0m
[0;32mI (2814246) net_bench: case=145 second=9 bytes=255672 rssi=-78[0m
[0;32mI (2814252) net_bench: case=145 second=10 bytes=252376 rssi=-71[0m
[0;32mI (2814259) net_bench: case=145 second=11 bytes=241880 rssi=-70[0m
[0;32mI (2814266) net_bench: case=145 second=12 bytes=250976 rssi=-71[0m
[0;32mI (2814272) net_bench: case=145 second=13 bytes=252664 rssi=-72[0m
[0;32mI (2814279) net_bench: case=145 second=14 bytes=252520 rssi=-72[0m
[0;32mI (2814286) net_bench: case=145 second=15 bytes=256440 rssi=-80[0m
[0;32mI (2814292) net_bench: case=145 second=16 bytes=250376 rssi=-80[0m
[0;32mI (2814299) net_bench: case=145 second=17 bytes=247472 rssi=-81[0m
[0;32mI (2814305) net_bench: case=145 second=18 bytes=248056 rssi=-79[0m
[0;32mI (2814312) net_bench: case=145 second=19 bytes=253416 rssi=-79[0m
[0;32mI (2815319) net_bench: case=146 path=/mp3-320?rate=0 output=0 begin rssi=-81 round=9 fixture=0 variant=3 wait_ms=25 read_limit=1024 batch=4[0m
[0;32mI (2835451) net_cpu: case=146 valid=1 total_us=20075379 tasks_before=8 tasks_after=8 snapshot_bytes=1440[0m
[0;32mI (2835454) net_cpu: case=146 task=audio id=4 runtime_us=3128909 existed=1[0m
[0;32mI (2835460) net_cpu: case=146 task=IDLE id=2 runtime_us=1553668 existed=1[0m
[0;32mI (2835468) net_cpu: case=146 task=tiT id=5 runtime_us=8795440 existed=1[0m
[0;32mI (2835475) net_cpu: case=146 task=uiT id=1 runtime_us=36106 existed=1[0m
[0;32mI (2835482) net_cpu: case=146 task=httpd id=9 runtime_us=93398 existed=1[0m
[0;32mI (2835490) net_cpu: case=146 task=ppT id=7 runtime_us=6469728 existed=1[0m
[0;32mI (2835497) net_cpu: case=146 task=sys_evt id=6 runtime_us=0 existed=1[0m
[0;32mI (2835504) net_cpu: case=146 task=Tmr Svc id=3 runtime_us=0 existed=1[0m
[0;32mI (2835513) net_bench: case=146 output=0 wall_us=20046690 bytes=4606688 open_us=69862 error=0 rssi=-71 heap_min=9436[0m
[0;32mI (2835523) net_bench: case=146 recv_total_us=13248410 recv_positive_us=13023297 recv_empty_us=225113[0m
[0;32mI (2835532) net_bench: case=146 cpu_lean=1 gap_metrics_valid=0 heap_is_final=1[0m
[0;32mI (2835540) net_bench: case=146 sampled_heap_min=9560 rx_gap_tick_ms=306 wait_calls=678[0m
[0;32mI (2835549) net_bench: case=146 calls=5727 empty=678 rx_gap_us=0 app_gap_us=0 empty_wait_us=0 recv_max_us=8582 commit_max_us=0 ready_max=0 ready_probes=0[0m
[0;32mI (2835563) net_bench: case=146 pcm_frames=0 rate=0 eof=1885 underrun=1884 stack=1180[0m
[0;32mI (2835572) net_bench: case=146 second=0 bytes=239280 rssi=-81[0m
[0;32mI (2835578) net_bench: case=146 second=1 bytes=238568 rssi=-81[0m
[0;32mI (2835585) net_bench: case=146 second=2 bytes=238216 rssi=-78[0m
[0;32mI (2835591) net_bench: case=146 second=3 bytes=233216 rssi=-80[0m
[0;32mI (2835598) net_bench: case=146 second=4 bytes=230008 rssi=-81[0m
[0;32mI (2835604) net_bench: case=146 second=5 bytes=178760 rssi=-80[0m
[0;32mI (2835611) net_bench: case=146 second=6 bytes=240240 rssi=-72[0m
[0;32mI (2835617) net_bench: case=146 second=7 bytes=231248 rssi=-72[0m
[0;32mI (2835624) net_bench: case=146 second=8 bytes=239752 rssi=-73[0m
[0;32mI (2835630) net_bench: case=146 second=9 bytes=235224 rssi=-71[0m
[0;32mI (2835637) net_bench: case=146 second=10 bytes=232832 rssi=-79[0m
[0;32mI (2835643) net_bench: case=146 second=11 bytes=237608 rssi=-80[0m
[0;32mI (2835650) net_bench: case=146 second=12 bytes=230216 rssi=-81[0m
[0;32mI (2835657) net_bench: case=146 second=13 bytes=235384 rssi=-81[0m
[0;32mI (2835663) net_bench: case=146 second=14 bytes=237416 rssi=-81[0m
[0;32mI (2835670) net_bench: case=146 second=15 bytes=238784 rssi=-71[0m
[0;32mI (2835676) net_bench: case=146 second=16 bytes=243448 rssi=-72[0m
[0;32mI (2835683) net_bench: case=146 second=17 bytes=245704 rssi=-72[0m
[0;32mI (2835689) net_bench: case=146 second=18 bytes=232960 rssi=-72[0m
[0;32mI (2835696) net_bench: case=146 second=19 bytes=166800 rssi=-71[0m
[0;32mI (2836703) net_bench: case=147 path=/mp3-320?rate=0 output=0 begin rssi=-71 round=9 fixture=0 variant=0 wait_ms=25 read_limit=1024 batch=1[0m
[0;32mI (2856838) net_cpu: case=147 valid=1 total_us=20077114 tasks_before=8 tasks_after=8 snapshot_bytes=1440[0m
[0;32mI (2856840) net_cpu: case=147 task=audio id=4 runtime_us=2782952 existed=1[0m
[0;32mI (2856846) net_cpu: case=147 task=IDLE id=2 runtime_us=2510977 existed=1[0m
[0;32mI (2856854) net_cpu: case=147 task=tiT id=5 runtime_us=8438470 existed=1[0m
[0;32mI (2856861) net_cpu: case=147 task=uiT id=1 runtime_us=38838 existed=1[0m
[0;32mI (2856868) net_cpu: case=147 task=httpd id=9 runtime_us=100276 existed=1[0m
[0;32mI (2856876) net_cpu: case=147 task=ppT id=7 runtime_us=6206650 existed=1[0m
[0;32mI (2856883) net_cpu: case=147 task=sys_evt id=6 runtime_us=0 existed=1[0m
[0;32mI (2856891) net_cpu: case=147 task=Tmr Svc id=3 runtime_us=0 existed=1[0m
[0;32mI (2856900) net_bench: case=147 output=0 wall_us=20048523 bytes=4419520 open_us=71811 error=0 rssi=-80 heap_min=10208[0m
[0;32mI (2856910) net_bench: case=147 recv_total_us=10513140 recv_positive_us=10269645 recv_empty_us=243495[0m
[0;32mI (2856920) net_bench: case=147 cpu_lean=1 gap_metrics_valid=0 heap_is_final=1[0m
[0;32mI (2856928) net_bench: case=147 sampled_heap_min=9280 rx_gap_tick_ms=304 wait_calls=344[0m
[0;32mI (2856936) net_bench: case=147 calls=5010 empty=344 rx_gap_us=0 app_gap_us=0 empty_wait_us=0 recv_max_us=8285 commit_max_us=0 ready_max=0 ready_probes=0[0m
[0;32mI (2856951) net_bench: case=147 pcm_frames=0 rate=0 eof=1885 underrun=1884 stack=1180[0m
[0;32mI (2856959) net_bench: case=147 second=0 bytes=231640 rssi=-81[0m
[0;32mI (2856965) net_bench: case=147 second=1 bytes=210912 rssi=-71[0m
[0;32mI (2856972) net_bench: case=147 second=2 bytes=233320 rssi=-71[0m
[0;32mI (2856978) net_bench: case=147 second=3 bytes=232896 rssi=-71[0m
[0;32mI (2856985) net_bench: case=147 second=4 bytes=174568 rssi=-71[0m
[0;32mI (2856991) net_bench: case=147 second=5 bytes=224904 rssi=-72[0m
[0;32mI (2856998) net_bench: case=147 second=6 bytes=181624 rssi=-81[0m
[0;32mI (2857004) net_bench: case=147 second=7 bytes=202256 rssi=-81[0m
[0;32mI (2857011) net_bench: case=147 second=8 bytes=226272 rssi=-81[0m
[0;32mI (2857017) net_bench: case=147 second=9 bytes=220608 rssi=-82[0m
[0;32mI (2857024) net_bench: case=147 second=10 bytes=229488 rssi=-81[0m
[0;32mI (2857031) net_bench: case=147 second=11 bytes=227464 rssi=-71[0m
[0;32mI (2857037) net_bench: case=147 second=12 bytes=227688 rssi=-70[0m
[0;32mI (2857044) net_bench: case=147 second=13 bytes=228264 rssi=-72[0m
[0;32mI (2857050) net_bench: case=147 second=14 bytes=228528 rssi=-71[0m
[0;32mI (2857057) net_bench: case=147 second=15 bytes=229096 rssi=-71[0m
[0;32mI (2857063) net_bench: case=147 second=16 bytes=227096 rssi=-80[0m
[0;32mI (2857070) net_bench: case=147 second=17 bytes=221800 rssi=-80[0m
[0;32mI (2857076) net_bench: case=147 second=18 bytes=227184 rssi=-81[0m
[0;32mI (2857083) net_bench: case=147 second=19 bytes=232888 rssi=-82[0m
[0;32mI (2858091) net_bench: case=148 path=/mp3-128?rate=128 output=0 begin rssi=-81 round=9 fixture=1 variant=1 wait_ms=25 read_limit=512 batch=1[0m
[0;32mI (2878219) net_cpu: case=148 valid=1 total_us=20073026 tasks_before=8 tasks_after=8 snapshot_bytes=1440[0m
[0;32mI (2878221) net_cpu: case=148 task=audio id=4 runtime_us=1181592 existed=1[0m
[0;32mI (2878228) net_cpu: case=148 task=IDLE id=2 runtime_us=17246837 existed=1[0m
[0;32mI (2878235) net_cpu: case=148 task=tiT id=5 runtime_us=820363 existed=1[0m
[0;32mI (2878242) net_cpu: case=148 task=uiT id=1 runtime_us=38938 existed=1[0m
[0;32mI (2878250) net_cpu: case=148 task=httpd id=9 runtime_us=90635 existed=1[0m
[0;32mI (2878257) net_cpu: case=148 task=ppT id=7 runtime_us=696333 existed=1[0m
[0;32mI (2878266) net_cpu: case=148 task=sys_evt id=6 runtime_us=0 existed=1[0m
[0;32mI (2878273) net_cpu: case=148 task=Tmr Svc id=3 runtime_us=0 existed=1[0m
[0;32mI (2878280) net_bench: case=148 output=0 wall_us=20045456 bytes=321738 open_us=67857 error=0 rssi=-72 heap_min=12780[0m
[0;32mI (2878290) net_bench: case=148 recv_total_us=710146 recv_positive_us=565657 recv_empty_us=144489[0m
[0;32mI (2878299) net_bench: case=148 cpu_lean=1 gap_metrics_valid=0 heap_is_final=1[0m
[0;32mI (2878307) net_bench: case=148 sampled_heap_min=11540 rx_gap_tick_ms=79 wait_calls=942[0m
[0;32mI (2878316) net_bench: case=148 calls=1582 empty=942 rx_gap_us=0 app_gap_us=0 empty_wait_us=0 recv_max_us=3165 commit_max_us=0 ready_max=0 ready_probes=0[0m
[0;32mI (2878330) net_bench: case=148 pcm_frames=0 rate=0 eof=1885 underrun=1884 stack=1180[0m
[0;32mI (2878339) net_bench: case=148 second=0 bytes=16384 rssi=-72[0m
[0;32mI (2878345) net_bench: case=148 second=1 bytes=16718 rssi=-71[0m
[0;32mI (2878351) net_bench: case=148 second=2 bytes=15694 rssi=-81[0m
[0;32mI (2878358) net_bench: case=148 second=3 bytes=15694 rssi=-81[0m
[0;32mI (2878364) net_bench: case=148 second=4 bytes=15694 rssi=-81[0m
[0;32mI (2878371) net_bench: case=148 second=5 bytes=16718 rssi=-79[0m
[0;32mI (2878377) net_bench: case=148 second=6 bytes=15694 rssi=-71[0m
[0;32mI (2878383) net_bench: case=148 second=7 bytes=15694 rssi=-71[0m
[0;32mI (2878390) net_bench: case=148 second=8 bytes=16718 rssi=-71[0m
[0;32mI (2878396) net_bench: case=148 second=9 bytes=15694 rssi=-71[0m
[0;32mI (2878403) net_bench: case=148 second=10 bytes=15694 rssi=-71[0m
[0;32mI (2878409) net_bench: case=148 second=11 bytes=16718 rssi=-80[0m
[0;32mI (2878416) net_bench: case=148 second=12 bytes=15694 rssi=-81[0m
[0;32mI (2878422) net_bench: case=148 second=13 bytes=15694 rssi=-80[0m
[0;32mI (2878429) net_bench: case=148 second=14 bytes=16718 rssi=-80[0m
[0;32mI (2878435) net_bench: case=148 second=15 bytes=15694 rssi=-79[0m
[0;32mI (2878442) net_bench: case=148 second=16 bytes=15694 rssi=-71[0m
[0;32mI (2878448) net_bench: case=148 second=17 bytes=16718 rssi=-71[0m
[0;32mI (2878455) net_bench: case=148 second=18 bytes=15694 rssi=-71[0m
[0;32mI (2878461) net_bench: case=148 second=19 bytes=16718 rssi=-72[0m
[0;32mI (2879468) net_bench: case=149 path=/mp3-128?rate=128 output=0 begin rssi=-72 round=9 fixture=1 variant=2 wait_ms=25 read_limit=1536 batch=1[0m
[0;32mI (2899573) net_cpu: case=149 valid=1 total_us=20052805 tasks_before=8 tasks_after=8 snapshot_bytes=1440[0m
[0;32mI (2899575) net_cpu: case=149 task=audio id=4 runtime_us=1106679 existed=1[0m
[0;32mI (2899582) net_cpu: case=149 task=IDLE id=2 runtime_us=17340663 existed=1[0m
[0;32mI (2899589) net_cpu: case=149 task=uiT id=1 runtime_us=39040 existed=1[0m
[0;32mI (2899596) net_cpu: case=149 task=tiT id=5 runtime_us=783100 existed=1[0m
[0;32mI (2899604) net_cpu: case=149 task=httpd id=9 runtime_us=90522 existed=1[0m
[0;32mI (2899611) net_cpu: case=149 task=ppT id=7 runtime_us=694484 existed=1[0m
[0;32mI (2899618) net_cpu: case=149 task=sys_evt id=6 runtime_us=0 existed=1[0m
[0;32mI (2899625) net_cpu: case=149 task=Tmr Svc id=3 runtime_us=0 existed=1[0m
[0;32mI (2899634) net_bench: case=149 output=0 wall_us=20025259 bytes=320714 open_us=63002 error=0 rssi=-81 heap_min=11420[0m
[0;32mI (2899644) net_bench: case=149 recv_total_us=597065 recv_positive_us=448099 recv_empty_us=148966[0m
[0;32mI (2899653) net_bench: case=149 cpu_lean=1 gap_metrics_valid=0 heap_is_final=1[0m
[0;32mI (2899661) net_bench: case=149 sampled_heap_min=11420 rx_gap_tick_ms=123 wait_calls=944[0m
[0;32mI (2899670) net_bench: case=149 calls=1285 empty=944 rx_gap_us=0 app_gap_us=0 empty_wait_us=0 recv_max_us=3329 commit_max_us=0 ready_max=0 ready_probes=0[0m
[0;32mI (2899684) net_bench: case=149 pcm_frames=0 rate=0 eof=1882 underrun=1881 stack=1180[0m
[0;32mI (2899693) net_bench: case=149 second=0 bytes=16384 rssi=-81[0m
[0;32mI (2899699) net_bench: case=149 second=1 bytes=15694 rssi=-80[0m
[0;32mI (2899705) net_bench: case=149 second=2 bytes=16718 rssi=-72[0m
[0;32mI (2899712) net_bench: case=149 second=3 bytes=15694 rssi=-73[0m
[0;32mI (2899718) net_bench: case=149 second=4 bytes=16718 rssi=-72[0m
[0;32mI (2899725) net_bench: case=149 second=5 bytes=15694 rssi=-72[0m
[0;32mI (2899731) net_bench: case=149 second=6 bytes=15694 rssi=-71[0m
[0;32mI (2899737) net_bench: case=149 second=7 bytes=16206 rssi=-82[0m
[0;32mI (2899744) net_bench: case=149 second=8 bytes=16206 rssi=-81[0m
[0;32mI (2899750) net_bench: case=149 second=9 bytes=15694 rssi=-81[0m
[0;32mI (2899757) net_bench: case=149 second=10 bytes=16718 rssi=-81[0m
[0;32mI (2899763) net_bench: case=149 second=11 bytes=15694 rssi=-71[0m
[0;32mI (2899770) net_bench: case=149 second=12 bytes=15694 rssi=-71[0m
[0;32mI (2899777) net_bench: case=149 second=13 bytes=15694 rssi=-71[0m
[0;32mI (2899783) net_bench: case=149 second=14 bytes=16718 rssi=-71[0m
[0;32mI (2899789) net_bench: case=149 second=15 bytes=15694 rssi=-73[0m
[0;32mI (2899796) net_bench: case=149 second=16 bytes=15694 rssi=-82[0m
[0;32mI (2899802) net_bench: case=149 second=17 bytes=16718 rssi=-81[0m
[0;32mI (2899809) net_bench: case=149 second=18 bytes=15694 rssi=-82[0m
[0;32mI (2899815) net_bench: case=149 second=19 bytes=15694 rssi=-79[0m
[0;32mI (2900823) net_bench: case=150 path=/mp3-128?rate=128 output=0 begin rssi=-82 round=9 fixture=1 variant=3 wait_ms=25 read_limit=1024 batch=4[0m
[0;32mI (2920961) net_cpu: case=150 valid=1 total_us=20068240 tasks_before=8 tasks_after=8 snapshot_bytes=1440[0m
[0;32mI (2920963) net_cpu: case=150 task=audio id=4 runtime_us=1091171 existed=1[0m
[0;32mI (2920970) net_cpu: case=150 task=IDLE id=2 runtime_us=17382684 existed=1[0m
[0;32mI (2920977) net_cpu: case=150 task=tiT id=5 runtime_us=779487 existed=1[0m
[0;32mI (2920984) net_cpu: case=150 task=uiT id=1 runtime_us=38842 existed=1[0m
[0;32mI (2920992) net_cpu: case=150 task=httpd id=9 runtime_us=90743 existed=1[0m
[0;32mI (2920999) net_cpu: case=150 task=ppT id=7 runtime_us=686971 existed=1[0m
[0;32mI (2921006) net_cpu: case=150 task=sys_evt id=6 runtime_us=0 existed=1[0m
[0;32mI (2921014) net_cpu: case=150 task=Tmr Svc id=3 runtime_us=0 existed=1[0m
[0;32mI (2921023) net_bench: case=150 output=0 wall_us=20040644 bytes=321738 open_us=82222 error=0 rssi=-73 heap_min=12780[0m
[0;32mI (2921033) net_bench: case=150 recv_total_us=583223 recv_positive_us=432429 recv_empty_us=150794[0m
[0;32mI (2921041) net_bench: case=150 cpu_lean=1 gap_metrics_valid=0 heap_is_final=1[0m
[0;32mI (2921049) net_bench: case=150 sampled_heap_min=11416 rx_gap_tick_ms=83 wait_calls=948[0m
[0;32mI (2921058) net_bench: case=150 calls=1285 empty=948 rx_gap_us=0 app_gap_us=0 empty_wait_us=0 recv_max_us=3589 commit_max_us=0 ready_max=0 ready_probes=0[0m
[0;32mI (2921072) net_bench: case=150 pcm_frames=0 rate=0 eof=1885 underrun=1884 stack=1180[0m
[0;32mI (2921081) net_bench: case=150 second=0 bytes=16384 rssi=-71[0m
[0;32mI (2921087) net_bench: case=150 second=1 bytes=15694 rssi=-71[0m
[0;32mI (2921093) net_bench: case=150 second=2 bytes=16718 rssi=-81[0m
[0;32mI (2921100) net_bench: case=150 second=3 bytes=15694 rssi=-83[0m
[0;32mI (2921106) net_bench: case=150 second=4 bytes=15694 rssi=-81[0m
[0;32mI (2921113) net_bench: case=150 second=5 bytes=16718 rssi=-81[0m
[0;32mI (2921119) net_bench: case=150 second=6 bytes=15694 rssi=-71[0m
[0;32mI (2921125) net_bench: case=150 second=7 bytes=16718 rssi=-71[0m
[0;32mI (2921132) net_bench: case=150 second=8 bytes=15694 rssi=-70[0m
[0;32mI (2921138) net_bench: case=150 second=9 bytes=15694 rssi=-71[0m
[0;32mI (2921145) net_bench: case=150 second=10 bytes=15694 rssi=-70[0m
[0;32mI (2921151) net_bench: case=150 second=11 bytes=16718 rssi=-83[0m
[0;32mI (2921158) net_bench: case=150 second=12 bytes=15694 rssi=-82[0m
[0;32mI (2921164) net_bench: case=150 second=13 bytes=15694 rssi=-81[0m
[0;32mI (2921171) net_bench: case=150 second=14 bytes=16718 rssi=-82[0m
[0;32mI (2921177) net_bench: case=150 second=15 bytes=15694 rssi=-81[0m
[0;32mI (2921184) net_bench: case=150 second=16 bytes=15694 rssi=-71[0m
[0;32mI (2921190) net_bench: case=150 second=17 bytes=16718 rssi=-70[0m
[0;32mI (2921197) net_bench: case=150 second=18 bytes=15694 rssi=-71[0m
[0;32mI (2921203) net_bench: case=150 second=19 bytes=16718 rssi=-72[0m
[0;32mI (2922211) net_bench: case=151 path=/mp3-128?rate=128 output=0 begin rssi=-71 round=9 fixture=1 variant=0 wait_ms=25 read_limit=1024 batch=1[0m
[0;32mI (2942329) net_cpu: case=151 valid=1 total_us=20055019 tasks_before=8 tasks_after=8 snapshot_bytes=1440[0m
[0;32mI (2942331) net_cpu: case=151 task=audio id=4 runtime_us=1098923 existed=1[0m
[0;32mI (2942337) net_cpu: case=151 task=IDLE id=2 runtime_us=17357167 existed=1[0m
[0;32mI (2942345) net_cpu: case=151 task=tiT id=5 runtime_us=777413 existed=1[0m
[0;32mI (2942352) net_cpu: case=151 task=uiT id=1 runtime_us=39048 existed=1[0m
[0;32mI (2942359) net_cpu: case=151 task=httpd id=9 runtime_us=90619 existed=1[0m
[0;32mI (2942367) net_cpu: case=151 task=ppT id=7 runtime_us=693513 existed=1[0m
[0;32mI (2942374) net_cpu: case=151 task=sys_evt id=6 runtime_us=0 existed=1[0m
[0;32mI (2942381) net_cpu: case=151 task=Tmr Svc id=3 runtime_us=0 existed=1[0m
[0;32mI (2942390) net_bench: case=151 output=0 wall_us=20027470 bytes=320714 open_us=75255 error=0 rssi=-81 heap_min=11540[0m
[0;32mI (2942399) net_bench: case=151 recv_total_us=590846 recv_positive_us=441004 recv_empty_us=149842[0m
[0;32mI (2942409) net_bench: case=151 cpu_lean=1 gap_metrics_valid=0 heap_is_final=1[0m
[0;32mI (2942417) net_bench: case=151 sampled_heap_min=11416 rx_gap_tick_ms=80 wait_calls=945[0m
[0;32mI (2942426) net_bench: case=151 calls=1287 empty=945 rx_gap_us=0 app_gap_us=0 empty_wait_us=0 recv_max_us=3387 commit_max_us=0 ready_max=0 ready_probes=0[0m
[0;32mI (2942440) net_bench: case=151 pcm_frames=0 rate=0 eof=1883 underrun=1882 stack=1180[0m
[0;32mI (2942448) net_bench: case=151 second=0 bytes=16384 rssi=-81[0m
[0;32mI (2942455) net_bench: case=151 second=1 bytes=16718 rssi=-82[0m
[0;32mI (2942461) net_bench: case=151 second=2 bytes=15694 rssi=-81[0m
[0;32mI (2942467) net_bench: case=151 second=3 bytes=15694 rssi=-71[0m
[0;32mI (2942474) net_bench: case=151 second=4 bytes=15694 rssi=-72[0m
[0;32mI (2942480) net_bench: case=151 second=5 bytes=16718 rssi=-73[0m
[0;32mI (2942487) net_bench: case=151 second=6 bytes=15694 rssi=-72[0m
[0;32mI (2942493) net_bench: case=151 second=7 bytes=15694 rssi=-81[0m
[0;32mI (2942499) net_bench: case=151 second=8 bytes=15694 rssi=-81[0m
[0;32mI (2942506) net_bench: case=151 second=9 bytes=16718 rssi=-81[0m
[0;32mI (2942512) net_bench: case=151 second=10 bytes=15694 rssi=-81[0m
[0;32mI (2942519) net_bench: case=151 second=11 bytes=16718 rssi=-74[0m
[0;32mI (2942525) net_bench: case=151 second=12 bytes=15694 rssi=-72[0m
[0;32mI (2942532) net_bench: case=151 second=13 bytes=15694 rssi=-72[0m
[0;32mI (2942538) net_bench: case=151 second=14 bytes=16718 rssi=-71[0m
[0;32mI (2942545) net_bench: case=151 second=15 bytes=15694 rssi=-71[0m
[0;32mI (2942551) net_bench: case=151 second=16 bytes=16718 rssi=-82[0m
[0;32mI (2942558) net_bench: case=151 second=17 bytes=15694 rssi=-80[0m
[0;32mI (2942564) net_bench: case=151 second=18 bytes=15694 rssi=-83[0m
[0;32mI (2942571) net_bench: case=151 second=19 bytes=15694 rssi=-82[0m
[0;32mI (2943579) net_bench: case=152 path=/mp3-320?rate=320 output=0 begin rssi=-81 round=9 fixture=2 variant=1 wait_ms=25 read_limit=512 batch=1[0m
[0;32mI (2963699) net_cpu: case=152 valid=1 total_us=20061551 tasks_before=8 tasks_after=8 snapshot_bytes=1440[0m
[0;32mI (2963701) net_cpu: case=152 task=audio id=4 runtime_us=1727212 existed=1[0m
[0;32mI (2963708) net_cpu: case=152 task=IDLE id=2 runtime_us=14951021 existed=1[0m
[0;32mI (2963715) net_cpu: case=152 task=uiT id=1 runtime_us=38582 existed=1[0m
[0;32mI (2963722) net_cpu: case=152 task=tiT id=5 runtime_us=1874887 existed=1[0m
[0;32mI (2963730) net_cpu: case=152 task=httpd id=9 runtime_us=90786 existed=1[0m
[0;32mI (2963737) net_cpu: case=152 task=ppT id=7 runtime_us=1380660 existed=1[0m
[0;32mI (2963744) net_cpu: case=152 task=sys_evt id=6 runtime_us=0 existed=1[0m
[0;32mI (2963752) net_cpu: case=152 task=Tmr Svc id=3 runtime_us=0 existed=1[0m
[0;32mI (2963761) net_bench: case=152 output=0 wall_us=20033869 bytes=802316 open_us=71897 error=0 rssi=-71 heap_min=12780[0m
[0;32mI (2963770) net_bench: case=152 recv_total_us=1612100 recv_positive_us=1406124 recv_empty_us=205976[0m
[0;32mI (2963780) net_bench: case=152 cpu_lean=1 gap_metrics_valid=0 heap_is_final=1[0m
[0;32mI (2963787) net_bench: case=152 sampled_heap_min=11416 rx_gap_tick_ms=60 wait_calls=1061[0m
[0;32mI (2963796) net_bench: case=152 calls=2651 empty=1061 rx_gap_us=0 app_gap_us=0 empty_wait_us=0 recv_max_us=4119 commit_max_us=0 ready_max=0 ready_probes=0[0m
[0;32mI (2963811) net_bench: case=152 pcm_frames=0 rate=0 eof=1884 underrun=1883 stack=1180[0m
[0;32mI (2963819) net_bench: case=152 second=0 bytes=40960 rssi=-71[0m
[0;32mI (2963826) net_bench: case=152 second=1 bytes=39748 rssi=-70[0m
[0;32mI (2963832) net_bench: case=152 second=2 bytes=39748 rssi=-82[0m
[0;32mI (2963838) net_bench: case=152 second=3 bytes=39748 rssi=-80[0m
[0;32mI (2963845) net_bench: case=152 second=4 bytes=40772 rssi=-81[0m
[0;32mI (2963851) net_bench: case=152 second=5 bytes=39748 rssi=-83[0m
[0;32mI (2963858) net_bench: case=152 second=6 bytes=40772 rssi=-71[0m
[0;32mI (2963864) net_bench: case=152 second=7 bytes=39748 rssi=-71[0m
[0;32mI (2963870) net_bench: case=152 second=8 bytes=40772 rssi=-71[0m
[0;32mI (2963877) net_bench: case=152 second=9 bytes=38724 rssi=-70[0m
[0;32mI (2963883) net_bench: case=152 second=10 bytes=40772 rssi=-71[0m
[0;32mI (2963890) net_bench: case=152 second=11 bytes=39748 rssi=-80[0m
[0;32mI (2963896) net_bench: case=152 second=12 bytes=40772 rssi=-81[0m
[0;32mI (2963903) net_bench: case=152 second=13 bytes=39748 rssi=-80[0m
[0;32mI (2963909) net_bench: case=152 second=14 bytes=40772 rssi=-80[0m
[0;32mI (2963916) net_bench: case=152 second=15 bytes=39748 rssi=-82[0m
[0;32mI (2963922) net_bench: case=152 second=16 bytes=39748 rssi=-81[0m
[0;32mI (2963929) net_bench: case=152 second=17 bytes=40772 rssi=-71[0m
[0;32mI (2963935) net_bench: case=152 second=18 bytes=39748 rssi=-71[0m
[0;32mI (2963942) net_bench: case=152 second=19 bytes=39748 rssi=-72[0m
[0;32mI (2964949) net_bench: case=153 path=/mp3-320?rate=320 output=0 begin rssi=-71 round=9 fixture=2 variant=2 wait_ms=25 read_limit=1536 batch=1[0m
[0;32mI (2985068) net_cpu: case=153 valid=1 total_us=20055500 tasks_before=8 tasks_after=8 snapshot_bytes=1440[0m
[0;32mI (2985070) net_cpu: case=153 task=audio id=4 runtime_us=1635154 existed=1[0m
[0;32mI (2985077) net_cpu: case=153 task=IDLE id=2 runtime_us=15120949 existed=1[0m
[0;32mI (2985084) net_cpu: case=153 task=uiT id=1 runtime_us=39119 existed=1[0m
[0;32mI (2985091) net_cpu: case=153 task=tiT id=5 runtime_us=1785616 existed=1[0m
[0;32mI (2985099) net_cpu: case=153 task=httpd id=9 runtime_us=90639 existed=1[0m
[0;32mI (2985106) net_cpu: case=153 task=ppT id=7 runtime_us=1385697 existed=1[0m
[0;32mI (2985114) net_cpu: case=153 task=sys_evt id=6 runtime_us=0 existed=1[0m
[0;32mI (2985121) net_cpu: case=153 task=Tmr Svc id=3 runtime_us=0 existed=1[0m
[0;32mI (2985130) net_bench: case=153 output=0 wall_us=20027780 bytes=802316 open_us=74311 error=0 rssi=-80 heap_min=11420[0m
[0;32mI (2985139) net_bench: case=153 recv_total_us=1278543 recv_positive_us=1089975 recv_empty_us=188568[0m
[0;32mI (2985149) net_bench: case=153 cpu_lean=1 gap_metrics_valid=0 heap_is_final=1[0m
[0;32mI (2985156) net_bench: case=153 sampled_heap_min=11416 rx_gap_tick_ms=53 wait_calls=1169[0m
[0;32mI (2985165) net_bench: case=153 calls=2001 empty=1169 rx_gap_us=0 app_gap_us=0 empty_wait_us=0 recv_max_us=3973 commit_max_us=0 ready_max=0 ready_probes=0[0m
[0;32mI (2985180) net_bench: case=153 pcm_frames=0 rate=0 eof=1883 underrun=1882 stack=1180[0m
[0;32mI (2985188) net_bench: case=153 second=0 bytes=40960 rssi=-80[0m
[0;32mI (2985195) net_bench: case=153 second=1 bytes=39748 rssi=-81[0m
[0;32mI (2985201) net_bench: case=153 second=2 bytes=39748 rssi=-72[0m
[0;32mI (2985207) net_bench: case=153 second=3 bytes=40772 rssi=-70[0m
[0;32mI (2985214) net_bench: case=153 second=4 bytes=39748 rssi=-70[0m
[0;32mI (2985220) net_bench: case=153 second=5 bytes=40772 rssi=-71[0m
[0;32mI (2985227) net_bench: case=153 second=6 bytes=39748 rssi=-81[0m
[0;32mI (2985233) net_bench: case=153 second=7 bytes=39748 rssi=-82[0m
[0;32mI (2985239) net_bench: case=153 second=8 bytes=40772 rssi=-81[0m
[0;32mI (2985246) net_bench: case=153 second=9 bytes=39748 rssi=-80[0m
[0;32mI (2985252) net_bench: case=153 second=10 bytes=39748 rssi=-81[0m
[0;32mI (2985259) net_bench: case=153 second=11 bytes=40772 rssi=-71[0m
[0;32mI (2985265) net_bench: case=153 second=12 bytes=39748 rssi=-72[0m
[0;32mI (2985272) net_bench: case=153 second=13 bytes=39748 rssi=-72[0m
[0;32mI (2985278) net_bench: case=153 second=14 bytes=39748 rssi=-73[0m
[0;32mI (2985285) net_bench: case=153 second=15 bytes=39748 rssi=-72[0m
[0;32mI (2985291) net_bench: case=153 second=16 bytes=40772 rssi=-82[0m
[0;32mI (2985298) net_bench: case=153 second=17 bytes=39748 rssi=-80[0m
[0;32mI (2985304) net_bench: case=153 second=18 bytes=40772 rssi=-82[0m
[0;32mI (2985311) net_bench: case=153 second=19 bytes=39748 rssi=-80[0m
[0;32mI (2986318) net_bench: case=154 path=/mp3-320?rate=320 output=0 begin rssi=-82 round=9 fixture=2 variant=3 wait_ms=25 read_limit=1024 batch=4[0m
[0;32mI (3006434) net_cpu: case=154 valid=1 total_us=20058731 tasks_before=8 tasks_after=8 snapshot_bytes=1440[0m
[0;32mI (3006439) net_cpu: case=154 task=audio id=4 runtime_us=1629175 existed=1[0m
[0;32mI (3006446) net_cpu: case=154 task=IDLE id=2 runtime_us=15138722 existed=1[0m
[0;32mI (3006453) net_cpu: case=154 task=tiT id=5 runtime_us=1781209 existed=1[0m
[0;32mI (3006461) net_cpu: case=154 task=uiT id=1 runtime_us=38995 existed=1[0m
[0;32mI (3006468) net_cpu: case=154 task=httpd id=9 runtime_us=91155 existed=1[0m
[0;32mI (3006475) net_cpu: case=154 task=ppT id=7 runtime_us=1380266 existed=1[0m
[0;32mI (3006482) net_cpu: case=154 task=sys_evt id=6 runtime_us=0 existed=1[0m
[0;32mI (3006490) net_cpu: case=154 task=Tmr Svc id=3 runtime_us=0 existed=1[0m
[0;32mI (3006498) net_bench: case=154 output=0 wall_us=20031002 bytes=802316 open_us=69717 error=0 rssi=-72 heap_min=12784[0m
[0;32mI (3006508) net_bench: case=154 recv_total_us=1325324 recv_positive_us=1106353 recv_empty_us=218971[0m
[0;32mI (3006518) net_bench: case=154 cpu_lean=1 gap_metrics_valid=0 heap_is_final=1[0m
[0;32mI (3006525) net_bench: case=154 sampled_heap_min=11416 rx_gap_tick_ms=50 wait_calls=1212[0m
[0;32mI (3006534) net_bench: case=154 calls=2027 empty=1212 rx_gap_us=0 app_gap_us=0 empty_wait_us=0 recv_max_us=4022 commit_max_us=0 ready_max=0 ready_probes=0[0m
[0;32mI (3006549) net_bench: case=154 pcm_frames=0 rate=0 eof=1883 underrun=1882 stack=1180[0m
[0;32mI (3006557) net_bench: case=154 second=0 bytes=40960 rssi=-72[0m
[0;32mI (3006564) net_bench: case=154 second=1 bytes=39748 rssi=-72[0m
[0;32mI (3006570) net_bench: case=154 second=2 bytes=39748 rssi=-82[0m
[0;32mI (3006576) net_bench: case=154 second=3 bytes=39748 rssi=-79[0m
[0;32mI (3006583) net_bench: case=154 second=4 bytes=40772 rssi=-83[0m
[0;32mI (3006589) net_bench: case=154 second=5 bytes=39748 rssi=-81[0m
[0;32mI (3006596) net_bench: case=154 second=6 bytes=40772 rssi=-71[0m
[0;32mI (3006602) net_bench: case=154 second=7 bytes=39748 rssi=-71[0m
[0;32mI (3006608) net_bench: case=154 second=8 bytes=39748 rssi=-71[0m
[0;32mI (3006615) net_bench: case=154 second=9 bytes=39748 rssi=-71[0m
[0;32mI (3006621) net_bench: case=154 second=10 bytes=40772 rssi=-80[0m
[0;32mI (3006628) net_bench: case=154 second=11 bytes=39748 rssi=-81[0m
[0;32mI (3006634) net_bench: case=154 second=12 bytes=39748 rssi=-82[0m
[0;32mI (3006641) net_bench: case=154 second=13 bytes=40772 rssi=-81[0m
[0;32mI (3006647) net_bench: case=154 second=14 bytes=39748 rssi=-79[0m
[0;32mI (3006654) net_bench: case=154 second=15 bytes=40772 rssi=-71[0m
[0;32mI (3006660) net_bench: case=154 second=16 bytes=39748 rssi=-71[0m
[0;32mI (3006667) net_bench: case=154 second=17 bytes=39748 rssi=-70[0m
[0;32mI (3006673) net_bench: case=154 second=18 bytes=40772 rssi=-71[0m
[0;32mI (3006680) net_bench: case=154 second=19 bytes=39748 rssi=-71[0m
[0;32mI (3007687) net_bench: case=155 path=/mp3-320?rate=320 output=0 begin rssi=-71 round=9 fixture=2 variant=0 wait_ms=25 read_limit=1024 batch=1[0m
[0;32mI (3027822) net_cpu: case=155 valid=1 total_us=20062684 tasks_before=8 tasks_after=8 snapshot_bytes=1440[0m
[0;32mI (3027824) net_cpu: case=155 task=audio id=4 runtime_us=1638915 existed=1[0m
[0;32mI (3027830) net_cpu: case=155 task=IDLE id=2 runtime_us=15117035 existed=1[0m
[0;32mI (3027838) net_cpu: case=155 task=uiT id=1 runtime_us=38927 existed=1[0m
[0;32mI (3027845) net_cpu: case=155 task=tiT id=5 runtime_us=1789312 existed=1[0m
[0;32mI (3027853) net_cpu: case=155 task=httpd id=9 runtime_us=90993 existed=1[0m
[0;32mI (3027860) net_cpu: case=155 task=ppT id=7 runtime_us=1389144 existed=1[0m
[0;32mI (3027867) net_cpu: case=155 task=sys_evt id=6 runtime_us=0 existed=1[0m
[0;32mI (3027874) net_cpu: case=155 task=Tmr Svc id=3 runtime_us=0 existed=1[0m
[0;32mI (3027883) net_bench: case=155 output=0 wall_us=20034978 bytes=802316 open_us=81498 error=0 rssi=-82 heap_min=12780[0m
[0;32mI (3027893) net_bench: case=155 recv_total_us=1296904 recv_positive_us=1095982 recv_empty_us=200922[0m
[0;32mI (3027902) net_bench: case=155 cpu_lean=1 gap_metrics_valid=0 heap_is_final=1[0m
[0;32mI (3027910) net_bench: case=155 sampled_heap_min=11420 rx_gap_tick_ms=50 wait_calls=1202[0m
[0;32mI (3027919) net_bench: case=155 calls=2018 empty=1202 rx_gap_us=0 app_gap_us=0 empty_wait_us=0 recv_max_us=4578 commit_max_us=0 ready_max=0 ready_probes=0[0m
[0;32mI (3027933) net_bench: case=155 pcm_frames=0 rate=0 eof=1884 underrun=1883 stack=1180[0m
[0;32mI (3027942) net_bench: case=155 second=0 bytes=40960 rssi=-82[0m
[0;32mI (3027948) net_bench: case=155 second=1 bytes=39748 rssi=-82[0m
[0;32mI (3027955) net_bench: case=155 second=2 bytes=39748 rssi=-71[0m
[0;32mI (3027961) net_bench: case=155 second=3 bytes=39748 rssi=-71[0m
[0;32mI (3027967) net_bench: case=155 second=4 bytes=40772 rssi=-71[0m
[0;32mI (3027974) net_bench: case=155 second=5 bytes=39748 rssi=-70[0m
[0;32mI (3027980) net_bench: case=155 second=6 bytes=40772 rssi=-80[0m
[0;32mI (3027987) net_bench: case=155 second=7 bytes=39748 rssi=-80[0m
[0;32mI (3027993) net_bench: case=155 second=8 bytes=39748 rssi=-82[0m
[0;32mI (3028000) net_bench: case=155 second=9 bytes=39748 rssi=-80[0m
[0;32mI (3028006) net_bench: case=155 second=10 bytes=40772 rssi=-82[0m
[0;32mI (3028012) net_bench: case=155 second=11 bytes=39748 rssi=-72[0m
[0;32mI (3028019) net_bench: case=155 second=12 bytes=40772 rssi=-71[0m
[0;32mI (3028025) net_bench: case=155 second=13 bytes=39748 rssi=-71[0m
[0;32mI (3028032) net_bench: case=155 second=14 bytes=39748 rssi=-71[0m
[0;32mI (3028038) net_bench: case=155 second=15 bytes=40772 rssi=-71[0m
[0;32mI (3028045) net_bench: case=155 second=16 bytes=39748 rssi=-81[0m
[0;32mI (3028051) net_bench: case=155 second=17 bytes=40772 rssi=-81[0m
[0;32mI (3028058) net_bench: case=155 second=18 bytes=39748 rssi=-80[0m
[0;32mI (3028064) net_bench: case=155 second=19 bytes=39748 rssi=-80[0m
[0;32mI (3029072) net_bench: case=156 path=/aac-64?rate=64 output=0 begin rssi=-81 round=9 fixture=3 variant=1 wait_ms=25 read_limit=512 batch=1[0m
[0;32mI (3049209) net_cpu: case=156 valid=1 total_us=20070225 tasks_before=8 tasks_after=8 snapshot_bytes=1440[0m
[0;32mI (3049211) net_cpu: case=156 task=audio id=4 runtime_us=920791 existed=1[0m
[0;32mI (3049217) net_cpu: case=156 task=IDLE id=2 runtime_us=18049062 existed=1[0m
[0;32mI (3049225) net_cpu: case=156 task=uiT id=1 runtime_us=39464 existed=1[0m
[0;32mI (3049232) net_cpu: case=156 task=tiT id=5 runtime_us=475678 existed=1[0m
[0;32mI (3049239) net_cpu: case=156 task=httpd id=9 runtime_us=90757 existed=1[0m
[0;32mI (3049247) net_cpu: case=156 task=ppT id=7 runtime_us=496104 existed=1[0m
[0;32mI (3049254) net_cpu: case=156 task=sys_evt id=6 runtime_us=0 existed=1[0m
[0;32mI (3049261) net_cpu: case=156 task=Tmr Svc id=3 runtime_us=0 existed=1[0m
[0;32mI (3049270) net_bench: case=156 output=0 wall_us=20042708 bytes=160751 open_us=79633 error=0 rssi=-71 heap_min=14464[0m
[0;32mI (3049282) net_bench: case=156 recv_total_us=411358 recv_positive_us=278140 recv_empty_us=133218[0m
[0;32mI (3049289) net_bench: case=156 cpu_lean=1 gap_metrics_valid=0 heap_is_final=1[0m
[0;32mI (3049297) net_bench: case=156 sampled_heap_min=13100 rx_gap_tick_ms=267 wait_calls=815[0m
[0;32mI (3049306) net_bench: case=156 calls=1147 empty=815 rx_gap_us=0 app_gap_us=0 empty_wait_us=0 recv_max_us=2535 commit_max_us=0 ready_max=0 ready_probes=0[0m
[0;32mI (3049320) net_bench: case=156 pcm_frames=0 rate=0 eof=1884 underrun=1883 stack=1180[0m
[0;32mI (3049329) net_bench: case=156 second=0 bytes=8192 rssi=-70[0m
[0;32mI (3049335) net_bench: case=156 second=1 bytes=8245 rssi=-70[0m
[0;32mI (3049341) net_bench: case=156 second=2 bytes=8245 rssi=-82[0m
[0;32mI (3049348) net_bench: case=156 second=3 bytes=8245 rssi=-81[0m
[0;32mI (3049354) net_bench: case=156 second=4 bytes=7221 rssi=-80[0m
[0;32mI (3049360) net_bench: case=156 second=5 bytes=8245 rssi=-82[0m
[0;32mI (3049367) net_bench: case=156 second=6 bytes=8245 rssi=-81[0m
[0;32mI (3049373) net_bench: case=156 second=7 bytes=8245 rssi=-72[0m
[0;32mI (3049379) net_bench: case=156 second=8 bytes=8245 rssi=-70[0m
[0;32mI (3049385) net_bench: case=156 second=9 bytes=7221 rssi=-72[0m
[0;32mI (3049393) net_bench: case=156 second=10 bytes=8245 rssi=-71[0m
[0;32mI (3049398) net_bench: case=156 second=11 bytes=8245 rssi=-82[0m
[0;32mI (3049405) net_bench: case=156 second=12 bytes=8245 rssi=-81[0m
[0;32mI (3049411) net_bench: case=156 second=13 bytes=7221 rssi=-82[0m
[0;32mI (3049417) net_bench: case=156 second=14 bytes=8245 rssi=-81[0m
[0;32mI (3049424) net_bench: case=156 second=15 bytes=8245 rssi=-81[0m
[0;32mI (3049430) net_bench: case=156 second=16 bytes=8245 rssi=-81[0m
[0;32mI (3049437) net_bench: case=156 second=17 bytes=7221 rssi=-71[0m
[0;32mI (3049443) net_bench: case=156 second=18 bytes=8245 rssi=-71[0m
[0;32mI (3049449) net_bench: case=156 second=19 bytes=8245 rssi=-71[0m
[0;32mI (3050457) net_bench: case=157 path=/aac-64?rate=64 output=0 begin rssi=-70 round=9 fixture=3 variant=2 wait_ms=25 read_limit=1536 batch=1[0m
[0;32mI (3073326) net_cpu: case=157 valid=1 total_us=20056007 tasks_before=8 tasks_after=8 snapshot_bytes=1440[0m
[0;32mI (3073328) net_cpu: case=157 task=audio id=4 runtime_us=887976 existed=1[0m
[0;32mI (3073335) net_cpu: case=157 task=IDLE id=2 runtime_us=18094581 existed=1[0m
[0;32mI (3073342) net_cpu: case=157 task=uiT id=1 runtime_us=39204 existed=1[0m
[0;32mI (3073349) net_cpu: case=157 task=tiT id=5 runtime_us=457702 existed=1[0m
[0;32mI (3073356) net_cpu: case=157 task=httpd id=9 runtime_us=90561 existed=1[0m
[0;32mI (3073364) net_cpu: case=157 task=ppT id=7 runtime_us=487608 existed=1[0m
[0;32mI (3073371) net_cpu: case=157 task=sys_evt id=6 runtime_us=0 existed=1[0m
[0;32mI (3073378) net_cpu: case=157 task=Tmr Svc id=3 runtime_us=0 existed=1[0m
[0;32mI (3073387) net_bench: case=157 output=0 wall_us=20028500 bytes=160751 open_us=2825582 error=0 rssi=-70 heap_min=14464[0m
[0;32mI (3073397) net_bench: case=157 recv_total_us=353254 recv_positive_us=224351 recv_empty_us=128903[0m
[0;32mI (3073406) net_bench: case=157 cpu_lean=1 gap_metrics_valid=0 heap_is_final=1[0m
[0;32mI (3073414) net_bench: case=157 sampled_heap_min=13100 rx_gap_tick_ms=153 wait_calls=823[0m
[0;32mI (3073423) net_bench: case=157 calls=994 empty=823 rx_gap_us=0 app_gap_us=0 empty_wait_us=0 recv_max_us=2639 commit_max_us=0 ready_max=0 ready_probes=0[0m
[0;32mI (3073437) net_bench: case=157 pcm_frames=0 rate=0 eof=1883 underrun=1882 stack=1180[0m
[0;32mI (3073446) net_bench: case=157 second=0 bytes=8192 rssi=-71[0m
[0;32mI (3073452) net_bench: case=157 second=1 bytes=8245 rssi=-72[0m
[0;32mI (3073458) net_bench: case=157 second=2 bytes=8245 rssi=-82[0m
[0;32mI (3073465) net_bench: case=157 second=3 bytes=8245 rssi=-81[0m
[0;32mI (3073471) net_bench: case=157 second=4 bytes=7221 rssi=-81[0m
[0;32mI (3073477) net_bench: case=157 second=5 bytes=8245 rssi=-81[0m
[0;32mI (3073484) net_bench: case=157 second=6 bytes=8245 rssi=-71[0m
[0;32mI (3073490) net_bench: case=157 second=7 bytes=8245 rssi=-71[0m
[0;32mI (3073496) net_bench: case=157 second=8 bytes=8245 rssi=-71[0m
[0;32mI (3073503) net_bench: case=157 second=9 bytes=7221 rssi=-73[0m
[0;32mI (3073509) net_bench: case=157 second=10 bytes=8245 rssi=-71[0m
[0;32mI (3073515) net_bench: case=157 second=11 bytes=8245 rssi=-83[0m
[0;32mI (3073522) net_bench: case=157 second=12 bytes=8245 rssi=-80[0m
[0;32mI (3073528) net_bench: case=157 second=13 bytes=7221 rssi=-81[0m
[0;32mI (3073535) net_bench: case=157 second=14 bytes=8245 rssi=-82[0m
[0;32mI (3073541) net_bench: case=157 second=15 bytes=8245 rssi=-81[0m
[0;32mI (3073547) net_bench: case=157 second=16 bytes=8245 rssi=-72[0m
[0;32mI (3073554) net_bench: case=157 second=17 bytes=8245 rssi=-72[0m
[0;32mI (3073560) net_bench: case=157 second=18 bytes=7221 rssi=-71[0m
[0;32mI (3073567) net_bench: case=157 second=19 bytes=8245 rssi=-71[0m
[0;32mI (3074574) net_bench: case=158 path=/aac-64?rate=64 output=0 begin rssi=-71 round=9 fixture=3 variant=3 wait_ms=25 read_limit=1024 batch=4[0m
[0;32mI (3094690) net_cpu: case=158 valid=1 total_us=20053154 tasks_before=8 tasks_after=8 snapshot_bytes=1440[0m
[0;32mI (3094692) net_cpu: case=158 task=audio id=4 runtime_us=873495 existed=1[0m
[0;32mI (3094699) net_cpu: case=158 task=IDLE id=2 runtime_us=18109091 existed=1[0m
[0;32mI (3094706) net_cpu: case=158 task=tiT id=5 runtime_us=457800 existed=1[0m
[0;32mI (3094713) net_cpu: case=158 task=uiT id=1 runtime_us=39132 existed=1[0m
[0;32mI (3094720) net_cpu: case=158 task=httpd id=9 runtime_us=90544 existed=1[0m
[0;32mI (3094728) net_cpu: case=158 task=ppT id=7 runtime_us=484814 existed=1[0m
[0;32mI (3094735) net_cpu: case=158 task=sys_evt id=6 runtime_us=0 existed=1[0m
[0;32mI (3094742) net_cpu: case=158 task=Tmr Svc id=3 runtime_us=0 existed=1[0m
[0;32mI (3094751) net_bench: case=158 output=0 wall_us=20025653 bytes=160751 open_us=75487 error=0 rssi=-81 heap_min=14464[0m
[0;32mI (3094761) net_bench: case=158 recv_total_us=351404 recv_positive_us=222105 recv_empty_us=129299[0m
[0;32mI (3094770) net_bench: case=158 cpu_lean=1 gap_metrics_valid=0 heap_is_final=1[0m
[0;32mI (3094778) net_bench: case=158 sampled_heap_min=13064 rx_gap_tick_ms=150 wait_calls=815[0m
[0;32mI (3094787) net_bench: case=158 calls=994 empty=815 rx_gap_us=0 app_gap_us=0 empty_wait_us=0 recv_max_us=2548 commit_max_us=0 ready_max=0 ready_probes=0[0m
[0;32mI (3094801) net_bench: case=158 pcm_frames=0 rate=0 eof=1883 underrun=1882 stack=1180[0m
[0;32mI (3094809) net_bench: case=158 second=0 bytes=8192 rssi=-81[0m
[0;32mI (3094817) net_bench: case=158 second=1 bytes=8245 rssi=-83[0m
[0;32mI (3094823) net_bench: case=158 second=2 bytes=8245 rssi=-70[0m
[0;32mI (3094829) net_bench: case=158 second=3 bytes=8245 rssi=-71[0m
[0;32mI (3094836) net_bench: case=158 second=4 bytes=7221 rssi=-70[0m
[0;32mI (3094842) net_bench: case=158 second=5 bytes=8245 rssi=-72[0m
[0;32mI (3094848) net_bench: case=158 second=6 bytes=8245 rssi=-80[0m
[0;32mI (3094855) net_bench: case=158 second=7 bytes=8245 rssi=-82[0m
[0;32mI (3094861) net_bench: case=158 second=8 bytes=7221 rssi=-80[0m
[0;32mI (3094867) net_bench: case=158 second=9 bytes=8245 rssi=-81[0m
[0;32mI (3094874) net_bench: case=158 second=10 bytes=8245 rssi=-80[0m
[0;32mI (3094880) net_bench: case=158 second=11 bytes=8245 rssi=-72[0m
[0;32mI (3094886) net_bench: case=158 second=12 bytes=8245 rssi=-72[0m
[0;32mI (3094893) net_bench: case=158 second=13 bytes=7221 rssi=-71[0m
[0;32mI (3094899) net_bench: case=158 second=14 bytes=8245 rssi=-72[0m
[0;32mI (3094906) net_bench: case=158 second=15 bytes=8245 rssi=-73[0m
[0;32mI (3094912) net_bench: case=158 second=16 bytes=8245 rssi=-81[0m
[0;32mI (3094918) net_bench: case=158 second=17 bytes=8245 rssi=-81[0m
[0;32mI (3094925) net_bench: case=158 second=18 bytes=7221 rssi=-82[0m
[0;32mI (3094931) net_bench: case=158 second=19 bytes=8245 rssi=-81[0m
[0;32mI (3095939) net_bench: case=159 path=/aac-64?rate=64 output=0 begin rssi=-81 round=9 fixture=3 variant=0 wait_ms=25 read_limit=1024 batch=1[0m
[0;32mI (3116050) net_cpu: case=159 valid=1 total_us=20055263 tasks_before=8 tasks_after=8 snapshot_bytes=1440[0m
[0;32mI (3116052) net_cpu: case=159 task=audio id=4 runtime_us=883931 existed=1[0m
[0;32mI (3116058) net_cpu: case=159 task=IDLE id=2 runtime_us=18114622 existed=1[0m
[0;32mI (3116066) net_cpu: case=159 task=tiT id=5 runtime_us=450779 existed=1[0m
[0;32mI (3116073) net_cpu: case=159 task=uiT id=1 runtime_us=39298 existed=1[0m
[0;32mI (3116080) net_cpu: case=159 task=httpd id=9 runtime_us=90492 existed=1[0m
[0;32mI (3116088) net_cpu: case=159 task=ppT id=7 runtime_us=477849 existed=1[0m
[0;32mI (3116095) net_cpu: case=159 task=sys_evt id=6 runtime_us=0 existed=1[0m
[0;32mI (3116102) net_cpu: case=159 task=Tmr Svc id=3 runtime_us=0 existed=1[0m
[0;32mI (3116111) net_bench: case=159 output=0 wall_us=20027749 bytes=160751 open_us=68442 error=0 rssi=-72 heap_min=14464[0m
[0;32mI (3116121) net_bench: case=159 recv_total_us=353836 recv_positive_us=224308 recv_empty_us=129528[0m
[0;32mI (3116130) net_bench: case=159 cpu_lean=1 gap_metrics_valid=0 heap_is_final=1[0m
[0;32mI (3116138) net_bench: case=159 sampled_heap_min=11936 rx_gap_tick_ms=255 wait_calls=819[0m
[0;32mI (3116147) net_bench: case=159 calls=1009 empty=819 rx_gap_us=0 app_gap_us=0 empty_wait_us=0 recv_max_us=4175 commit_max_us=0 ready_max=0 ready_probes=0[0m
[0;32mI (3116161) net_bench: case=159 pcm_frames=0 rate=0 eof=1883 underrun=1882 stack=1180[0m
[0;32mI (3116170) net_bench: case=159 second=0 bytes=8192 rssi=-81[0m
[0;32mI (3116176) net_bench: case=159 second=1 bytes=8245 rssi=-81[0m
[0;32mI (3116182) net_bench: case=159 second=2 bytes=8245 rssi=-81[0m
[0;32mI (3116188) net_bench: case=159 second=3 bytes=8245 rssi=-81[0m
[0;32mI (3116195) net_bench: case=159 second=4 bytes=6197 rssi=-80[0m
[0;32mI (3116201) net_bench: case=159 second=5 bytes=9269 rssi=-81[0m
[0;32mI (3116207) net_bench: case=159 second=6 bytes=8245 rssi=-71[0m
[0;32mI (3116214) net_bench: case=159 second=7 bytes=8245 rssi=-72[0m
[0;32mI (3116220) net_bench: case=159 second=8 bytes=8245 rssi=-73[0m
[0;32mI (3116226) net_bench: case=159 second=9 bytes=7221 rssi=-71[0m
[0;32mI (3116233) net_bench: case=159 second=10 bytes=8245 rssi=-81[0m
[0;32mI (3116239) net_bench: case=159 second=11 bytes=8245 rssi=-81[0m
[0;32mI (3116246) net_bench: case=159 second=12 bytes=8245 rssi=-80[0m
[0;32mI (3116252) net_bench: case=159 second=13 bytes=7221 rssi=-81[0m
[0;32mI (3116258) net_bench: case=159 second=14 bytes=8245 rssi=-81[0m
[0;32mI (3116265) net_bench: case=159 second=15 bytes=8245 rssi=-74[0m
[0;32mI (3116271) net_bench: case=159 second=16 bytes=8245 rssi=-71[0m
[0;32mI (3116278) net_bench: case=159 second=17 bytes=8245 rssi=-71[0m
[0;32mI (3116284) net_bench: case=159 second=18 bytes=7221 rssi=-72[0m
[0;32mI (3116290) net_bench: case=159 second=19 bytes=8245 rssi=-72[0m
[0;32mI (3117298) net_bench: complete[0m
