[0;32mI (98) net_bench: begin cases=80 sweep=1[0m
[0;32mI (6057) net_bench: connected baseline: 20 seconds, decoder retained, no stream[0m
[0;32mI (26088) net_cpu: case=-1 valid=1 total_us=20047428 tasks_before=9 tasks_after=8 snapshot_bytes=1440[0m
[0;32mI (26090) net_cpu: case=-1 task=audio id=4 runtime_us=15460 existed=1[0m
[0;32mI (26096) net_cpu: case=-1 task=IDLE id=2 runtime_us=19640863 existed=1[0m
[0;32mI (26103) net_cpu: case=-1 task=tiT id=5 runtime_us=71539 existed=1[0m
[0;32mI (26110) net_cpu: case=-1 task=uiT id=1 runtime_us=43608 existed=1[0m
[0;32mI (26117) net_cpu: case=-1 task=httpd id=9 runtime_us=110466 existed=1[0m
[0;32mI (26124) net_cpu: case=-1 task=ppT id=7 runtime_us=175303 existed=1[0m
[0;32mI (26131) net_cpu: case=-1 task=Tmr Svc id=3 runtime_us=168 existed=1[0m
[0;32mI (26138) net_cpu: case=-1 task=sys_evt id=6 runtime_us=0 existed=1[0m
[0;32mI (26146) net_bench: case=0 path=/mp3-320?rate=0 output=0 begin rssi=-92 round=0 fixture=0 variant=0 wait_ms=0 read_limit=1024 batch=1[0m
[0;32mI (36534) net_cpu: case=0 valid=1 total_us=7284265 tasks_before=8 tasks_after=8 snapshot_bytes=1440[0m
[0;32mI (36537) net_cpu: case=0 task=audio id=4 runtime_us=1188525 existed=1[0m
[0;32mI (36544) net_cpu: case=0 task=IDLE id=2 runtime_us=4178315 existed=1[0m
[0;32mI (36551) net_cpu: case=0 task=uiT id=1 runtime_us=14106 existed=1[0m
[0;32mI (36558) net_cpu: case=0 task=tiT id=5 runtime_us=1038330 existed=1[0m
[0;32mI (36565) net_cpu: case=0 task=httpd id=9 runtime_us=41525 existed=1[0m
[0;32mI (36572) net_cpu: case=0 task=ppT id=7 runtime_us=823874 existed=1[0m
[0;32mI (36579) net_cpu: case=0 task=Tmr Svc id=3 runtime_us=0 existed=1[0m
[0;32mI (36585) net_cpu: case=0 task=sys_evt id=6 runtime_us=0 existed=1[0m
[0;32mI (36594) net_bench: case=0 output=0 wall_us=7273653 bytes=511247 open_us=3092944 error=-116 rssi=-90 heap_min=12976[0m
[0;32mI (36604) net_bench: case=0 recv_total_us=1600003 recv_positive_us=928918 recv_empty_us=669564[0m
[0;32mI (36613) net_bench: case=0 cpu_lean=1 gap_metrics_valid=0 heap_is_final=1[0m
[0;32mI (36620) net_bench: case=0 sampled_heap_min=10960 rx_gap_tick_ms=325 wait_calls=4965[0m
[0;32mI (36629) net_bench: case=0 calls=5822 empty=4965 rx_gap_us=0 app_gap_us=0 empty_wait_us=0 recv_max_us=8012 commit_max_us=0 ready_max=0 ready_probes=0[0m
[0;32mI (36644) net_bench: case=0 pcm_frames=0 rate=0 eof=684 underrun=683 stack=1268[0m
[0;32mI (36652) net_bench: case=0 second=0 bytes=100143 rssi=-68[0m
[0;32mI (36658) net_bench: case=0 second=1 bytes=39960 rssi=-68[0m
[0;32mI (36664) net_bench: case=0 second=2 bytes=24656 rssi=-87[0m
[0;32mI (36670) net_bench: case=0 second=3 bytes=63792 rssi=-90[0m
[0;32mI (36676) net_bench: case=0 second=4 bytes=108624 rssi=-85[0m
[0;32mI (36682) net_bench: case=0 second=5 bytes=159600 rssi=-66[0m
[0;32mI (36688) net_bench: case=0 second=6 bytes=14472 rssi=-80[0m
[0;32mI (36694) net_bench: case=0 second=7 bytes=0 rssi=-64[0m
[0;32mI (36700) net_bench: case=0 second=8 bytes=0 rssi=-127[0m
[0;32mI (36706) net_bench: case=0 second=9 bytes=0 rssi=-127[0m
[0;32mI (36712) net_bench: case=0 second=10 bytes=0 rssi=-127[0m
[0;32mI (36718) net_bench: case=0 second=11 bytes=0 rssi=-127[0m
[0;32mI (36724) net_bench: case=0 second=12 bytes=0 rssi=-127[0m
[0;32mI (36729) net_bench: case=0 second=13 bytes=0 rssi=-127[0m
[0;32mI (36735) net_bench: case=0 second=14 bytes=0 rssi=-127[0m
[0;32mI (36741) net_bench: case=0 second=15 bytes=0 rssi=-127[0m
[0;32mI (36747) net_bench: case=0 second=16 bytes=0 rssi=-127[0m
[0;32mI (36753) net_bench: case=0 second=17 bytes=0 rssi=-127[0m
[0;32mI (36759) net_bench: case=0 second=18 bytes=0 rssi=-127[0m
[0;32mI (36765) net_bench: case=0 second=19 bytes=0 rssi=-127[0m
[0;32mI (37772) net_bench: case=1 path=/mp3-320?rate=0 output=0 begin rssi=-92 round=0 fixture=0 variant=1 wait_ms=25 read_limit=1024 batch=1[0m
[0;32mI (54598) net_cpu: case=1 valid=1 total_us=1004083 tasks_before=8 tasks_after=8 snapshot_bytes=1440[0m
[0;32mI (54600) net_cpu: case=1 task=audio id=4 runtime_us=48686 existed=1[0m
[0;32mI (54606) net_cpu: case=1 task=IDLE id=2 runtime_us=935614 existed=1[0m
[0;32mI (54613) net_cpu: case=1 task=tiT id=5 runtime_us=5584 existed=1[0m
[0;32mI (54620) net_cpu: case=1 task=uiT id=1 runtime_us=1825 existed=1[0m
[0;32mI (54626) net_cpu: case=1 task=httpd id=9 runtime_us=5412 existed=1[0m
[0;32mI (54633) net_cpu: case=1 task=ppT id=7 runtime_us=7788 existed=1[0m
[0;32mI (54640) net_cpu: case=1 task=Tmr Svc id=3 runtime_us=0 existed=1[0m
[0;32mI (54647) net_cpu: case=1 task=sys_evt id=6 runtime_us=0 existed=1[0m
[0;32mI (54655) net_bench: case=1 output=0 wall_us=1001936 bytes=1480 open_us=15808734 error=-116 rssi=-69 heap_min=11508[0m
[0;32mI (54665) net_bench: case=1 recv_total_us=5953 recv_positive_us=417 recv_empty_us=5536[0m
[0;32mI (54673) net_bench: case=1 cpu_lean=1 gap_metrics_valid=0 heap_is_final=1[0m
[0;32mI (54681) net_bench: case=1 sampled_heap_min=11508 rx_gap_tick_ms=0 wait_calls=39[0m
[0;32mI (54689) net_bench: case=1 calls=40 empty=39 rx_gap_us=0 app_gap_us=0 empty_wait_us=0 recv_max_us=417 commit_max_us=0 ready_max=0 ready_probes=0[0m
[0;32mI (54703) net_bench: case=1 pcm_frames=0 rate=0 eof=94 underrun=93 stack=1268[0m
[0;32mI (54710) net_bench: case=1 second=0 bytes=1480 rssi=-68[0m
[0;32mI (54716) net_bench: case=1 second=1 bytes=0 rssi=-127[0m
[0;32mI (54722) net_bench: case=1 second=2 bytes=0 rssi=-127[0m
[0;32mI (54728) net_bench: case=1 second=3 bytes=0 rssi=-127[0m
[0;32mI (54734) net_bench: case=1 second=4 bytes=0 rssi=-127[0m
[0;32mI (54740) net_bench: case=1 second=5 bytes=0 rssi=-127[0m
[0;32mI (54745) net_bench: case=1 second=6 bytes=0 rssi=-127[0m
[0;32mI (54751) net_bench: case=1 second=7 bytes=0 rssi=-127[0m
[0;32mI (54757) net_bench: case=1 second=8 bytes=0 rssi=-127[0m
[0;32mI (54763) net_bench: case=1 second=9 bytes=0 rssi=-127[0m
[0;32mI (54769) net_bench: case=1 second=10 bytes=0 rssi=-127[0m
[0;32mI (54774) net_bench: case=1 second=11 bytes=0 rssi=-127[0m
[0;32mI (54780) net_bench: case=1 second=12 bytes=0 rssi=-127[0m
[0;32mI (54786) net_bench: case=1 second=13 bytes=0 rssi=-127[0m
[0;32mI (54792) net_bench: case=1 second=14 bytes=0 rssi=-127[0m
[0;32mI (54798) net_bench: case=1 second=15 bytes=0 rssi=-127[0m
[0;32mI (54804) net_bench: case=1 second=16 bytes=0 rssi=-127[0m
[0;32mI (54810) net_bench: case=1 second=17 bytes=0 rssi=-127[0m
[0;32mI (54816) net_bench: case=1 second=18 bytes=0 rssi=-127[0m
[0;32mI (54822) net_bench: case=1 second=19 bytes=0 rssi=-127[0m
[0;32mI (55828) net_bench: case=2 path=/mp3-128?rate=128 output=0 begin rssi=-69 round=0 fixture=1 variant=0 wait_ms=0 read_limit=1024 batch=1[0m
[0;32mI (62071) net_cpu: case=2 valid=1 total_us=3155903 tasks_before=8 tasks_after=8 snapshot_bytes=1440[0m
[0;32mI (62074) net_cpu: case=2 task=audio id=4 runtime_us=483563 existed=1[0m
[0;32mI (62081) net_cpu: case=2 task=IDLE id=2 runtime_us=2586981 existed=1[0m
[0;32mI (62088) net_cpu: case=2 task=uiT id=1 runtime_us=5684 existed=1[0m
[0;32mI (62095) net_cpu: case=2 task=tiT id=5 runtime_us=30867 existed=1[0m
[0;32mI (62101) net_cpu: case=2 task=httpd id=9 runtime_us=16809 existed=1[0m
[0;32mI (62108) net_cpu: case=2 task=ppT id=7 runtime_us=32419 existed=1[0m
[0;32mI (62115) net_cpu: case=2 task=Tmr Svc id=3 runtime_us=0 existed=1[0m
[0;32mI (62122) net_cpu: case=2 task=sys_evt id=6 runtime_us=0 existed=1[0m
[0;32mI (62131) net_bench: case=2 output=0 wall_us=3150931 bytes=6384 open_us=3077290 error=-116 rssi=-67 heap_min=12972[0m
[0;32mI (62140) net_bench: case=2 recv_total_us=364911 recv_positive_us=9250 recv_empty_us=354137[0m
[0;32mI (62149) net_bench: case=2 cpu_lean=1 gap_metrics_valid=0 heap_is_final=1[0m
[0;32mI (62156) net_bench: case=2 sampled_heap_min=11632 rx_gap_tick_ms=517 wait_calls=3103[0m
[0;32mI (62165) net_bench: case=2 calls=3115 empty=3103 rx_gap_us=0 app_gap_us=0 empty_wait_us=0 recv_max_us=2136 commit_max_us=0 ready_max=0 ready_probes=0[0m
[0;32mI (62179) net_bench: case=2 pcm_frames=0 rate=0 eof=297 underrun=296 stack=1268[0m
[0;32mI (62187) net_bench: case=2 second=0 bytes=3168 rssi=-68[0m
[0;32mI (62193) net_bench: case=2 second=1 bytes=2680 rssi=-70[0m
[0;32mI (62199) net_bench: case=2 second=2 bytes=536 rssi=-69[0m
[0;32mI (62205) net_bench: case=2 second=3 bytes=0 rssi=-69[0m
[0;32mI (62210) net_bench: case=2 second=4 bytes=0 rssi=-127[0m
[0;32mI (62216) net_bench: case=2 second=5 bytes=0 rssi=-127[0m
[0;32mI (62222) net_bench: case=2 second=6 bytes=0 rssi=-127[0m
[0;32mI (62228) net_bench: case=2 second=7 bytes=0 rssi=-127[0m
[0;32mI (62234) net_bench: case=2 second=8 bytes=0 rssi=-127[0m
[0;32mI (62239) net_bench: case=2 second=9 bytes=0 rssi=-127[0m
[0;32mI (62245) net_bench: case=2 second=10 bytes=0 rssi=-127[0m
[0;32mI (62251) net_bench: case=2 second=11 bytes=0 rssi=-127[0m
[0;32mI (62257) net_bench: case=2 second=12 bytes=0 rssi=-127[0m
[0;32mI (62263) net_bench: case=2 second=13 bytes=0 rssi=-127[0m
[0;32mI (62269) net_bench: case=2 second=14 bytes=0 rssi=-127[0m
[0;32mI (62275) net_bench: case=2 second=15 bytes=0 rssi=-127[0m
[0;32mI (62281) net_bench: case=2 second=16 bytes=0 rssi=-127[0m
[0;32mI (62286) net_bench: case=2 second=17 bytes=0 rssi=-127[0m
[0;32mI (62292) net_bench: case=2 second=18 bytes=0 rssi=-127[0m
[0;32mI (62298) net_bench: case=2 second=19 bytes=0 rssi=-127[0m
[0;32mI (63305) net_bench: case=3 path=/mp3-128?rate=128 output=0 begin rssi=-93 round=0 fixture=1 variant=1 wait_ms=25 read_limit=1024 batch=1[0m
[0;31mE (73348) net_bench: case=3 open=-4 errno=11 open_us=10030736 metadata=0[0m
[0;32mI (73351) net_bench: case=4 path=/mp3-320?rate=320 output=0 begin rssi=-68 round=0 fixture=2 variant=0 wait_ms=0 read_limit=1024 batch=1[0m
[0;32mI (75502) net_cpu: case=4 valid=1 total_us=1004851 tasks_before=8 tasks_after=8 snapshot_bytes=1440[0m
[0;32mI (75505) net_cpu: case=4 task=audio id=4 runtime_us=154259 existed=1[0m
[0;32mI (75512) net_cpu: case=4 task=IDLE id=2 runtime_us=824427 existed=1[0m
[0;32mI (75519) net_cpu: case=4 task=uiT id=1 runtime_us=1939 existed=1[0m
[0;32mI (75525) net_cpu: case=4 task=tiT id=5 runtime_us=7612 existed=1[0m
[0;32mI (75532) net_cpu: case=4 task=httpd id=9 runtime_us=5584 existed=1[0m
[0;32mI (75539) net_cpu: case=4 task=ppT id=7 runtime_us=10161 existed=1[0m
[0;32mI (75546) net_cpu: case=4 task=Tmr Svc id=3 runtime_us=0 existed=1[0m
[0;32mI (75553) net_cpu: case=4 task=sys_evt id=6 runtime_us=0 existed=1[0m
[0;32mI (75561) net_bench: case=4 output=0 wall_us=1002746 bytes=946 open_us=1130024 error=-116 rssi=-67 heap_min=12204[0m
[0;32mI (75571) net_bench: case=4 recv_total_us=115807 recv_positive_us=501 recv_empty_us=113788[0m
[0;32mI (75579) net_bench: case=4 cpu_lean=1 gap_metrics_valid=0 heap_is_final=1[0m
[0;32mI (75587) net_bench: case=4 sampled_heap_min=11016 rx_gap_tick_ms=1 wait_calls=992[0m
[0;32mI (75595) net_bench: case=4 calls=994 empty=992 rx_gap_us=0 app_gap_us=0 empty_wait_us=0 recv_max_us=1518 commit_max_us=0 ready_max=0 ready_probes=0[0m
[0;32mI (75609) net_bench: case=4 pcm_frames=0 rate=0 eof=95 underrun=94 stack=1260[0m
[0;32mI (75617) net_bench: case=4 second=0 bytes=946 rssi=-68[0m
[0;32mI (75623) net_bench: case=4 second=1 bytes=0 rssi=-67[0m
[0;32mI (75629) net_bench: case=4 second=2 bytes=0 rssi=-127[0m
[0;32mI (75634) net_bench: case=4 second=3 bytes=0 rssi=-127[0m
[0;32mI (75640) net_bench: case=4 second=4 bytes=0 rssi=-127[0m
[0;32mI (75646) net_bench: case=4 second=5 bytes=0 rssi=-127[0m
[0;32mI (75652) net_bench: case=4 second=6 bytes=0 rssi=-127[0m
[0;32mI (75657) net_bench: case=4 second=7 bytes=0 rssi=-127[0m
[0;32mI (75664) net_bench: case=4 second=8 bytes=0 rssi=-127[0m
[0;32mI (75669) net_bench: case=4 second=9 bytes=0 rssi=-127[0m
[0;32mI (75676) net_bench: case=4 second=10 bytes=0 rssi=-127[0m
[0;32mI (75682) net_bench: case=4 second=11 bytes=0 rssi=-127[0m
[0;32mI (75688) net_bench: case=4 second=12 bytes=0 rssi=-127[0m
[0;32mI (75694) net_bench: case=4 second=13 bytes=0 rssi=-127[0m
[0;32mI (75699) net_bench: case=4 second=14 bytes=0 rssi=-127[0m
[0;32mI (75705) net_bench: case=4 second=15 bytes=0 rssi=-127[0m
[0;32mI (75711) net_bench: case=4 second=16 bytes=0 rssi=-127[0m
[0;32mI (75717) net_bench: case=4 second=17 bytes=0 rssi=-127[0m
[0;32mI (75723) net_bench: case=4 second=18 bytes=0 rssi=-127[0m
[0;32mI (75729) net_bench: case=4 second=19 bytes=0 rssi=-127[0m
[0;32mI (76736) net_bench: case=5 path=/mp3-320?rate=320 output=0 begin rssi=-67 round=0 fixture=2 variant=1 wait_ms=25 read_limit=1024 batch=1[0m
[0;32mI (82103) net_cpu: case=5 valid=1 total_us=1001543 tasks_before=8 tasks_after=8 snapshot_bytes=1440[0m
[0;32mI (82105) net_cpu: case=5 task=audio id=4 runtime_us=49450 existed=1[0m
[0;32mI (82111) net_cpu: case=5 task=IDLE id=2 runtime_us=932646 existed=1[0m
[0;32mI (82118) net_cpu: case=5 task=uiT id=1 runtime_us=1865 existed=1[0m
[0;32mI (82124) net_cpu: case=5 task=tiT id=5 runtime_us=5315 existed=1[0m
[0;32mI (82131) net_cpu: case=5 task=ppT id=7 runtime_us=8660 existed=1[0m
[0;32mI (82138) net_cpu: case=5 task=httpd id=9 runtime_us=5414 existed=1[0m
[0;32mI (82145) net_cpu: case=5 task=Tmr Svc id=3 runtime_us=0 existed=1[0m
[0;32mI (82152) net_cpu: case=5 task=sys_evt id=6 runtime_us=0 existed=1[0m
[0;32mI (82160) net_bench: case=5 output=0 wall_us=999440 bytes=410 open_us=4353403 error=-116 rssi=-70 heap_min=9948[0m
[0;32mI (82169) net_bench: case=5 recv_total_us=5569 recv_positive_us=0 recv_empty_us=5569[0m
[0;32mI (82178) net_bench: case=5 cpu_lean=1 gap_metrics_valid=0 heap_is_final=1[0m
[0;32mI (82185) net_bench: case=5 sampled_heap_min=9948 rx_gap_tick_ms=0 wait_calls=39[0m
[0;32mI (82193) net_bench: case=5 calls=39 empty=39 rx_gap_us=0 app_gap_us=0 empty_wait_us=0 recv_max_us=180 commit_max_us=0 ready_max=0 ready_probes=0[0m
[0;32mI (82207) net_bench: case=5 pcm_frames=0 rate=0 eof=94 underrun=93 stack=1260[0m
[0;32mI (82215) net_bench: case=5 second=0 bytes=410 rssi=-70[0m
[0;32mI (82221) net_bench: case=5 second=1 bytes=0 rssi=-127[0m
[0;32mI (82226) net_bench: case=5 second=2 bytes=0 rssi=-127[0m
[0;32mI (82232) net_bench: case=5 second=3 bytes=0 rssi=-127[0m
[0;32mI (82238) net_bench: case=5 second=4 bytes=0 rssi=-127[0m
[0;32mI (82244) net_bench: case=5 second=5 bytes=0 rssi=-127[0m
[0;32mI (82250) net_bench: case=5 second=6 bytes=0 rssi=-127[0m
[0;32mI (82255) net_bench: case=5 second=7 bytes=0 rssi=-127[0m
[0;32mI (82261) net_bench: case=5 second=8 bytes=0 rssi=-127[0m
[0;32mI (82267) net_bench: case=5 second=9 bytes=0 rssi=-127[0m
[0;32mI (82273) net_bench: case=5 second=10 bytes=0 rssi=-127[0m
[0;32mI (82279) net_bench: case=5 second=11 bytes=0 rssi=-127[0m
[0;32mI (82285) net_bench: case=5 second=12 bytes=0 rssi=-127[0m
[0;32mI (82290) net_bench: case=5 second=13 bytes=0 rssi=-127[0m
[0;32mI (82296) net_bench: case=5 second=14 bytes=0 rssi=-127[0m
[0;32mI (82302) net_bench: case=5 second=15 bytes=0 rssi=-127[0m
[0;32mI (82308) net_bench: case=5 second=16 bytes=0 rssi=-127[0m
[0;32mI (82314) net_bench: case=5 second=17 bytes=0 rssi=-127[0m
[0;32mI (82320) net_bench: case=5 second=18 bytes=0 rssi=-127[0m
[0;32mI (82326) net_bench: case=5 second=19 bytes=0 rssi=-127[0m
[0;32mI (83333) net_bench: case=6 path=/aac-64?rate=64 output=0 begin rssi=-69 round=0 fixture=3 variant=0 wait_ms=0 read_limit=1024 batch=1[0m
[0;32mI (104437) net_cpu: case=6 valid=1 total_us=20048497 tasks_before=8 tasks_after=8 snapshot_bytes=1440[0m
[0;32mI (104439) net_cpu: case=6 task=audio id=4 runtime_us=3068844 existed=1[0m
[0;32mI (104445) net_cpu: case=6 task=IDLE id=2 runtime_us=15938864 existed=1[0m
[0;32mI (104453) net_cpu: case=6 task=uiT id=1 runtime_us=37314 existed=1[0m
[0;32mI (104459) net_cpu: case=6 task=tiT id=5 runtime_us=447120 existed=1[0m
[0;32mI (104467) net_cpu: case=6 task=httpd id=9 runtime_us=111375 existed=1[0m
[0;32mI (104473) net_cpu: case=6 task=ppT id=7 runtime_us=446970 existed=1[0m
[0;32mI (104480) net_cpu: case=6 task=Tmr Svc id=3 runtime_us=0 existed=1[0m
[0;32mI (104487) net_cpu: case=6 task=sys_evt id=6 runtime_us=0 existed=1[0m
[0;32mI (104496) net_bench: case=6 output=0 wall_us=20021019 bytes=160263 open_us=1068116 error=0 rssi=-82 heap_min=14532[0m
[0;32mI (104506) net_bench: case=6 recv_total_us=2521931 recv_positive_us=271558 recv_empty_us=2250373[0m
[0;32mI (104515) net_bench: case=6 cpu_lean=1 gap_metrics_valid=0 heap_is_final=1[0m
[0;32mI (104522) net_bench: case=6 sampled_heap_min=11240 rx_gap_tick_ms=925 wait_calls=19150[0m
[0;32mI (104531) net_bench: case=6 calls=19384 empty=19150 rx_gap_us=0 app_gap_us=0 empty_wait_us=0 recv_max_us=5080 commit_max_us=0 ready_max=0 ready_probes=0[0m
[0;32mI (104545) net_bench: case=6 pcm_frames=0 rate=0 eof=1882 underrun=1881 stack=1260[0m
[0;32mI (104554) net_bench: case=6 second=0 bytes=4680 rssi=-95[0m
[0;32mI (104560) net_bench: case=6 second=1 bytes=4288 rssi=-71[0m
[0;32mI (104566) net_bench: case=6 second=2 bytes=536 rssi=-68[0m
[0;32mI (104572) net_bench: case=6 second=3 bytes=1072 rssi=-68[0m
[0;32mI (104578) net_bench: case=6 second=4 bytes=29572 rssi=-70[0m
[0;32mI (104584) net_bench: case=6 second=5 bytes=8245 rssi=-70[0m
[0;32mI (104590) net_bench: case=6 second=6 bytes=8245 rssi=-70[0m
[0;32mI (104596) net_bench: case=6 second=7 bytes=6733 rssi=-70[0m
[0;32mI (104602) net_bench: case=6 second=8 bytes=9757 rssi=-84[0m
[0;32mI (104608) net_bench: case=6 second=9 bytes=7221 rssi=-79[0m
[0;32mI (104614) net_bench: case=6 second=10 bytes=8245 rssi=-81[0m
[0;32mI (104620) net_bench: case=6 second=11 bytes=8245 rssi=-69[0m
[0;32mI (104627) net_bench: case=6 second=12 bytes=8245 rssi=-81[0m
[0;32mI (104633) net_bench: case=6 second=13 bytes=7221 rssi=-70[0m
[0;32mI (104639) net_bench: case=6 second=14 bytes=8245 rssi=-72[0m
[0;32mI (104645) net_bench: case=6 second=15 bytes=8245 rssi=-70[0m
[0;32mI (104651) net_bench: case=6 second=16 bytes=8245 rssi=-69[0m
[0;32mI (104657) net_bench: case=6 second=17 bytes=8245 rssi=-79[0m
[0;32mI (104663) net_bench: case=6 second=18 bytes=7221 rssi=-78[0m
[0;32mI (104670) net_bench: case=6 second=19 bytes=7757 rssi=-78[0m
[0;32mI (105677) net_bench: case=7 path=/aac-64?rate=64 output=0 begin rssi=-81 round=0 fixture=3 variant=1 wait_ms=25 read_limit=1024 batch=1[0m
[0;32mI (114357) net_cpu: case=7 valid=1 total_us=8598285 tasks_before=8 tasks_after=8 snapshot_bytes=1440[0m
[0;32mI (114360) net_cpu: case=7 task=audio id=4 runtime_us=485975 existed=1[0m
[0;32mI (114365) net_cpu: case=7 task=IDLE id=2 runtime_us=7639498 existed=1[0m
[0;32mI (114373) net_cpu: case=7 task=uiT id=1 runtime_us=16075 existed=1[0m
[0;32mI (114379) net_cpu: case=7 task=tiT id=5 runtime_us=195510 existed=1[0m
[0;32mI (114386) net_cpu: case=7 task=httpd id=9 runtime_us=45917 existed=1[0m
[0;32mI (114394) net_cpu: case=7 task=ppT id=7 runtime_us=217157 existed=1[0m
[0;32mI (114401) net_cpu: case=7 task=Tmr Svc id=3 runtime_us=0 existed=1[0m
[0;32mI (114407) net_cpu: case=7 task=sys_evt id=6 runtime_us=0 existed=1[0m
[0;32mI (114416) net_bench: case=7 output=0 wall_us=8586031 bytes=60299 open_us=78841 error=-116 rssi=-72 heap_min=13824[0m
[0;32mI (114426) net_bench: case=7 recv_total_us=146253 recv_positive_us=91806 recv_empty_us=54447[0m
[0;32mI (114435) net_bench: case=7 cpu_lean=1 gap_metrics_valid=0 heap_is_final=1[0m
[0;32mI (114442) net_bench: case=7 sampled_heap_min=13356 rx_gap_tick_ms=547 wait_calls=357[0m
[0;32mI (114451) net_bench: case=7 calls=442 empty=357 rx_gap_us=0 app_gap_us=0 empty_wait_us=0 recv_max_us=2479 commit_max_us=0 ready_max=0 ready_probes=0[0m
[0;32mI (114465) net_bench: case=7 pcm_frames=0 rate=0 eof=808 underrun=807 stack=1260[0m
[0;32mI (114473) net_bench: case=7 second=0 bytes=8192 rssi=-72[0m
[0;32mI (114479) net_bench: case=7 second=1 bytes=8245 rssi=-75[0m
[0;32mI (114485) net_bench: case=7 second=2 bytes=8245 rssi=-80[0m
[0;32mI (114491) net_bench: case=7 second=3 bytes=8245 rssi=-80[0m
[0;32mI (114497) net_bench: case=7 second=4 bytes=7221 rssi=-80[0m
[0;32mI (114503) net_bench: case=7 second=5 bytes=6733 rssi=-82[0m
[0;32mI (114509) net_bench: case=7 second=6 bytes=8245 rssi=-87[0m
[0;32mI (114515) net_bench: case=7 second=7 bytes=5173 rssi=-88[0m
[0;32mI (114521) net_bench: case=7 second=8 bytes=0 rssi=-76[0m
[0;32mI (114527) net_bench: case=7 second=9 bytes=0 rssi=-127[0m
[0;32mI (114533) net_bench: case=7 second=10 bytes=0 rssi=-127[0m
[0;32mI (114539) net_bench: case=7 second=11 bytes=0 rssi=-127[0m
[0;32mI (114545) net_bench: case=7 second=12 bytes=0 rssi=-127[0m
[0;32mI (114551) net_bench: case=7 second=13 bytes=0 rssi=-127[0m
[0;32mI (114557) net_bench: case=7 second=14 bytes=0 rssi=-127[0m
[0;32mI (114563) net_bench: case=7 second=15 bytes=0 rssi=-127[0m
[0;32mI (114569) net_bench: case=7 second=16 bytes=0 rssi=-127[0m
[0;32mI (114575) net_bench: case=7 second=17 bytes=0 rssi=-127[0m
[0;32mI (114581) net_bench: case=7 second=18 bytes=0 rssi=-127[0m
[0;32mI (114587) net_bench: case=7 second=19 bytes=0 rssi=-127[0m
[0;32mI (115593) net_bench: case=8 path=/mp3-320?rate=0 output=0 begin rssi=-72 round=1 fixture=0 variant=1 wait_ms=25 read_limit=1024 batch=1[0m
[0;32mI (135718) net_cpu: case=8 valid=1 total_us=20058044 tasks_before=8 tasks_after=8 snapshot_bytes=1440[0m
[0;32mI (135720) net_cpu: case=8 task=audio id=4 runtime_us=2096017 existed=1[0m
[0;32mI (135726) net_cpu: case=8 task=IDLE id=2 runtime_us=12346441 existed=1[0m
[0;32mI (135734) net_cpu: case=8 task=tiT id=5 runtime_us=3072577 existed=1[0m
[0;32mI (135741) net_cpu: case=8 task=uiT id=1 runtime_us=37121 existed=1[0m
[0;32mI (135748) net_cpu: case=8 task=httpd id=9 runtime_us=110284 existed=1[0m
[0;32mI (135755) net_cpu: case=8 task=ppT id=7 runtime_us=2397313 existed=1[0m
[0;32mI (135762) net_cpu: case=8 task=Tmr Svc id=3 runtime_us=0 existed=1[0m
[0;32mI (135769) net_cpu: case=8 task=sys_evt id=6 runtime_us=0 existed=1[0m
[0;32mI (135777) net_bench: case=8 output=0 wall_us=20030049 bytes=1473172 open_us=79887 error=0 rssi=-85 heap_min=11620[0m
[0;32mI (135788) net_bench: case=8 recv_total_us=3616694 recv_positive_us=3427588 recv_empty_us=189106[0m
[0;32mI (135797) net_bench: case=8 cpu_lean=1 gap_metrics_valid=0 heap_is_final=1[0m
[0;32mI (135804) net_bench: case=8 sampled_heap_min=9732 rx_gap_tick_ms=373 wait_calls=993[0m
[0;32mI (135812) net_bench: case=8 calls=2826 empty=993 rx_gap_us=0 app_gap_us=0 empty_wait_us=0 recv_max_us=7732 commit_max_us=0 ready_max=0 ready_probes=0[0m
[0;32mI (135826) net_bench: case=8 pcm_frames=0 rate=0 eof=1883 underrun=1882 stack=1260[0m
[0;32mI (135834) net_bench: case=8 second=0 bytes=14880 rssi=-87[0m
[0;32mI (135841) net_bench: case=8 second=1 bytes=17688 rssi=-72[0m
[0;32mI (135847) net_bench: case=8 second=2 bytes=21448 rssi=-85[0m
[0;32mI (135853) net_bench: case=8 second=3 bytes=14036 rssi=-74[0m
[0;32mI (135859) net_bench: case=8 second=4 bytes=25192 rssi=-73[0m
[0;32mI (135865) net_bench: case=8 second=5 bytes=36352 rssi=-74[0m
[0;32mI (135871) net_bench: case=8 second=6 bytes=38944 rssi=-76[0m
[0;32mI (135877) net_bench: case=8 second=7 bytes=21200 rssi=-86[0m
[0;32mI (135884) net_bench: case=8 second=8 bytes=36448 rssi=-86[0m
[0;32mI (135890) net_bench: case=8 second=9 bytes=28704 rssi=-85[0m
[0;32mI (135896) net_bench: case=8 second=10 bytes=13936 rssi=-85[0m
[0;32mI (135902) net_bench: case=8 second=11 bytes=39128 rssi=-82[0m
[0;32mI (135908) net_bench: case=8 second=12 bytes=90792 rssi=-70[0m
[0;32mI (135915) net_bench: case=8 second=13 bytes=199744 rssi=-73[0m
[0;32mI (135921) net_bench: case=8 second=14 bytes=134200 rssi=-71[0m
[0;32mI (135927) net_bench: case=8 second=15 bytes=160912 rssi=-69[0m
[0;32mI (135934) net_bench: case=8 second=16 bytes=157888 rssi=-68[0m
[0;32mI (135940) net_bench: case=8 second=17 bytes=174808 rssi=-79[0m
[0;32mI (135946) net_bench: case=8 second=18 bytes=132408 rssi=-79[0m
[0;32mI (135953) net_bench: case=8 second=19 bytes=114464 rssi=-78[0m
[0;32mI (136960) net_bench: case=9 path=/mp3-320?rate=0 output=0 begin rssi=-83 round=1 fixture=0 variant=0 wait_ms=0 read_limit=1024 batch=1[0m
[0;32mI (158077) net_cpu: case=9 valid=1 total_us=20060280 tasks_before=8 tasks_after=8 snapshot_bytes=1440[0m
[0;32mI (158079) net_cpu: case=9 task=audio id=4 runtime_us=3065017 existed=1[0m
[0;32mI (158085) net_cpu: case=9 task=IDLE id=2 runtime_us=8773193 existed=1[0m
[0;32mI (158092) net_cpu: case=9 task=tiT id=5 runtime_us=4562526 existed=1[0m
[0;32mI (158099) net_cpu: case=9 task=uiT id=1 runtime_us=38029 existed=1[0m
[0;32mI (158106) net_cpu: case=9 task=httpd id=9 runtime_us=114889 existed=1[0m
[0;32mI (158113) net_cpu: case=9 task=ppT id=7 runtime_us=3507572 existed=1[0m
[0;32mI (158120) net_cpu: case=9 task=Tmr Svc id=3 runtime_us=0 existed=1[0m
[0;32mI (158127) net_cpu: case=9 task=sys_evt id=6 runtime_us=0 existed=1[0m
[0;32mI (158136) net_bench: case=9 output=0 wall_us=20032072 bytes=2307152 open_us=1069366 error=0 rssi=-69 heap_min=10908[0m
[0;32mI (158145) net_bench: case=9 recv_total_us=6894882 recv_positive_us=5451974 recv_empty_us=1442908[0m
[0;32mI (158155) net_bench: case=9 cpu_lean=1 gap_metrics_valid=0 heap_is_final=1[0m
[0;32mI (158162) net_bench: case=9 sampled_heap_min=9740 rx_gap_tick_ms=923 wait_calls=9757[0m
[0;32mI (158171) net_bench: case=9 calls=12970 empty=9757 rx_gap_us=0 app_gap_us=0 empty_wait_us=0 recv_max_us=7937 commit_max_us=0 ready_max=0 ready_probes=0[0m
[0;32mI (158185) net_bench: case=9 pcm_frames=0 rate=0 eof=1884 underrun=1883 stack=1196[0m
[0;32mI (158193) net_bench: case=9 second=0 bytes=52160 rssi=-83[0m
[0;32mI (158199) net_bench: case=9 second=1 bytes=120856 rssi=-82[0m
[0;32mI (158206) net_bench: case=9 second=2 bytes=121240 rssi=-81[0m
[0;32mI (158212) net_bench: case=9 second=3 bytes=129344 rssi=-80[0m
[0;32mI (158218) net_bench: case=9 second=4 bytes=131288 rssi=-80[0m
[0;32mI (158224) net_bench: case=9 second=5 bytes=64864 rssi=-69[0m
[0;32mI (158230) net_bench: case=9 second=6 bytes=110952 rssi=-67[0m
[0;32mI (158237) net_bench: case=9 second=7 bytes=38592 rssi=-70[0m
[0;32mI (158243) net_bench: case=9 second=8 bytes=127976 rssi=-71[0m
[0;32mI (158249) net_bench: case=9 second=9 bytes=194536 rssi=-71[0m
[0;32mI (158255) net_bench: case=9 second=10 bytes=134944 rssi=-79[0m
[0;32mI (158262) net_bench: case=9 second=11 bytes=131040 rssi=-80[0m
[0;32mI (158268) net_bench: case=9 second=12 bytes=92728 rssi=-79[0m
[0;32mI (158274) net_bench: case=9 second=13 bytes=74464 rssi=-80[0m
[0;32mI (158280) net_bench: case=9 second=14 bytes=123048 rssi=-81[0m
[0;32mI (158287) net_bench: case=9 second=15 bytes=56816 rssi=-72[0m
[0;32mI (158293) net_bench: case=9 second=16 bytes=123048 rssi=-71[0m
[0;32mI (158299) net_bench: case=9 second=17 bytes=211192 rssi=-72[0m
[0;32mI (158306) net_bench: case=9 second=18 bytes=128648 rssi=-71[0m
[0;32mI (158312) net_bench: case=9 second=19 bytes=139416 rssi=-70[0m
[0;32mI (159319) net_bench: case=10 path=/mp3-128?rate=128 output=0 begin rssi=-73 round=1 fixture=1 variant=1 wait_ms=25 read_limit=1024 batch=1[0m
[0;32mI (178156) net_cpu: case=10 valid=1 total_us=18766441 tasks_before=8 tasks_after=8 snapshot_bytes=1440[0m
[0;32mI (178158) net_cpu: case=10 task=audio id=4 runtime_us=1374834 existed=1[0m
[0;32mI (178164) net_cpu: case=10 task=IDLE id=2 runtime_us=15863876 existed=1[0m
[0;32mI (178172) net_cpu: case=10 task=uiT id=1 runtime_us=34324 existed=1[0m
[0;32mI (178179) net_cpu: case=10 task=tiT id=5 runtime_us=737199 existed=1[0m
[0;32mI (178186) net_cpu: case=10 task=httpd id=9 runtime_us=100063 existed=1[0m
[0;32mI (178193) net_cpu: case=10 task=ppT id=7 runtime_us=657473 existed=1[0m
[0;32mI (178200) net_cpu: case=10 task=Tmr Svc id=3 runtime_us=0 existed=1[0m
[0;32mI (178207) net_cpu: case=10 task=sys_evt id=6 runtime_us=0 existed=1[0m
[0;32mI (178216) net_bench: case=10 output=0 wall_us=18740570 bytes=284206 open_us=81007 error=-116 rssi=-75 heap_min=12140[0m
[0;32mI (178225) net_bench: case=10 recv_total_us=711969 recv_positive_us=564023 recv_empty_us=147946[0m
[0;32mI (178235) net_bench: case=10 cpu_lean=1 gap_metrics_valid=0 heap_is_final=1[0m
[0;32mI (178243) net_bench: case=10 sampled_heap_min=11720 rx_gap_tick_ms=144 wait_calls=928[0m
[0;32mI (178251) net_bench: case=10 calls=1393 empty=928 rx_gap_us=0 app_gap_us=0 empty_wait_us=0 recv_max_us=4208 commit_max_us=0 ready_max=0 ready_probes=0[0m
[0;32mI (178265) net_bench: case=10 pcm_frames=0 rate=0 eof=1763 underrun=1762 stack=1196[0m
[0;32mI (178274) net_bench: case=10 second=0 bytes=16384 rssi=-73[0m
[0;32mI (178280) net_bench: case=10 second=1 bytes=15694 rssi=-71[0m
[0;32mI (178286) net_bench: case=10 second=2 bytes=16718 rssi=-71[0m
[0;32mI (178292) net_bench: case=10 second=3 bytes=15694 rssi=-68[0m
[0;32mI (178298) net_bench: case=10 second=4 bytes=15694 rssi=-70[0m
[0;32mI (178305) net_bench: case=10 second=5 bytes=16718 rssi=-80[0m
[0;32mI (178311) net_bench: case=10 second=6 bytes=15694 rssi=-81[0m
[0;32mI (178317) net_bench: case=10 second=7 bytes=15694 rssi=-80[0m
[0;32mI (178323) net_bench: case=10 second=8 bytes=16718 rssi=-81[0m
[0;32mI (178330) net_bench: case=10 second=9 bytes=15694 rssi=-80[0m
[0;32mI (178336) net_bench: case=10 second=10 bytes=15694 rssi=-69[0m
[0;32mI (178342) net_bench: case=10 second=11 bytes=16718 rssi=-69[0m
[0;32mI (178348) net_bench: case=10 second=12 bytes=15694 rssi=-70[0m
[0;32mI (178355) net_bench: case=10 second=13 bytes=15694 rssi=-70[0m
[0;32mI (178361) net_bench: case=10 second=14 bytes=16718 rssi=-70[0m
[0;32mI (178367) net_bench: case=10 second=15 bytes=15694 rssi=-81[0m
[0;32mI (178374) net_bench: case=10 second=16 bytes=16718 rssi=-80[0m
[0;32mI (178380) net_bench: case=10 second=17 bytes=10574 rssi=-80[0m
[0;32mI (178386) net_bench: case=10 second=18 bytes=0 rssi=-89[0m
[0;32mI (178392) net_bench: case=10 second=19 bytes=0 rssi=-127[0m
[0;32mI (179399) net_bench: case=11 path=/mp3-128?rate=128 output=0 begin rssi=-75 round=1 fixture=1 variant=0 wait_ms=0 read_limit=1024 batch=1[0m
[0;32mI (180618) net_cpu: case=11 valid=1 total_us=1137845 tasks_before=8 tasks_after=8 snapshot_bytes=1440[0m
[0;32mI (180621) net_cpu: case=11 task=audio id=4 runtime_us=175532 existed=1[0m
[0;32mI (180628) net_cpu: case=11 task=IDLE id=2 runtime_us=926495 existed=1[0m
[0;32mI (180635) net_cpu: case=11 task=uiT id=1 runtime_us=1846 existed=1[0m
[0;32mI (180642) net_cpu: case=11 task=tiT id=5 runtime_us=13026 existed=1[0m
[0;32mI (180649) net_cpu: case=11 task=httpd id=9 runtime_us=5644 existed=1[0m
[0;32mI (180656) net_cpu: case=11 task=ppT id=7 runtime_us=15728 existed=1[0m
[0;32mI (180663) net_cpu: case=11 task=Tmr Svc id=3 runtime_us=0 existed=1[0m
[0;32mI (180670) net_cpu: case=11 task=sys_evt id=6 runtime_us=0 existed=1[0m
[0;32mI (180679) net_bench: case=11 output=0 wall_us=1135560 bytes=2584 open_us=69288 error=-116 rssi=-75 heap_min=12976[0m
[0;32mI (180688) net_bench: case=11 recv_total_us=132073 recv_positive_us=2764 recv_empty_us=127783[0m
[0;32mI (180698) net_bench: case=11 cpu_lean=1 gap_metrics_valid=0 heap_is_final=1[0m
[0;32mI (180705) net_bench: case=11 sampled_heap_min=12976 rx_gap_tick_ms=91 wait_calls=1115[0m
[0;32mI (180714) net_bench: case=11 calls=1119 empty=1115 rx_gap_us=0 app_gap_us=0 empty_wait_us=0 recv_max_us=1526 commit_max_us=0 ready_max=0 ready_probes=0[0m
[0;32mI (180729) net_bench: case=11 pcm_frames=0 rate=0 eof=107 underrun=106 stack=1196[0m
[0;32mI (180737) net_bench: case=11 second=0 bytes=2584 rssi=-82[0m
[0;32mI (180743) net_bench: case=11 second=1 bytes=0 rssi=-74[0m
[0;32mI (180749) net_bench: case=11 second=2 bytes=0 rssi=-127[0m
[0;32mI (180755) net_bench: case=11 second=3 bytes=0 rssi=-127[0m
[0;32mI (180761) net_bench: case=11 second=4 bytes=0 rssi=-127[0m
[0;32mI (180767) net_bench: case=11 second=5 bytes=0 rssi=-127[0m
[0;32mI (180773) net_bench: case=11 second=6 bytes=0 rssi=-127[0m
[0;32mI (180779) net_bench: case=11 second=7 bytes=0 rssi=-127[0m
[0;32mI (180785) net_bench: case=11 second=8 bytes=0 rssi=-127[0m
[0;32mI (180791) net_bench: case=11 second=9 bytes=0 rssi=-127[0m
[0;32mI (180797) net_bench: case=11 second=10 bytes=0 rssi=-127[0m
[0;32mI (180803) net_bench: case=11 second=11 bytes=0 rssi=-127[0m
[0;32mI (180809) net_bench: case=11 second=12 bytes=0 rssi=-127[0m
[0;32mI (180815) net_bench: case=11 second=13 bytes=0 rssi=-127[0m
[0;32mI (180821) net_bench: case=11 second=14 bytes=0 rssi=-127[0m
[0;32mI (180827) net_bench: case=11 second=15 bytes=0 rssi=-127[0m
[0;32mI (180833) net_bench: case=11 second=16 bytes=0 rssi=-127[0m
[0;32mI (180839) net_bench: case=11 second=17 bytes=0 rssi=-127[0m
[0;32mI (180845) net_bench: case=11 second=18 bytes=0 rssi=-127[0m
[0;32mI (180852) net_bench: case=11 second=19 bytes=0 rssi=-127[0m
[0;32mI (181859) net_bench: case=12 path=/mp3-320?rate=320 output=0 begin rssi=-75 round=1 fixture=2 variant=1 wait_ms=25 read_limit=1024 batch=1[0m
[0;32mI (202980) net_cpu: case=12 valid=1 total_us=20054624 tasks_before=8 tasks_after=8 snapshot_bytes=1440[0m
[0;32mI (202982) net_cpu: case=12 task=audio id=4 runtime_us=2215776 existed=1[0m
[0;32mI (202989) net_cpu: case=12 task=IDLE id=2 runtime_us=14212238 existed=1[0m
[0;32mI (202996) net_cpu: case=12 task=tiT id=5 runtime_us=1949467 existed=1[0m
[0;32mI (203003) net_cpu: case=12 task=uiT id=1 runtime_us=36945 existed=1[0m
[0;32mI (203010) net_cpu: case=12 task=httpd id=9 runtime_us=108662 existed=1[0m
[0;32mI (203017) net_cpu: case=12 task=ppT id=7 runtime_us=1533464 existed=1[0m
[0;32mI (203024) net_cpu: case=12 task=Tmr Svc id=3 runtime_us=0 existed=1[0m
[0;32mI (203031) net_cpu: case=12 task=sys_evt id=6 runtime_us=0 existed=1[0m
[0;32mI (203041) net_bench: case=12 output=0 wall_us=20026789 bytes=802852 open_us=1077998 error=0 rssi=-80 heap_min=12976[0m
[0;32mI (203050) net_bench: case=12 recv_total_us=1588168 recv_positive_us=1378516 recv_empty_us=209652[0m
[0;32mI (203059) net_bench: case=12 cpu_lean=1 gap_metrics_valid=0 heap_is_final=1[0m
[0;32mI (203067) net_bench: case=12 sampled_heap_min=11036 rx_gap_tick_ms=548 wait_calls=1266[0m
[0;32mI (203075) net_bench: case=12 calls=2545 empty=1266 rx_gap_us=0 app_gap_us=0 empty_wait_us=0 recv_max_us=6535 commit_max_us=0 ready_max=0 ready_probes=0[0m
[0;32mI (203090) net_bench: case=12 pcm_frames=0 rate=0 eof=1883 underrun=1883 stack=1196[0m
[0;32mI (203098) net_bench: case=12 second=0 bytes=27744 rssi=-86[0m
[0;32mI (203104) net_bench: case=12 second=1 bytes=43308 rssi=-77[0m
[0;32mI (203110) net_bench: case=12 second=2 bytes=49404 rssi=-82[0m
[0;32mI (203117) net_bench: case=12 second=3 bytes=40284 rssi=-84[0m
[0;32mI (203123) net_bench: case=12 second=4 bytes=40236 rssi=-83[0m
[0;32mI (203129) net_bench: case=12 second=5 bytes=39260 rssi=-79[0m
[0;32mI (203135) net_bench: case=12 second=6 bytes=40772 rssi=-87[0m
[0;32mI (203142) net_bench: case=12 second=7 bytes=40236 rssi=-83[0m
[0;32mI (203148) net_bench: case=12 second=8 bytes=39748 rssi=-83[0m
[0;32mI (203154) net_bench: case=12 second=9 bytes=40284 rssi=-82[0m
[0;32mI (203160) net_bench: case=12 second=10 bytes=40236 rssi=-82[0m
[0;32mI (203167) net_bench: case=12 second=11 bytes=40772 rssi=-74[0m
[0;32mI (203173) net_bench: case=12 second=12 bytes=39748 rssi=-72[0m
[0;32mI (203179) net_bench: case=12 second=13 bytes=39748 rssi=-73[0m
[0;32mI (203186) net_bench: case=12 second=14 bytes=39748 rssi=-72[0m
[0;32mI (203194) net_bench: case=12 second=15 bytes=40284 rssi=-83[0m
[0;32mI (203198) net_bench: case=12 second=16 bytes=40236 rssi=-84[0m
[0;32mI (203205) net_bench: case=12 second=17 bytes=18528 rssi=-83[0m
[0;32mI (203211) net_bench: case=12 second=18 bytes=6728 rssi=-88[0m
[0;32mI (203217) net_bench: case=12 second=19 bytes=95012 rssi=-83[0m
[0;32mI (204224) net_bench: case=13 path=/mp3-320?rate=320 output=0 begin rssi=-84 round=1 fixture=2 variant=0 wait_ms=0 read_limit=1024 batch=1[0m
[0;32mI (225358) net_cpu: case=13 valid=1 total_us=20053694 tasks_before=8 tasks_after=8 snapshot_bytes=1440[0m
[0;32mI (225361) net_cpu: case=13 task=audio id=4 runtime_us=3187222 existed=1[0m
[0;32mI (225367) net_cpu: case=13 task=IDLE id=2 runtime_us=13417062 existed=1[0m
[0;32mI (225377) net_cpu: case=13 task=tiT id=5 runtime_us=1829244 existed=1[0m
[0;32mI (225382) net_cpu: case=13 task=uiT id=1 runtime_us=37389 existed=1[0m
[0;32mI (225389) net_cpu: case=13 task=httpd id=9 runtime_us=112802 existed=1[0m
[0;32mI (225396) net_cpu: case=13 task=ppT id=7 runtime_us=1470849 existed=1[0m
[0;32mI (225403) net_cpu: case=13 task=Tmr Svc id=3 runtime_us=0 existed=1[0m
[0;32mI (225410) net_cpu: case=13 task=sys_evt id=6 runtime_us=0 existed=1[0m
[0;32mI (225419) net_bench: case=13 output=0 wall_us=20024898 bytes=793968 open_us=1090660 error=0 rssi=-80 heap_min=12976[0m
[0;32mI (225429) net_bench: case=13 recv_total_us=3444071 recv_positive_us=1411749 recv_empty_us=2032322[0m
[0;32mI (225438) net_bench: case=13 cpu_lean=1 gap_metrics_valid=0 heap_is_final=1[0m
[0;32mI (225446) net_bench: case=13 sampled_heap_min=10884 rx_gap_tick_ms=430 wait_calls=16220[0m
[0;32mI (225455) net_bench: case=13 calls=17573 empty=16220 rx_gap_us=0 app_gap_us=0 empty_wait_us=0 recv_max_us=4787 commit_max_us=0 ready_max=0 ready_probes=0[0m
[0;32mI (225469) net_bench: case=13 pcm_frames=0 rate=0 eof=1883 underrun=1882 stack=1196[0m
[0;32mI (225477) net_bench: case=13 second=0 bytes=40472 rssi=-81[0m
[0;32mI (225485) net_bench: case=13 second=1 bytes=39748 rssi=-86[0m
[0;32mI (225490) net_bench: case=13 second=2 bytes=39748 rssi=-88[0m
[0;32mI (225496) net_bench: case=13 second=3 bytes=28972 rssi=-85[0m
[0;32mI (225502) net_bench: case=13 second=4 bytes=34664 rssi=-82[0m
[0;32mI (225508) net_bench: case=13 second=5 bytes=57120 rssi=-76[0m
[0;32mI (225515) net_bench: case=13 second=6 bytes=39748 rssi=-74[0m
[0;32mI (225521) net_bench: case=13 second=7 bytes=38236 rssi=-78[0m
[0;32mI (225527) net_bench: case=13 second=8 bytes=42284 rssi=-76[0m
[0;32mI (225533) net_bench: case=13 second=9 bytes=40284 rssi=-77[0m
[0;32mI (225540) net_bench: case=13 second=10 bytes=40236 rssi=-83[0m
[0;32mI (225546) net_bench: case=13 second=11 bytes=39748 rssi=-81[0m
[0;32mI (225552) net_bench: case=13 second=12 bytes=39748 rssi=-82[0m
[0;32mI (225559) net_bench: case=13 second=13 bytes=40772 rssi=-82[0m
[0;32mI (225565) net_bench: case=13 second=14 bytes=39748 rssi=-76[0m
[0;32mI (225571) net_bench: case=13 second=15 bytes=39748 rssi=-74[0m
[0;32mI (225578) net_bench: case=13 second=16 bytes=33604 rssi=-75[0m
[0;32mI (225584) net_bench: case=13 second=17 bytes=46916 rssi=-76[0m
[0;32mI (225590) net_bench: case=13 second=18 bytes=39260 rssi=-76[0m
[0;32mI (225596) net_bench: case=13 second=19 bytes=32912 rssi=-85[0m
[0;32mI (226604) net_bench: case=14 path=/aac-64?rate=64 output=0 begin rssi=-83 round=1 fixture=3 variant=1 wait_ms=25 read_limit=1024 batch=1[0m
[0;32mI (246738) net_cpu: case=14 valid=1 total_us=20071706 tasks_before=8 tasks_after=8 snapshot_bytes=1440[0m
[0;32mI (246740) net_cpu: case=14 task=audio id=4 runtime_us=1232146 existed=1[0m
[0;32mI (246746) net_cpu: case=14 task=IDLE id=2 runtime_us=17683408 existed=1[0m
[0;32mI (246754) net_cpu: case=14 task=tiT id=5 runtime_us=510772 existed=1[0m
[0;32mI (246761) net_cpu: case=14 task=uiT id=1 runtime_us=36866 existed=1[0m
[0;32mI (246768) net_cpu: case=14 task=httpd id=9 runtime_us=106494 existed=1[0m
[0;32mI (246775) net_cpu: case=14 task=ppT id=7 runtime_us=503682 existed=1[0m
[0;32mI (246782) net_cpu: case=14 task=Tmr Svc id=3 runtime_us=0 existed=1[0m
[0;32mI (246789) net_cpu: case=14 task=sys_evt id=6 runtime_us=0 existed=1[0m
[0;32mI (246798) net_bench: case=14 output=0 wall_us=20044116 bytes=160751 open_us=75261 error=0 rssi=-84 heap_min=14660[0m
[0;32mI (246807) net_bench: case=14 recv_total_us=407746 recv_positive_us=271369 recv_empty_us=136377[0m
[0;32mI (246817) net_bench: case=14 cpu_lean=1 gap_metrics_valid=0 heap_is_final=1[0m
[0;32mI (246824) net_bench: case=14 sampled_heap_min=13308 rx_gap_tick_ms=657 wait_calls=884[0m
[0;32mI (246833) net_bench: case=14 calls=1173 empty=884 rx_gap_us=0 app_gap_us=0 empty_wait_us=0 recv_max_us=3764 commit_max_us=0 ready_max=0 ready_probes=0[0m
[0;32mI (246847) net_bench: case=14 pcm_frames=0 rate=0 eof=1885 underrun=1884 stack=1196[0m
[0;32mI (246855) net_bench: case=14 second=0 bytes=8192 rssi=-79[0m
[0;32mI (246862) net_bench: case=14 second=1 bytes=8245 rssi=-78[0m
[0;32mI (246868) net_bench: case=14 second=2 bytes=8245 rssi=-77[0m
[0;32mI (246874) net_bench: case=14 second=3 bytes=6733 rssi=-76[0m
[0;32mI (246880) net_bench: case=14 second=4 bytes=8245 rssi=-77[0m
[0;32mI (246886) net_bench: case=14 second=5 bytes=8733 rssi=-84[0m
[0;32mI (246892) net_bench: case=14 second=6 bytes=8245 rssi=-81[0m
[0;32mI (246898) net_bench: case=14 second=7 bytes=6197 rssi=-81[0m
[0;32mI (246904) net_bench: case=14 second=8 bytes=10293 rssi=-83[0m
[0;32mI (246911) net_bench: case=14 second=9 bytes=7221 rssi=-82[0m
[0;32mI (246917) net_bench: case=14 second=10 bytes=8245 rssi=-80[0m
[0;32mI (246923) net_bench: case=14 second=11 bytes=8245 rssi=-79[0m
[0;32mI (246929) net_bench: case=14 second=12 bytes=8245 rssi=-81[0m
[0;32mI (246936) net_bench: case=14 second=13 bytes=7221 rssi=-81[0m
[0;32mI (246942) net_bench: case=14 second=14 bytes=8245 rssi=-83[0m
[0;32mI (246948) net_bench: case=14 second=15 bytes=8245 rssi=-85[0m
[0;32mI (246954) net_bench: case=14 second=16 bytes=8245 rssi=-83[0m
[0;32mI (246961) net_bench: case=14 second=17 bytes=6197 rssi=-85[0m
[0;32mI (246967) net_bench: case=14 second=18 bytes=8781 rssi=-70[0m
[0;32mI (246973) net_bench: case=14 second=19 bytes=8733 rssi=-67[0m
[0;32mI (247980) net_bench: case=15 path=/aac-64?rate=64 output=0 begin rssi=-73 round=1 fixture=3 variant=0 wait_ms=0 read_limit=1024 batch=1[0m
[0;32mI (274037) net_cpu: case=15 valid=1 total_us=20049225 tasks_before=8 tasks_after=8 snapshot_bytes=1440[0m
[0;32mI (274041) net_cpu: case=15 task=audio id=4 runtime_us=3084774 existed=1[0m
[0;32mI (274046) net_cpu: case=15 task=IDLE id=2 runtime_us=15874979 existed=1[0m
[0;32mI (274054) net_cpu: case=15 task=uiT id=1 runtime_us=37990 existed=1[0m
[0;32mI (274061) net_cpu: case=15 task=tiT id=5 runtime_us=467121 existed=1[0m
[0;32mI (274068) net_cpu: case=15 task=httpd id=9 runtime_us=111335 existed=1[0m
[0;32mI (274075) net_cpu: case=15 task=ppT id=7 runtime_us=474996 existed=1[0m
[0;32mI (274082) net_cpu: case=15 task=Tmr Svc id=3 runtime_us=0 existed=1[0m
[0;32mI (274089) net_cpu: case=15 task=sys_evt id=6 runtime_us=0 existed=1[0m
[0;32mI (274098) net_bench: case=15 output=0 wall_us=20021739 bytes=160751 open_us=6019376 error=0 rssi=-72 heap_min=14660[0m
[0;32mI (274108) net_bench: case=15 recv_total_us=2521919 recv_positive_us=275595 recv_empty_us=2246324[0m
[0;32mI (274117) net_bench: case=15 cpu_lean=1 gap_metrics_valid=0 heap_is_final=1[0m
[0;32mI (274125) net_bench: case=15 sampled_heap_min=12644 rx_gap_tick_ms=548 wait_calls=19116[0m
[0;32mI (274134) net_bench: case=15 calls=19382 empty=19116 rx_gap_us=0 app_gap_us=0 empty_wait_us=0 recv_max_us=3847 commit_max_us=0 ready_max=0 ready_probes=0[0m
[0;32mI (274148) net_bench: case=15 pcm_frames=0 rate=0 eof=1883 underrun=1882 stack=1196[0m
[0;32mI (274156) net_bench: case=15 second=0 bytes=8192 rssi=-80[0m
[0;32mI (274163) net_bench: case=15 second=1 bytes=8245 rssi=-79[0m
[0;32mI (274168) net_bench: case=15 second=2 bytes=8245 rssi=-82[0m
[0;32mI (274175) net_bench: case=15 second=3 bytes=8245 rssi=-83[0m
[0;32mI (274181) net_bench: case=15 second=4 bytes=7221 rssi=-79[0m
[0;32mI (274187) net_bench: case=15 second=5 bytes=8245 rssi=-71[0m
[0;32mI (274193) net_bench: case=15 second=6 bytes=8245 rssi=-74[0m
[0;32mI (274199) net_bench: case=15 second=7 bytes=8245 rssi=-74[0m
[0;32mI (274205) net_bench: case=15 second=8 bytes=5709 rssi=-75[0m
[0;32mI (274211) net_bench: case=15 second=9 bytes=9757 rssi=-72[0m
[0;32mI (274218) net_bench: case=15 second=10 bytes=8245 rssi=-82[0m
[0;32mI (274224) net_bench: case=15 second=11 bytes=7757 rssi=-82[0m
[0;32mI (274230) net_bench: case=15 second=12 bytes=8733 rssi=-79[0m
[0;32mI (274236) net_bench: case=15 second=13 bytes=7221 rssi=-80[0m
[0;32mI (274243) net_bench: case=15 second=14 bytes=8245 rssi=-83[0m
[0;32mI (274249) net_bench: case=15 second=15 bytes=8245 rssi=-73[0m
[0;32mI (274255) net_bench: case=15 second=16 bytes=7757 rssi=-74[0m
[0;32mI (274261) net_bench: case=15 second=17 bytes=8733 rssi=-74[0m
[0;32mI (274268) net_bench: case=15 second=18 bytes=7221 rssi=-74[0m
[0;32mI (274274) net_bench: case=15 second=19 bytes=8245 rssi=-85[0m
[0;32mI (275281) net_bench: case=16 path=/mp3-320?rate=0 output=0 begin rssi=-86 round=2 fixture=0 variant=0 wait_ms=0 read_limit=1024 batch=1[0m
[0;32mI (295421) net_cpu: case=16 valid=1 total_us=20060963 tasks_before=8 tasks_after=8 snapshot_bytes=1440[0m
[0;32mI (295423) net_cpu: case=16 task=audio id=4 runtime_us=3027560 existed=1[0m
[0;32mI (295430) net_cpu: case=16 task=httpd id=9 runtime_us=115908 existed=1[0m
[0;32mI (295437) net_cpu: case=16 task=uiT id=1 runtime_us=38010 existed=1[0m
[0;32mI (295444) net_cpu: case=16 task=IDLE id=2 runtime_us=8366663 existed=1[0m
[0;32mI (295451) net_cpu: case=16 task=tiT id=5 runtime_us=4819190 existed=1[0m
[0;32mI (295458) net_cpu: case=16 task=ppT id=7 runtime_us=3693771 existed=1[0m
[0;32mI (295465) net_cpu: case=16 task=Tmr Svc id=3 runtime_us=0 existed=1[0m
[0;32mI (295472) net_cpu: case=16 task=sys_evt id=6 runtime_us=0 existed=1[0m
[0;32mI (295481) net_bench: case=16 output=0 wall_us=20032785 bytes=2437812 open_us=85238 error=0 rssi=-80 heap_min=11912[0m
[0;32mI (295491) net_bench: case=16 recv_total_us=7006978 recv_positive_us=5586648 recv_empty_us=1420330[0m
[0;32mI (295500) net_bench: case=16 cpu_lean=1 gap_metrics_valid=0 heap_is_final=1[0m
[0;32mI (295508) net_bench: case=16 sampled_heap_min=10956 rx_gap_tick_ms=918 wait_calls=9176[0m
[0;32mI (295517) net_bench: case=16 calls=12532 empty=9176 rx_gap_us=0 app_gap_us=0 empty_wait_us=0 recv_max_us=9246 commit_max_us=0 ready_max=0 ready_probes=0[0m
[0;32mI (295531) net_bench: case=16 pcm_frames=0 rate=0 eof=1884 underrun=1883 stack=1196[0m
[0;32mI (295539) net_bench: case=16 second=0 bytes=97720 rssi=-75[0m
[0;32mI (295545) net_bench: case=16 second=1 bytes=116424 rssi=-72[0m
[0;32mI (295552) net_bench: case=16 second=2 bytes=114520 rssi=-72[0m
[0;32mI (295558) net_bench: case=16 second=3 bytes=170704 rssi=-75[0m
[0;32mI (295564) net_bench: case=16 second=4 bytes=41032 rssi=-73[0m
[0;32mI (295571) net_bench: case=16 second=5 bytes=14472 rssi=-85[0m
[0;32mI (295577) net_bench: case=16 second=6 bytes=42344 rssi=-84[0m
[0;32mI (295583) net_bench: case=16 second=7 bytes=56000 rssi=-84[0m
[0;32mI (295589) net_bench: case=16 second=8 bytes=166712 rssi=-80[0m
[0;32mI (295596) net_bench: case=16 second=9 bytes=199360 rssi=-81[0m
[0;32mI (295602) net_bench: case=16 second=10 bytes=198144 rssi=-70[0m
[0;32mI (295608) net_bench: case=16 second=11 bytes=167200 rssi=-71[0m
[0;32mI (295615) net_bench: case=16 second=12 bytes=137040 rssi=-70[0m
[0;32mI (295621) net_bench: case=16 second=13 bytes=64280 rssi=-70[0m
[0;32mI (295627) net_bench: case=16 second=14 bytes=131136 rssi=-71[0m
[0;32mI (295634) net_bench: case=16 second=15 bytes=197848 rssi=-80[0m
[0;32mI (295640) net_bench: case=16 second=16 bytes=207936 rssi=-80[0m
[0;32mI (295647) net_bench: case=16 second=17 bytes=176592 rssi=-80[0m
[0;32mI (295653) net_bench: case=16 second=18 bytes=110376 rssi=-81[0m
[0;32mI (295659) net_bench: case=16 second=19 bytes=27972 rssi=-81[0m
[0;32mI (296668) net_bench: case=17 path=/mp3-320?rate=0 output=0 begin rssi=-82 round=2 fixture=0 variant=1 wait_ms=25 read_limit=1024 batch=1[0m
[0;32mI (316794) net_cpu: case=17 valid=1 total_us=20063152 tasks_before=8 tasks_after=8 snapshot_bytes=1440[0m
[0;32mI (316796) net_cpu: case=17 task=audio id=4 runtime_us=3244684 existed=1[0m
[0;32mI (316802) net_cpu: case=17 task=IDLE id=2 runtime_us=10327756 existed=1[0m
[0;32mI (316810) net_cpu: case=17 task=uiT id=1 runtime_us=37188 existed=1[0m
[0;32mI (316817) net_cpu: case=17 task=tiT id=5 runtime_us=3609254 existed=1[0m
[0;32mI (316824) net_cpu: case=17 task=httpd id=9 runtime_us=111750 existed=1[0m
[0;32mI (316831) net_cpu: case=17 task=ppT id=7 runtime_us=2732596 existed=1[0m
[0;32mI (316838) net_cpu: case=17 task=Tmr Svc id=3 runtime_us=0 existed=1[0m
[0;32mI (316845) net_cpu: case=17 task=sys_evt id=6 runtime_us=0 existed=1[0m
[0;32mI (316854) net_bench: case=17 output=0 wall_us=20035054 bytes=1748136 open_us=77123 error=0 rssi=-71 heap_min=12044[0m
[0;32mI (316864) net_bench: case=17 recv_total_us=3819054 recv_positive_us=3440751 recv_empty_us=378303[0m
[0;32mI (316873) net_bench: case=17 cpu_lean=1 gap_metrics_valid=0 heap_is_final=1[0m
[0;32mI (316881) net_bench: case=17 sampled_heap_min=10376 rx_gap_tick_ms=915 wait_calls=1618[0m
[0;32mI (316890) net_bench: case=17 calls=4359 empty=1618 rx_gap_us=0 app_gap_us=0 empty_wait_us=0 recv_max_us=7037 commit_max_us=0 ready_max=0 ready_probes=0[0m
[0;32mI (316905) net_bench: case=17 pcm_frames=0 rate=0 eof=1884 underrun=1883 stack=1196[0m
[0;32mI (316913) net_bench: case=17 second=0 bytes=96168 rssi=-82[0m
[0;32mI (316919) net_bench: case=17 second=1 bytes=106664 rssi=-79[0m
[0;32mI (316926) net_bench: case=17 second=2 bytes=199752 rssi=-79[0m
[0;32mI (316932) net_bench: case=17 second=3 bytes=113152 rssi=-81[0m
[0;32mI (316938) net_bench: case=17 second=4 bytes=130248 rssi=-81[0m
[0;32mI (316945) net_bench: case=17 second=5 bytes=2144 rssi=-82[0m
[0;32mI (316951) net_bench: case=17 second=6 bytes=60032 rssi=-71[0m
[0;32mI (316957) net_bench: case=17 second=7 bytes=96248 rssi=-72[0m
[0;32mI (316963) net_bench: case=17 second=8 bytes=118024 rssi=-71[0m
[0;32mI (316969) net_bench: case=17 second=9 bytes=108864 rssi=-72[0m
[0;32mI (316976) net_bench: case=17 second=10 bytes=65928 rssi=-70[0m
[0;32mI (316982) net_bench: case=17 second=11 bytes=88016 rssi=-81[0m
[0;32mI (316988) net_bench: case=17 second=12 bytes=59016 rssi=-71[0m
[0;32mI (316995) net_bench: case=17 second=13 bytes=46344 rssi=-72[0m
[0;32mI (317001) net_bench: case=17 second=14 bytes=113792 rssi=-72[0m
[0;32mI (317007) net_bench: case=17 second=15 bytes=65928 rssi=-71[0m
[0;32mI (317014) net_bench: case=17 second=16 bytes=107256 rssi=-72[0m
[0;32mI (317020) net_bench: case=17 second=17 bytes=53656 rssi=-71[0m
[0;32mI (317026) net_bench: case=17 second=18 bytes=63304 rssi=-71[0m
[0;32mI (317033) net_bench: case=17 second=19 bytes=53600 rssi=-70[0m
[0;32mI (318040) net_bench: case=18 path=/mp3-128?rate=128 output=0 begin rssi=-71 round=2 fixture=1 variant=0 wait_ms=0 read_limit=1024 batch=1[0m
[0;32mI (334509) net_cpu: case=18 valid=1 total_us=16403224 tasks_before=8 tasks_after=8 snapshot_bytes=1440[0m
[0;32mI (334512) net_cpu: case=18 task=audio id=4 runtime_us=2540794 existed=1[0m
[0;32mI (334519) net_cpu: case=18 task=IDLE id=2 runtime_us=12522585 existed=1[0m
[0;32mI (334527) net_cpu: case=18 task=uiT id=1 runtime_us=30712 existed=1[0m
[0;32mI (334534) net_cpu: case=18 task=tiT id=5 runtime_us=643854 existed=1[0m
[0;32mI (334541) net_cpu: case=18 task=ppT id=7 runtime_us=571946 existed=1[0m
[0;32mI (334548) net_cpu: case=18 task=httpd id=9 runtime_us=92450 existed=1[0m
[0;32mI (334555) net_cpu: case=18 task=Tmr Svc id=3 runtime_us=0 existed=1[0m
[0;32mI (334562) net_cpu: case=18 task=sys_evt id=6 runtime_us=0 existed=1[0m
[0;32mI (334571) net_bench: case=18 output=0 wall_us=16380583 bytes=246876 open_us=74498 error=-116 rssi=-74 heap_min=12324[0m
[0;32mI (334580) net_bench: case=18 recv_total_us=2270218 recv_positive_us=465571 recv_empty_us=1803144[0m
[0;32mI (334590) net_bench: case=18 cpu_lean=1 gap_metrics_valid=0 heap_is_final=1[0m
[0;32mI (334597) net_bench: case=18 sampled_heap_min=12200 rx_gap_tick_ms=396 wait_calls=15023[0m
[0;32mI (334606) net_bench: case=18 calls=15469 empty=15023 rx_gap_us=0 app_gap_us=0 empty_wait_us=0 recv_max_us=4445 commit_max_us=0 ready_max=0 ready_probes=0[0m
[0;32mI (334621) net_bench: case=18 pcm_frames=0 rate=0 eof=1540 underrun=1539 stack=1196[0m
[0;32mI (334629) net_bench: case=18 second=0 bytes=16384 rssi=-71[0m
[0;32mI (334635) net_bench: case=18 second=1 bytes=16230 rssi=-71[0m
[0;32mI (334641) net_bench: case=18 second=2 bytes=16182 rssi=-71[0m
[0;32mI (334648) net_bench: case=18 second=3 bytes=15694 rssi=-71[0m
[0;32mI (334654) net_bench: case=18 second=4 bytes=15694 rssi=-71[0m
[0;32mI (334660) net_bench: case=18 second=5 bytes=16718 rssi=-81[0m
[0;32mI (334666) net_bench: case=18 second=6 bytes=15694 rssi=-82[0m
[0;32mI (334673) net_bench: case=18 second=7 bytes=16718 rssi=-80[0m
[0;32mI (334679) net_bench: case=18 second=8 bytes=15694 rssi=-81[0m
[0;32mI (334685) net_bench: case=18 second=9 bytes=15694 rssi=-80[0m
[0;32mI (334692) net_bench: case=18 second=10 bytes=15694 rssi=-72[0m
[0;32mI (334699) net_bench: case=18 second=11 bytes=16718 rssi=-70[0m
[0;32mI (334705) net_bench: case=18 second=12 bytes=15694 rssi=-71[0m
[0;32mI (334711) net_bench: case=18 second=13 bytes=15206 rssi=-71[0m
[0;32mI (334718) net_bench: case=18 second=14 bytes=16718 rssi=-82[0m
[0;32mI (334724) net_bench: case=18 second=15 bytes=6144 rssi=-83[0m
[0;32mI (334730) net_bench: case=18 second=16 bytes=0 rssi=-74[0m
[0;32mI (334736) net_bench: case=18 second=17 bytes=0 rssi=-127[0m
[0;32mI (334742) net_bench: case=18 second=18 bytes=0 rssi=-127[0m
[0;32mI (334748) net_bench: case=18 second=19 bytes=0 rssi=-127[0m
[0;32mI (335755) net_bench: case=19 path=/mp3-128?rate=128 output=0 begin rssi=-74 round=2 fixture=1 variant=1 wait_ms=25 read_limit=1024 batch=1[0m
[0;32mI (346583) net_cpu: case=19 valid=1 total_us=8174987 tasks_before=8 tasks_after=8 snapshot_bytes=1440[0m
[0;32mI (346585) net_cpu: case=19 task=audio id=4 runtime_us=615266 existed=1[0m
[0;32mI (346591) net_cpu: case=19 task=IDLE id=2 runtime_us=6883356 existed=1[0m
[0;32mI (346598) net_cpu: case=19 task=uiT id=1 runtime_us=14706 existed=1[0m
[0;32mI (346605) net_cpu: case=19 task=tiT id=5 runtime_us=332771 existed=1[0m
[0;32mI (346613) net_cpu: case=19 task=httpd id=9 runtime_us=43557 existed=1[0m
[0;32mI (346620) net_cpu: case=19 task=ppT id=7 runtime_us=287126 existed=1[0m
[0;32mI (346627) net_cpu: case=19 task=Tmr Svc id=3 runtime_us=0 existed=1[0m
[0;32mI (346634) net_cpu: case=19 task=sys_evt id=6 runtime_us=0 existed=1[0m
[0;32mI (346643) net_bench: case=19 output=0 wall_us=8163268 bytes=115180 open_us=2649886 error=-116 rssi=-90 heap_min=12956[0m
[0;32mI (346652) net_bench: case=19 recv_total_us=241057 recv_positive_us=175122 recv_empty_us=65935[0m
[0;32mI (346662) net_bench: case=19 cpu_lean=1 gap_metrics_valid=0 heap_is_final=1[0m
[0;32mI (346670) net_bench: case=19 sampled_heap_min=11604 rx_gap_tick_ms=552 wait_calls=420[0m
[0;32mI (346678) net_bench: case=19 calls=614 empty=420 rx_gap_us=0 app_gap_us=0 empty_wait_us=0 recv_max_us=2642 commit_max_us=0 ready_max=0 ready_probes=0[0m
[0;32mI (346692) net_bench: case=19 pcm_frames=0 rate=0 eof=767 underrun=766 stack=1196[0m
[0;32mI (346700) net_bench: case=19 second=0 bytes=16384 rssi=-85[0m
[0;32mI (346706) net_bench: case=19 second=1 bytes=16230 rssi=-84[0m
[0;32mI (346712) net_bench: case=19 second=2 bytes=14670 rssi=-82[0m
[0;32mI (346719) net_bench: case=19 second=3 bytes=17206 rssi=-80[0m
[0;32mI (346725) net_bench: case=19 second=4 bytes=9990 rssi=-78[0m
[0;32mI (346731) net_bench: case=19 second=5 bytes=17398 rssi=-76[0m
[0;32mI (346737) net_bench: case=19 second=6 bytes=20718 rssi=-74[0m
[0;32mI (346744) net_bench: case=19 second=7 bytes=2584 rssi=-71[0m
[0;32mI (346750) net_bench: case=19 second=8 bytes=0 rssi=-89[0m
[0;32mI (346756) net_bench: case=19 second=9 bytes=0 rssi=-127[0m
[0;32mI (346762) net_bench: case=19 second=10 bytes=0 rssi=-127[0m
[0;32mI (346768) net_bench: case=19 second=11 bytes=0 rssi=-127[0m
[0;32mI (346774) net_bench: case=19 second=12 bytes=0 rssi=-127[0m
[0;32mI (346780) net_bench: case=19 second=13 bytes=0 rssi=-127[0m
[0;32mI (346786) net_bench: case=19 second=14 bytes=0 rssi=-127[0m
[0;32mI (346792) net_bench: case=19 second=15 bytes=0 rssi=-127[0m
[0;32mI (346798) net_bench: case=19 second=16 bytes=0 rssi=-127[0m
[0;32mI (346804) net_bench: case=19 second=17 bytes=0 rssi=-127[0m
[0;32mI (346810) net_bench: case=19 second=18 bytes=0 rssi=-127[0m
[0;32mI (346816) net_bench: case=19 second=19 bytes=0 rssi=-127[0m
[0;32mI (347823) net_bench: case=20 path=/mp3-320?rate=320 output=0 begin rssi=-86 round=2 fixture=2 variant=0 wait_ms=0 read_limit=1024 batch=1[0m
[0;32mI (367939) net_cpu: case=20 valid=1 total_us=20052450 tasks_before=8 tasks_after=8 snapshot_bytes=1440[0m
[0;32mI (367942) net_cpu: case=20 task=audio id=4 runtime_us=3224825 existed=1[0m
[0;32mI (367948) net_cpu: case=20 task=IDLE id=2 runtime_us=13399880 existed=1[0m
[0;32mI (367956) net_cpu: case=20 task=uiT id=1 runtime_us=37283 existed=1[0m
[0;32mI (367963) net_cpu: case=20 task=tiT id=5 runtime_us=1827912 existed=1[0m
[0;32mI (367970) net_cpu: case=20 task=httpd id=9 runtime_us=111915 existed=1[0m
[0;32mI (367977) net_cpu: case=20 task=ppT id=7 runtime_us=1451155 existed=1[0m
[0;32mI (367984) net_cpu: case=20 task=Tmr Svc id=3 runtime_us=0 existed=1[0m
[0;32mI (367991) net_cpu: case=20 task=sys_evt id=6 runtime_us=0 existed=1[0m
[0;32mI (368000) net_bench: case=20 output=0 wall_us=20024812 bytes=802316 open_us=76528 error=0 rssi=-72 heap_min=12964[0m
[0;32mI (368009) net_bench: case=20 recv_total_us=3467553 recv_positive_us=1398836 recv_empty_us=2068717[0m
[0;32mI (368019) net_bench: case=20 cpu_lean=1 gap_metrics_valid=0 heap_is_final=1[0m
[0;32mI (368027) net_bench: case=20 sampled_heap_min=10644 rx_gap_tick_ms=972 wait_calls=16305[0m
[0;32mI (368035) net_bench: case=20 calls=17716 empty=16305 rx_gap_us=0 app_gap_us=0 empty_wait_us=0 recv_max_us=6567 commit_max_us=0 ready_max=0 ready_probes=0[0m
[0;32mI (368050) net_bench: case=20 pcm_frames=0 rate=0 eof=1883 underrun=1882 stack=1196[0m
[0;32mI (368058) net_bench: case=20 second=0 bytes=40472 rssi=-75[0m
[0;32mI (368064) net_bench: case=20 second=1 bytes=31116 rssi=-87[0m
[0;32mI (368071) net_bench: case=20 second=2 bytes=47392 rssi=-87[0m
[0;32mI (368077) net_bench: case=20 second=3 bytes=41224 rssi=-85[0m
[0;32mI (368083) net_bench: case=20 second=4 bytes=25948 rssi=-81[0m
[0;32mI (368089) net_bench: case=20 second=5 bytes=9704 rssi=-79[0m
[0;32mI (368095) net_bench: case=20 second=6 bytes=7800 rssi=-77[0m
[0;32mI (368102) net_bench: case=20 second=7 bytes=78016 rssi=-74[0m
[0;32mI (368108) net_bench: case=20 second=8 bytes=79320 rssi=-73[0m
[0;32mI (368114) net_bench: case=20 second=9 bytes=40772 rssi=-72[0m
[0;32mI (368121) net_bench: case=20 second=10 bytes=39748 rssi=-71[0m
[0;32mI (368128) net_bench: case=20 second=11 bytes=36676 rssi=-83[0m
[0;32mI (368134) net_bench: case=20 second=12 bytes=43844 rssi=-74[0m
[0;32mI (368140) net_bench: case=20 second=13 bytes=29020 rssi=-87[0m
[0;32mI (368148) net_bench: case=20 second=14 bytes=21696 rssi=-88[0m
[0;32mI (368153) net_bench: case=20 second=15 bytes=1904 rssi=-74[0m
[0;32mI (368159) net_bench: case=20 second=16 bytes=107396 rssi=-84[0m
[0;32mI (368165) net_bench: case=20 second=17 bytes=33116 rssi=-77[0m
[0;32mI (368172) net_bench: case=20 second=18 bytes=46380 rssi=-72[0m
[0;32mI (368178) net_bench: case=20 second=19 bytes=40772 rssi=-82[0m
[0;32mI (369185) net_bench: case=21 path=/mp3-320?rate=320 output=0 begin rssi=-75 round=2 fixture=2 variant=1 wait_ms=25 read_limit=1024 batch=1[0m
[0;32mI (371859) net_cpu: case=21 valid=1 total_us=2594784 tasks_before=8 tasks_after=8 snapshot_bytes=1440[0m
[0;32mI (371861) net_cpu: case=21 task=audio id=4 runtime_us=220303 existed=1[0m
[0;32mI (371867) net_cpu: case=21 task=IDLE id=2 runtime_us=2116916 existed=1[0m
[0;32mI (371874) net_cpu: case=21 task=uiT id=1 runtime_us=4790 existed=1[0m
[0;32mI (371881) net_cpu: case=21 task=tiT id=5 runtime_us=129634 existed=1[0m
[0;32mI (371888) net_cpu: case=21 task=httpd id=9 runtime_us=13429 existed=1[0m
[0;32mI (371896) net_cpu: case=21 task=ppT id=7 runtime_us=109696 existed=1[0m
[0;32mI (371903) net_cpu: case=21 task=Tmr Svc id=3 runtime_us=0 existed=1[0m
[0;32mI (371910) net_cpu: case=21 task=sys_evt id=6 runtime_us=0 existed=1[0m
[0;32mI (371919) net_bench: case=21 output=0 wall_us=2590549 bytes=49552 open_us=68743 error=-116 rssi=-70 heap_min=12204[0m
[0;32mI (371928) net_bench: case=21 recv_total_us=100400 recv_positive_us=78918 recv_empty_us=21482[0m
[0;32mI (371937) net_bench: case=21 cpu_lean=1 gap_metrics_valid=0 heap_is_final=1[0m
[0;32mI (371945) net_bench: case=21 sampled_heap_min=11684 rx_gap_tick_ms=370 wait_calls=145[0m
[0;32mI (371953) net_bench: case=21 calls=231 empty=145 rx_gap_us=0 app_gap_us=0 empty_wait_us=0 recv_max_us=2437 commit_max_us=0 ready_max=0 ready_probes=0[0m
[0;32mI (371967) net_bench: case=21 pcm_frames=0 rate=0 eof=244 underrun=243 stack=1196[0m
[0;32mI (371976) net_bench: case=21 second=0 bytes=19656 rssi=-75[0m
[0;32mI (371982) net_bench: case=21 second=1 bytes=29896 rssi=-72[0m
[0;32mI (371988) net_bench: case=21 second=2 bytes=0 rssi=-73[0m
[0;32mI (371994) net_bench: case=21 second=3 bytes=0 rssi=-127[0m
[0;32mI (372000) net_bench: case=21 second=4 bytes=0 rssi=-127[0m
[0;32mI (372006) net_bench: case=21 second=5 bytes=0 rssi=-127[0m
[0;32mI (372012) net_bench: case=21 second=6 bytes=0 rssi=-127[0m
[0;32mI (372018) net_bench: case=21 second=7 bytes=0 rssi=-127[0m
[0;32mI (372024) net_bench: case=21 second=8 bytes=0 rssi=-127[0m
[0;32mI (372030) net_bench: case=21 second=9 bytes=0 rssi=-127[0m
[0;32mI (372036) net_bench: case=21 second=10 bytes=0 rssi=-127[0m
[0;32mI (372042) net_bench: case=21 second=11 bytes=0 rssi=-127[0m
[0;32mI (372048) net_bench: case=21 second=12 bytes=0 rssi=-127[0m
[0;32mI (372054) net_bench: case=21 second=13 bytes=0 rssi=-127[0m
[0;32mI (372060) net_bench: case=21 second=14 bytes=0 rssi=-127[0m
[0;32mI (372066) net_bench: case=21 second=15 bytes=0 rssi=-127[0m
[0;32mI (372072) net_bench: case=21 second=16 bytes=0 rssi=-127[0m
[0;32mI (372078) net_bench: case=21 second=17 bytes=0 rssi=-127[0m
[0;32mI (372084) net_bench: case=21 second=18 bytes=0 rssi=-127[0m
[0;32mI (372090) net_bench: case=21 second=19 bytes=0 rssi=-127[0m
[0;32mI (373097) net_bench: case=22 path=/aac-64?rate=64 output=0 begin rssi=-74 round=2 fixture=3 variant=0 wait_ms=0 read_limit=1024 batch=1[0m
[0;32mI (393212) net_cpu: case=22 valid=1 total_us=20048274 tasks_before=8 tasks_after=8 snapshot_bytes=1440[0m
[0;32mI (393214) net_cpu: case=22 task=audio id=4 runtime_us=3058495 existed=1[0m
[0;32mI (393220) net_cpu: case=22 task=IDLE id=2 runtime_us=15942859 existed=1[0m
[0;32mI (393228) net_cpu: case=22 task=uiT id=1 runtime_us=38114 existed=1[0m
[0;32mI (393235) net_cpu: case=22 task=tiT id=5 runtime_us=437845 existed=1[0m
[0;32mI (393242) net_cpu: case=22 task=httpd id=9 runtime_us=111566 existed=1[0m
[0;32mI (393249) net_cpu: case=22 task=ppT id=7 runtime_us=459463 existed=1[0m
[0;32mI (393256) net_cpu: case=22 task=Tmr Svc id=3 runtime_us=0 existed=1[0m
[0;32mI (393263) net_cpu: case=22 task=sys_evt id=6 runtime_us=0 existed=1[0m
[0;32mI (393272) net_bench: case=22 output=0 wall_us=20020790 bytes=160751 open_us=78833 error=0 rssi=-78 heap_min=14656[0m
[0;32mI (393281) net_bench: case=22 recv_total_us=2527179 recv_positive_us=266781 recv_empty_us=2260398[0m
[0;32mI (393291) net_bench: case=22 cpu_lean=1 gap_metrics_valid=0 heap_is_final=1[0m
[0;32mI (393298) net_bench: case=22 sampled_heap_min=14012 rx_gap_tick_ms=444 wait_calls=19190[0m
[0;32mI (393307) net_bench: case=22 calls=19384 empty=19190 rx_gap_us=0 app_gap_us=0 empty_wait_us=0 recv_max_us=5229 commit_max_us=0 ready_max=0 ready_probes=0[0m
[0;32mI (393322) net_bench: case=22 pcm_frames=0 rate=0 eof=1883 underrun=1882 stack=1196[0m
[0;32mI (393330) net_bench: case=22 second=0 bytes=8192 rssi=-74[0m
[0;32mI (393336) net_bench: case=22 second=1 bytes=8245 rssi=-82[0m
[0;32mI (393342) net_bench: case=22 second=2 bytes=8245 rssi=-70[0m
[0;32mI (393348) net_bench: case=22 second=3 bytes=8245 rssi=-72[0m
[0;32mI (393354) net_bench: case=22 second=4 bytes=7221 rssi=-71[0m
[0;32mI (393361) net_bench: case=22 second=5 bytes=8245 rssi=-72[0m
[0;32mI (393367) net_bench: case=22 second=6 bytes=8245 rssi=-73[0m
[0;32mI (393373) net_bench: case=22 second=7 bytes=8245 rssi=-79[0m
[0;32mI (393379) net_bench: case=22 second=8 bytes=8245 rssi=-79[0m
[0;32mI (393385) net_bench: case=22 second=9 bytes=7221 rssi=-82[0m
[0;32mI (393391) net_bench: case=22 second=10 bytes=8245 rssi=-81[0m
[0;32mI (393397) net_bench: case=22 second=11 bytes=8245 rssi=-79[0m
[0;32mI (393404) net_bench: case=22 second=12 bytes=8245 rssi=-73[0m
[0;32mI (393410) net_bench: case=22 second=13 bytes=7221 rssi=-73[0m
[0;32mI (393416) net_bench: case=22 second=14 bytes=8245 rssi=-70[0m
[0;32mI (393422) net_bench: case=22 second=15 bytes=8245 rssi=-71[0m
[0;32mI (393429) net_bench: case=22 second=16 bytes=8245 rssi=-80[0m
[0;32mI (393435) net_bench: case=22 second=17 bytes=7221 rssi=-79[0m
[0;32mI (393441) net_bench: case=22 second=18 bytes=8245 rssi=-79[0m
[0;32mI (393447) net_bench: case=22 second=19 bytes=8245 rssi=-78[0m
[0;32mI (394454) net_bench: case=23 path=/aac-64?rate=64 output=0 begin rssi=-78 round=2 fixture=3 variant=1 wait_ms=25 read_limit=1024 batch=1[0m
[0;32mI (414567) net_cpu: case=23 valid=1 total_us=20052135 tasks_before=8 tasks_after=8 snapshot_bytes=1440[0m
[0;32mI (414569) net_cpu: case=23 task=audio id=4 runtime_us=1107011 existed=1[0m
[0;32mI (414576) net_cpu: case=23 task=IDLE id=2 runtime_us=17880704 existed=1[0m
[0;32mI (414583) net_cpu: case=23 task=tiT id=5 runtime_us=455109 existed=1[0m
[0;32mI (414590) net_cpu: case=23 task=uiT id=1 runtime_us=36968 existed=1[0m
[0;32mI (414597) net_cpu: case=23 task=httpd id=9 runtime_us=106825 existed=1[0m
[0;32mI (414604) net_cpu: case=23 task=ppT id=7 runtime_us=467338 existed=1[0m
[0;32mI (414611) net_cpu: case=23 task=Tmr Svc id=3 runtime_us=0 existed=1[0m
[0;32mI (414618) net_cpu: case=23 task=sys_evt id=6 runtime_us=0 existed=1[0m
[0;32mI (414627) net_bench: case=23 output=0 wall_us=20024619 bytes=160751 open_us=73521 error=0 rssi=-72 heap_min=14652[0m
[0;32mI (414636) net_bench: case=23 recv_total_us=352969 recv_positive_us=230470 recv_empty_us=122499[0m
[0;32mI (414646) net_bench: case=23 cpu_lean=1 gap_metrics_valid=0 heap_is_final=1[0m
[0;32mI (414653) net_bench: case=23 sampled_heap_min=13396 rx_gap_tick_ms=147 wait_calls=815[0m
[0;32mI (414662) net_bench: case=23 calls=1005 empty=815 rx_gap_us=0 app_gap_us=0 empty_wait_us=0 recv_max_us=3260 commit_max_us=0 ready_max=0 ready_probes=0[0m
[0;32mI (414676) net_bench: case=23 pcm_frames=0 rate=0 eof=1883 underrun=1882 stack=1196[0m
[0;32mI (414684) net_bench: case=23 second=0 bytes=8192 rssi=-72[0m
[0;32mI (414690) net_bench: case=23 second=1 bytes=8245 rssi=-70[0m
[0;32mI (414697) net_bench: case=23 second=2 bytes=8245 rssi=-78[0m
[0;32mI (414703) net_bench: case=23 second=3 bytes=8245 rssi=-79[0m
[0;32mI (414709) net_bench: case=23 second=4 bytes=7221 rssi=-79[0m
[0;32mI (414715) net_bench: case=23 second=5 bytes=8245 rssi=-79[0m
[0;32mI (414721) net_bench: case=23 second=6 bytes=8245 rssi=-78[0m
[0;32mI (414727) net_bench: case=23 second=7 bytes=8245 rssi=-71[0m
[0;32mI (414733) net_bench: case=23 second=8 bytes=8245 rssi=-70[0m
[0;32mI (414740) net_bench: case=23 second=9 bytes=7221 rssi=-71[0m
[0;32mI (414746) net_bench: case=23 second=10 bytes=8245 rssi=-71[0m
[0;32mI (414752) net_bench: case=23 second=11 bytes=8245 rssi=-80[0m
[0;32mI (414758) net_bench: case=23 second=12 bytes=8245 rssi=-80[0m
[0;32mI (414764) net_bench: case=23 second=13 bytes=7221 rssi=-79[0m
[0;32mI (414771) net_bench: case=23 second=14 bytes=8245 rssi=-78[0m
[0;32mI (414777) net_bench: case=23 second=15 bytes=8245 rssi=-79[0m
[0;32mI (414783) net_bench: case=23 second=16 bytes=8245 rssi=-70[0m
[0;32mI (414789) net_bench: case=23 second=17 bytes=7221 rssi=-71[0m
[0;32mI (414796) net_bench: case=23 second=18 bytes=8245 rssi=-72[0m
[0;32mI (414802) net_bench: case=23 second=19 bytes=8245 rssi=-72[0m
[0;32mI (415809) net_bench: case=24 path=/mp3-320?rate=0 output=0 begin rssi=-71 round=3 fixture=0 variant=1 wait_ms=25 read_limit=1024 batch=1[0m
[0;32mI (435944) net_cpu: case=24 valid=1 total_us=20070750 tasks_before=8 tasks_after=8 snapshot_bytes=1440[0m
[0;32mI (435947) net_cpu: case=24 task=audio id=4 runtime_us=2553443 existed=1[0m
[0;32mI (435952) net_cpu: case=24 task=IDLE id=2 runtime_us=5374454 existed=1[0m
[0;32mI (435959) net_cpu: case=24 task=tiT id=5 runtime_us=6850327 existed=1[0m
[0;32mI (435967) net_cpu: case=24 task=uiT id=1 runtime_us=36969 existed=1[0m
[0;32mI (435974) net_cpu: case=24 task=httpd id=9 runtime_us=117153 existed=1[0m
[0;32mI (435981) net_cpu: case=24 task=ppT id=7 runtime_us=5139572 existed=1[0m
[0;32mI (435988) net_cpu: case=24 task=Tmr Svc id=3 runtime_us=0 existed=1[0m
[0;32mI (435995) net_cpu: case=24 task=sys_evt id=6 runtime_us=0 existed=1[0m
[0;32mI (436004) net_bench: case=24 output=0 wall_us=20042199 bytes=3469952 open_us=75397 error=0 rssi=-79 heap_min=11684[0m
[0;32mI (436013) net_bench: case=24 recv_total_us=9080693 recv_positive_us=8941878 recv_empty_us=138815[0m
[0;32mI (436023) net_bench: case=24 cpu_lean=1 gap_metrics_valid=0 heap_is_final=1[0m
[0;32mI (436030) net_bench: case=24 sampled_heap_min=9608 rx_gap_tick_ms=917 wait_calls=549[0m
[0;32mI (436039) net_bench: case=24 calls=4401 empty=549 rx_gap_us=0 app_gap_us=0 empty_wait_us=0 recv_max_us=8671 commit_max_us=0 ready_max=0 ready_probes=0[0m
[0;32mI (436053) net_bench: case=24 pcm_frames=0 rate=0 eof=1884 underrun=1883 stack=1180[0m
[0;32mI (436061) net_bench: case=24 second=0 bytes=159432 rssi=-71[0m
[0;32mI (436068) net_bench: case=24 second=1 bytes=223808 rssi=-72[0m
[0;32mI (436074) net_bench: case=24 second=2 bytes=212384 rssi=-72[0m
[0;32mI (436080) net_bench: case=24 second=3 bytes=113688 rssi=-72[0m
[0;32mI (436087) net_bench: case=24 second=4 bytes=109992 rssi=-72[0m
[0;32mI (436093) net_bench: case=24 second=5 bytes=105304 rssi=-78[0m
[0;32mI (436099) net_bench: case=24 second=6 bytes=215320 rssi=-79[0m
[0;32mI (436106) net_bench: case=24 second=7 bytes=217240 rssi=-78[0m
[0;32mI (436112) net_bench: case=24 second=8 bytes=216312 rssi=-79[0m
[0;32mI (436118) net_bench: case=24 second=9 bytes=132744 rssi=-80[0m
[0;32mI (436125) net_bench: case=24 second=10 bytes=215552 rssi=-72[0m
[0;32mI (436131) net_bench: case=24 second=11 bytes=128424 rssi=-73[0m
[0;32mI (436137) net_bench: case=24 second=12 bytes=150344 rssi=-74[0m
[0;32mI (436144) net_bench: case=24 second=13 bytes=222784 rssi=-71[0m
[0;32mI (436150) net_bench: case=24 second=14 bytes=228640 rssi=-70[0m
[0;32mI (436157) net_bench: case=24 second=15 bytes=221640 rssi=-79[0m
[0;32mI (436163) net_bench: case=24 second=16 bytes=110328 rssi=-79[0m
[0;32mI (436169) net_bench: case=24 second=17 bytes=56880 rssi=-79[0m
[0;32mI (436176) net_bench: case=24 second=18 bytes=211160 rssi=-78[0m
[0;32mI (436182) net_bench: case=24 second=19 bytes=217200 rssi=-79[0m
[0;32mI (437189) net_bench: case=25 path=/mp3-320?rate=0 output=0 begin rssi=-81 round=3 fixture=0 variant=0 wait_ms=0 read_limit=1024 batch=1[0m
[0;32mI (457316) net_cpu: case=25 valid=1 total_us=20066962 tasks_before=8 tasks_after=8 snapshot_bytes=1440[0m
[0;32mI (457318) net_cpu: case=25 task=audio id=4 runtime_us=2637912 existed=1[0m
[0;32mI (457324) net_cpu: case=25 task=IDLE id=2 runtime_us=3952812 existed=1[0m
[0;32mI (457332) net_cpu: case=25 task=tiT id=5 runtime_us=7606863 existed=1[0m
[0;32mI (457339) net_cpu: case=25 task=uiT id=1 runtime_us=36936 existed=1[0m
[0;32mI (457346) net_cpu: case=25 task=httpd id=9 runtime_us=117082 existed=1[0m
[0;32mI (457353) net_cpu: case=25 task=ppT id=7 runtime_us=5716853 existed=1[0m
[0;32mI (457360) net_cpu: case=25 task=Tmr Svc id=3 runtime_us=0 existed=1[0m
[0;32mI (457368) net_cpu: case=25 task=sys_evt id=6 runtime_us=0 existed=1[0m
[0;32mI (457376) net_bench: case=25 output=0 wall_us=20038467 bytes=3895024 open_us=72868 error=0 rssi=-73 heap_min=12972[0m
[0;32mI (457385) net_bench: case=25 recv_total_us=10648249 recv_positive_us=10046637 recv_empty_us=601612[0m
[0;32mI (457395) net_bench: case=25 cpu_lean=1 gap_metrics_valid=0 heap_is_final=1[0m
[0;32mI (457403) net_bench: case=25 sampled_heap_min=9732 rx_gap_tick_ms=326 wait_calls=2970[0m
[0;32mI (457411) net_bench: case=25 calls=7445 empty=2970 rx_gap_us=0 app_gap_us=0 empty_wait_us=0 recv_max_us=9529 commit_max_us=0 ready_max=0 ready_probes=0[0m
[0;32mI (457426) net_bench: case=25 pcm_frames=0 rate=0 eof=1884 underrun=1883 stack=1180[0m
[0;32mI (457434) net_bench: case=25 second=0 bytes=219120 rssi=-69[0m
[0;32mI (457440) net_bench: case=25 second=1 bytes=213456 rssi=-80[0m
[0;32mI (457446) net_bench: case=25 second=2 bytes=213896 rssi=-79[0m
[0;32mI (457453) net_bench: case=25 second=3 bytes=147608 rssi=-78[0m
[0;32mI (457459) net_bench: case=25 second=4 bytes=180312 rssi=-79[0m
[0;32mI (457465) net_bench: case=25 second=5 bytes=150568 rssi=-71[0m
[0;32mI (457472) net_bench: case=25 second=6 bytes=101808 rssi=-71[0m
[0;32mI (457478) net_bench: case=25 second=7 bytes=184936 rssi=-72[0m
[0;32mI (457484) net_bench: case=25 second=8 bytes=218040 rssi=-73[0m
[0;32mI (457491) net_bench: case=25 second=9 bytes=167192 rssi=-73[0m
[0;32mI (457497) net_bench: case=25 second=10 bytes=192840 rssi=-79[0m
[0;32mI (457503) net_bench: case=25 second=11 bytes=222664 rssi=-78[0m
[0;32mI (457510) net_bench: case=25 second=12 bytes=224048 rssi=-80[0m
[0;32mI (457516) net_bench: case=25 second=13 bytes=214152 rssi=-80[0m
[0;32mI (457523) net_bench: case=25 second=14 bytes=219184 rssi=-78[0m
[0;32mI (457529) net_bench: case=25 second=15 bytes=223528 rssi=-72[0m
[0;32mI (457535) net_bench: case=25 second=16 bytes=220592 rssi=-73[0m
[0;32mI (457542) net_bench: case=25 second=17 bytes=224632 rssi=-73[0m
[0;32mI (457548) net_bench: case=25 second=18 bytes=215672 rssi=-74[0m
[0;32mI (457555) net_bench: case=25 second=19 bytes=140776 rssi=-77[0m
[0;32mI (458562) net_bench: case=26 path=/mp3-128?rate=128 output=0 begin rssi=-74 round=3 fixture=1 variant=1 wait_ms=25 read_limit=1024 batch=1[0m
[0;32mI (478681) net_cpu: case=26 valid=1 total_us=20054576 tasks_before=8 tasks_after=8 snapshot_bytes=1440[0m
[0;32mI (478683) net_cpu: case=26 task=audio id=4 runtime_us=1397589 existed=1[0m
[0;32mI (478689) net_cpu: case=26 task=IDLE id=2 runtime_us=16965698 existed=1[0m
[0;32mI (478697) net_cpu: case=26 task=tiT id=5 runtime_us=815722 existed=1[0m
[0;32mI (478704) net_cpu: case=26 task=uiT id=1 runtime_us=37035 existed=1[0m
[0;32mI (478711) net_cpu: case=26 task=httpd id=9 runtime_us=107178 existed=1[0m
[0;32mI (478718) net_cpu: case=26 task=ppT id=7 runtime_us=733112 existed=1[0m
[0;32mI (478725) net_cpu: case=26 task=Tmr Svc id=3 runtime_us=0 existed=1[0m
[0;32mI (478732) net_cpu: case=26 task=sys_evt id=6 runtime_us=0 existed=1[0m
[0;32mI (478743) net_bench: case=26 output=0 wall_us=20027013 bytes=320714 open_us=77095 error=0 rssi=-80 heap_min=11716[0m
[0;32mI (478750) net_bench: case=26 recv_total_us=623491 recv_positive_us=480205 recv_empty_us=143286[0m
[0;32mI (478760) net_bench: case=26 cpu_lean=1 gap_metrics_valid=0 heap_is_final=1[0m
[0;32mI (478767) net_bench: case=26 sampled_heap_min=10332 rx_gap_tick_ms=378 wait_calls=952[0m
[0;32mI (478776) net_bench: case=26 calls=1363 empty=952 rx_gap_us=0 app_gap_us=0 empty_wait_us=0 recv_max_us=3929 commit_max_us=0 ready_max=0 ready_probes=0[0m
[0;32mI (478790) net_bench: case=26 pcm_frames=0 rate=0 eof=1883 underrun=1882 stack=1180[0m
[0;32mI (478798) net_bench: case=26 second=0 bytes=16384 rssi=-79[0m
[0;32mI (478805) net_bench: case=26 second=1 bytes=16230 rssi=-74[0m
[0;32mI (478811) net_bench: case=26 second=2 bytes=16182 rssi=-74[0m
[0;32mI (478817) net_bench: case=26 second=3 bytes=15694 rssi=-73[0m
[0;32mI (478823) net_bench: case=26 second=4 bytes=12182 rssi=-75[0m
[0;32mI (478829) net_bench: case=26 second=5 bytes=20230 rssi=-76[0m
[0;32mI (478836) net_bench: case=26 second=6 bytes=15694 rssi=-81[0m
[0;32mI (478842) net_bench: case=26 second=7 bytes=16718 rssi=-82[0m
[0;32mI (478848) net_bench: case=26 second=8 bytes=12134 rssi=-79[0m
[0;32mI (478854) net_bench: case=26 second=9 bytes=19254 rssi=-82[0m
[0;32mI (478861) net_bench: case=26 second=10 bytes=16230 rssi=-80[0m
[0;32mI (478867) net_bench: case=26 second=11 bytes=16182 rssi=-71[0m
[0;32mI (478873) net_bench: case=26 second=12 bytes=15694 rssi=-69[0m
[0;32mI (478880) net_bench: case=26 second=13 bytes=15694 rssi=-77[0m
[0;32mI (478886) net_bench: case=26 second=14 bytes=16718 rssi=-76[0m
[0;32mI (478892) net_bench: case=26 second=15 bytes=15694 rssi=-80[0m
[0;32mI (478899) net_bench: case=26 second=16 bytes=16718 rssi=-80[0m
[0;32mI (478905) net_bench: case=26 second=17 bytes=15694 rssi=-79[0m
[0;32mI (478911) net_bench: case=26 second=18 bytes=15694 rssi=-79[0m
[0;32mI (478917) net_bench: case=26 second=19 bytes=15694 rssi=-81[0m
[0;32mI (479925) net_bench: case=27 path=/mp3-128?rate=128 output=0 begin rssi=-80 round=3 fixture=1 variant=0 wait_ms=0 read_limit=1024 batch=1[0m
[0;32mI (500034) net_cpu: case=27 valid=1 total_us=20049972 tasks_before=8 tasks_after=8 snapshot_bytes=1440[0m
[0;32mI (500037) net_cpu: case=27 task=audio id=4 runtime_us=3075651 existed=1[0m
[0;32mI (500044) net_cpu: case=27 task=IDLE id=2 runtime_us=15313790 existed=1[0m
[0;32mI (500051) net_cpu: case=27 task=uiT id=1 runtime_us=37833 existed=1[0m
[0;32mI (500058) net_cpu: case=27 task=tiT id=5 runtime_us=784442 existed=1[0m
[0;32mI (500065) net_cpu: case=27 task=httpd id=9 runtime_us=112235 existed=1[0m
[0;32mI (500072) net_cpu: case=27 task=ppT id=7 runtime_us=727751 existed=1[0m
[0;32mI (500079) net_cpu: case=27 task=Tmr Svc id=3 runtime_us=0 existed=1[0m
[0;32mI (500086) net_cpu: case=27 task=sys_evt id=6 runtime_us=0 existed=1[0m
[0;32mI (500095) net_bench: case=27 output=0 wall_us=20022460 bytes=320714 open_us=71359 error=0 rssi=-72 heap_min=12968[0m
[0;32mI (500104) net_bench: case=27 recv_total_us=2776976 recv_positive_us=529058 recv_empty_us=2247918[0m
[0;32mI (500114) net_bench: case=27 cpu_lean=1 gap_metrics_valid=0 heap_is_final=1[0m
[0;32mI (500121) net_bench: case=27 sampled_heap_min=12132 rx_gap_tick_ms=314 wait_calls=18474[0m
[0;32mI (500130) net_bench: case=27 calls=18898 empty=18474 rx_gap_us=0 app_gap_us=0 empty_wait_us=0 recv_max_us=4589 commit_max_us=0 ready_max=0 ready_probes=0[0m
[0;32mI (500145) net_bench: case=27 pcm_frames=0 rate=0 eof=1883 underrun=1882 stack=1180[0m
[0;32mI (500153) net_bench: case=27 second=0 bytes=16384 rssi=-80[0m
[0;32mI (500159) net_bench: case=27 second=1 bytes=15694 rssi=-80[0m
[0;32mI (500165) net_bench: case=27 second=2 bytes=16718 rssi=-80[0m
[0;32mI (500172) net_bench: case=27 second=3 bytes=15694 rssi=-81[0m
[0;32mI (500178) net_bench: case=27 second=4 bytes=16718 rssi=-81[0m
[0;32mI (500184) net_bench: case=27 second=5 bytes=15694 rssi=-69[0m
[0;32mI (500190) net_bench: case=27 second=6 bytes=15694 rssi=-72[0m
[0;32mI (500197) net_bench: case=27 second=7 bytes=15694 rssi=-70[0m
[0;32mI (500203) net_bench: case=27 second=8 bytes=16718 rssi=-73[0m
[0;32mI (500209) net_bench: case=27 second=9 bytes=15694 rssi=-78[0m
[0;32mI (500215) net_bench: case=27 second=10 bytes=15694 rssi=-79[0m
[0;32mI (500222) net_bench: case=27 second=11 bytes=16718 rssi=-79[0m
[0;32mI (500228) net_bench: case=27 second=12 bytes=15694 rssi=-82[0m
[0;32mI (500234) net_bench: case=27 second=13 bytes=15694 rssi=-82[0m
[0;32mI (500241) net_bench: case=27 second=14 bytes=16718 rssi=-69[0m
[0;32mI (500247) net_bench: case=27 second=15 bytes=15694 rssi=-72[0m
[0;32mI (500253) net_bench: case=27 second=16 bytes=16718 rssi=-72[0m
[0;32mI (500260) net_bench: case=27 second=17 bytes=15694 rssi=-67[0m
[0;32mI (500266) net_bench: case=27 second=18 bytes=15694 rssi=-68[0m
[0;32mI (500272) net_bench: case=27 second=19 bytes=15694 rssi=-83[0m
[0;32mI (501279) net_bench: case=28 path=/mp3-320?rate=320 output=0 begin rssi=-82 round=3 fixture=2 variant=1 wait_ms=25 read_limit=1024 batch=1[0m
[0;32mI (521403) net_cpu: case=28 valid=1 total_us=20058192 tasks_before=8 tasks_after=8 snapshot_bytes=1440[0m
[0;32mI (521407) net_cpu: case=28 task=audio id=4 runtime_us=1801004 existed=1[0m
[0;32mI (521413) net_cpu: case=28 task=IDLE id=2 runtime_us=14762555 existed=1[0m
[0;32mI (521420) net_cpu: case=28 task=tiT id=5 runtime_us=1869709 existed=1[0m
[0;32mI (521427) net_cpu: case=28 task=uiT id=1 runtime_us=36628 existed=1[0m
[0;32mI (521434) net_cpu: case=28 task=httpd id=9 runtime_us=107056 existed=1[0m
[0;32mI (521442) net_cpu: case=28 task=ppT id=7 runtime_us=1482973 existed=1[0m
[0;32mI (521449) net_cpu: case=28 task=Tmr Svc id=3 runtime_us=0 existed=1[0m
[0;32mI (521456) net_cpu: case=28 task=sys_evt id=6 runtime_us=0 existed=1[0m
[0;32mI (521465) net_bench: case=28 output=0 wall_us=20030464 bytes=802316 open_us=78679 error=0 rssi=-79 heap_min=12968[0m
[0;32mI (521474) net_bench: case=28 recv_total_us=1449862 recv_positive_us=1267814 recv_empty_us=182048[0m
[0;32mI (521483) net_bench: case=28 cpu_lean=1 gap_metrics_valid=0 heap_is_final=1[0m
[0;32mI (521491) net_bench: case=28 sampled_heap_min=10432 rx_gap_tick_ms=370 wait_calls=1029[0m
[0;32mI (521500) net_bench: case=28 calls=1942 empty=1029 rx_gap_us=0 app_gap_us=0 empty_wait_us=0 recv_max_us=6560 commit_max_us=0 ready_max=0 ready_probes=0[0m
[0;32mI (521514) net_bench: case=28 pcm_frames=0 rate=0 eof=1883 underrun=1882 stack=1180[0m
[0;32mI (521522) net_bench: case=28 second=0 bytes=39936 rssi=-70[0m
[0;32mI (521528) net_bench: case=28 second=1 bytes=40772 rssi=-67[0m
[0;32mI (521535) net_bench: case=28 second=2 bytes=39748 rssi=-71[0m
[0;32mI (521541) net_bench: case=28 second=3 bytes=39748 rssi=-70[0m
[0;32mI (521547) net_bench: case=28 second=4 bytes=40772 rssi=-80[0m
[0;32mI (521553) net_bench: case=28 second=5 bytes=38236 rssi=-80[0m
[0;32mI (521560) net_bench: case=28 second=6 bytes=41260 rssi=-86[0m
[0;32mI (521566) net_bench: case=28 second=7 bytes=40772 rssi=-78[0m
[0;32mI (521572) net_bench: case=28 second=8 bytes=38724 rssi=-80[0m
[0;32mI (521578) net_bench: case=28 second=9 bytes=40772 rssi=-80[0m
[0;32mI (521585) net_bench: case=28 second=10 bytes=40772 rssi=-78[0m
[0;32mI (521591) net_bench: case=28 second=11 bytes=39748 rssi=-68[0m
[0;32mI (521597) net_bench: case=28 second=12 bytes=34628 rssi=-71[0m
[0;32mI (521603) net_bench: case=28 second=13 bytes=45892 rssi=-78[0m
[0;32mI (521611) net_bench: case=28 second=14 bytes=39748 rssi=-78[0m
[0;32mI (521617) net_bench: case=28 second=15 bytes=40772 rssi=-81[0m
[0;32mI (521623) net_bench: case=28 second=16 bytes=39748 rssi=-79[0m
[0;32mI (521630) net_bench: case=28 second=17 bytes=40284 rssi=-80[0m
[0;32mI (521636) net_bench: case=28 second=18 bytes=40236 rssi=-69[0m
[0;32mI (521642) net_bench: case=28 second=19 bytes=39748 rssi=-70[0m
[0;32mI (522650) net_bench: case=29 path=/mp3-320?rate=320 output=0 begin rssi=-68 round=3 fixture=2 variant=0 wait_ms=0 read_limit=1024 batch=1[0m
[0;32mI (542756) net_cpu: case=29 valid=1 total_us=20052209 tasks_before=8 tasks_after=8 snapshot_bytes=1440[0m
[0;32mI (542758) net_cpu: case=29 task=audio id=4 runtime_us=3109745 existed=1[0m
[0;32mI (542765) net_cpu: case=29 task=IDLE id=2 runtime_us=13595794 existed=1[0m
[0;32mI (542772) net_cpu: case=29 task=uiT id=1 runtime_us=37509 existed=1[0m
[0;32mI (542779) net_cpu: case=29 task=tiT id=5 runtime_us=1766511 existed=1[0m
[0;32mI (542788) net_cpu: case=29 task=httpd id=9 runtime_us=112913 existed=1[0m
[0;32mI (542793) net_cpu: case=29 task=ppT id=7 runtime_us=1431691 existed=1[0m
[0;32mI (542800) net_cpu: case=29 task=Tmr Svc id=3 runtime_us=0 existed=1[0m
[0;32mI (542807) net_cpu: case=29 task=sys_evt id=6 runtime_us=0 existed=1[0m
[0;32mI (542817) net_bench: case=29 output=0 wall_us=20024529 bytes=802316 open_us=66965 error=0 rssi=-67 heap_min=12968[0m
[0;32mI (542825) net_bench: case=29 recv_total_us=3572568 recv_positive_us=1506070 recv_empty_us=2066498[0m
[0;32mI (542835) net_bench: case=29 cpu_lean=1 gap_metrics_valid=0 heap_is_final=1[0m
[0;32mI (542843) net_bench: case=29 sampled_heap_min=10572 rx_gap_tick_ms=537 wait_calls=16326[0m
[0;32mI (542851) net_bench: case=29 calls=17449 empty=16326 rx_gap_us=0 app_gap_us=0 empty_wait_us=0 recv_max_us=6638 commit_max_us=0 ready_max=0 ready_probes=0[0m
[0;32mI (542866) net_bench: case=29 pcm_frames=0 rate=0 eof=1883 underrun=1882 stack=1180[0m
[0;32mI (542874) net_bench: case=29 second=0 bytes=40960 rssi=-79[0m
[0;32mI (542880) net_bench: case=29 second=1 bytes=34236 rssi=-79[0m
[0;32mI (542886) net_bench: case=29 second=2 bytes=45260 rssi=-80[0m
[0;32mI (542893) net_bench: case=29 second=3 bytes=40284 rssi=-71[0m
[0;32mI (542899) net_bench: case=29 second=4 bytes=24044 rssi=-74[0m
[0;32mI (542905) net_bench: case=29 second=5 bytes=55940 rssi=-68[0m
[0;32mI (542911) net_bench: case=29 second=6 bytes=40284 rssi=-65[0m
[0;32mI (542918) net_bench: case=29 second=7 bytes=27160 rssi=-75[0m
[0;32mI (542924) net_bench: case=29 second=8 bytes=52824 rssi=-83[0m
[0;32mI (542930) net_bench: case=29 second=9 bytes=39748 rssi=-78[0m
[0;32mI (542936) net_bench: case=29 second=10 bytes=40772 rssi=-76[0m
[0;32mI (542943) net_bench: case=29 second=11 bytes=39748 rssi=-78[0m
[0;32mI (542949) net_bench: case=29 second=12 bytes=39748 rssi=-82[0m
[0;32mI (542955) net_bench: case=29 second=13 bytes=40284 rssi=-79[0m
[0;32mI (542962) net_bench: case=29 second=14 bytes=40236 rssi=-74[0m
[0;32mI (542968) net_bench: case=29 second=15 bytes=40772 rssi=-74[0m
[0;32mI (542974) net_bench: case=29 second=16 bytes=39748 rssi=-78[0m
[0;32mI (542981) net_bench: case=29 second=17 bytes=40284 rssi=-80[0m
[0;32mI (542987) net_bench: case=29 second=18 bytes=40236 rssi=-83[0m
[0;32mI (542993) net_bench: case=29 second=19 bytes=39748 rssi=-81[0m
[0;32mI (544000) net_bench: case=30 path=/aac-64?rate=64 output=0 begin rssi=-79 round=3 fixture=3 variant=1 wait_ms=25 read_limit=1024 batch=1[0m
[0;32mI (564129) net_cpu: case=30 valid=1 total_us=20071823 tasks_before=8 tasks_after=8 snapshot_bytes=1440[0m
[0;32mI (564131) net_cpu: case=30 task=audio id=4 runtime_us=1123430 existed=1[0m
[0;32mI (564137) net_cpu: case=30 task=IDLE id=2 runtime_us=17861697 existed=1[0m
[0;32mI (564145) net_cpu: case=30 task=uiT id=1 runtime_us=37004 existed=1[0m
[0;32mI (564152) net_cpu: case=30 task=tiT id=5 runtime_us=465186 existed=1[0m
[0;32mI (564161) net_cpu: case=30 task=httpd id=9 runtime_us=106803 existed=1[0m
[0;32mI (564166) net_cpu: case=30 task=ppT id=7 runtime_us=479528 existed=1[0m
[0;32mI (564173) net_cpu: case=30 task=Tmr Svc id=3 runtime_us=0 existed=1[0m
[0;32mI (564180) net_cpu: case=30 task=sys_evt id=6 runtime_us=0 existed=1[0m
[0;32mI (564190) net_bench: case=30 output=0 wall_us=20044294 bytes=160751 open_us=69299 error=0 rssi=-84 heap_min=14656[0m
[0;32mI (564198) net_bench: case=30 recv_total_us=366209 recv_positive_us=239691 recv_empty_us=126518[0m
[0;32mI (564208) net_bench: case=30 cpu_lean=1 gap_metrics_valid=0 heap_is_final=1[0m
[0;32mI (564215) net_bench: case=30 sampled_heap_min=13284 rx_gap_tick_ms=453 wait_calls=827[0m
[0;32mI (564224) net_bench: case=30 calls=1027 empty=827 rx_gap_us=0 app_gap_us=0 empty_wait_us=0 recv_max_us=4169 commit_max_us=0 ready_max=0 ready_probes=0[0m
[0;32mI (564238) net_bench: case=30 pcm_frames=0 rate=0 eof=1884 underrun=1883 stack=1180[0m
[0;32mI (564246) net_bench: case=30 second=0 bytes=8192 rssi=-67[0m
[0;32mI (564252) net_bench: case=30 second=1 bytes=8245 rssi=-65[0m
[0;32mI (564259) net_bench: case=30 second=2 bytes=8245 rssi=-67[0m
[0;32mI (564265) net_bench: case=30 second=3 bytes=8245 rssi=-69[0m
[0;32mI (564271) net_bench: case=30 second=4 bytes=7221 rssi=-78[0m
[0;32mI (564277) net_bench: case=30 second=5 bytes=8245 rssi=-79[0m
[0;32mI (564283) net_bench: case=30 second=6 bytes=8245 rssi=-78[0m
[0;32mI (564289) net_bench: case=30 second=7 bytes=8245 rssi=-79[0m
[0;32mI (564295) net_bench: case=30 second=8 bytes=8245 rssi=-70[0m
[0;32mI (564302) net_bench: case=30 second=9 bytes=7221 rssi=-71[0m
[0;32mI (564308) net_bench: case=30 second=10 bytes=8245 rssi=-68[0m
[0;32mI (564314) net_bench: case=30 second=11 bytes=8245 rssi=-71[0m
[0;32mI (564320) net_bench: case=30 second=12 bytes=8245 rssi=-84[0m
[0;32mI (564326) net_bench: case=30 second=13 bytes=7221 rssi=-80[0m
[0;32mI (564333) net_bench: case=30 second=14 bytes=8245 rssi=-78[0m
[0;32mI (564339) net_bench: case=30 second=15 bytes=8245 rssi=-83[0m
[0;32mI (564345) net_bench: case=30 second=16 bytes=8245 rssi=-82[0m
[0;32mI (564351) net_bench: case=30 second=17 bytes=5173 rssi=-80[0m
[0;32mI (564358) net_bench: case=30 second=18 bytes=10293 rssi=-69[0m
[0;32mI (564364) net_bench: case=30 second=19 bytes=8245 rssi=-72[0m
[0;32mI (565371) net_bench: case=31 path=/aac-64?rate=64 output=0 begin rssi=-78 round=3 fixture=3 variant=0 wait_ms=0 read_limit=1024 batch=1[0m
[0;32mI (576369) net_cpu: case=31 valid=1 total_us=9932579 tasks_before=8 tasks_after=8 snapshot_bytes=1440[0m
[0;32mI (576372) net_cpu: case=31 task=audio id=4 runtime_us=1531638 existed=1[0m
[0;32mI (576379) net_cpu: case=31 task=IDLE id=2 runtime_us=7879601 existed=1[0m
[0;32mI (576386) net_cpu: case=31 task=uiT id=1 runtime_us=18506 existed=1[0m
[0;32mI (576394) net_cpu: case=31 task=tiT id=5 runtime_us=221936 existed=1[0m
[0;32mI (576401) net_cpu: case=31 task=httpd id=9 runtime_us=54997 existed=1[0m
[0;32mI (576408) net_cpu: case=31 task=ppT id=7 runtime_us=226211 existed=1[0m
[0;32mI (576415) net_cpu: case=31 task=Tmr Svc id=3 runtime_us=0 existed=1[0m
[0;32mI (576422) net_cpu: case=31 task=sys_evt id=6 runtime_us=0 existed=1[0m
[0;32mI (576431) net_bench: case=31 output=0 wall_us=9918577 bytes=72104 open_us=1064985 error=-116 rssi=-80 heap_min=13828[0m
[0;32mI (576441) net_bench: case=31 recv_total_us=1245620 recv_positive_us=135789 recv_empty_us=1108315[0m
[0;32mI (576450) net_bench: case=31 cpu_lean=1 gap_metrics_valid=0 heap_is_final=1[0m
[0;32mI (576457) net_bench: case=31 sampled_heap_min=13320 rx_gap_tick_ms=254 wait_calls=9489[0m
[0;32mI (576466) net_bench: case=31 calls=9627 empty=9489 rx_gap_us=0 app_gap_us=0 empty_wait_us=0 recv_max_us=3070 commit_max_us=0 ready_max=0 ready_probes=0[0m
[0;32mI (576480) net_bench: case=31 pcm_frames=0 rate=0 eof=932 underrun=931 stack=1180[0m
[0;32mI (576488) net_bench: case=31 second=0 bytes=6680 rssi=-83[0m
[0;32mI (576495) net_bench: case=31 second=1 bytes=9269 rssi=-79[0m
[0;32mI (576501) net_bench: case=31 second=2 bytes=8733 rssi=-83[0m
[0;32mI (576507) net_bench: case=31 second=3 bytes=8245 rssi=-76[0m
[0;32mI (576513) net_bench: case=31 second=4 bytes=7221 rssi=-76[0m
[0;32mI (576519) net_bench: case=31 second=5 bytes=8245 rssi=-75[0m
[0;32mI (576525) net_bench: case=31 second=6 bytes=8245 rssi=-84[0m
[0;32mI (576531) net_bench: case=31 second=7 bytes=8245 rssi=-85[0m
[0;32mI (576538) net_bench: case=31 second=8 bytes=7221 rssi=-83[0m
[0;32mI (576544) net_bench: case=31 second=9 bytes=0 rssi=-74[0m
[0;32mI (576550) net_bench: case=31 second=10 bytes=0 rssi=-127[0m
[0;32mI (576556) net_bench: case=31 second=11 bytes=0 rssi=-127[0m
[0;32mI (576562) net_bench: case=31 second=12 bytes=0 rssi=-127[0m
[0;32mI (576568) net_bench: case=31 second=13 bytes=0 rssi=-127[0m
[0;32mI (576574) net_bench: case=31 second=14 bytes=0 rssi=-127[0m
[0;32mI (576580) net_bench: case=31 second=15 bytes=0 rssi=-127[0m
[0;32mI (576586) net_bench: case=31 second=16 bytes=0 rssi=-127[0m
[0;32mI (576592) net_bench: case=31 second=17 bytes=0 rssi=-127[0m
[0;32mI (576598) net_bench: case=31 second=18 bytes=0 rssi=-127[0m
[0;32mI (576604) net_bench: case=31 second=19 bytes=0 rssi=-127[0m
[0;32mI (577611) net_bench: case=32 path=/mp3-320?rate=0 output=0 begin rssi=-74 round=4 fixture=0 variant=0 wait_ms=0 read_limit=1024 batch=1[0m
[0;32mI (592069) net_cpu: case=32 valid=1 total_us=14376166 tasks_before=8 tasks_after=8 snapshot_bytes=1440[0m
[0;32mI (592072) net_cpu: case=32 task=audio id=4 runtime_us=2267155 existed=1[0m
[0;32mI (592079) net_cpu: case=32 task=IDLE id=2 runtime_us=10352171 existed=1[0m
[0;32mI (592087) net_cpu: case=32 task=tiT id=5 runtime_us=904721 existed=1[0m
[0;32mI (592094) net_cpu: case=32 task=uiT id=1 runtime_us=26579 existed=1[0m
[0;32mI (592101) net_cpu: case=32 task=httpd id=9 runtime_us=79719 existed=1[0m
[0;32mI (592108) net_cpu: case=32 task=ppT id=7 runtime_us=746223 existed=1[0m
[0;32mI (592115) net_cpu: case=32 task=Tmr Svc id=3 runtime_us=0 existed=1[0m
[0;32mI (592122) net_cpu: case=32 task=sys_evt id=6 runtime_us=0 existed=1[0m
[0;32mI (592131) net_bench: case=32 output=0 wall_us=14356181 bytes=415844 open_us=87431 error=-116 rssi=-75 heap_min=12968[0m
[0;32mI (592140) net_bench: case=32 recv_total_us=2272599 recv_positive_us=726616 recv_empty_us=1544446[0m
[0;32mI (592150) net_bench: case=32 cpu_lean=1 gap_metrics_valid=0 heap_is_final=1[0m
[0;32mI (592158) net_bench: case=32 sampled_heap_min=10856 rx_gap_tick_ms=920 wait_calls=12491[0m
[0;32mI (592166) net_bench: case=32 calls=13193 empty=12491 rx_gap_us=0 app_gap_us=0 empty_wait_us=0 recv_max_us=5437 commit_max_us=0 ready_max=0 ready_probes=0[0m
[0;32mI (592181) net_bench: case=32 pcm_frames=0 rate=0 eof=1350 underrun=1349 stack=1180[0m
[0;32mI (592189) net_bench: case=32 second=0 bytes=36320 rssi=-84[0m
[0;32mI (592195) net_bench: case=32 second=1 bytes=80408 rssi=-82[0m
[0;32mI (592202) net_bench: case=32 second=2 bytes=50728 rssi=-75[0m
[0;32mI (592208) net_bench: case=32 second=3 bytes=32456 rssi=-82[0m
[0;32mI (592214) net_bench: case=32 second=4 bytes=44784 rssi=-79[0m
[0;32mI (592220) net_bench: case=32 second=5 bytes=27336 rssi=-75[0m
[0;32mI (592226) net_bench: case=32 second=6 bytes=29240 rssi=-83[0m
[0;32mI (592233) net_bench: case=32 second=7 bytes=17688 rssi=-84[0m
[0;32mI (592239) net_bench: case=32 second=8 bytes=19932 rssi=-85[0m
[0;32mI (592245) net_bench: case=32 second=9 bytes=28168 rssi=-85[0m
[0;32mI (592251) net_bench: case=32 second=10 bytes=16080 rssi=-89[0m
[0;32mI (592258) net_bench: case=32 second=11 bytes=20376 rssi=-77[0m
[0;32mI (592264) net_bench: case=32 second=12 bytes=8576 rssi=-78[0m
[0;32mI (592270) net_bench: case=32 second=13 bytes=3752 rssi=-76[0m
[0;32mI (592276) net_bench: case=32 second=14 bytes=0 rssi=-74[0m
[0;32mI (592282) net_bench: case=32 second=15 bytes=0 rssi=-127[0m
[0;32mI (592288) net_bench: case=32 second=16 bytes=0 rssi=-127[0m
[0;32mI (592295) net_bench: case=32 second=17 bytes=0 rssi=-127[0m
[0;32mI (592301) net_bench: case=32 second=18 bytes=0 rssi=-127[0m
[0;32mI (592307) net_bench: case=32 second=19 bytes=0 rssi=-127[0m
[0;32mI (593314) net_bench: case=33 path=/mp3-320?rate=0 output=0 begin rssi=-86 round=4 fixture=0 variant=1 wait_ms=25 read_limit=1024 batch=1[0m
[0;32mI (613465) net_cpu: case=33 valid=1 total_us=20077420 tasks_before=8 tasks_after=8 snapshot_bytes=1440[0m
[0;32mI (613467) net_cpu: case=33 task=audio id=4 runtime_us=2314737 existed=1[0m
[0;32mI (613473) net_cpu: case=33 task=IDLE id=2 runtime_us=14438486 existed=1[0m
[0;32mI (613482) net_cpu: case=33 task=tiT id=5 runtime_us=1772044 existed=1[0m
[0;32mI (613488) net_cpu: case=33 task=uiT id=1 runtime_us=36933 existed=1[0m
[0;32mI (613495) net_cpu: case=33 task=httpd id=9 runtime_us=108032 existed=1[0m
[0;32mI (613502) net_cpu: case=33 task=ppT id=7 runtime_us=1407408 existed=1[0m
[0;32mI (613509) net_cpu: case=33 task=Tmr Svc id=3 runtime_us=0 existed=1[0m
[0;32mI (613516) net_cpu: case=33 task=sys_evt id=6 runtime_us=0 existed=1[0m
[0;32mI (613525) net_bench: case=33 output=0 wall_us=20049532 bytes=781612 open_us=85965 error=0 rssi=-86 heap_min=10952[0m
[0;32mI (613534) net_bench: case=33 recv_total_us=1604124 recv_positive_us=1353442 recv_empty_us=250682[0m
[0;32mI (613544) net_bench: case=33 cpu_lean=1 gap_metrics_valid=0 heap_is_final=1[0m
[0;32mI (613552) net_bench: case=33 sampled_heap_min=10380 rx_gap_tick_ms=955 wait_calls=1388[0m
[0;32mI (613560) net_bench: case=33 calls=2722 empty=1388 rx_gap_us=0 app_gap_us=0 empty_wait_us=0 recv_max_us=5151 commit_max_us=0 ready_max=0 ready_probes=0[0m
[0;32mI (613575) net_bench: case=33 pcm_frames=0 rate=0 eof=1885 underrun=1884 stack=1180[0m
[0;32mI (613584) net_bench: case=33 second=0 bytes=5232 rssi=-75[0m
[0;32mI (613589) net_bench: case=33 second=1 bytes=16080 rssi=-71[0m
[0;32mI (613595) net_bench: case=33 second=2 bytes=8576 rssi=-76[0m
[0;32mI (613601) net_bench: case=33 second=3 bytes=43712 rssi=-78[0m
[0;32mI (613608) net_bench: case=33 second=4 bytes=30312 rssi=-79[0m
[0;32mI (613614) net_bench: case=33 second=5 bytes=14472 rssi=-90[0m
[0;32mI (613620) net_bench: case=33 second=6 bytes=27632 rssi=-91[0m
[0;32mI (613626) net_bench: case=33 second=7 bytes=55504 rssi=-86[0m
[0;32mI (613633) net_bench: case=33 second=8 bytes=66280 rssi=-85[0m
[0;32mI (613639) net_bench: case=33 second=9 bytes=24548 rssi=-86[0m
[0;32mI (613645) net_bench: case=33 second=10 bytes=47464 rssi=-80[0m
[0;32mI (613651) net_bench: case=33 second=11 bytes=76168 rssi=-77[0m
[0;32mI (613658) net_bench: case=33 second=12 bytes=69736 rssi=-75[0m
[0;32mI (613664) net_bench: case=33 second=13 bytes=63784 rssi=-75[0m
[0;32mI (613670) net_bench: case=33 second=14 bytes=35920 rssi=-76[0m
[0;32mI (613677) net_bench: case=33 second=15 bytes=30552 rssi=-83[0m
[0;32mI (613683) net_bench: case=33 second=16 bytes=70760 rssi=-83[0m
[0;32mI (613689) net_bench: case=33 second=17 bytes=33232 rssi=-84[0m
[0;32mI (613696) net_bench: case=33 second=18 bytes=31384 rssi=-85[0m
[0;32mI (613702) net_bench: case=33 second=19 bytes=30264 rssi=-79[0m
[0;32mI (614709) net_bench: case=34 path=/mp3-128?rate=128 output=0 begin rssi=-86 round=4 fixture=1 variant=0 wait_ms=0 read_limit=1024 batch=1[0m
[0;32mI (634816) net_cpu: case=34 valid=1 total_us=20049772 tasks_before=8 tasks_after=8 snapshot_bytes=1440[0m
[0;32mI (634818) net_cpu: case=34 task=audio id=4 runtime_us=3079126 existed=1[0m
[0;32mI (634824) net_cpu: case=34 task=IDLE id=2 runtime_us=15317132 existed=1[0m
[0;32mI (634832) net_cpu: case=34 task=tiT id=5 runtime_us=792354 existed=1[0m
[0;32mI (634839) net_cpu: case=34 task=uiT id=1 runtime_us=37470 existed=1[0m
[0;32mI (634846) net_cpu: case=34 task=httpd id=9 runtime_us=112055 existed=1[0m
[0;32mI (634853) net_cpu: case=34 task=ppT id=7 runtime_us=711765 existed=1[0m
[0;32mI (634860) net_cpu: case=34 task=Tmr Svc id=3 runtime_us=0 existed=1[0m
[0;32mI (634868) net_cpu: case=34 task=sys_evt id=6 runtime_us=0 existed=1[0m
[0;32mI (634876) net_bench: case=34 output=0 wall_us=20022263 bytes=321738 open_us=70268 error=0 rssi=-85 heap_min=12968[0m
[0;32mI (634885) net_bench: case=34 recv_total_us=2793099 recv_positive_us=593898 recv_empty_us=2199201[0m
[0;32mI (634895) net_bench: case=34 cpu_lean=1 gap_metrics_valid=0 heap_is_final=1[0m
[0;32mI (634902) net_bench: case=34 sampled_heap_min=11728 rx_gap_tick_ms=135 wait_calls=18444[0m
[0;32mI (634911) net_bench: case=34 calls=18893 empty=18444 rx_gap_us=0 app_gap_us=0 empty_wait_us=0 recv_max_us=4376 commit_max_us=0 ready_max=0 ready_probes=0[0m
[0;32mI (634926) net_bench: case=34 pcm_frames=0 rate=0 eof=1883 underrun=1882 stack=1180[0m
[0;32mI (634934) net_bench: case=34 second=0 bytes=16384 rssi=-86[0m
[0;32mI (634940) net_bench: case=34 second=1 bytes=15694 rssi=-82[0m
[0;32mI (634946) net_bench: case=34 second=2 bytes=16718 rssi=-85[0m
[0;32mI (634952) net_bench: case=34 second=3 bytes=15694 rssi=-80[0m
[0;32mI (634959) net_bench: case=34 second=4 bytes=16718 rssi=-81[0m
[0;32mI (634965) net_bench: case=34 second=5 bytes=15694 rssi=-79[0m
[0;32mI (634971) net_bench: case=34 second=6 bytes=15694 rssi=-80[0m
[0;32mI (634977) net_bench: case=34 second=7 bytes=15694 rssi=-77[0m
[0;32mI (634984) net_bench: case=34 second=8 bytes=16718 rssi=-77[0m
[0;32mI (634990) net_bench: case=34 second=9 bytes=15694 rssi=-80[0m
[0;32mI (634996) net_bench: case=34 second=10 bytes=15694 rssi=-82[0m
[0;32mI (635002) net_bench: case=34 second=11 bytes=16718 rssi=-81[0m
[0;32mI (635009) net_bench: case=34 second=12 bytes=15694 rssi=-82[0m
[0;32mI (635016) net_bench: case=34 second=13 bytes=16718 rssi=-81[0m
[0;32mI (635022) net_bench: case=34 second=14 bytes=15694 rssi=-82[0m
[0;32mI (635029) net_bench: case=34 second=15 bytes=15694 rssi=-80[0m
[0;32mI (635035) net_bench: case=34 second=16 bytes=15694 rssi=-80[0m
[0;32mI (635041) net_bench: case=34 second=17 bytes=16718 rssi=-83[0m
[0;32mI (635048) net_bench: case=34 second=18 bytes=15694 rssi=-86[0m
[0;32mI (635054) net_bench: case=34 second=19 bytes=16718 rssi=-81[0m
[0;32mI (636061) net_bench: case=35 path=/mp3-128?rate=128 output=0 begin rssi=-90 round=4 fixture=1 variant=1 wait_ms=25 read_limit=1024 batch=1[0m
[0;32mI (641067) net_cpu: case=35 valid=1 total_us=1001720 tasks_before=8 tasks_after=8 snapshot_bytes=1440[0m
[0;32mI (641069) net_cpu: case=35 task=audio id=4 runtime_us=50088 existed=1[0m
[0;32mI (641075) net_cpu: case=35 task=IDLE id=2 runtime_us=926372 existed=1[0m
[0;32mI (641082) net_cpu: case=35 task=uiT id=1 runtime_us=1802 existed=1[0m
[0;32mI (641089) net_cpu: case=35 task=tiT id=5 runtime_us=7349 existed=1[0m
[0;32mI (641096) net_cpu: case=35 task=httpd id=9 runtime_us=5461 existed=1[0m
[0;32mI (641103) net_cpu: case=35 task=ppT id=7 runtime_us=12484 existed=1[0m
[0;32mI (641110) net_cpu: case=35 task=Tmr Svc id=3 runtime_us=0 existed=1[0m
[0;32mI (641117) net_cpu: case=35 task=sys_evt id=6 runtime_us=0 existed=1[0m
[0;32mI (641126) net_bench: case=35 output=0 wall_us=999621 bytes=411 open_us=3991728 error=-116 rssi=-87 heap_min=12300[0m
[0;32mI (641135) net_bench: case=35 recv_total_us=5754 recv_positive_us=0 recv_empty_us=5754[0m
[0;32mI (641144) net_bench: case=35 cpu_lean=1 gap_metrics_valid=0 heap_is_final=1[0m
[0;32mI (641152) net_bench: case=35 sampled_heap_min=12300 rx_gap_tick_ms=0 wait_calls=39[0m
[0;32mI (641160) net_bench: case=35 calls=39 empty=39 rx_gap_us=0 app_gap_us=0 empty_wait_us=0 recv_max_us=181 commit_max_us=0 ready_max=0 ready_probes=0[0m
[0;32mI (641174) net_bench: case=35 pcm_frames=0 rate=0 eof=94 underrun=93 stack=1180[0m
[0;32mI (641182) net_bench: case=35 second=0 bytes=411 rssi=-90[0m
[0;32mI (641188) net_bench: case=35 second=1 bytes=0 rssi=-127[0m
[0;32mI (641194) net_bench: case=35 second=2 bytes=0 rssi=-127[0m
[0;32mI (641200) net_bench: case=35 second=3 bytes=0 rssi=-127[0m
[0;32mI (641206) net_bench: case=35 second=4 bytes=0 rssi=-127[0m
[0;32mI (641212) net_bench: case=35 second=5 bytes=0 rssi=-127[0m
[0;32mI (641218) net_bench: case=35 second=6 bytes=0 rssi=-127[0m
[0;32mI (641224) net_bench: case=35 second=7 bytes=0 rssi=-127[0m
[0;32mI (641229) net_bench: case=35 second=8 bytes=0 rssi=-127[0m
[0;32mI (641235) net_bench: case=35 second=9 bytes=0 rssi=-127[0m
[0;32mI (641241) net_bench: case=35 second=10 bytes=0 rssi=-127[0m
[0;32mI (641247) net_bench: case=35 second=11 bytes=0 rssi=-127[0m
[0;32mI (641254) net_bench: case=35 second=12 bytes=0 rssi=-127[0m
[0;32mI (641260) net_bench: case=35 second=13 bytes=0 rssi=-127[0m
[0;32mI (641266) net_bench: case=35 second=14 bytes=0 rssi=-127[0m
[0;32mI (641272) net_bench: case=35 second=15 bytes=0 rssi=-127[0m
[0;32mI (641278) net_bench: case=35 second=16 bytes=0 rssi=-127[0m
[0;32mI (641284) net_bench: case=35 second=17 bytes=0 rssi=-127[0m
[0;32mI (641290) net_bench: case=35 second=18 bytes=0 rssi=-127[0m
[0;32mI (641296) net_bench: case=35 second=19 bytes=0 rssi=-127[0m
[0;32mI (642303) net_bench: case=36 path=/mp3-320?rate=320 output=0 begin rssi=-80 round=4 fixture=2 variant=0 wait_ms=0 read_limit=1024 batch=1[0m
[0;32mI (674412) net_cpu: case=36 valid=1 total_us=17030601 tasks_before=8 tasks_after=8 snapshot_bytes=1440[0m
[0;32mI (674415) net_cpu: case=36 task=audio id=4 runtime_us=2675318 existed=1[0m
[0;32mI (674422) net_cpu: case=36 task=IDLE id=2 runtime_us=12187625 existed=1[0m
[0;32mI (674430) net_cpu: case=36 task=tiT id=5 runtime_us=1105053 existed=1[0m
[0;32mI (674437) net_cpu: case=36 task=uiT id=1 runtime_us=32188 existed=1[0m
[0;32mI (674444) net_cpu: case=36 task=httpd id=9 runtime_us=95220 existed=1[0m
[0;32mI (674451) net_cpu: case=36 task=ppT id=7 runtime_us=935603 existed=1[0m
[0;32mI (674458) net_cpu: case=36 task=Tmr Svc id=3 runtime_us=0 existed=1[0m
[0;32mI (674465) net_cpu: case=36 task=sys_evt id=6 runtime_us=0 existed=1[0m
[0;32mI (674474) net_bench: case=36 output=0 wall_us=17007005 bytes=480361 open_us=15087359 error=-116 rssi=-88 heap_min=12968[0m
[0;32mI (674484) net_bench: case=36 recv_total_us=2706062 recv_positive_us=875727 recv_empty_us=1828796[0m
[0;32mI (674493) net_bench: case=36 cpu_lean=1 gap_metrics_valid=0 heap_is_final=1[0m
[0;32mI (674501) net_bench: case=36 sampled_heap_min=10380 rx_gap_tick_ms=965 wait_calls=14758[0m
[0;32mI (674510) net_bench: case=36 calls=15538 empty=14758 rx_gap_us=0 app_gap_us=0 empty_wait_us=0 recv_max_us=6241 commit_max_us=0 ready_max=0 ready_probes=0[0m
[0;32mI (674524) net_bench: case=36 pcm_frames=0 rate=0 eof=1599 underrun=1598 stack=1180[0m
[0;32mI (674532) net_bench: case=36 second=0 bytes=21696 rssi=-71[0m
[0;32mI (674539) net_bench: case=36 second=1 bytes=59012 rssi=-76[0m
[0;32mI (674545) net_bench: case=36 second=2 bytes=13944 rssi=-72[0m
[0;32mI (674551) net_bench: case=36 second=3 bytes=65552 rssi=-80[0m
[0;32mI (674557) net_bench: case=36 second=4 bytes=24972 rssi=-80[0m
[0;32mI (674564) net_bench: case=36 second=5 bytes=45404 rssi=-84[0m
[0;32mI (674570) net_bench: case=36 second=6 bytes=49404 rssi=-87[0m
[0;32mI (674576) net_bench: case=36 second=7 bytes=1608 rssi=-86[0m
[0;32mI (674582) net_bench: case=36 second=8 bytes=60076 rssi=-68[0m
[0;32mI (674588) net_bench: case=36 second=9 bytes=21792 rssi=-69[0m
[0;32mI (674595) net_bench: case=36 second=10 bytes=19485 rssi=-70[0m
[0;32mI (674601) net_bench: case=36 second=11 bytes=38276 rssi=-69[0m
[0;32mI (674607) net_bench: case=36 second=12 bytes=19874 rssi=-88[0m
[0;32mI (674614) net_bench: case=36 second=13 bytes=7906 rssi=-87[0m
[0;32mI (674620) net_bench: case=36 second=14 bytes=28875 rssi=-85[0m
[0;32mI (674626) net_bench: case=36 second=15 bytes=2485 rssi=-88[0m
[0;32mI (674632) net_bench: case=36 second=16 bytes=0 rssi=-84[0m
[0;32mI (674638) net_bench: case=36 second=17 bytes=0 rssi=-127[0m
[0;32mI (674644) net_bench: case=36 second=18 bytes=0 rssi=-127[0m
[0;32mI (674650) net_bench: case=36 second=19 bytes=0 rssi=-127[0m
[0;32mI (675657) net_bench: case=37 path=/mp3-320?rate=320 output=0 begin rssi=-71 round=4 fixture=2 variant=1 wait_ms=25 read_limit=1024 batch=1[0m
[0;32mI (698573) net_cpu: case=37 valid=1 total_us=15800124 tasks_before=8 tasks_after=8 snapshot_bytes=1440[0m
[0;32mI (698575) net_cpu: case=37 task=audio id=4 runtime_us=1740128 existed=1[0m
[0;32mI (698581) net_cpu: case=37 task=IDLE id=2 runtime_us=11465661 existed=1[0m
[0;32mI (698589) net_cpu: case=37 task=uiT id=1 runtime_us=29144 existed=1[0m
[0;32mI (698596) net_cpu: case=37 task=tiT id=5 runtime_us=1384504 existed=1[0m
[0;32mI (698603) net_cpu: case=37 task=httpd id=9 runtime_us=84418 existed=1[0m
[0;32mI (698610) net_cpu: case=37 task=ppT id=7 runtime_us=1098013 existed=1[0m
[0;32mI (698617) net_cpu: case=37 task=Tmr Svc id=3 runtime_us=0 existed=1[0m
[0;32mI (698624) net_cpu: case=37 task=sys_evt id=6 runtime_us=0 existed=1[0m
[0;32mI (698633) net_bench: case=37 output=0 wall_us=15778065 bytes=591824 open_us=7122477 error=-116 rssi=-80 heap_min=12968[0m
[0;32mI (698643) net_bench: case=37 recv_total_us=1055700 recv_positive_us=891995 recv_empty_us=163705[0m
[0;32mI (698652) net_bench: case=37 cpu_lean=1 gap_metrics_valid=0 heap_is_final=1[0m
[0;32mI (698660) net_bench: case=37 sampled_heap_min=10948 rx_gap_tick_ms=932 wait_calls=1048[0m
[0;32mI (698670) net_bench: case=37 calls=1959 empty=1048 rx_gap_us=0 app_gap_us=0 empty_wait_us=0 recv_max_us=6048 commit_max_us=0 ready_max=0 ready_probes=0[0m
[0;32mI (698683) net_bench: case=37 pcm_frames=0 rate=0 eof=1484 underrun=1483 stack=1180[0m
[0;32mI (698691) net_bench: case=37 second=0 bytes=39936 rssi=-85[0m
[0;32mI (698697) net_bench: case=37 second=1 bytes=40772 rssi=-69[0m
[0;32mI (698704) net_bench: case=37 second=2 bytes=39748 rssi=-69[0m
[0;32mI (698710) net_bench: case=37 second=3 bytes=23948 rssi=-70[0m
[0;32mI (698716) net_bench: case=37 second=4 bytes=29540 rssi=-68[0m
[0;32mI (698722) net_bench: case=37 second=5 bytes=47930 rssi=-80[0m
[0;32mI (698729) net_bench: case=37 second=6 bytes=44891 rssi=-73[0m
[0;32mI (698735) net_bench: case=37 second=7 bytes=42790 rssi=-83[0m
[0;32mI (698741) net_bench: case=37 second=8 bytes=41245 rssi=-73[0m
[0;32mI (698747) net_bench: case=37 second=9 bytes=30760 rssi=-74[0m
[0;32mI (698753) net_bench: case=37 second=10 bytes=51434 rssi=-78[0m
[0;32mI (698760) net_bench: case=37 second=11 bytes=47778 rssi=-72[0m
[0;32mI (698766) net_bench: case=37 second=12 bytes=20624 rssi=-73[0m
[0;32mI (698773) net_bench: case=37 second=13 bytes=27552 rssi=-74[0m
[0;32mI (698779) net_bench: case=37 second=14 bytes=62876 rssi=-79[0m
[0;32mI (698785) net_bench: case=37 second=15 bytes=0 rssi=-83[0m
[0;32mI (698791) net_bench: case=37 second=16 bytes=0 rssi=-127[0m
[0;32mI (698797) net_bench: case=37 second=17 bytes=0 rssi=-127[0m
[0;32mI (698803) net_bench: case=37 second=18 bytes=0 rssi=-127[0m
[0;32mI (698809) net_bench: case=37 second=19 bytes=0 rssi=-127[0m
[0;32mI (699816) net_bench: case=38 path=/aac-64?rate=64 output=0 begin rssi=-83 round=4 fixture=3 variant=0 wait_ms=0 read_limit=1024 batch=1[0m
[0;32mI (701315) net_cpu: case=38 valid=1 total_us=1407094 tasks_before=8 tasks_after=8 snapshot_bytes=1440[0m
[0;32mI (701318) net_cpu: case=38 task=audio id=4 runtime_us=217503 existed=1[0m
[0;32mI (701325) net_cpu: case=38 task=IDLE id=2 runtime_us=1141788 existed=1[0m
[0;32mI (701333) net_cpu: case=38 task=uiT id=1 runtime_us=2376 existed=1[0m
[0;32mI (701340) net_cpu: case=38 task=tiT id=5 runtime_us=17287 existed=1[0m
[0;32mI (701347) net_cpu: case=38 task=httpd id=9 runtime_us=7068 existed=1[0m
[0;32mI (701354) net_cpu: case=38 task=ppT id=7 runtime_us=21505 existed=1[0m
[0;32mI (701361) net_cpu: case=38 task=Tmr Svc id=3 runtime_us=0 existed=1[0m
[0;32mI (701368) net_cpu: case=38 task=sys_evt id=6 runtime_us=0 existed=1[0m
[0;32mI (701377) net_bench: case=38 output=0 wall_us=1404453 bytes=4096 open_us=80803 error=-116 rssi=-76 heap_min=14656[0m
[0;32mI (701389) net_bench: case=38 recv_total_us=168323 recv_positive_us=6388 recv_empty_us=160409[0m
[0;32mI (701396) net_bench: case=38 cpu_lean=1 gap_metrics_valid=0 heap_is_final=1[0m
[0;32mI (701403) net_bench: case=38 sampled_heap_min=13980 rx_gap_tick_ms=133 wait_calls=1370[0m
[0;32mI (701412) net_bench: case=38 calls=1379 empty=1370 rx_gap_us=0 app_gap_us=0 empty_wait_us=0 recv_max_us=2012 commit_max_us=0 ready_max=0 ready_probes=0[0m
[0;32mI (701426) net_bench: case=38 pcm_frames=0 rate=0 eof=133 underrun=132 stack=1180[0m
[0;32mI (701435) net_bench: case=38 second=0 bytes=4096 rssi=-75[0m
[0;32mI (701441) net_bench: case=38 second=1 bytes=0 rssi=-82[0m
[0;32mI (701446) net_bench: case=38 second=2 bytes=0 rssi=-127[0m
[0;32mI (701452) net_bench: case=38 second=3 bytes=0 rssi=-127[0m
[0;32mI (701458) net_bench: case=38 second=4 bytes=0 rssi=-127[0m
[0;32mI (701464) net_bench: case=38 second=5 bytes=0 rssi=-127[0m
[0;32mI (701470) net_bench: case=38 second=6 bytes=0 rssi=-127[0m
[0;32mI (701476) net_bench: case=38 second=7 bytes=0 rssi=-127[0m
[0;32mI (701482) net_bench: case=38 second=8 bytes=0 rssi=-127[0m
[0;32mI (701488) net_bench: case=38 second=9 bytes=0 rssi=-127[0m
[0;32mI (701494) net_bench: case=38 second=10 bytes=0 rssi=-127[0m
[0;32mI (701500) net_bench: case=38 second=11 bytes=0 rssi=-127[0m
[0;32mI (701506) net_bench: case=38 second=12 bytes=0 rssi=-127[0m
[0;32mI (701512) net_bench: case=38 second=13 bytes=0 rssi=-127[0m
[0;32mI (701518) net_bench: case=38 second=14 bytes=0 rssi=-127[0m
[0;32mI (701524) net_bench: case=38 second=15 bytes=0 rssi=-127[0m
[0;32mI (701531) net_bench: case=38 second=16 bytes=0 rssi=-127[0m
[0;32mI (701537) net_bench: case=38 second=17 bytes=0 rssi=-127[0m
[0;32mI (701543) net_bench: case=38 second=18 bytes=0 rssi=-127[0m
[0;32mI (701549) net_bench: case=38 second=19 bytes=0 rssi=-127[0m
[0;32mI (702556) net_bench: case=39 path=/aac-64?rate=64 output=0 begin rssi=-73 round=4 fixture=3 variant=1 wait_ms=25 read_limit=1024 batch=1[0m
[0;32mI (716130) net_cpu: case=39 valid=1 total_us=13508705 tasks_before=8 tasks_after=8 snapshot_bytes=1440[0m
[0;32mI (716132) net_cpu: case=39 task=audio id=4 runtime_us=821615 existed=1[0m
[0;32mI (716138) net_cpu: case=39 task=IDLE id=2 runtime_us=11936218 existed=1[0m
[0;32mI (716146) net_cpu: case=39 task=tiT id=5 runtime_us=328829 existed=1[0m
[0;32mI (716153) net_cpu: case=39 task=uiT id=1 runtime_us=24869 existed=1[0m
[0;32mI (716160) net_cpu: case=39 task=httpd id=9 runtime_us=71972 existed=1[0m
[0;32mI (716167) net_cpu: case=39 task=ppT id=7 runtime_us=325597 existed=1[0m
[0;32mI (716174) net_cpu: case=39 task=Tmr Svc id=3 runtime_us=0 existed=1[0m
[0;32mI (716181) net_cpu: case=39 task=sys_evt id=6 runtime_us=0 existed=1[0m
[0;32mI (716190) net_bench: case=39 output=0 wall_us=13489883 bytes=97375 open_us=69228 error=-116 rssi=-88 heap_min=14656[0m
[0;32mI (716199) net_bench: case=39 recv_total_us=247129 recv_positive_us=155224 recv_empty_us=91905[0m
[0;32mI (716209) net_bench: case=39 cpu_lean=1 gap_metrics_valid=0 heap_is_final=1[0m
[0;32mI (716216) net_bench: case=39 sampled_heap_min=12068 rx_gap_tick_ms=564 wait_calls=602[0m
[0;32mI (716225) net_bench: case=39 calls=778 empty=602 rx_gap_us=0 app_gap_us=0 empty_wait_us=0 recv_max_us=3107 commit_max_us=0 ready_max=0 ready_probes=0[0m
[0;32mI (716239) net_bench: case=39 pcm_frames=0 rate=0 eof=1268 underrun=1267 stack=1180[0m
[0;32mI (716247) net_bench: case=39 second=0 bytes=6680 rssi=-85[0m
[0;32mI (716253) net_bench: case=39 second=1 bytes=9757 rssi=-74[0m
[0;32mI (716260) net_bench: case=39 second=2 bytes=3661 rssi=-76[0m
[0;32mI (716266) net_bench: case=39 second=3 bytes=11317 rssi=-75[0m
[0;32mI (716272) net_bench: case=39 second=4 bytes=8733 rssi=-72[0m
[0;32mI (716278) net_bench: case=39 second=5 bytes=8245 rssi=-80[0m
[0;32mI (716284) net_bench: case=39 second=6 bytes=8245 rssi=-72[0m
[0;32mI (716290) net_bench: case=39 second=7 bytes=6733 rssi=-86[0m
[0;32mI (716296) net_bench: case=39 second=8 bytes=9757 rssi=-89[0m
[0;32mI (716303) net_bench: case=39 second=9 bytes=5709 rssi=-75[0m
[0;32mI (716309) net_bench: case=39 second=10 bytes=8245 rssi=-75[0m
[0;32mI (716315) net_bench: case=39 second=11 bytes=8245 rssi=-76[0m
[0;32mI (716321) net_bench: case=39 second=12 bytes=2048 rssi=-68[0m
[0;32mI (716327) net_bench: case=39 second=13 bytes=0 rssi=-69[0m
[0;32mI (716333) net_bench: case=39 second=14 bytes=0 rssi=-127[0m
[0;32mI (716339) net_bench: case=39 second=15 bytes=0 rssi=-127[0m
[0;32mI (716346) net_bench: case=39 second=16 bytes=0 rssi=-127[0m
[0;32mI (716351) net_bench: case=39 second=17 bytes=0 rssi=-127[0m
[0;32mI (716358) net_bench: case=39 second=18 bytes=0 rssi=-127[0m
[0;32mI (716364) net_bench: case=39 second=19 bytes=0 rssi=-127[0m
[0;32mI (717371) net_bench: case=40 path=/mp3-320?rate=0 output=0 begin rssi=-69 round=5 fixture=0 variant=1 wait_ms=25 read_limit=1024 batch=1[0m
[0;32mI (747206) net_cpu: case=40 valid=1 total_us=20073530 tasks_before=8 tasks_after=8 snapshot_bytes=1440[0m
[0;32mI (747208) net_cpu: case=40 task=audio id=4 runtime_us=1976625 existed=1[0m
[0;32mI (747214) net_cpu: case=40 task=IDLE id=2 runtime_us=15458364 existed=1[0m
[0;32mI (747222) net_cpu: case=40 task=tiT id=5 runtime_us=1368503 existed=1[0m
[0;32mI (747229) net_cpu: case=40 task=uiT id=1 runtime_us=37052 existed=1[0m
[0;32mI (747236) net_cpu: case=40 task=httpd id=9 runtime_us=106803 existed=1[0m
[0;32mI (747243) net_cpu: case=40 task=ppT id=7 runtime_us=1127948 existed=1[0m
[0;32mI (747251) net_cpu: case=40 task=Tmr Svc id=3 runtime_us=0 existed=1[0m
[0;32mI (747258) net_cpu: case=40 task=sys_evt id=6 runtime_us=0 existed=1[0m
[0;32mI (747266) net_bench: case=40 output=0 wall_us=20045836 bytes=582775 open_us=9773954 error=0 rssi=-83 heap_min=10952[0m
[0;32mI (747276) net_bench: case=40 recv_total_us=1111015 recv_positive_us=901649 recv_empty_us=209366[0m
[0;32mI (747285) net_bench: case=40 cpu_lean=1 gap_metrics_valid=0 heap_is_final=1[0m
[0;32mI (747293) net_bench: case=40 sampled_heap_min=10948 rx_gap_tick_ms=940 wait_calls=1244[0m
[0;32mI (747301) net_bench: case=40 calls=2222 empty=1244 rx_gap_us=0 app_gap_us=0 empty_wait_us=0 recv_max_us=4309 commit_max_us=0 ready_max=0 ready_probes=0[0m
[0;32mI (747316) net_bench: case=40 pcm_frames=0 rate=0 eof=1884 underrun=1883 stack=1180[0m
[0;32mI (747324) net_bench: case=40 second=0 bytes=11664 rssi=-72[0m
[0;32mI (747330) net_bench: case=40 second=1 bytes=26800 rssi=-71[0m
[0;32mI (747336) net_bench: case=40 second=2 bytes=42104 rssi=-70[0m
[0;32mI (747343) net_bench: case=40 second=3 bytes=39128 rssi=-73[0m
[0;32mI (747349) net_bench: case=40 second=4 bytes=40496 rssi=-84[0m
[0;32mI (747355) net_bench: case=40 second=5 bytes=80696 rssi=-83[0m
[0;32mI (747361) net_bench: case=40 second=6 bytes=35499 rssi=-82[0m
[0;32mI (747368) net_bench: case=40 second=7 bytes=35242 rssi=-83[0m
[0;32mI (747374) net_bench: case=40 second=8 bytes=13936 rssi=-84[0m
[0;32mI (747380) net_bench: case=40 second=9 bytes=5360 rssi=-72[0m
[0;32mI (747386) net_bench: case=40 second=10 bytes=5360 rssi=-72[0m
[0;32mI (747392) net_bench: case=40 second=11 bytes=536 rssi=-71[0m
[0;32mI (747399) net_bench: case=40 second=12 bytes=12864 rssi=-72[0m
[0;32mI (747405) net_bench: case=40 second=13 bytes=29889 rssi=-73[0m
[0;32mI (747411) net_bench: case=40 second=14 bytes=22808 rssi=-88[0m
[0;32mI (747418) net_bench: case=40 second=15 bytes=26560 rssi=-82[0m
[0;32mI (747425) net_bench: case=40 second=16 bytes=43299 rssi=-86[0m
[0;32mI (747430) net_bench: case=40 second=17 bytes=24656 rssi=-85[0m
[0;32mI (747437) net_bench: case=40 second=18 bytes=12964 rssi=-77[0m
[0;32mI (747443) net_bench: case=40 second=19 bytes=72914 rssi=-76[0m
[0;32mI (748450) net_bench: case=41 path=/mp3-320?rate=0 output=0 begin rssi=-73 round=5 fixture=0 variant=0 wait_ms=0 read_limit=1024 batch=1[0m
[0;32mI (751889) net_cpu: case=41 valid=1 total_us=2358674 tasks_before=8 tasks_after=8 snapshot_bytes=1440[0m
[0;32mI (751892) net_cpu: case=41 task=audio id=4 runtime_us=372734 existed=1[0m
[0;32mI (751899) net_cpu: case=41 task=IDLE id=2 runtime_us=1780744 existed=1[0m
[0;32mI (751906) net_cpu: case=41 task=uiT id=1 runtime_us=4228 existed=1[0m
[0;32mI (751913) net_cpu: case=41 task=tiT id=5 runtime_us=98893 existed=1[0m
[0;32mI (751920) net_cpu: case=41 task=httpd id=9 runtime_us=12760 existed=1[0m
[0;32mI (751928) net_cpu: case=41 task=ppT id=7 runtime_us=89730 existed=1[0m
[0;32mI (751935) net_cpu: case=41 task=Tmr Svc id=3 runtime_us=0 existed=1[0m
[0;32mI (751942) net_cpu: case=41 task=sys_evt id=6 runtime_us=0 existed=1[0m
[0;32mI (751950) net_bench: case=41 output=0 wall_us=2354756 bytes=43048 open_us=1069721 error=-116 rssi=-74 heap_min=12968[0m
[0;32mI (751960) net_bench: case=41 recv_total_us=340325 recv_positive_us=71065 recv_empty_us=267731[0m
[0;32mI (751969) net_bench: case=41 cpu_lean=1 gap_metrics_valid=0 heap_is_final=1[0m
[0;32mI (751977) net_bench: case=41 sampled_heap_min=10956 rx_gap_tick_ms=934 wait_calls=2159[0m
[0;32mI (751985) net_bench: case=41 calls=2236 empty=2159 rx_gap_us=0 app_gap_us=0 empty_wait_us=0 recv_max_us=3031 commit_max_us=0 ready_max=0 ready_probes=0[0m
[0;32mI (752000) net_bench: case=41 pcm_frames=0 rate=0 eof=222 underrun=221 stack=1180[0m
[0;32mI (752008) net_bench: case=41 second=0 bytes=36616 rssi=-84[0m
[0;32mI (752014) net_bench: case=41 second=1 bytes=6432 rssi=-89[0m
[0;32mI (752020) net_bench: case=41 second=2 bytes=0 rssi=-76[0m
[0;32mI (752026) net_bench: case=41 second=3 bytes=0 rssi=-127[0m
[0;32mI (752032) net_bench: case=41 second=4 bytes=0 rssi=-127[0m
[0;32mI (752038) net_bench: case=41 second=5 bytes=0 rssi=-127[0m
[0;32mI (752044) net_bench: case=41 second=6 bytes=0 rssi=-127[0m
[0;32mI (752050) net_bench: case=41 second=7 bytes=0 rssi=-127[0m
[0;32mI (752056) net_bench: case=41 second=8 bytes=0 rssi=-127[0m
[0;32mI (752062) net_bench: case=41 second=9 bytes=0 rssi=-127[0m
[0;32mI (752068) net_bench: case=41 second=10 bytes=0 rssi=-127[0m
[0;32mI (752074) net_bench: case=41 second=11 bytes=0 rssi=-127[0m
[0;32mI (752080) net_bench: case=41 second=12 bytes=0 rssi=-127[0m
[0;32mI (752086) net_bench: case=41 second=13 bytes=0 rssi=-127[0m
[0;32mI (752092) net_bench: case=41 second=14 bytes=0 rssi=-127[0m
[0;32mI (752098) net_bench: case=41 second=15 bytes=0 rssi=-127[0m
[0;32mI (752104) net_bench: case=41 second=16 bytes=0 rssi=-127[0m
[0;32mI (752110) net_bench: case=41 second=17 bytes=0 rssi=-127[0m
[0;32mI (752116) net_bench: case=41 second=18 bytes=0 rssi=-127[0m
[0;32mI (752122) net_bench: case=41 second=19 bytes=0 rssi=-127[0m
[0;32mI (753129) net_bench: case=42 path=/mp3-128?rate=128 output=0 begin rssi=-76 round=5 fixture=1 variant=1 wait_ms=25 read_limit=1024 batch=1[0m
[0;32mI (788229) net_cpu: case=42 valid=1 total_us=20060509 tasks_before=8 tasks_after=8 snapshot_bytes=1440[0m
[0;32mI (788231) net_cpu: case=42 task=audio id=4 runtime_us=1474345 existed=1[0m
[0;32mI (788237) net_cpu: case=42 task=IDLE id=2 runtime_us=16898067 existed=1[0m
[0;32mI (788244) net_cpu: case=42 task=tiT id=5 runtime_us=830434 existed=1[0m
[0;32mI (788251) net_cpu: case=42 task=uiT id=1 runtime_us=36789 existed=1[0m
[0;32mI (788259) net_cpu: case=42 task=httpd id=9 runtime_us=106563 existed=1[0m
[0;32mI (788266) net_cpu: case=42 task=ppT id=7 runtime_us=715979 existed=1[0m
[0;32mI (788274) net_cpu: case=42 task=Tmr Svc id=3 runtime_us=0 existed=1[0m
[0;32mI (788280) net_cpu: case=42 task=sys_evt id=6 runtime_us=0 existed=1[0m
[0;32mI (788289) net_bench: case=42 output=0 wall_us=20032814 bytes=320714 open_us=15051737 error=0 rssi=-76 heap_min=11600[0m
[0;32mI (788298) net_bench: case=42 recv_total_us=716317 recv_positive_us=557013 recv_empty_us=159304[0m
[0;32mI (788307) net_bench: case=42 cpu_lean=1 gap_metrics_valid=0 heap_is_final=1[0m
[0;32mI (788315) net_bench: case=42 sampled_heap_min=10580 rx_gap_tick_ms=443 wait_calls=993[0m
[0;32mI (788324) net_bench: case=42 calls=1491 empty=993 rx_gap_us=0 app_gap_us=0 empty_wait_us=0 recv_max_us=7763 commit_max_us=0 ready_max=0 ready_probes=0[0m
[0;32mI (788338) net_bench: case=42 pcm_frames=0 rate=0 eof=1884 underrun=1883 stack=1180[0m
[0;32mI (788347) net_bench: case=42 second=0 bytes=16384 rssi=-75[0m
[0;32mI (788353) net_bench: case=42 second=1 bytes=15694 rssi=-82[0m
[0;32mI (788360) net_bench: case=42 second=2 bytes=15206 rssi=-81[0m
[0;32mI (788366) net_bench: case=42 second=3 bytes=13302 rssi=-83[0m
[0;32mI (788372) net_bench: case=42 second=4 bytes=19598 rssi=-81[0m
[0;32mI (788378) net_bench: case=42 second=5 bytes=7598 rssi=-74[0m
[0;32mI (788384) net_bench: case=42 second=6 bytes=24814 rssi=-72[0m
[0;32mI (788391) net_bench: case=42 second=7 bytes=15694 rssi=-72[0m
[0;32mI (788397) net_bench: case=42 second=8 bytes=16718 rssi=-77[0m
[0;32mI (788403) net_bench: case=42 second=9 bytes=15694 rssi=-74[0m
[0;32mI (788409) net_bench: case=42 second=10 bytes=16230 rssi=-82[0m
[0;32mI (788416) net_bench: case=42 second=11 bytes=16182 rssi=-82[0m
[0;32mI (788422) net_bench: case=42 second=12 bytes=15694 rssi=-82[0m
[0;32mI (788428) net_bench: case=42 second=13 bytes=15694 rssi=-82[0m
[0;32mI (788435) net_bench: case=42 second=14 bytes=16230 rssi=-76[0m
[0;32mI (788441) net_bench: case=42 second=15 bytes=16182 rssi=-76[0m
[0;32mI (788447) net_bench: case=42 second=16 bytes=15694 rssi=-75[0m
[0;32mI (788454) net_bench: case=42 second=17 bytes=16718 rssi=-74[0m
[0;32mI (788460) net_bench: case=42 second=18 bytes=15694 rssi=-74[0m
[0;32mI (788467) net_bench: case=42 second=19 bytes=15694 rssi=-85[0m
[0;32mI (789474) net_bench: case=43 path=/mp3-128?rate=128 output=0 begin rssi=-81 round=5 fixture=1 variant=0 wait_ms=0 read_limit=1024 batch=1[0m
[0;32mI (809589) net_cpu: case=43 valid=1 total_us=20049983 tasks_before=8 tasks_after=8 snapshot_bytes=1440[0m
[0;32mI (809591) net_cpu: case=43 task=audio id=4 runtime_us=3084650 existed=1[0m
[0;32mI (809597) net_cpu: case=43 task=IDLE id=2 runtime_us=15317100 existed=1[0m
[0;32mI (809605) net_cpu: case=43 task=tiT id=5 runtime_us=777235 existed=1[0m
[0;32mI (809612) net_cpu: case=43 task=uiT id=1 runtime_us=37802 existed=1[0m
[0;32mI (809619) net_cpu: case=43 task=httpd id=9 runtime_us=111793 existed=1[0m
[0;32mI (809626) net_cpu: case=43 task=ppT id=7 runtime_us=723364 existed=1[0m
[0;32mI (809633) net_cpu: case=43 task=Tmr Svc id=3 runtime_us=0 existed=1[0m
[0;32mI (809640) net_cpu: case=43 task=sys_evt id=6 runtime_us=0 existed=1[0m
[0;32mI (809649) net_bench: case=43 output=0 wall_us=20022457 bytes=321250 open_us=78079 error=0 rssi=-86 heap_min=12372[0m
[0;32mI (809658) net_bench: case=43 recv_total_us=2812966 recv_positive_us=583695 recv_empty_us=2229271[0m
[0;32mI (809668) net_bench: case=43 cpu_lean=1 gap_metrics_valid=0 heap_is_final=1[0m
[0;32mI (809675) net_bench: case=43 sampled_heap_min=11196 rx_gap_tick_ms=457 wait_calls=18465[0m
[0;32mI (809684) net_bench: case=43 calls=18911 empty=18465 rx_gap_us=0 app_gap_us=0 empty_wait_us=0 recv_max_us=5686 commit_max_us=0 ready_max=0 ready_probes=0[0m
[0;32mI (809699) net_bench: case=43 pcm_frames=0 rate=0 eof=1883 underrun=1882 stack=1180[0m
[0;32mI (809707) net_bench: case=43 second=0 bytes=16384 rssi=-77[0m
[0;32mI (809713) net_bench: case=43 second=1 bytes=15694 rssi=-75[0m
[0;32mI (809719) net_bench: case=43 second=2 bytes=16718 rssi=-76[0m
[0;32mI (809726) net_bench: case=43 second=3 bytes=15694 rssi=-76[0m
[0;32mI (809732) net_bench: case=43 second=4 bytes=13302 rssi=-82[0m
[0;32mI (809738) net_bench: case=43 second=5 bytes=19110 rssi=-80[0m
[0;32mI (809744) net_bench: case=43 second=6 bytes=15694 rssi=-80[0m
[0;32mI (809750) net_bench: case=43 second=7 bytes=16718 rssi=-81[0m
[0;32mI (809757) net_bench: case=43 second=8 bytes=15694 rssi=-81[0m
[0;32mI (809763) net_bench: case=43 second=9 bytes=14182 rssi=-76[0m
[0;32mI (809769) net_bench: case=43 second=10 bytes=18230 rssi=-76[0m
[0;32mI (809775) net_bench: case=43 second=11 bytes=15694 rssi=-75[0m
[0;32mI (809782) net_bench: case=43 second=12 bytes=15694 rssi=-75[0m
[0;32mI (809788) net_bench: case=43 second=13 bytes=15694 rssi=-76[0m
[0;32mI (809794) net_bench: case=43 second=14 bytes=16718 rssi=-83[0m
[0;32mI (809801) net_bench: case=43 second=15 bytes=15694 rssi=-81[0m
[0;32mI (809807) net_bench: case=43 second=16 bytes=16718 rssi=-82[0m
[0;32mI (809813) net_bench: case=43 second=17 bytes=15694 rssi=-81[0m
[0;32mI (809820) net_bench: case=43 second=18 bytes=15694 rssi=-83[0m
[0;32mI (809826) net_bench: case=43 second=19 bytes=16230 rssi=-73[0m
[0;32mI (810834) net_bench: case=44 path=/mp3-320?rate=320 output=0 begin rssi=-74 round=5 fixture=2 variant=1 wait_ms=25 read_limit=1024 batch=1[0m
[0;32mI (830959) net_cpu: case=44 valid=1 total_us=20064503 tasks_before=8 tasks_after=8 snapshot_bytes=1440[0m
[0;32mI (830962) net_cpu: case=44 task=audio id=4 runtime_us=2224630 existed=1[0m
[0;32mI (830968) net_cpu: case=44 task=IDLE id=2 runtime_us=14288516 existed=1[0m
[0;32mI (830976) net_cpu: case=44 task=uiT id=1 runtime_us=36939 existed=1[0m
[0;32mI (830983) net_cpu: case=44 task=tiT id=5 runtime_us=1918509 existed=1[0m
[0;32mI (830990) net_cpu: case=44 task=httpd id=9 runtime_us=107476 existed=1[0m
[0;32mI (830997) net_cpu: case=44 task=ppT id=7 runtime_us=1489625 existed=1[0m
[0;32mI (831004) net_cpu: case=44 task=Tmr Svc id=3 runtime_us=0 existed=1[0m
[0;32mI (831011) net_cpu: case=44 task=sys_evt id=6 runtime_us=0 existed=1[0m
[0;32mI (831020) net_bench: case=44 output=0 wall_us=20036692 bytes=802316 open_us=72548 error=0 rssi=-75 heap_min=12328[0m
[0;32mI (831029) net_bench: case=44 recv_total_us=1589681 recv_positive_us=1352944 recv_empty_us=236737[0m
[0;32mI (831039) net_bench: case=44 cpu_lean=1 gap_metrics_valid=0 heap_is_final=1[0m
[0;32mI (831046) net_bench: case=44 sampled_heap_min=9980 rx_gap_tick_ms=366 wait_calls=1269[0m
[0;32mI (831055) net_bench: case=44 calls=2578 empty=1269 rx_gap_us=0 app_gap_us=0 empty_wait_us=0 recv_max_us=4128 commit_max_us=0 ready_max=0 ready_probes=0[0m
[0;32mI (831069) net_bench: case=44 pcm_frames=0 rate=0 eof=1884 underrun=1883 stack=1180[0m
[0;32mI (831078) net_bench: case=44 second=0 bytes=40472 rssi=-84[0m
[0;32mI (831084) net_bench: case=44 second=1 bytes=25996 rssi=-83[0m
[0;32mI (831090) net_bench: case=44 second=2 bytes=42236 rssi=-82[0m
[0;32mI (831096) net_bench: case=44 second=3 bytes=33160 rssi=-74[0m
[0;32mI (831103) net_bench: case=44 second=4 bytes=21744 rssi=-74[0m
[0;32mI (831109) net_bench: case=44 second=5 bytes=16804 rssi=-76[0m
[0;32mI (831115) net_bench: case=44 second=6 bytes=77784 rssi=-74[0m
[0;32mI (831121) net_bench: case=44 second=7 bytes=63048 rssi=-75[0m
[0;32mI (831127) net_bench: case=44 second=8 bytes=39748 rssi=-74[0m
[0;32mI (831134) net_bench: case=44 second=9 bytes=40772 rssi=-82[0m
[0;32mI (831140) net_bench: case=44 second=10 bytes=39748 rssi=-81[0m
[0;32mI (831146) net_bench: case=44 second=11 bytes=39748 rssi=-80[0m
[0;32mI (831153) net_bench: case=44 second=12 bytes=39748 rssi=-82[0m
[0;32mI (831159) net_bench: case=44 second=13 bytes=40284 rssi=-81[0m
[0;32mI (831165) net_bench: case=44 second=14 bytes=40236 rssi=-75[0m
[0;32mI (831172) net_bench: case=44 second=15 bytes=40284 rssi=-75[0m
[0;32mI (831178) net_bench: case=44 second=16 bytes=40236 rssi=-75[0m
[0;32mI (831184) net_bench: case=44 second=17 bytes=39260 rssi=-73[0m
[0;32mI (831191) net_bench: case=44 second=18 bytes=40236 rssi=-85[0m
[0;32mI (831197) net_bench: case=44 second=19 bytes=40772 rssi=-83[0m
[0;32mI (832204) net_bench: case=45 path=/mp3-320?rate=320 output=0 begin rssi=-85 round=5 fixture=2 variant=0 wait_ms=0 read_limit=1024 batch=1[0m
[0;32mI (852316) net_cpu: case=45 valid=1 total_us=20052729 tasks_before=8 tasks_after=8 snapshot_bytes=1440[0m
[0;32mI (852318) net_cpu: case=45 task=audio id=4 runtime_us=3216728 existed=1[0m
[0;32mI (852324) net_cpu: case=45 task=IDLE id=2 runtime_us=13259839 existed=1[0m
[0;32mI (852332) net_cpu: case=45 task=uiT id=1 runtime_us=37439 existed=1[0m
[0;32mI (852339) net_cpu: case=45 task=tiT id=5 runtime_us=1908419 existed=1[0m
[0;32mI (852346) net_cpu: case=45 task=httpd id=9 runtime_us=112319 existed=1[0m
[0;32mI (852353) net_cpu: case=45 task=ppT id=7 runtime_us=1518271 existed=1[0m
[0;32mI (852360) net_cpu: case=45 task=Tmr Svc id=3 runtime_us=0 existed=1[0m
[0;32mI (852367) net_cpu: case=45 task=sys_evt id=6 runtime_us=0 existed=1[0m
[0;32mI (852377) net_bench: case=45 output=0 wall_us=20025037 bytes=802316 open_us=71663 error=0 rssi=-82 heap_min=12968[0m
[0;32mI (852385) net_bench: case=45 recv_total_us=3603073 recv_positive_us=1474534 recv_empty_us=2128539[0m
[0;32mI (852395) net_bench: case=45 cpu_lean=1 gap_metrics_valid=0 heap_is_final=1[0m
[0;32mI (852403) net_bench: case=45 sampled_heap_min=11004 rx_gap_tick_ms=391 wait_calls=16027[0m
[0;32mI (852411) net_bench: case=45 calls=17471 empty=16027 rx_gap_us=0 app_gap_us=0 empty_wait_us=0 recv_max_us=4990 commit_max_us=0 ready_max=0 ready_probes=0[0m
[0;32mI (852426) net_bench: case=45 pcm_frames=0 rate=0 eof=1883 underrun=1882 stack=1180[0m
[0;32mI (852434) net_bench: case=45 second=0 bytes=40960 rssi=-75[0m
[0;32mI (852440) net_bench: case=45 second=1 bytes=39748 rssi=-75[0m
[0;32mI (852446) net_bench: case=45 second=2 bytes=39748 rssi=-73[0m
[0;32mI (852453) net_bench: case=45 second=3 bytes=39748 rssi=-85[0m
[0;32mI (852459) net_bench: case=45 second=4 bytes=40284 rssi=-83[0m
[0;32mI (852465) net_bench: case=45 second=5 bytes=40236 rssi=-85[0m
[0;32mI (852471) net_bench: case=45 second=6 bytes=40772 rssi=-83[0m
[0;32mI (852478) net_bench: case=45 second=7 bytes=29508 rssi=-82[0m
[0;32mI (852484) net_bench: case=45 second=8 bytes=49988 rssi=-78[0m
[0;32mI (852490) net_bench: case=45 second=9 bytes=40772 rssi=-75[0m
[0;32mI (852496) net_bench: case=45 second=10 bytes=39748 rssi=-73[0m
[0;32mI (852503) net_bench: case=45 second=11 bytes=39748 rssi=-74[0m
[0;32mI (852509) net_bench: case=45 second=12 bytes=40772 rssi=-77[0m
[0;32mI (852515) net_bench: case=45 second=13 bytes=39748 rssi=-82[0m
[0;32mI (852522) net_bench: case=45 second=14 bytes=39748 rssi=-83[0m
[0;32mI (852528) net_bench: case=45 second=15 bytes=40772 rssi=-86[0m
[0;32mI (852534) net_bench: case=45 second=16 bytes=39260 rssi=-83[0m
[0;32mI (852541) net_bench: case=45 second=17 bytes=40236 rssi=-84[0m
[0;32mI (852547) net_bench: case=45 second=18 bytes=36384 rssi=-76[0m
[0;32mI (852553) net_bench: case=45 second=19 bytes=44136 rssi=-76[0m
[0;32mI (853560) net_bench: case=46 path=/aac-64?rate=64 output=0 begin rssi=-76 round=5 fixture=3 variant=1 wait_ms=25 read_limit=1024 batch=1[0m
[0;32mI (873677) net_cpu: case=46 valid=1 total_us=20059791 tasks_before=8 tasks_after=8 snapshot_bytes=1440[0m
[0;32mI (873679) net_cpu: case=46 task=audio id=4 runtime_us=1261047 existed=1[0m
[0;32mI (873685) net_cpu: case=46 task=IDLE id=2 runtime_us=17609611 existed=1[0m
[0;32mI (873693) net_cpu: case=46 task=tiT id=5 runtime_us=530743 existed=1[0m
[0;32mI (873700) net_cpu: case=46 task=uiT id=1 runtime_us=37017 existed=1[0m
[0;32mI (873707) net_cpu: case=46 task=httpd id=9 runtime_us=106628 existed=1[0m
[0;32mI (873714) net_cpu: case=46 task=ppT id=7 runtime_us=516534 existed=1[0m
[0;32mI (873721) net_cpu: case=46 task=Tmr Svc id=3 runtime_us=0 existed=1[0m
[0;32mI (873728) net_cpu: case=46 task=sys_evt id=6 runtime_us=0 existed=1[0m
[0;32mI (873737) net_bench: case=46 output=0 wall_us=20032212 bytes=160263 open_us=69442 error=0 rssi=-84 heap_min=14660[0m
[0;32mI (873746) net_bench: case=46 recv_total_us=390787 recv_positive_us=253880 recv_empty_us=136907[0m
[0;32mI (873756) net_bench: case=46 cpu_lean=1 gap_metrics_valid=0 heap_is_final=1[0m
[0;32mI (873764) net_bench: case=46 sampled_heap_min=13356 rx_gap_tick_ms=533 wait_calls=912[0m
[0;32mI (873772) net_bench: case=46 calls=1199 empty=912 rx_gap_us=0 app_gap_us=0 empty_wait_us=0 recv_max_us=2032 commit_max_us=0 ready_max=0 ready_probes=0[0m
[0;32mI (873786) net_bench: case=46 pcm_frames=0 rate=0 eof=1884 underrun=1883 stack=1180[0m
[0;32mI (873794) net_bench: case=46 second=0 bytes=7704 rssi=-85[0m
[0;32mI (873800) net_bench: case=46 second=1 bytes=8733 rssi=-85[0m
[0;32mI (873807) net_bench: case=46 second=2 bytes=8245 rssi=-85[0m
[0;32mI (873813) net_bench: case=46 second=3 bytes=7757 rssi=-78[0m
[0;32mI (873819) net_bench: case=46 second=4 bytes=7221 rssi=-76[0m
[0;32mI (873825) net_bench: case=46 second=5 bytes=7709 rssi=-77[0m
[0;32mI (873831) net_bench: case=46 second=6 bytes=9269 rssi=-77[0m
[0;32mI (873837) net_bench: case=46 second=7 bytes=8245 rssi=-83[0m
[0;32mI (873844) net_bench: case=46 second=8 bytes=7221 rssi=-86[0m
[0;32mI (873850) net_bench: case=46 second=9 bytes=8245 rssi=-86[0m
[0;32mI (873856) net_bench: case=46 second=10 bytes=8245 rssi=-84[0m
[0;32mI (873862) net_bench: case=46 second=11 bytes=8245 rssi=-85[0m
[0;32mI (873868) net_bench: case=46 second=12 bytes=8245 rssi=-78[0m
[0;32mI (873874) net_bench: case=46 second=13 bytes=7221 rssi=-77[0m
[0;32mI (873881) net_bench: case=46 second=14 bytes=8245 rssi=-79[0m
[0;32mI (873887) net_bench: case=46 second=15 bytes=8245 rssi=-77[0m
[0;32mI (873893) net_bench: case=46 second=16 bytes=6733 rssi=-77[0m
[0;32mI (873899) net_bench: case=46 second=17 bytes=8245 rssi=-86[0m
[0;32mI (873906) net_bench: case=46 second=18 bytes=8733 rssi=-85[0m
[0;32mI (873912) net_bench: case=46 second=19 bytes=7757 rssi=-84[0m
[0;32mI (874919) net_bench: case=47 path=/aac-64?rate=64 output=0 begin rssi=-85 round=5 fixture=3 variant=0 wait_ms=0 read_limit=1024 batch=1[0m
[0;32mI (895026) net_cpu: case=47 valid=1 total_us=20051328 tasks_before=8 tasks_after=8 snapshot_bytes=1440[0m
[0;32mI (895028) net_cpu: case=47 task=audio id=4 runtime_us=3092731 existed=1[0m
[0;32mI (895034) net_cpu: case=47 task=IDLE id=2 runtime_us=15857939 existed=1[0m
[0;32mI (895042) net_cpu: case=47 task=uiT id=1 runtime_us=37944 existed=1[0m
[0;32mI (895049) net_cpu: case=47 task=tiT id=5 runtime_us=473621 existed=1[0m
[0;32mI (895056) net_cpu: case=47 task=httpd id=9 runtime_us=111259 existed=1[0m
[0;32mI (895063) net_cpu: case=47 task=ppT id=7 runtime_us=479848 existed=1[0m
[0;32mI (895070) net_cpu: case=47 task=Tmr Svc id=3 runtime_us=0 existed=1[0m
[0;32mI (895077) net_cpu: case=47 task=sys_evt id=6 runtime_us=0 existed=1[0m
[0;32mI (895086) net_bench: case=47 output=0 wall_us=20021453 bytes=160263 open_us=68287 error=0 rssi=-76 heap_min=14656[0m
[0;32mI (895095) net_bench: case=47 recv_total_us=2563227 recv_positive_us=300366 recv_empty_us=2262861[0m
[0;32mI (895105) net_bench: case=47 cpu_lean=1 gap_metrics_valid=0 heap_is_final=1[0m
[0;32mI (895112) net_bench: case=47 sampled_heap_min=13704 rx_gap_tick_ms=467 wait_calls=19091[0m
[0;32mI (895121) net_bench: case=47 calls=19382 empty=19091 rx_gap_us=0 app_gap_us=0 empty_wait_us=0 recv_max_us=5243 commit_max_us=0 ready_max=0 ready_probes=0[0m
[0;32mI (895136) net_bench: case=47 pcm_frames=0 rate=0 eof=1882 underrun=1881 stack=1180[0m
[0;32mI (895144) net_bench: case=47 second=0 bytes=8192 rssi=-77[0m
[0;32mI (895150) net_bench: case=47 second=1 bytes=8245 rssi=-77[0m
[0;32mI (895156) net_bench: case=47 second=2 bytes=8245 rssi=-84[0m
[0;32mI (895162) net_bench: case=47 second=3 bytes=8245 rssi=-82[0m
[0;32mI (895168) net_bench: case=47 second=4 bytes=7221 rssi=-83[0m
[0;32mI (895175) net_bench: case=47 second=5 bytes=8245 rssi=-83[0m
[0;32mI (895181) net_bench: case=47 second=6 bytes=8245 rssi=-76[0m
[0;32mI (895187) net_bench: case=47 second=7 bytes=8245 rssi=-76[0m
[0;32mI (895193) net_bench: case=47 second=8 bytes=7221 rssi=-76[0m
[0;32mI (895199) net_bench: case=47 second=9 bytes=8245 rssi=-75[0m
[0;32mI (895205) net_bench: case=47 second=10 bytes=8245 rssi=-76[0m
[0;32mI (895211) net_bench: case=47 second=11 bytes=8245 rssi=-82[0m
[0;32mI (895218) net_bench: case=47 second=12 bytes=8245 rssi=-83[0m
[0;32mI (895224) net_bench: case=47 second=13 bytes=7221 rssi=-83[0m
[0;32mI (895230) net_bench: case=47 second=14 bytes=8245 rssi=-83[0m
[0;32mI (895236) net_bench: case=47 second=15 bytes=8245 rssi=-82[0m
[0;32mI (895243) net_bench: case=47 second=16 bytes=8245 rssi=-75[0m
[0;32mI (895249) net_bench: case=47 second=17 bytes=8245 rssi=-76[0m
[0;32mI (895255) net_bench: case=47 second=18 bytes=7221 rssi=-75[0m
[0;32mI (895261) net_bench: case=47 second=19 bytes=7757 rssi=-75[0m
[0;32mI (896268) net_bench: case=48 path=/mp3-320?rate=0 output=0 begin rssi=-72 round=6 fixture=0 variant=0 wait_ms=0 read_limit=1024 batch=1[0m
[0;32mI (916389) net_cpu: case=48 valid=1 total_us=20053768 tasks_before=8 tasks_after=8 snapshot_bytes=1440[0m
[0;32mI (916391) net_cpu: case=48 task=audio id=4 runtime_us=3282915 existed=1[0m
[0;32mI (916397) net_cpu: case=48 task=IDLE id=2 runtime_us=12523574 existed=1[0m
[0;32mI (916405) net_cpu: case=48 task=uiT id=1 runtime_us=37855 existed=1[0m
[0;32mI (916412) net_cpu: case=48 task=tiT id=5 runtime_us=2285591 existed=1[0m
[0;32mI (916419) net_cpu: case=48 task=httpd id=9 runtime_us=112648 existed=1[0m
[0;32mI (916426) net_cpu: case=48 task=ppT id=7 runtime_us=1813144 existed=1[0m
[0;32mI (916433) net_cpu: case=48 task=Tmr Svc id=3 runtime_us=0 existed=1[0m
[0;32mI (916440) net_cpu: case=48 task=sys_evt id=6 runtime_us=0 existed=1[0m
[0;32mI (916449) net_bench: case=48 output=0 wall_us=20026022 bytes=1106048 open_us=79691 error=0 rssi=-84 heap_min=10960[0m
[0;32mI (916458) net_bench: case=48 recv_total_us=3968147 recv_positive_us=1931261 recv_empty_us=2036886[0m
[0;32mI (916468) net_bench: case=48 cpu_lean=1 gap_metrics_valid=0 heap_is_final=1[0m
[0;32mI (916476) net_bench: case=48 sampled_heap_min=10956 rx_gap_tick_ms=346 wait_calls=15090[0m
[0;32mI (916484) net_bench: case=48 calls=17029 empty=15090 rx_gap_us=0 app_gap_us=0 empty_wait_us=0 recv_max_us=5837 commit_max_us=0 ready_max=0 ready_probes=0[0m
[0;32mI (916499) net_bench: case=48 pcm_frames=0 rate=0 eof=1883 underrun=1882 stack=1180[0m
[0;32mI (916507) net_bench: case=48 second=0 bytes=49720 rssi=-84[0m
[0;32mI (916513) net_bench: case=48 second=1 bytes=49024 rssi=-73[0m
[0;32mI (916520) net_bench: case=48 second=2 bytes=50144 rssi=-74[0m
[0;32mI (916526) net_bench: case=48 second=3 bytes=86552 rssi=-72[0m
[0;32mI (916532) net_bench: case=48 second=4 bytes=44784 rssi=-76[0m
[0;32mI (916538) net_bench: case=48 second=5 bytes=19008 rssi=-79[0m
[0;32mI (916545) net_bench: case=48 second=6 bytes=42640 rssi=-83[0m
[0;32mI (916551) net_bench: case=48 second=7 bytes=56280 rssi=-85[0m
[0;32mI (916557) net_bench: case=48 second=8 bytes=51168 rssi=-85[0m
[0;32mI (916563) net_bench: case=48 second=9 bytes=93272 rssi=-85[0m
[0;32mI (916569) net_bench: case=48 second=10 bytes=38056 rssi=-84[0m
[0;32mI (916576) net_bench: case=48 second=11 bytes=47416 rssi=-77[0m
[0;32mI (916582) net_bench: case=48 second=12 bytes=107840 rssi=-74[0m
[0;32mI (916589) net_bench: case=48 second=13 bytes=43176 rssi=-75[0m
[0;32mI (916595) net_bench: case=48 second=14 bytes=53064 rssi=-75[0m
[0;32mI (916601) net_bench: case=48 second=15 bytes=76896 rssi=-84[0m
[0;32mI (916607) net_bench: case=48 second=16 bytes=55208 rssi=-82[0m
[0;32mI (916614) net_bench: case=48 second=17 bytes=15008 rssi=-83[0m
[0;32mI (916620) net_bench: case=48 second=18 bytes=46632 rssi=-83[0m
[0;32mI (916626) net_bench: case=48 second=19 bytes=80160 rssi=-83[0m
[0;32mI (917634) net_bench: case=49 path=/mp3-320?rate=0 output=0 begin rssi=-82 round=6 fixture=0 variant=1 wait_ms=25 read_limit=1024 batch=1[0m
[0;32mI (938787) net_cpu: case=49 valid=1 total_us=20079530 tasks_before=8 tasks_after=8 snapshot_bytes=1440[0m
[0;32mI (938789) net_cpu: case=49 task=audio id=4 runtime_us=2884476 existed=1[0m
[0;32mI (938795) net_cpu: case=49 task=IDLE id=2 runtime_us=11950937 existed=1[0m
[0;32mI (938803) net_cpu: case=49 task=tiT id=5 runtime_us=2878684 existed=1[0m
[0;32mI (938810) net_cpu: case=49 task=uiT id=1 runtime_us=37830 existed=1[0m
[0;32mI (938817) net_cpu: case=49 task=httpd id=9 runtime_us=108625 existed=1[0m
[0;32mI (938824) net_cpu: case=49 task=ppT id=7 runtime_us=2220775 existed=1[0m
[0;32mI (938831) net_cpu: case=49 task=Tmr Svc id=3 runtime_us=0 existed=1[0m
[0;32mI (938838) net_cpu: case=49 task=sys_evt id=6 runtime_us=0 existed=1[0m
[0;32mI (938847) net_bench: case=49 output=0 wall_us=20051569 bytes=1364088 open_us=1086440 error=0 rssi=-72 heap_min=11632[0m
[0;32mI (938857) net_bench: case=49 recv_total_us=3012754 recv_positive_us=2731729 recv_empty_us=281025[0m
[0;32mI (938866) net_bench: case=49 cpu_lean=1 gap_metrics_valid=0 heap_is_final=1[0m
[0;32mI (938874) net_bench: case=49 sampled_heap_min=10380 rx_gap_tick_ms=924 wait_calls=1551[0m
[0;32mI (938883) net_bench: case=49 calls=3691 empty=1551 rx_gap_us=0 app_gap_us=0 empty_wait_us=0 recv_max_us=8328 commit_max_us=0 ready_max=0 ready_probes=0[0m
[0;32mI (938897) net_bench: case=49 pcm_frames=0 rate=0 eof=1885 underrun=1884 stack=1180[0m
[0;32mI (938905) net_bench: case=49 second=0 bytes=20240 rssi=-76[0m
[0;32mI (938911) net_bench: case=49 second=1 bytes=46928 rssi=-83[0m
[0;32mI (938918) net_bench: case=49 second=2 bytes=140440 rssi=-82[0m
[0;32mI (938924) net_bench: case=49 second=3 bytes=53848 rssi=-82[0m
[0;32mI (938930) net_bench: case=49 second=4 bytes=58432 rssi=-82[0m
[0;32mI (938936) net_bench: case=49 second=5 bytes=105352 rssi=-74[0m
[0;32mI (938943) net_bench: case=49 second=6 bytes=61992 rssi=-74[0m
[0;32mI (938949) net_bench: case=49 second=7 bytes=77184 rssi=-75[0m
[0;32mI (938955) net_bench: case=49 second=8 bytes=45320 rssi=-74[0m
[0;32mI (938961) net_bench: case=49 second=9 bytes=49368 rssi=-75[0m
[0;32mI (938968) net_bench: case=49 second=10 bytes=20904 rssi=-81[0m
[0;32mI (938974) net_bench: case=49 second=11 bytes=75336 rssi=-83[0m
[0;32mI (938980) net_bench: case=49 second=12 bytes=11256 rssi=-85[0m
[0;32mI (938987) net_bench: case=49 second=13 bytes=53360 rssi=-86[0m
[0;32mI (938993) net_bench: case=49 second=14 bytes=57648 rssi=-77[0m
[0;32mI (938999) net_bench: case=49 second=15 bytes=83616 rssi=-76[0m
[0;32mI (939006) net_bench: case=49 second=16 bytes=66464 rssi=-75[0m
[0;32mI (939012) net_bench: case=49 second=17 bytes=100680 rssi=-71[0m
[0;32mI (939018) net_bench: case=49 second=18 bytes=122952 rssi=-71[0m
[0;32mI (939025) net_bench: case=49 second=19 bytes=112768 rssi=-74[0m
[0;32mI (940032) net_bench: case=50 path=/mp3-128?rate=128 output=0 begin rssi=-75 round=6 fixture=1 variant=0 wait_ms=0 read_limit=1024 batch=1[0m
[0;32mI (945480) net_cpu: case=50 valid=1 total_us=5371855 tasks_before=8 tasks_after=8 snapshot_bytes=1440[0m
[0;32mI (945483) net_cpu: case=50 task=audio id=4 runtime_us=833052 existed=1[0m
[0;32mI (945490) net_cpu: case=50 task=IDLE id=2 runtime_us=4139725 existed=1[0m
[0;32mI (945497) net_cpu: case=50 task=uiT id=1 runtime_us=9910 existed=1[0m
[0;32mI (945504) net_cpu: case=50 task=tiT id=5 runtime_us=187077 existed=1[0m
[0;32mI (945511) net_cpu: case=50 task=httpd id=9 runtime_us=29875 existed=1[0m
[0;32mI (945519) net_cpu: case=50 task=ppT id=7 runtime_us=171571 existed=1[0m
[0;32mI (945526) net_cpu: case=50 task=Tmr Svc id=3 runtime_us=0 existed=1[0m
[0;32mI (945533) net_cpu: case=50 task=sys_evt id=6 runtime_us=0 existed=1[0m
[0;32mI (945542) net_bench: case=50 output=0 wall_us=5363906 bytes=70480 open_us=69759 error=-116 rssi=-70 heap_min=12140[0m
[0;32mI (945551) net_bench: case=50 recv_total_us=716005 recv_positive_us=116792 recv_empty_us=597684[0m
[0;32mI (945560) net_bench: case=50 cpu_lean=1 gap_metrics_valid=0 heap_is_final=1[0m
[0;32mI (945568) net_bench: case=50 sampled_heap_min=12140 rx_gap_tick_ms=413 wait_calls=4995[0m
[0;32mI (945576) net_bench: case=50 calls=5117 empty=4995 rx_gap_us=0 app_gap_us=0 empty_wait_us=0 recv_max_us=3040 commit_max_us=0 ready_max=0 ready_probes=0[0m
[0;32mI (945591) net_bench: case=50 pcm_frames=0 rate=0 eof=504 underrun=503 stack=1180[0m
[0;32mI (945599) net_bench: case=50 second=0 bytes=15360 rssi=-75[0m
[0;32mI (945605) net_bench: case=50 second=1 bytes=17254 rssi=-79[0m
[0;32mI (945611) net_bench: case=50 second=2 bytes=15158 rssi=-72[0m
[0;32mI (945618) net_bench: case=50 second=3 bytes=16718 rssi=-74[0m
[0;32mI (945624) net_bench: case=50 second=4 bytes=5990 rssi=-75[0m
[0;32mI (945630) net_bench: case=50 second=5 bytes=0 rssi=-77[0m
[0;32mI (945636) net_bench: case=50 second=6 bytes=0 rssi=-127[0m
[0;32mI (945643) net_bench: case=50 second=7 bytes=0 rssi=-127[0m
[0;32mI (945648) net_bench: case=50 second=8 bytes=0 rssi=-127[0m
[0;32mI (945654) net_bench: case=50 second=9 bytes=0 rssi=-127[0m
[0;32mI (945660) net_bench: case=50 second=10 bytes=0 rssi=-127[0m
[0;32mI (945666) net_bench: case=50 second=11 bytes=0 rssi=-127[0m
[0;32mI (945672) net_bench: case=50 second=12 bytes=0 rssi=-127[0m
[0;32mI (945678) net_bench: case=50 second=13 bytes=0 rssi=-127[0m
[0;32mI (945685) net_bench: case=50 second=14 bytes=0 rssi=-127[0m
[0;32mI (945691) net_bench: case=50 second=15 bytes=0 rssi=-127[0m
[0;32mI (945697) net_bench: case=50 second=16 bytes=0 rssi=-127[0m
[0;32mI (945703) net_bench: case=50 second=17 bytes=0 rssi=-127[0m
[0;32mI (945709) net_bench: case=50 second=18 bytes=0 rssi=-127[0m
[0;32mI (945715) net_bench: case=50 second=19 bytes=0 rssi=-127[0m
[0;32mI (946722) net_bench: case=51 path=/mp3-128?rate=128 output=0 begin rssi=-88 round=6 fixture=1 variant=1 wait_ms=25 read_limit=1024 batch=1[0m
[0;32mI (959461) net_cpu: case=51 valid=1 total_us=9635727 tasks_before=8 tasks_after=8 snapshot_bytes=1440[0m
[0;32mI (959463) net_cpu: case=51 task=audio id=4 runtime_us=683824 existed=1[0m
[0;32mI (959469) net_cpu: case=51 task=IDLE id=2 runtime_us=8169853 existed=1[0m
[0;32mI (959477) net_cpu: case=51 task=uiT id=1 runtime_us=17864 existed=1[0m
[0;32mI (959484) net_cpu: case=51 task=tiT id=5 runtime_us=378236 existed=1[0m
[0;32mI (959491) net_cpu: case=51 task=httpd id=9 runtime_us=51660 existed=1[0m
[0;32mI (959498) net_cpu: case=51 task=ppT id=7 runtime_us=335081 existed=1[0m
[0;32mI (959505) net_cpu: case=51 task=Tmr Svc id=3 runtime_us=0 existed=1[0m
[0;32mI (959512) net_cpu: case=51 task=sys_evt id=6 runtime_us=0 existed=1[0m
[0;32mI (959521) net_bench: case=51 output=0 wall_us=9622072 bytes=138376 open_us=3102406 error=-116 rssi=-73 heap_min=12968[0m
[0;32mI (959530) net_bench: case=51 recv_total_us=284370 recv_positive_us=211104 recv_empty_us=73266[0m
[0;32mI (959540) net_bench: case=51 cpu_lean=1 gap_metrics_valid=0 heap_is_final=1[0m
[0;32mI (959547) net_bench: case=51 sampled_heap_min=10432 rx_gap_tick_ms=466 wait_calls=468[0m
[0;32mI (959556) net_bench: case=51 calls=686 empty=468 rx_gap_us=0 app_gap_us=0 empty_wait_us=0 recv_max_us=3469 commit_max_us=0 ready_max=0 ready_probes=0[0m
[0;32mI (959570) net_bench: case=51 pcm_frames=0 rate=0 eof=905 underrun=904 stack=1180[0m
[0;32mI (959578) net_bench: case=51 second=0 bytes=14384 rssi=-70[0m
[0;32mI (959584) net_bench: case=51 second=1 bytes=16182 rssi=-72[0m
[0;32mI (959591) net_bench: case=51 second=2 bytes=14134 rssi=-86[0m
[0;32mI (959597) net_bench: case=51 second=3 bytes=15350 rssi=-82[0m
[0;32mI (959603) net_bench: case=51 second=4 bytes=20134 rssi=-84[0m
[0;32mI (959609) net_bench: case=51 second=5 bytes=16718 rssi=-83[0m
[0;32mI (959615) net_bench: case=51 second=6 bytes=15694 rssi=-77[0m
[0;32mI (959622) net_bench: case=51 second=7 bytes=15694 rssi=-78[0m
[0;32mI (959628) net_bench: case=51 second=8 bytes=10086 rssi=-76[0m
[0;32mI (959634) net_bench: case=51 second=9 bytes=0 rssi=-76[0m
[0;32mI (959640) net_bench: case=51 second=10 bytes=0 rssi=-127[0m
[0;32mI (959646) net_bench: case=51 second=11 bytes=0 rssi=-127[0m
[0;32mI (959652) net_bench: case=51 second=12 bytes=0 rssi=-127[0m
[0;32mI (959658) net_bench: case=51 second=13 bytes=0 rssi=-127[0m
[0;32mI (959664) net_bench: case=51 second=14 bytes=0 rssi=-127[0m
[0;32mI (959670) net_bench: case=51 second=15 bytes=0 rssi=-127[0m
[0;32mI (959676) net_bench: case=51 second=16 bytes=0 rssi=-127[0m
[0;32mI (959682) net_bench: case=51 second=17 bytes=0 rssi=-127[0m
[0;32mI (959688) net_bench: case=51 second=18 bytes=0 rssi=-127[0m
[0;32mI (959695) net_bench: case=51 second=19 bytes=0 rssi=-127[0m
[0;32mI (960702) net_bench: case=52 path=/mp3-320?rate=320 output=0 begin rssi=-76 round=6 fixture=2 variant=0 wait_ms=0 read_limit=1024 batch=1[0m
[0;32mI (980820) net_cpu: case=52 valid=1 total_us=20051838 tasks_before=8 tasks_after=8 snapshot_bytes=1440[0m
[0;32mI (980822) net_cpu: case=52 task=audio id=4 runtime_us=3236515 existed=1[0m
[0;32mI (980828) net_cpu: case=52 task=IDLE id=2 runtime_us=13363992 existed=1[0m
[0;32mI (980836) net_cpu: case=52 task=uiT id=1 runtime_us=37475 existed=1[0m
[0;32mI (980843) net_cpu: case=52 task=tiT id=5 runtime_us=1851345 existed=1[0m
[0;32mI (980850) net_cpu: case=52 task=httpd id=9 runtime_us=114326 existed=1[0m
[0;32mI (980857) net_cpu: case=52 task=ppT id=7 runtime_us=1450169 existed=1[0m
[0;32mI (980864) net_cpu: case=52 task=Tmr Svc id=3 runtime_us=0 existed=1[0m
[0;32mI (980871) net_cpu: case=52 task=sys_evt id=6 runtime_us=0 existed=1[0m
[0;32mI (980880) net_bench: case=52 output=0 wall_us=20024082 bytes=794848 open_us=79063 error=0 rssi=-77 heap_min=12848[0m
[0;32mI (980889) net_bench: case=52 recv_total_us=3455442 recv_positive_us=1389936 recv_empty_us=2065506[0m
[0;32mI (980899) net_bench: case=52 cpu_lean=1 gap_metrics_valid=0 heap_is_final=1[0m
[0;32mI (980907) net_bench: case=52 sampled_heap_min=10956 rx_gap_tick_ms=375 wait_calls=16127[0m
[0;32mI (980915) net_bench: case=52 calls=17650 empty=16127 rx_gap_us=0 app_gap_us=0 empty_wait_us=0 recv_max_us=4397 commit_max_us=0 ready_max=0 ready_probes=0[0m
[0;32mI (980930) net_bench: case=52 pcm_frames=0 rate=0 eof=1883 underrun=1882 stack=1180[0m
[0;32mI (980938) net_bench: case=52 second=0 bytes=29256 rssi=-85[0m
[0;32mI (980944) net_bench: case=52 second=1 bytes=5896 rssi=-75[0m
[0;32mI (980950) net_bench: case=52 second=2 bytes=44746 rssi=-77[0m
[0;32mI (980958) net_bench: case=52 second=3 bytes=80842 rssi=-76[0m
[0;32mI (980964) net_bench: case=52 second=4 bytes=40236 rssi=-75[0m
[0;32mI (980970) net_bench: case=52 second=5 bytes=39748 rssi=-76[0m
[0;32mI (980976) net_bench: case=52 second=6 bytes=39748 rssi=-83[0m
[0;32mI (980983) net_bench: case=52 second=7 bytes=40772 rssi=-74[0m
[0;32mI (980989) net_bench: case=52 second=8 bytes=39748 rssi=-86[0m
[0;32mI (980995) net_bench: case=52 second=9 bytes=39748 rssi=-83[0m
[0;32mI (981001) net_bench: case=52 second=10 bytes=40772 rssi=-83[0m
[0;32mI (981008) net_bench: case=52 second=11 bytes=39260 rssi=-78[0m
[0;32mI (981014) net_bench: case=52 second=12 bytes=40772 rssi=-78[0m
[0;32mI (981020) net_bench: case=52 second=13 bytes=40236 rssi=-76[0m
[0;32mI (981027) net_bench: case=52 second=14 bytes=38724 rssi=-85[0m
[0;32mI (981033) net_bench: case=52 second=15 bytes=38284 rssi=-87[0m
[0;32mI (981039) net_bench: case=52 second=16 bytes=38816 rssi=-87[0m
[0;32mI (981045) net_bench: case=52 second=17 bytes=44192 rssi=-85[0m
[0;32mI (981052) net_bench: case=52 second=18 bytes=37700 rssi=-85[0m
[0;32mI (981058) net_bench: case=52 second=19 bytes=35352 rssi=-86[0m
[0;32mI (982065) net_bench: case=53 path=/mp3-320?rate=320 output=0 begin rssi=-74 round=6 fixture=2 variant=1 wait_ms=25 read_limit=1024 batch=1[0m
[0;32mI (1002212) net_cpu: case=53 valid=1 total_us=20063520 tasks_before=8 tasks_after=8 snapshot_bytes=1440[0m
[0;32mI (1002214) net_cpu: case=53 task=audio id=4 runtime_us=2144065 existed=1[0m
[0;32mI (1002221) net_cpu: case=53 task=IDLE id=2 runtime_us=15346914 existed=1[0m
[0;32mI (1002228) net_cpu: case=53 task=uiT id=1 runtime_us=36989 existed=1[0m
[0;32mI (1002235) net_cpu: case=53 task=tiT id=5 runtime_us=1367038 existed=1[0m
[0;32mI (1002242) net_cpu: case=53 task=httpd id=9 runtime_us=106845 existed=1[0m
[0;32mI (1002250) net_cpu: case=53 task=ppT id=7 runtime_us=1063388 existed=1[0m
[0;32mI (1002257) net_cpu: case=53 task=Tmr Svc id=3 runtime_us=0 existed=1[0m
[0;32mI (1002264) net_cpu: case=53 task=sys_evt id=6 runtime_us=0 existed=1[0m
[0;32mI (1002273) net_bench: case=53 output=0 wall_us=20035813 bytes=561532 open_us=96250 error=0 rssi=-77 heap_min=10948[0m
[0;32mI (1002282) net_bench: case=53 recv_total_us=1064553 recv_positive_us=860152 recv_empty_us=204401[0m
[0;32mI (1002292) net_bench: case=53 cpu_lean=1 gap_metrics_valid=0 heap_is_final=1[0m
[0;32mI (1002300) net_bench: case=53 sampled_heap_min=9616 rx_gap_tick_ms=917 wait_calls=1333[0m
[0;32mI (1002308) net_bench: case=53 calls=2360 empty=1333 rx_gap_us=0 app_gap_us=0 empty_wait_us=0 recv_max_us=4198 commit_max_us=0 ready_max=0 ready_probes=0[0m
[0;32mI (1002323) net_bench: case=53 pcm_frames=0 rate=0 eof=1884 underrun=1883 stack=1180[0m
[0;32mI (1002331) net_bench: case=53 second=0 bytes=28720 rssi=-73[0m
[0;32mI (1002337) net_bench: case=53 second=1 bytes=47152 rssi=-85[0m
[0;32mI (1002344) net_bench: case=53 second=2 bytes=30000 rssi=-73[0m
[0;32mI (1002350) net_bench: case=53 second=3 bytes=47448 rssi=-90[0m
[0;32mI (1002356) net_bench: case=53 second=4 bytes=9508 rssi=-75[0m
[0;32mI (1002363) net_bench: case=53 second=5 bytes=15840 rssi=-87[0m
[0;32mI (1002369) net_bench: case=53 second=6 bytes=18872 rssi=-83[0m
[0;32mI (1002375) net_bench: case=53 second=7 bytes=26432 rssi=-75[0m
[0;32mI (1002382) net_bench: case=53 second=8 bytes=63528 rssi=-77[0m
[0;32mI (1002388) net_bench: case=53 second=9 bytes=43000 rssi=-73[0m
[0;32mI (1002394) net_bench: case=53 second=10 bytes=29064 rssi=-78[0m
[0;32mI (1002401) net_bench: case=53 second=11 bytes=17304 rssi=-87[0m
[0;32mI (1002407) net_bench: case=53 second=12 bytes=9408 rssi=-87[0m
[0;32mI (1002413) net_bench: case=53 second=13 bytes=18816 rssi=-85[0m
[0;32mI (1002420) net_bench: case=53 second=14 bytes=5656 rssi=-91[0m
[0;32mI (1002426) net_bench: case=53 second=15 bytes=8716 rssi=-85[0m
[0;32mI (1002432) net_bench: case=53 second=16 bytes=13160 rssi=-88[0m
[0;32mI (1002439) net_bench: case=53 second=17 bytes=57944 rssi=-80[0m
[0;32mI (1002445) net_bench: case=53 second=18 bytes=35728 rssi=-77[0m
[0;32mI (1002452) net_bench: case=53 second=19 bytes=35236 rssi=-80[0m
[0;32mI (1003459) net_bench: case=54 path=/aac-64?rate=64 output=0 begin rssi=-81 round=6 fixture=3 variant=0 wait_ms=0 read_limit=1024 batch=1[0m
[0;32mI (1012023) net_cpu: case=54 valid=1 total_us=8482309 tasks_before=8 tasks_after=8 snapshot_bytes=1440[0m
[0;32mI (1012026) net_cpu: case=54 task=audio id=4 runtime_us=1307423 existed=1[0m
[0;32mI (1012033) net_cpu: case=54 task=IDLE id=2 runtime_us=6706786 existed=1[0m
[0;32mI (1012041) net_cpu: case=54 task=tiT id=5 runtime_us=197229 existed=1[0m
[0;32mI (1012048) net_cpu: case=54 task=uiT id=1 runtime_us=15724 existed=1[0m
[0;32mI (1012055) net_cpu: case=54 task=httpd id=9 runtime_us=46698 existed=1[0m
[0;32mI (1012062) net_cpu: case=54 task=ppT id=7 runtime_us=207084 existed=1[0m
[0;32mI (1012070) net_cpu: case=54 task=Tmr Svc id=3 runtime_us=0 existed=1[0m
[0;32mI (1012077) net_cpu: case=54 task=sys_evt id=6 runtime_us=0 existed=1[0m
[0;32mI (1012085) net_bench: case=54 output=0 wall_us=8470235 bytes=60299 open_us=79575 error=-116 rssi=-67 heap_min=14012[0m
[0;32mI (1012095) net_bench: case=54 recv_total_us=1085909 recv_positive_us=107010 recv_empty_us=977357[0m
[0;32mI (1012105) net_bench: case=54 cpu_lean=1 gap_metrics_valid=0 heap_is_final=1[0m
[0;32mI (1012112) net_bench: case=54 sampled_heap_min=13360 rx_gap_tick_ms=260 wait_calls=8095[0m
[0;32mI (1012121) net_bench: case=54 calls=8207 empty=8095 rx_gap_us=0 app_gap_us=0 empty_wait_us=0 recv_max_us=3719 commit_max_us=0 ready_max=0 ready_probes=0[0m
[0;32mI (1012135) net_bench: case=54 pcm_frames=0 rate=0 eof=796 underrun=795 stack=1180[0m
[0;32mI (1012144) net_bench: case=54 second=0 bytes=8192 rssi=-83[0m
[0;32mI (1012150) net_bench: case=54 second=1 bytes=8245 rssi=-82[0m
[0;32mI (1012156) net_bench: case=54 second=2 bytes=8245 rssi=-79[0m
[0;32mI (1012162) net_bench: case=54 second=3 bytes=8245 rssi=-76[0m
[0;32mI (1012168) net_bench: case=54 second=4 bytes=7221 rssi=-78[0m
[0;32mI (1012175) net_bench: case=54 second=5 bytes=7757 rssi=-80[0m
[0;32mI (1012181) net_bench: case=54 second=6 bytes=8733 rssi=-87[0m
[0;32mI (1012187) net_bench: case=54 second=7 bytes=3661 rssi=-84[0m
[0;32mI (1012193) net_bench: case=54 second=8 bytes=0 rssi=-69[0m
[0;32mI (1012199) net_bench: case=54 second=9 bytes=0 rssi=-127[0m
[0;32mI (1012205) net_bench: case=54 second=10 bytes=0 rssi=-127[0m
[0;32mI (1012212) net_bench: case=54 second=11 bytes=0 rssi=-127[0m
[0;32mI (1012218) net_bench: case=54 second=12 bytes=0 rssi=-127[0m
[0;32mI (1012224) net_bench: case=54 second=13 bytes=0 rssi=-127[0m
[0;32mI (1012230) net_bench: case=54 second=14 bytes=0 rssi=-127[0m
[0;32mI (1012236) net_bench: case=54 second=15 bytes=0 rssi=-127[0m
[0;32mI (1012242) net_bench: case=54 second=16 bytes=0 rssi=-127[0m
[0;32mI (1012248) net_bench: case=54 second=17 bytes=0 rssi=-127[0m
[0;32mI (1012255) net_bench: case=54 second=18 bytes=0 rssi=-127[0m
[0;32mI (1012261) net_bench: case=54 second=19 bytes=0 rssi=-127[0m
[0;32mI (1013268) net_bench: case=55 path=/aac-64?rate=64 output=0 begin rssi=-69 round=6 fixture=3 variant=1 wait_ms=25 read_limit=1024 batch=1[0m
[0;32mI (1040404) net_cpu: case=55 valid=1 total_us=20074418 tasks_before=8 tasks_after=8 snapshot_bytes=1440[0m
[0;32mI (1040406) net_cpu: case=55 task=audio id=4 runtime_us=1197407 existed=1[0m
[0;32mI (1040413) net_cpu: case=55 task=IDLE id=2 runtime_us=17717175 existed=1[0m
[0;32mI (1040422) net_cpu: case=55 task=uiT id=1 runtime_us=37440 existed=1[0m
[0;32mI (1040427) net_cpu: case=55 task=tiT id=5 runtime_us=507391 existed=1[0m
[0;32mI (1040434) net_cpu: case=55 task=httpd id=9 runtime_us=107213 existed=1[0m
[0;32mI (1040442) net_cpu: case=55 task=ppT id=7 runtime_us=509544 existed=1[0m
[0;32mI (1040449) net_cpu: case=55 task=Tmr Svc id=3 runtime_us=0 existed=1[0m
[0;32mI (1040456) net_cpu: case=55 task=sys_evt id=6 runtime_us=0 existed=1[0m
[0;32mI (1040465) net_bench: case=55 output=0 wall_us=20046827 bytes=160263 open_us=7073523 error=0 rssi=-75 heap_min=14640[0m
[0;32mI (1040474) net_bench: case=55 recv_total_us=375875 recv_positive_us=242354 recv_empty_us=133521[0m
[0;32mI (1040484) net_bench: case=55 cpu_lean=1 gap_metrics_valid=0 heap_is_final=1[0m
[0;32mI (1040492) net_bench: case=55 sampled_heap_min=12704 rx_gap_tick_ms=535 wait_calls=869[0m
[0;32mI (1040500) net_bench: case=55 calls=1122 empty=869 rx_gap_us=0 app_gap_us=0 empty_wait_us=0 recv_max_us=3787 commit_max_us=0 ready_max=0 ready_probes=0[0m
[0;32mI (1040514) net_bench: case=55 pcm_frames=0 rate=0 eof=1885 underrun=1884 stack=1180[0m
[0;32mI (1040523) net_bench: case=55 second=0 bytes=8192 rssi=-84[0m
[0;32mI (1040529) net_bench: case=55 second=1 bytes=8245 rssi=-86[0m
[0;32mI (1040535) net_bench: case=55 second=2 bytes=8245 rssi=-85[0m
[0;32mI (1040542) net_bench: case=55 second=3 bytes=7757 rssi=-85[0m
[0;32mI (1040548) net_bench: case=55 second=4 bytes=7709 rssi=-74[0m
[0;32mI (1040554) net_bench: case=55 second=5 bytes=8245 rssi=-72[0m
[0;32mI (1040560) net_bench: case=55 second=6 bytes=8245 rssi=-77[0m
[0;32mI (1040567) net_bench: case=55 second=7 bytes=8245 rssi=-73[0m
[0;32mI (1040573) net_bench: case=55 second=8 bytes=7221 rssi=-86[0m
[0;32mI (1040579) net_bench: case=55 second=9 bytes=8245 rssi=-87[0m
[0;32mI (1040585) net_bench: case=55 second=10 bytes=8245 rssi=-87[0m
[0;32mI (1040592) net_bench: case=55 second=11 bytes=7757 rssi=-86[0m
[0;32mI (1040598) net_bench: case=55 second=12 bytes=8245 rssi=-85[0m
[0;32mI (1040604) net_bench: case=55 second=13 bytes=7709 rssi=-78[0m
[0;32mI (1040610) net_bench: case=55 second=14 bytes=8245 rssi=-77[0m
[0;32mI (1040617) net_bench: case=55 second=15 bytes=8245 rssi=-72[0m
[0;32mI (1040623) net_bench: case=55 second=16 bytes=8245 rssi=-72[0m
[0;32mI (1040629) net_bench: case=55 second=17 bytes=6733 rssi=-75[0m
[0;32mI (1040636) net_bench: case=55 second=18 bytes=7221 rssi=-85[0m
[0;32mI (1040642) net_bench: case=55 second=19 bytes=9269 rssi=-88[0m
[0;32mI (1041650) net_bench: case=56 path=/mp3-320?rate=0 output=0 begin rssi=-77 round=7 fixture=0 variant=1 wait_ms=25 read_limit=1024 batch=1[0m
[0;32mI (1045389) net_cpu: case=56 valid=1 total_us=3644854 tasks_before=8 tasks_after=8 snapshot_bytes=1440[0m
[0;32mI (1045391) net_cpu: case=56 task=audio id=4 runtime_us=254819 existed=1[0m
[0;32mI (1045397) net_cpu: case=56 task=IDLE id=2 runtime_us=3122275 existed=1[0m
[0;32mI (1045405) net_cpu: case=56 task=uiT id=1 runtime_us=6574 existed=1[0m
[0;32mI (1045412) net_cpu: case=56 task=tiT id=5 runtime_us=129181 existed=1[0m
[0;32mI (1045419) net_cpu: case=56 task=httpd id=9 runtime_us=18804 existed=1[0m
[0;32mI (1045426) net_cpu: case=56 task=ppT id=7 runtime_us=114991 existed=1[0m
[0;32mI (1045433) net_cpu: case=56 task=Tmr Svc id=3 runtime_us=0 existed=1[0m
[0;32mI (1045440) net_cpu: case=56 task=sys_evt id=6 runtime_us=0 existed=1[0m
[0;32mI (1045449) net_bench: case=56 output=0 wall_us=3639217 bytes=48648 open_us=85052 error=-116 rssi=-75 heap_min=12968[0m
[0;32mI (1045459) net_bench: case=56 recv_total_us=99441 recv_positive_us=73332 recv_empty_us=26109[0m
[0;32mI (1045468) net_bench: case=56 cpu_lean=1 gap_metrics_valid=0 heap_is_final=1[0m
[0;32mI (1045476) net_bench: case=56 sampled_heap_min=10948 rx_gap_tick_ms=323 wait_calls=177[0m
[0;32mI (1045484) net_bench: case=56 calls=257 empty=177 rx_gap_us=0 app_gap_us=0 empty_wait_us=0 recv_max_us=3179 commit_max_us=0 ready_max=0 ready_probes=0[0m
[0;32mI (1045499) net_bench: case=56 pcm_frames=0 rate=0 eof=342 underrun=341 stack=1180[0m
[0;32mI (1045507) net_bench: case=56 second=0 bytes=17024 rssi=-78[0m
[0;32mI (1045513) net_bench: case=56 second=1 bytes=20904 rssi=-77[0m
[0;32mI (1045519) net_bench: case=56 second=2 bytes=10720 rssi=-76[0m
[0;32mI (1045526) net_bench: case=56 second=3 bytes=0 rssi=-81[0m
[0;32mI (1045532) net_bench: case=56 second=4 bytes=0 rssi=-127[0m
[0;32mI (1045538) net_bench: case=56 second=5 bytes=0 rssi=-127[0m
[0;32mI (1045544) net_bench: case=56 second=6 bytes=0 rssi=-127[0m
[0;32mI (1045550) net_bench: case=56 second=7 bytes=0 rssi=-127[0m
[0;32mI (1045556) net_bench: case=56 second=8 bytes=0 rssi=-127[0m
[0;32mI (1045562) net_bench: case=56 second=9 bytes=0 rssi=-127[0m
[0;32mI (1045568) net_bench: case=56 second=10 bytes=0 rssi=-127[0m
[0;32mI (1045574) net_bench: case=56 second=11 bytes=0 rssi=-127[0m
[0;32mI (1045580) net_bench: case=56 second=12 bytes=0 rssi=-127[0m
[0;32mI (1045587) net_bench: case=56 second=13 bytes=0 rssi=-127[0m
[0;32mI (1045593) net_bench: case=56 second=14 bytes=0 rssi=-127[0m
[0;32mI (1045599) net_bench: case=56 second=15 bytes=0 rssi=-127[0m
[0;32mI (1045605) net_bench: case=56 second=16 bytes=0 rssi=-127[0m
[0;32mI (1045611) net_bench: case=56 second=17 bytes=0 rssi=-127[0m
[0;32mI (1045617) net_bench: case=56 second=18 bytes=0 rssi=-127[0m
[0;32mI (1045623) net_bench: case=56 second=19 bytes=0 rssi=-127[0m
[0;32mI (1046630) net_bench: case=57 path=/mp3-320?rate=0 output=0 begin rssi=-74 round=7 fixture=0 variant=0 wait_ms=0 read_limit=1024 batch=1[0m
[0;32mI (1051970) net_cpu: case=57 valid=1 total_us=5248571 tasks_before=8 tasks_after=8 snapshot_bytes=1440[0m
[0;32mI (1051973) net_cpu: case=57 task=audio id=4 runtime_us=841534 existed=1[0m
[0;32mI (1051980) net_cpu: case=57 task=IDLE id=2 runtime_us=3759638 existed=1[0m
[0;32mI (1051988) net_cpu: case=57 task=uiT id=1 runtime_us=10069 existed=1[0m
[0;32mI (1051995) net_cpu: case=57 task=tiT id=5 runtime_us=330047 existed=1[0m
[0;32mI (1052002) net_cpu: case=57 task=ppT id=7 runtime_us=277751 existed=1[0m
[0;32mI (1052009) net_cpu: case=57 task=httpd id=9 runtime_us=29963 existed=1[0m
[0;32mI (1052016) net_cpu: case=57 task=Tmr Svc id=3 runtime_us=0 existed=1[0m
[0;32mI (1052024) net_cpu: case=57 task=sys_evt id=6 runtime_us=0 existed=1[0m
[0;32mI (1052032) net_bench: case=57 output=0 wall_us=5240772 bytes=149720 open_us=84133 error=-116 rssi=-90 heap_min=12972[0m
[0;32mI (1052042) net_bench: case=57 recv_total_us=768876 recv_positive_us=210065 recv_empty_us=557287[0m
[0;32mI (1052051) net_bench: case=57 cpu_lean=1 gap_metrics_valid=0 heap_is_final=1[0m
[0;32mI (1052059) net_bench: case=57 sampled_heap_min=10960 rx_gap_tick_ms=341 wait_calls=4605[0m
[0;32mI (1052068) net_bench: case=57 calls=4868 empty=4605 rx_gap_us=0 app_gap_us=0 empty_wait_us=0 recv_max_us=2365 commit_max_us=0 ready_max=0 ready_probes=0[0m
[0;32mI (1052082) net_bench: case=57 pcm_frames=0 rate=0 eof=493 underrun=492 stack=1180[0m
[0;32mI (1052091) net_bench: case=57 second=0 bytes=59664 rssi=-87[0m
[0;32mI (1052097) net_bench: case=57 second=1 bytes=17688 rssi=-89[0m
[0;32mI (1052103) net_bench: case=57 second=2 bytes=53072 rssi=-87[0m
[0;32mI (1052109) net_bench: case=57 second=3 bytes=16616 rssi=-72[0m
[0;32mI (1052116) net_bench: case=57 second=4 bytes=2680 rssi=-73[0m
[0;32mI (1052122) net_bench: case=57 second=5 bytes=0 rssi=-74[0m
[0;32mI (1052128) net_bench: case=57 second=6 bytes=0 rssi=-127[0m
[0;32mI (1052134) net_bench: case=57 second=7 bytes=0 rssi=-127[0m
[0;32mI (1052140) net_bench: case=57 second=8 bytes=0 rssi=-127[0m
[0;32mI (1052146) net_bench: case=57 second=9 bytes=0 rssi=-127[0m
[0;32mI (1052152) net_bench: case=57 second=10 bytes=0 rssi=-127[0m
[0;32mI (1052158) net_bench: case=57 second=11 bytes=0 rssi=-127[0m
[0;32mI (1052164) net_bench: case=57 second=12 bytes=0 rssi=-127[0m
[0;32mI (1052171) net_bench: case=57 second=13 bytes=0 rssi=-127[0m
[0;32mI (1052177) net_bench: case=57 second=14 bytes=0 rssi=-127[0m
[0;32mI (1052183) net_bench: case=57 second=15 bytes=0 rssi=-127[0m
[0;32mI (1052189) net_bench: case=57 second=16 bytes=0 rssi=-127[0m
[0;32mI (1052195) net_bench: case=57 second=17 bytes=0 rssi=-127[0m
[0;32mI (1052201) net_bench: case=57 second=18 bytes=0 rssi=-127[0m
[0;32mI (1052208) net_bench: case=57 second=19 bytes=0 rssi=-127[0m
[0;32mI (1053215) net_bench: case=58 path=/mp3-128?rate=128 output=0 begin rssi=-75 round=7 fixture=1 variant=1 wait_ms=25 read_limit=1024 batch=1[0m
[0;32mI (1073342) net_cpu: case=58 valid=1 total_us=20058393 tasks_before=8 tasks_after=8 snapshot_bytes=1440[0m
[0;32mI (1073345) net_cpu: case=58 task=audio id=4 runtime_us=1566700 existed=1[0m
[0;32mI (1073352) net_cpu: case=58 task=IDLE id=2 runtime_us=16651907 existed=1[0m
[0;32mI (1073359) net_cpu: case=58 task=tiT id=5 runtime_us=915310 existed=1[0m
[0;32mI (1073366) net_cpu: case=58 task=uiT id=1 runtime_us=36809 existed=1[0m
[0;32mI (1073374) net_cpu: case=58 task=httpd id=9 runtime_us=106413 existed=1[0m
[0;32mI (1073381) net_cpu: case=58 task=ppT id=7 runtime_us=783218 existed=1[0m
[0;32mI (1073388) net_cpu: case=58 task=Tmr Svc id=3 runtime_us=0 existed=1[0m
[0;32mI (1073395) net_cpu: case=58 task=sys_evt id=6 runtime_us=0 existed=1[0m
[0;32mI (1073404) net_bench: case=58 output=0 wall_us=20030775 bytes=320714 open_us=80513 error=0 rssi=-75 heap_min=12320[0m
[0;32mI (1073413) net_bench: case=58 recv_total_us=678746 recv_positive_us=511574 recv_empty_us=167172[0m
[0;32mI (1073423) net_bench: case=58 cpu_lean=1 gap_metrics_valid=0 heap_is_final=1[0m
[0;32mI (1073430) net_bench: case=58 sampled_heap_min=10532 rx_gap_tick_ms=235 wait_calls=1046[0m
[0;32mI (1073439) net_bench: case=58 calls=1598 empty=1046 rx_gap_us=0 app_gap_us=0 empty_wait_us=0 recv_max_us=2907 commit_max_us=0 ready_max=0 ready_probes=0[0m
[0;32mI (1073453) net_bench: case=58 pcm_frames=0 rate=0 eof=1884 underrun=1883 stack=1180[0m
[0;32mI (1073462) net_bench: case=58 second=0 bytes=14872 rssi=-84[0m
[0;32mI (1073468) net_bench: case=58 second=1 bytes=17206 rssi=-85[0m
[0;32mI (1073474) net_bench: case=58 second=2 bytes=16230 rssi=-85[0m
[0;32mI (1073481) net_bench: case=58 second=3 bytes=16182 rssi=-86[0m
[0;32mI (1073487) net_bench: case=58 second=4 bytes=15694 rssi=-76[0m
[0;32mI (1073493) net_bench: case=58 second=5 bytes=16718 rssi=-74[0m
[0;32mI (1073500) net_bench: case=58 second=6 bytes=15694 rssi=-76[0m
[0;32mI (1073506) net_bench: case=58 second=7 bytes=16230 rssi=-87[0m
[0;32mI (1073512) net_bench: case=58 second=8 bytes=16182 rssi=-75[0m
[0;32mI (1073519) net_bench: case=58 second=9 bytes=15694 rssi=-75[0m
[0;32mI (1073525) net_bench: case=58 second=10 bytes=16230 rssi=-86[0m
[0;32mI (1073531) net_bench: case=58 second=11 bytes=16182 rssi=-82[0m
[0;32mI (1073538) net_bench: case=58 second=12 bytes=15694 rssi=-82[0m
[0;32mI (1073544) net_bench: case=58 second=13 bytes=15694 rssi=-82[0m
[0;32mI (1073551) net_bench: case=58 second=14 bytes=16718 rssi=-75[0m
[0;32mI (1073557) net_bench: case=58 second=15 bytes=15694 rssi=-81[0m
[0;32mI (1073563) net_bench: case=58 second=16 bytes=16230 rssi=-75[0m
[0;32mI (1073570) net_bench: case=58 second=17 bytes=15694 rssi=-75[0m
[0;32mI (1073576) net_bench: case=58 second=18 bytes=15694 rssi=-75[0m
[0;32mI (1073583) net_bench: case=58 second=19 bytes=16182 rssi=-84[0m
[0;32mI (1074590) net_bench: case=59 path=/mp3-128?rate=128 output=0 begin rssi=-77 round=7 fixture=1 variant=0 wait_ms=0 read_limit=1024 batch=1[0m
[0;32mI (1083576) net_cpu: case=59 valid=1 total_us=8900257 tasks_before=8 tasks_after=8 snapshot_bytes=1440[0m
[0;32mI (1083579) net_cpu: case=59 task=audio id=4 runtime_us=1381214 existed=1[0m
[0;32mI (1083586) net_cpu: case=59 task=IDLE id=2 runtime_us=6806622 existed=1[0m
[0;32mI (1083594) net_cpu: case=59 task=uiT id=1 runtime_us=16629 existed=1[0m
[0;32mI (1083601) net_cpu: case=59 task=tiT id=5 runtime_us=340637 existed=1[0m
[0;32mI (1083608) net_cpu: case=59 task=httpd id=9 runtime_us=49671 existed=1[0m
[0;32mI (1083615) net_cpu: case=59 task=ppT id=7 runtime_us=304561 existed=1[0m
[0;32mI (1083623) net_cpu: case=59 task=Tmr Svc id=3 runtime_us=0 existed=1[0m
[0;32mI (1083630) net_cpu: case=59 task=sys_evt id=6 runtime_us=0 existed=1[0m
[0;32mI (1083639) net_bench: case=59 output=0 wall_us=8887620 bytes=126778 open_us=83865 error=-116 rssi=-77 heap_min=12200[0m
[0;32mI (1083648) net_bench: case=59 recv_total_us=1210561 recv_positive_us=220037 recv_empty_us=988983[0m
[0;32mI (1083658) net_bench: case=59 cpu_lean=1 gap_metrics_valid=0 heap_is_final=1[0m
[0;32mI (1083665) net_bench: case=59 sampled_heap_min=11004 rx_gap_tick_ms=446 wait_calls=8202[0m
[0;32mI (1083674) net_bench: case=59 calls=8427 empty=8202 rx_gap_us=0 app_gap_us=0 empty_wait_us=0 recv_max_us=3225 commit_max_us=0 ready_max=0 ready_probes=0[0m
[0;32mI (1083688) net_bench: case=59 pcm_frames=0 rate=0 eof=836 underrun=835 stack=1180[0m
[0;32mI (1083697) net_bench: case=59 second=0 bytes=14872 rssi=-75[0m
[0;32mI (1083703) net_bench: case=59 second=1 bytes=17206 rssi=-76[0m
[0;32mI (1083709) net_bench: case=59 second=2 bytes=16230 rssi=-78[0m
[0;32mI (1083717) net_bench: case=59 second=3 bytes=16182 rssi=-76[0m
[0;32mI (1083722) net_bench: case=59 second=4 bytes=15694 rssi=-76[0m
[0;32mI (1083728) net_bench: case=59 second=5 bytes=16230 rssi=-84[0m
[0;32mI (1083735) net_bench: case=59 second=6 bytes=12670 rssi=-85[0m
[0;32mI (1083741) net_bench: case=59 second=7 bytes=17694 rssi=-86[0m
[0;32mI (1083747) net_bench: case=59 second=8 bytes=0 rssi=-85[0m
[0;32mI (1083753) net_bench: case=59 second=9 bytes=0 rssi=-127[0m
[0;32mI (1083759) net_bench: case=59 second=10 bytes=0 rssi=-127[0m
[0;32mI (1083765) net_bench: case=59 second=11 bytes=0 rssi=-127[0m
[0;32mI (1083772) net_bench: case=59 second=12 bytes=0 rssi=-127[0m
[0;32mI (1083778) net_bench: case=59 second=13 bytes=0 rssi=-127[0m
[0;32mI (1083784) net_bench: case=59 second=14 bytes=0 rssi=-127[0m
[0;32mI (1083790) net_bench: case=59 second=15 bytes=0 rssi=-127[0m
[0;32mI (1083796) net_bench: case=59 second=16 bytes=0 rssi=-127[0m
[0;32mI (1083802) net_bench: case=59 second=17 bytes=0 rssi=-127[0m
[0;32mI (1083809) net_bench: case=59 second=18 bytes=0 rssi=-127[0m
[0;32mI (1083815) net_bench: case=59 second=19 bytes=0 rssi=-127[0m
[0;32mI (1084823) net_bench: case=60 path=/mp3-320?rate=320 output=0 begin rssi=-86 round=7 fixture=2 variant=1 wait_ms=25 read_limit=1024 batch=1[0m
[0;32mI (1105073) net_cpu: case=60 valid=1 total_us=20076341 tasks_before=8 tasks_after=8 snapshot_bytes=1440[0m
[0;32mI (1105075) net_cpu: case=60 task=audio id=4 runtime_us=2614573 existed=1[0m
[0;32mI (1105082) net_cpu: case=60 task=IDLE id=2 runtime_us=14154280 existed=1[0m
[0;32mI (1105089) net_cpu: case=60 task=tiT id=5 runtime_us=1806805 existed=1[0m
[0;32mI (1105096) net_cpu: case=60 task=uiT id=1 runtime_us=36717 existed=1[0m
[0;32mI (1105103) net_cpu: case=60 task=httpd id=9 runtime_us=106992 existed=1[0m
[0;32mI (1105111) net_cpu: case=60 task=ppT id=7 runtime_us=1358780 existed=1[0m
[0;32mI (1105118) net_cpu: case=60 task=Tmr Svc id=3 runtime_us=0 existed=1[0m
[0;32mI (1105125) net_cpu: case=60 task=sys_evt id=6 runtime_us=0 existed=1[0m
[0;32mI (1105134) net_bench: case=60 output=0 wall_us=20048478 bytes=745680 open_us=186762 error=0 rssi=-78 heap_min=11856[0m
[0;32mI (1105143) net_bench: case=60 recv_total_us=1374864 recv_positive_us=1138401 recv_empty_us=236463[0m
[0;32mI (1105153) net_bench: case=60 cpu_lean=1 gap_metrics_valid=0 heap_is_final=1[0m
[0;32mI (1105161) net_bench: case=60 sampled_heap_min=9976 rx_gap_tick_ms=937 wait_calls=1557[0m
[0;32mI (1105169) net_bench: case=60 calls=2945 empty=1557 rx_gap_us=0 app_gap_us=0 empty_wait_us=0 recv_max_us=3350 commit_max_us=0 ready_max=0 ready_probes=0[0m
[0;32mI (1105184) net_bench: case=60 pcm_frames=0 rate=0 eof=1885 underrun=1884 stack=1180[0m
[0;32mI (1105192) net_bench: case=60 second=0 bytes=2584 rssi=-86[0m
[0;32mI (1105198) net_bench: case=60 second=1 bytes=19296 rssi=-85[0m
[0;32mI (1105205) net_bench: case=60 second=2 bytes=22568 rssi=-87[0m
[0;32mI (1105211) net_bench: case=60 second=3 bytes=14672 rssi=-84[0m
[0;32mI (1105217) net_bench: case=60 second=4 bytes=61384 rssi=-86[0m
[0;32mI (1105224) net_bench: case=60 second=5 bytes=63232 rssi=-77[0m
[0;32mI (1105230) net_bench: case=60 second=6 bytes=54008 rssi=-77[0m
[0;32mI (1105236) net_bench: case=60 second=7 bytes=43400 rssi=-77[0m
[0;32mI (1105243) net_bench: case=60 second=8 bytes=53544 rssi=-79[0m
[0;32mI (1105249) net_bench: case=60 second=9 bytes=62712 rssi=-80[0m
[0;32mI (1105255) net_bench: case=60 second=10 bytes=46160 rssi=-87[0m
[0;32mI (1105262) net_bench: case=60 second=11 bytes=31160 rssi=-87[0m
[0;32mI (1105268) net_bench: case=60 second=12 bytes=48872 rssi=-87[0m
[0;32mI (1105274) net_bench: case=60 second=13 bytes=40236 rssi=-84[0m
[0;32mI (1105281) net_bench: case=60 second=14 bytes=38820 rssi=-85[0m
[0;32mI (1105287) net_bench: case=60 second=15 bytes=38864 rssi=-89[0m
[0;32mI (1105294) net_bench: case=60 second=16 bytes=30344 rssi=-75[0m
[0;32mI (1105300) net_bench: case=60 second=17 bytes=25160 rssi=-76[0m
[0;32mI (1105306) net_bench: case=60 second=18 bytes=25456 rssi=-81[0m
[0;32mI (1105313) net_bench: case=60 second=19 bytes=23208 rssi=-77[0m
[0;32mI (1106320) net_bench: case=61 path=/mp3-320?rate=320 output=0 begin rssi=-74 round=7 fixture=2 variant=0 wait_ms=0 read_limit=1024 batch=1[0m
[0;32mI (1126441) net_cpu: case=61 valid=1 total_us=20051810 tasks_before=8 tasks_after=8 snapshot_bytes=1440[0m
[0;32mI (1126446) net_cpu: case=61 task=audio id=4 runtime_us=3204868 existed=1[0m
[0;32mI (1126450) net_cpu: case=61 task=IDLE id=2 runtime_us=13438057 existed=1[0m
[0;32mI (1126457) net_cpu: case=61 task=uiT id=1 runtime_us=38202 existed=1[0m
[0;32mI (1126466) net_cpu: case=61 task=tiT id=5 runtime_us=1817802 existed=1[0m
[0;32mI (1126472) net_cpu: case=61 task=httpd id=9 runtime_us=112536 existed=1[0m
[0;32mI (1126479) net_cpu: case=61 task=ppT id=7 runtime_us=1442310 existed=1[0m
[0;32mI (1126486) net_cpu: case=61 task=Tmr Svc id=3 runtime_us=0 existed=1[0m
[0;32mI (1126493) net_cpu: case=61 task=sys_evt id=6 runtime_us=0 existed=1[0m
[0;32mI (1126502) net_bench: case=61 output=0 wall_us=20024092 bytes=781236 open_us=81806 error=0 rssi=-83 heap_min=12844[0m
[0;32mI (1126512) net_bench: case=61 recv_total_us=3431619 recv_positive_us=1308617 recv_empty_us=2123002[0m
[0;32mI (1126521) net_bench: case=61 cpu_lean=1 gap_metrics_valid=0 heap_is_final=1[0m
[0;32mI (1126529) net_bench: case=61 sampled_heap_min=10384 rx_gap_tick_ms=551 wait_calls=16454[0m
[0;32mI (1126538) net_bench: case=61 calls=17775 empty=16454 rx_gap_us=0 app_gap_us=0 empty_wait_us=0 recv_max_us=6766 commit_max_us=0 ready_max=0 ready_probes=0[0m
[0;32mI (1126553) net_bench: case=61 pcm_frames=0 rate=0 eof=1882 underrun=1881 stack=1180[0m
[0;32mI (1126561) net_bench: case=61 second=0 bytes=21696 rssi=-74[0m
[0;32mI (1126567) net_bench: case=61 second=1 bytes=25360 rssi=-75[0m
[0;32mI (1126574) net_bench: case=61 second=2 bytes=28576 rssi=-77[0m
[0;32mI (1126580) net_bench: case=61 second=3 bytes=24080 rssi=-87[0m
[0;32mI (1126586) net_bench: case=61 second=4 bytes=15896 rssi=-77[0m
[0;32mI (1126592) net_bench: case=61 second=5 bytes=19064 rssi=-77[0m
[0;32mI (1126599) net_bench: case=61 second=6 bytes=21696 rssi=-91[0m
[0;32mI (1126605) net_bench: case=61 second=7 bytes=54544 rssi=-85[0m
[0;32mI (1126611) net_bench: case=61 second=8 bytes=48496 rssi=-88[0m
[0;32mI (1126618) net_bench: case=61 second=9 bytes=12864 rssi=-89[0m
[0;32mI (1126624) net_bench: case=61 second=10 bytes=72248 rssi=-77[0m
[0;32mI (1126630) net_bench: case=61 second=11 bytes=136740 rssi=-74[0m
[0;32mI (1126637) net_bench: case=61 second=12 bytes=40772 rssi=-75[0m
[0;32mI (1126643) net_bench: case=61 second=13 bytes=39748 rssi=-76[0m
[0;32mI (1126650) net_bench: case=61 second=14 bytes=39748 rssi=-78[0m
[0;32mI (1126656) net_bench: case=61 second=15 bytes=39260 rssi=-86[0m
[0;32mI (1126663) net_bench: case=61 second=16 bytes=40772 rssi=-83[0m
[0;32mI (1126669) net_bench: case=61 second=17 bytes=40236 rssi=-83[0m
[0;32mI (1126675) net_bench: case=61 second=18 bytes=33352 rssi=-86[0m
[0;32mI (1126682) net_bench: case=61 second=19 bytes=26088 rssi=-79[0m
[0;32mI (1127689) net_bench: case=62 path=/aac-64?rate=64 output=0 begin rssi=-78 round=7 fixture=3 variant=1 wait_ms=25 read_limit=1024 batch=1[0m
[0;32mI (1147817) net_cpu: case=62 valid=1 total_us=20050062 tasks_before=8 tasks_after=8 snapshot_bytes=1440[0m
[0;32mI (1147819) net_cpu: case=62 task=audio id=4 runtime_us=1261561 existed=1[0m
[0;32mI (1147826) net_cpu: case=62 task=IDLE id=2 runtime_us=17607170 existed=1[0m
[0;32mI (1147833) net_cpu: case=62 task=tiT id=5 runtime_us=532013 existed=1[0m
[0;32mI (1147840) net_cpu: case=62 task=uiT id=1 runtime_us=37070 existed=1[0m
[0;32mI (1147847) net_cpu: case=62 task=httpd id=9 runtime_us=106572 existed=1[0m
[0;32mI (1147855) net_cpu: case=62 task=ppT id=7 runtime_us=505675 existed=1[0m
[0;32mI (1147863) net_cpu: case=62 task=Tmr Svc id=3 runtime_us=0 existed=1[0m
[0;32mI (1147869) net_cpu: case=62 task=sys_evt id=6 runtime_us=0 existed=1[0m
[0;32mI (1147878) net_bench: case=62 output=0 wall_us=20022466 bytes=160263 open_us=89700 error=0 rssi=-75 heap_min=14656[0m
[0;32mI (1147887) net_bench: case=62 recv_total_us=404983 recv_positive_us=265532 recv_empty_us=139451[0m
[0;32mI (1147897) net_bench: case=62 cpu_lean=1 gap_metrics_valid=0 heap_is_final=1[0m
[0;32mI (1147904) net_bench: case=62 sampled_heap_min=12708 rx_gap_tick_ms=295 wait_calls=910[0m
[0;32mI (1147913) net_bench: case=62 calls=1208 empty=910 rx_gap_us=0 app_gap_us=0 empty_wait_us=0 recv_max_us=2741 commit_max_us=0 ready_max=0 ready_probes=0[0m
[0;32mI (1147927) net_bench: case=62 pcm_frames=0 rate=0 eof=1882 underrun=1881 stack=1180[0m
[0;32mI (1147936) net_bench: case=62 second=0 bytes=7704 rssi=-79[0m
[0;32mI (1147942) net_bench: case=62 second=1 bytes=8245 rssi=-84[0m
[0;32mI (1147948) net_bench: case=62 second=2 bytes=7221 rssi=-88[0m
[0;32mI (1147956) net_bench: case=62 second=3 bytes=9757 rssi=-80[0m
[0;32mI (1147961) net_bench: case=62 second=4 bytes=7221 rssi=-84[0m
[0;32mI (1147967) net_bench: case=62 second=5 bytes=8245 rssi=-88[0m
[0;32mI (1147973) net_bench: case=62 second=6 bytes=8245 rssi=-85[0m
[0;32mI (1147979) net_bench: case=62 second=7 bytes=8245 rssi=-79[0m
[0;32mI (1147985) net_bench: case=62 second=8 bytes=8245 rssi=-86[0m
[0;32mI (1147993) net_bench: case=62 second=9 bytes=5709 rssi=-81[0m
[0;32mI (1147998) net_bench: case=62 second=10 bytes=9757 rssi=-78[0m
[0;32mI (1148004) net_bench: case=62 second=11 bytes=7757 rssi=-84[0m
[0;32mI (1148011) net_bench: case=62 second=12 bytes=7221 rssi=-83[0m
[0;32mI (1148017) net_bench: case=62 second=13 bytes=8245 rssi=-85[0m
[0;32mI (1148023) net_bench: case=62 second=14 bytes=8245 rssi=-84[0m
[0;32mI (1148030) net_bench: case=62 second=15 bytes=8733 rssi=-84[0m
[0;32mI (1148036) net_bench: case=62 second=16 bytes=8245 rssi=-77[0m
[0;32mI (1148042) net_bench: case=62 second=17 bytes=7757 rssi=-76[0m
[0;32mI (1148048) net_bench: case=62 second=18 bytes=7709 rssi=-77[0m
[0;32mI (1148055) net_bench: case=62 second=19 bytes=7757 rssi=-74[0m
[0;32mI (1149062) net_bench: case=63 path=/aac-64?rate=64 output=0 begin rssi=-77 round=7 fixture=3 variant=0 wait_ms=0 read_limit=1024 batch=1[0m
[0;32mI (1169172) net_cpu: case=63 valid=1 total_us=20048767 tasks_before=8 tasks_after=8 snapshot_bytes=1440[0m
[0;32mI (1169174) net_cpu: case=63 task=audio id=4 runtime_us=3098585 existed=1[0m
[0;32mI (1169180) net_cpu: case=63 task=IDLE id=2 runtime_us=15810840 existed=1[0m
[0;32mI (1169188) net_cpu: case=63 task=tiT id=5 runtime_us=496842 existed=1[0m
[0;32mI (1169195) net_cpu: case=63 task=uiT id=1 runtime_us=37842 existed=1[0m
[0;32mI (1169202) net_cpu: case=63 task=httpd id=9 runtime_us=111269 existed=1[0m
[0;32mI (1169210) net_cpu: case=63 task=ppT id=7 runtime_us=495352 existed=1[0m
[0;32mI (1169217) net_cpu: case=63 task=Tmr Svc id=3 runtime_us=0 existed=1[0m
[0;32mI (1169224) net_cpu: case=63 task=sys_evt id=6 runtime_us=0 existed=1[0m
[0;32mI (1169234) net_bench: case=63 output=0 wall_us=20021288 bytes=160751 open_us=73721 error=0 rssi=-86 heap_min=14648[0m
[0;32mI (1169242) net_bench: case=63 recv_total_us=2496719 recv_positive_us=272992 recv_empty_us=2223727[0m
[0;32mI (1169253) net_bench: case=63 cpu_lean=1 gap_metrics_valid=0 heap_is_final=1[0m
[0;32mI (1169259) net_bench: case=63 sampled_heap_min=12820 rx_gap_tick_ms=560 wait_calls=19054[0m
[0;32mI (1169268) net_bench: case=63 calls=19367 empty=19054 rx_gap_us=0 app_gap_us=0 empty_wait_us=0 recv_max_us=2614 commit_max_us=0 ready_max=0 ready_probes=0[0m
[0;32mI (1169283) net_bench: case=63 pcm_frames=0 rate=0 eof=1882 underrun=1881 stack=1180[0m
[0;32mI (1169291) net_bench: case=63 second=0 bytes=8192 rssi=-77[0m
[0;32mI (1169297) net_bench: case=63 second=1 bytes=7757 rssi=-77[0m
[0;32mI (1169304) net_bench: case=63 second=2 bytes=8733 rssi=-76[0m
[0;32mI (1169310) net_bench: case=63 second=3 bytes=8245 rssi=-77[0m
[0;32mI (1169316) net_bench: case=63 second=4 bytes=7221 rssi=-75[0m
[0;32mI (1169322) net_bench: case=63 second=5 bytes=8245 rssi=-83[0m
[0;32mI (1169328) net_bench: case=63 second=6 bytes=8245 rssi=-85[0m
[0;32mI (1169335) net_bench: case=63 second=7 bytes=3661 rssi=-84[0m
[0;32mI (1169341) net_bench: case=63 second=8 bytes=9848 rssi=-84[0m
[0;32mI (1169347) net_bench: case=63 second=9 bytes=10202 rssi=-86[0m
[0;32mI (1169354) net_bench: case=63 second=10 bytes=7757 rssi=-79[0m
[0;32mI (1169360) net_bench: case=63 second=11 bytes=8733 rssi=-86[0m
[0;32mI (1169366) net_bench: case=63 second=12 bytes=8245 rssi=-77[0m
[0;32mI (1169372) net_bench: case=63 second=13 bytes=7221 rssi=-77[0m
[0;32mI (1169379) net_bench: case=63 second=14 bytes=8245 rssi=-77[0m
[0;32mI (1169385) net_bench: case=63 second=15 bytes=8245 rssi=-87[0m
[0;32mI (1169391) net_bench: case=63 second=16 bytes=8245 rssi=-82[0m
[0;32mI (1169398) net_bench: case=63 second=17 bytes=6733 rssi=-85[0m
[0;32mI (1169404) net_bench: case=63 second=18 bytes=8733 rssi=-86[0m
[0;32mI (1169410) net_bench: case=63 second=19 bytes=8245 rssi=-77[0m
[0;32mI (1170418) net_bench: case=64 path=/mp3-320?rate=0 output=0 begin rssi=-79 round=8 fixture=0 variant=0 wait_ms=0 read_limit=1024 batch=1[0m
[0;32mI (1190531) net_cpu: case=64 valid=1 total_us=20051406 tasks_before=8 tasks_after=8 snapshot_bytes=1440[0m
[0;32mI (1190533) net_cpu: case=64 task=audio id=4 runtime_us=3212697 existed=1[0m
[0;32mI (1190540) net_cpu: case=64 task=IDLE id=2 runtime_us=14288298 existed=1[0m
[0;32mI (1190547) net_cpu: case=64 task=tiT id=5 runtime_us=1322839 existed=1[0m
[0;32mI (1190554) net_cpu: case=64 task=uiT id=1 runtime_us=37952 existed=1[0m
[0;32mI (1190561) net_cpu: case=64 task=httpd id=9 runtime_us=112243 existed=1[0m
[0;32mI (1190569) net_cpu: case=64 task=ppT id=7 runtime_us=1079299 existed=1[0m
[0;32mI (1190576) net_cpu: case=64 task=Tmr Svc id=3 runtime_us=0 existed=1[0m
[0;32mI (1190583) net_cpu: case=64 task=sys_evt id=6 runtime_us=0 existed=1[0m
[0;32mI (1190594) net_bench: case=64 output=0 wall_us=20023751 bytes=593448 open_us=74229 error=0 rssi=-80 heap_min=12844[0m
[0;32mI (1190601) net_bench: case=64 recv_total_us=2978092 recv_positive_us=870597 recv_empty_us=2107495[0m
[0;32mI (1190611) net_bench: case=64 cpu_lean=1 gap_metrics_valid=0 heap_is_final=1[0m
[0;32mI (1190619) net_bench: case=64 sampled_heap_min=10384 rx_gap_tick_ms=703 wait_calls=17540[0m
[0;32mI (1190627) net_bench: case=64 calls=18570 empty=17540 rx_gap_us=0 app_gap_us=0 empty_wait_us=0 recv_max_us=4023 commit_max_us=0 ready_max=0 ready_probes=0[0m
[0;32mI (1190644) net_bench: case=64 pcm_frames=0 rate=0 eof=1883 underrun=1882 stack=1180[0m
[0;32mI (1190651) net_bench: case=64 second=0 bytes=37688 rssi=-88[0m
[0;32mI (1190658) net_bench: case=64 second=1 bytes=33768 rssi=-84[0m
[0;32mI (1190664) net_bench: case=64 second=2 bytes=50680 rssi=-87[0m
[0;32mI (1190670) net_bench: case=64 second=3 bytes=33232 rssi=-82[0m
[0;32mI (1190677) net_bench: case=64 second=4 bytes=76408 rssi=-75[0m
[0;32mI (1190683) net_bench: case=64 second=5 bytes=44248 rssi=-79[0m
[0;32mI (1190689) net_bench: case=64 second=6 bytes=15544 rssi=-82[0m
[0;32mI (1190696) net_bench: case=64 second=7 bytes=17152 rssi=-79[0m
[0;32mI (1190702) net_bench: case=64 second=8 bytes=34304 rssi=-82[0m
[0;32mI (1190708) net_bench: case=64 second=9 bytes=27336 rssi=-80[0m
[0;32mI (1190714) net_bench: case=64 second=10 bytes=20664 rssi=-85[0m
[0;32mI (1190721) net_bench: case=64 second=11 bytes=31624 rssi=-82[0m
[0;32mI (1190727) net_bench: case=64 second=12 bytes=31624 rssi=-84[0m
[0;32mI (1190734) net_bench: case=64 second=13 bytes=13696 rssi=-85[0m
[0;32mI (1190740) net_bench: case=64 second=14 bytes=9112 rssi=-79[0m
[0;32mI (1190746) net_bench: case=64 second=15 bytes=12328 rssi=-82[0m
[0;32mI (1190753) net_bench: case=64 second=16 bytes=14768 rssi=-77[0m
[0;32mI (1190759) net_bench: case=64 second=17 bytes=31624 rssi=-77[0m
[0;32mI (1190766) net_bench: case=64 second=18 bytes=30016 rssi=-82[0m
[0;32mI (1190772) net_bench: case=64 second=19 bytes=27632 rssi=-87[0m
[0;32mI (1191779) net_bench: case=65 path=/mp3-320?rate=0 output=0 begin rssi=-70 round=8 fixture=0 variant=1 wait_ms=25 read_limit=1024 batch=1[0m
[0;32mI (1208014) net_cpu: case=65 valid=1 total_us=16163050 tasks_before=8 tasks_after=8 snapshot_bytes=1440[0m
[0;32mI (1208016) net_cpu: case=65 task=audio id=4 runtime_us=2670102 existed=1[0m
[0;32mI (1208023) net_cpu: case=65 task=IDLE id=2 runtime_us=9627556 existed=1[0m
[0;32mI (1208030) net_cpu: case=65 task=uiT id=1 runtime_us=29715 existed=1[0m
[0;32mI (1208037) net_cpu: case=65 task=tiT id=5 runtime_us=2132830 existed=1[0m
[0;32mI (1208044) net_cpu: case=65 task=httpd id=9 runtime_us=86944 existed=1[0m
[0;32mI (1208052) net_cpu: case=65 task=ppT id=7 runtime_us=1617718 existed=1[0m
[0;32mI (1208059) net_cpu: case=65 task=Tmr Svc id=3 runtime_us=0 existed=1[0m
[0;32mI (1208066) net_cpu: case=65 task=sys_evt id=6 runtime_us=0 existed=1[0m
[0;32mI (1208075) net_bench: case=65 output=0 wall_us=16140370 bytes=1002926 open_us=79631 error=-116 rssi=-70 heap_min=12968[0m
[0;32mI (1208084) net_bench: case=65 recv_total_us=1996954 recv_positive_us=1728684 recv_empty_us=268270[0m
[0;32mI (1208094) net_bench: case=65 cpu_lean=1 gap_metrics_valid=0 heap_is_final=1[0m
[0;32mI (1208102) net_bench: case=65 sampled_heap_min=10832 rx_gap_tick_ms=929 wait_calls=1524[0m
[0;32mI (1208111) net_bench: case=65 calls=3257 empty=1524 rx_gap_us=0 app_gap_us=0 empty_wait_us=0 recv_max_us=6507 commit_max_us=0 ready_max=0 ready_probes=0[0m
[0;32mI (1208125) net_bench: case=65 pcm_frames=0 rate=0 eof=1517 underrun=1516 stack=1180[0m
[0;32mI (1208133) net_bench: case=65 second=0 bytes=10056 rssi=-85[0m
[0;32mI (1208140) net_bench: case=65 second=1 bytes=17650 rssi=-72[0m
[0;32mI (1208146) net_bench: case=65 second=2 bytes=64568 rssi=-80[0m
[0;32mI (1208152) net_bench: case=65 second=3 bytes=3752 rssi=-71[0m
[0;32mI (1208159) net_bench: case=65 second=4 bytes=19296 rssi=-70[0m
[0;32mI (1208165) net_bench: case=65 second=5 bytes=74264 rssi=-71[0m
[0;32mI (1208171) net_bench: case=65 second=6 bytes=99960 rssi=-83[0m
[0;32mI (1208177) net_bench: case=65 second=7 bytes=124360 rssi=-81[0m
[0;32mI (1208184) net_bench: case=65 second=8 bytes=119008 rssi=-81[0m
[0;32mI (1208190) net_bench: case=65 second=9 bytes=73680 rssi=-82[0m
[0;32mI (1208197) net_bench: case=65 second=10 bytes=75636 rssi=-74[0m
[0;32mI (1208203) net_bench: case=65 second=11 bytes=73248 rssi=-72[0m
[0;32mI (1208209) net_bench: case=65 second=12 bytes=72360 rssi=-72[0m
[0;32mI (1208216) net_bench: case=65 second=13 bytes=80992 rssi=-74[0m
[0;32mI (1208222) net_bench: case=65 second=14 bytes=79624 rssi=-83[0m
[0;32mI (1208229) net_bench: case=65 second=15 bytes=14472 rssi=-82[0m
[0;32mI (1208235) net_bench: case=65 second=16 bytes=0 rssi=-71[0m
[0;32mI (1208241) net_bench: case=65 second=17 bytes=0 rssi=-127[0m
[0;32mI (1208247) net_bench: case=65 second=18 bytes=0 rssi=-127[0m
[0;32mI (1208253) net_bench: case=65 second=19 bytes=0 rssi=-127[0m
[0;32mI (1209260) net_bench: case=66 path=/mp3-128?rate=128 output=0 begin rssi=-69 round=8 fixture=1 variant=0 wait_ms=0 read_limit=1024 batch=1[0m
[0;32mI (1216619) net_cpu: case=66 valid=1 total_us=4277540 tasks_before=8 tasks_after=8 snapshot_bytes=1440[0m
[0;32mI (1216622) net_cpu: case=66 task=audio id=4 runtime_us=663978 existed=1[0m
[0;32mI (1216629) net_cpu: case=66 task=IDLE id=2 runtime_us=3322479 existed=1[0m
[0;32mI (1216637) net_cpu: case=66 task=uiT id=1 runtime_us=7961 existed=1[0m
[0;32mI (1216644) net_cpu: case=66 task=tiT id=5 runtime_us=135863 existed=1[0m
[0;32mI (1216651) net_cpu: case=66 task=ppT id=7 runtime_us=123787 existed=1[0m
[0;32mI (1216658) net_cpu: case=66 task=httpd id=9 runtime_us=23910 existed=1[0m
[0;32mI (1216666) net_cpu: case=66 task=Tmr Svc id=3 runtime_us=0 existed=1[0m
[0;32mI (1216672) net_cpu: case=66 task=sys_evt id=6 runtime_us=0 existed=1[0m
[0;32mI (1216681) net_bench: case=66 output=0 wall_us=4271064 bytes=53226 open_us=3073121 error=-116 rssi=-81 heap_min=12968[0m
[0;32mI (1216691) net_bench: case=66 recv_total_us=568685 recv_positive_us=92036 recv_empty_us=475118[0m
[0;32mI (1216700) net_bench: case=66 cpu_lean=1 gap_metrics_valid=0 heap_is_final=1[0m
[0;32mI (1216708) net_bench: case=66 sampled_heap_min=12292 rx_gap_tick_ms=425 wait_calls=3986[0m
[0;32mI (1216717) net_bench: case=66 calls=4082 empty=3986 rx_gap_us=0 app_gap_us=0 empty_wait_us=0 recv_max_us=3514 commit_max_us=0 ready_max=0 ready_probes=0[0m
[0;32mI (1216731) net_bench: case=66 pcm_frames=0 rate=0 eof=402 underrun=401 stack=1180[0m
[0;32mI (1216739) net_bench: case=66 second=0 bytes=16384 rssi=-73[0m
[0;32mI (1216746) net_bench: case=66 second=1 bytes=15694 rssi=-73[0m
[0;32mI (1216752) net_bench: case=66 second=2 bytes=16718 rssi=-71[0m
[0;32mI (1216758) net_bench: case=66 second=3 bytes=4430 rssi=-73[0m
[0;32mI (1216765) net_bench: case=66 second=4 bytes=0 rssi=-75[0m
[0;32mI (1216771) net_bench: case=66 second=5 bytes=0 rssi=-127[0m
[0;32mI (1216777) net_bench: case=66 second=6 bytes=0 rssi=-127[0m
[0;32mI (1216783) net_bench: case=66 second=7 bytes=0 rssi=-127[0m
[0;32mI (1216789) net_bench: case=66 second=8 bytes=0 rssi=-127[0m
[0;32mI (1216795) net_bench: case=66 second=9 bytes=0 rssi=-127[0m
[0;32mI (1216801) net_bench: case=66 second=10 bytes=0 rssi=-127[0m
[0;32mI (1216807) net_bench: case=66 second=11 bytes=0 rssi=-127[0m
[0;32mI (1216813) net_bench: case=66 second=12 bytes=0 rssi=-127[0m
[0;32mI (1216819) net_bench: case=66 second=13 bytes=0 rssi=-127[0m
[0;32mI (1216825) net_bench: case=66 second=14 bytes=0 rssi=-127[0m
[0;32mI (1216832) net_bench: case=66 second=15 bytes=0 rssi=-127[0m
[0;32mI (1216838) net_bench: case=66 second=16 bytes=0 rssi=-127[0m
[0;32mI (1216844) net_bench: case=66 second=17 bytes=0 rssi=-127[0m
[0;32mI (1216850) net_bench: case=66 second=18 bytes=0 rssi=-127[0m
[0;32mI (1216856) net_bench: case=66 second=19 bytes=0 rssi=-127[0m
[0;32mI (1217863) net_bench: case=67 path=/mp3-128?rate=128 output=0 begin rssi=-77 round=8 fixture=1 variant=1 wait_ms=25 read_limit=1024 batch=1[0m
[0;32mI (1226021) net_cpu: case=67 valid=1 total_us=7074252 tasks_before=8 tasks_after=8 snapshot_bytes=1440[0m
[0;32mI (1226023) net_cpu: case=67 task=audio id=4 runtime_us=478184 existed=1[0m
[0;32mI (1226029) net_cpu: case=67 task=IDLE id=2 runtime_us=6056651 existed=1[0m
[0;32mI (1226037) net_cpu: case=67 task=uiT id=1 runtime_us=12997 existed=1[0m
[0;32mI (1226044) net_cpu: case=67 task=tiT id=5 runtime_us=257327 existed=1[0m
[0;32mI (1226051) net_cpu: case=67 task=ppT id=7 runtime_us=231612 existed=1[0m
[0;32mI (1226058) net_cpu: case=67 task=httpd id=9 runtime_us=38066 existed=1[0m
[0;32mI (1226065) net_cpu: case=67 task=Tmr Svc id=3 runtime_us=0 existed=1[0m
[0;32mI (1226073) net_cpu: case=67 task=sys_evt id=6 runtime_us=0 existed=1[0m
[0;32mI (1226081) net_bench: case=67 output=0 wall_us=7064042 bytes=97926 open_us=1076723 error=-116 rssi=-90 heap_min=12312[0m
[0;32mI (1226091) net_bench: case=67 recv_total_us=211374 recv_positive_us=161252 recv_empty_us=50122[0m
[0;32mI (1226100) net_bench: case=67 cpu_lean=1 gap_metrics_valid=0 heap_is_final=1[0m
[0;32mI (1226108) net_bench: case=67 sampled_heap_min=11580 rx_gap_tick_ms=435 wait_calls=331[0m
[0;32mI (1226117) net_bench: case=67 calls=465 empty=331 rx_gap_us=0 app_gap_us=0 empty_wait_us=0 recv_max_us=4810 commit_max_us=0 ready_max=0 ready_probes=0[0m
[0;32mI (1226131) net_bench: case=67 pcm_frames=0 rate=0 eof=665 underrun=664 stack=1180[0m
[0;32mI (1226139) net_bench: case=67 second=0 bytes=16384 rssi=-82[0m
[0;32mI (1226146) net_bench: case=67 second=1 bytes=15694 rssi=-81[0m
[0;32mI (1226152) net_bench: case=67 second=2 bytes=16718 rssi=-80[0m
[0;32mI (1226158) net_bench: case=67 second=3 bytes=15694 rssi=-81[0m
[0;32mI (1226165) net_bench: case=67 second=4 bytes=15694 rssi=-72[0m
[0;32mI (1226171) net_bench: case=67 second=5 bytes=16718 rssi=-73[0m
[0;32mI (1226177) net_bench: case=67 second=6 bytes=1024 rssi=-74[0m
[0;32mI (1226183) net_bench: case=67 second=7 bytes=0 rssi=-69[0m
[0;32mI (1226189) net_bench: case=67 second=8 bytes=0 rssi=-127[0m
[0;32mI (1226195) net_bench: case=67 second=9 bytes=0 rssi=-127[0m
[0;32mI (1226201) net_bench: case=67 second=10 bytes=0 rssi=-127[0m
[0;32mI (1226208) net_bench: case=67 second=11 bytes=0 rssi=-127[0m
[0;32mI (1226214) net_bench: case=67 second=12 bytes=0 rssi=-127[0m
[0;32mI (1226220) net_bench: case=67 second=13 bytes=0 rssi=-127[0m
[0;32mI (1226226) net_bench: case=67 second=14 bytes=0 rssi=-127[0m
[0;32mI (1226232) net_bench: case=67 second=15 bytes=0 rssi=-127[0m
[0;32mI (1226238) net_bench: case=67 second=16 bytes=0 rssi=-127[0m
[0;32mI (1226244) net_bench: case=67 second=17 bytes=0 rssi=-127[0m
[0;32mI (1226251) net_bench: case=67 second=18 bytes=0 rssi=-127[0m
[0;32mI (1226257) net_bench: case=67 second=19 bytes=0 rssi=-127[0m
[0;32mI (1227264) net_bench: case=68 path=/mp3-320?rate=320 output=0 begin rssi=-70 round=8 fixture=2 variant=0 wait_ms=0 read_limit=1024 batch=1[0m
[0;32mI (1250404) net_cpu: case=68 valid=1 total_us=20052391 tasks_before=8 tasks_after=8 snapshot_bytes=1440[0m
[0;32mI (1250406) net_cpu: case=68 task=audio id=4 runtime_us=3190303 existed=1[0m
[0;32mI (1250412) net_cpu: case=68 task=IDLE id=2 runtime_us=13481381 existed=1[0m
[0;32mI (1250420) net_cpu: case=68 task=uiT id=1 runtime_us=37514 existed=1[0m
[0;32mI (1250427) net_cpu: case=68 task=tiT id=5 runtime_us=1789586 existed=1[0m
[0;32mI (1250434) net_cpu: case=68 task=httpd id=9 runtime_us=112111 existed=1[0m
[0;32mI (1250442) net_cpu: case=68 task=ppT id=7 runtime_us=1443472 existed=1[0m
[0;32mI (1250450) net_cpu: case=68 task=Tmr Svc id=3 runtime_us=0 existed=1[0m
[0;32mI (1250456) net_cpu: case=68 task=sys_evt id=6 runtime_us=0 existed=1[0m
[0;32mI (1250465) net_bench: case=68 output=0 wall_us=20024711 bytes=802316 open_us=3099494 error=0 rssi=-81 heap_min=12964[0m
[0;32mI (1250474) net_bench: case=68 recv_total_us=3582874 recv_positive_us=1516327 recv_empty_us=2066547[0m
[0;32mI (1250484) net_bench: case=68 cpu_lean=1 gap_metrics_valid=0 heap_is_final=1[0m
[0;32mI (1250492) net_bench: case=68 sampled_heap_min=11608 rx_gap_tick_ms=384 wait_calls=16259[0m
[0;32mI (1250501) net_bench: case=68 calls=17611 empty=16259 rx_gap_us=0 app_gap_us=0 empty_wait_us=0 recv_max_us=7934 commit_max_us=0 ready_max=0 ready_probes=0[0m
[0;32mI (1250515) net_bench: case=68 pcm_frames=0 rate=0 eof=1883 underrun=1882 stack=1180[0m
[0;32mI (1250524) net_bench: case=68 second=0 bytes=40472 rssi=-87[0m
[0;32mI (1250530) net_bench: case=68 second=1 bytes=19804 rssi=-80[0m
[0;32mI (1250536) net_bench: case=68 second=2 bytes=18576 rssi=-74[0m
[0;32mI (1250542) net_bench: case=68 second=3 bytes=6968 rssi=-77[0m
[0;32mI (1250549) net_bench: case=68 second=4 bytes=114132 rssi=-76[0m
[0;32mI (1250555) net_bench: case=68 second=5 bytes=40772 rssi=-72[0m
[0;32mI (1250561) net_bench: case=68 second=6 bytes=33116 rssi=-76[0m
[0;32mI (1250568) net_bench: case=68 second=7 bytes=47404 rssi=-77[0m
[0;32mI (1250574) net_bench: case=68 second=8 bytes=39748 rssi=-75[0m
[0;32mI (1250580) net_bench: case=68 second=9 bytes=40772 rssi=-80[0m
[0;32mI (1250587) net_bench: case=68 second=10 bytes=39260 rssi=-80[0m
[0;32mI (1250593) net_bench: case=68 second=11 bytes=40236 rssi=-73[0m
[0;32mI (1250599) net_bench: case=68 second=12 bytes=40772 rssi=-75[0m
[0;32mI (1250606) net_bench: case=68 second=13 bytes=39748 rssi=-75[0m
[0;32mI (1250612) net_bench: case=68 second=14 bytes=39748 rssi=-75[0m
[0;32mI (1250619) net_bench: case=68 second=15 bytes=39748 rssi=-72[0m
[0;32mI (1250625) net_bench: case=68 second=16 bytes=40772 rssi=-82[0m
[0;32mI (1250632) net_bench: case=68 second=17 bytes=39748 rssi=-82[0m
[0;32mI (1250638) net_bench: case=68 second=18 bytes=40772 rssi=-81[0m
[0;32mI (1250644) net_bench: case=68 second=19 bytes=39748 rssi=-71[0m
[0;32mI (1251652) net_bench: case=69 path=/mp3-320?rate=320 output=0 begin rssi=-83 round=8 fixture=2 variant=1 wait_ms=25 read_limit=1024 batch=1[0m
[0;32mI (1271776) net_cpu: case=69 valid=1 total_us=20065406 tasks_before=8 tasks_after=8 snapshot_bytes=1440[0m
[0;32mI (1271778) net_cpu: case=69 task=audio id=4 runtime_us=2251427 existed=1[0m
[0;32mI (1271785) net_cpu: case=69 task=IDLE id=2 runtime_us=14313663 existed=1[0m
[0;32mI (1271792) net_cpu: case=69 task=uiT id=1 runtime_us=36938 existed=1[0m
[0;32mI (1271799) net_cpu: case=69 task=tiT id=5 runtime_us=1890056 existed=1[0m
[0;32mI (1271808) net_cpu: case=69 task=httpd id=9 runtime_us=107571 existed=1[0m
[0;32mI (1271814) net_cpu: case=69 task=ppT id=7 runtime_us=1467490 existed=1[0m
[0;32mI (1271821) net_cpu: case=69 task=Tmr Svc id=3 runtime_us=0 existed=1[0m
[0;32mI (1271828) net_cpu: case=69 task=sys_evt id=6 runtime_us=0 existed=1[0m
[0;32mI (1271837) net_bench: case=69 output=0 wall_us=20037639 bytes=802316 open_us=69368 error=0 rssi=-74 heap_min=12308[0m
[0;32mI (1271846) net_bench: case=69 recv_total_us=1584221 recv_positive_us=1369664 recv_empty_us=214557[0m
[0;32mI (1271856) net_bench: case=69 cpu_lean=1 gap_metrics_valid=0 heap_is_final=1[0m
[0;32mI (1271864) net_bench: case=69 sampled_heap_min=11580 rx_gap_tick_ms=110 wait_calls=1287[0m
[0;32mI (1271873) net_bench: case=69 calls=2566 empty=1287 rx_gap_us=0 app_gap_us=0 empty_wait_us=0 recv_max_us=4583 commit_max_us=0 ready_max=0 ready_probes=0[0m
[0;32mI (1271887) net_bench: case=69 pcm_frames=0 rate=0 eof=1885 underrun=1884 stack=1180[0m
[0;32mI (1271895) net_bench: case=69 second=0 bytes=39448 rssi=-73[0m
[0;32mI (1271902) net_bench: case=69 second=1 bytes=40236 rssi=-71[0m
[0;32mI (1271908) net_bench: case=69 second=2 bytes=40772 rssi=-79[0m
[0;32mI (1271914) net_bench: case=69 second=3 bytes=40772 rssi=-83[0m
[0;32mI (1271921) net_bench: case=69 second=4 bytes=39748 rssi=-80[0m
[0;32mI (1271927) net_bench: case=69 second=5 bytes=39748 rssi=-81[0m
[0;32mI (1271933) net_bench: case=69 second=6 bytes=39748 rssi=-70[0m
[0;32mI (1271939) net_bench: case=69 second=7 bytes=40772 rssi=-71[0m
[0;32mI (1271946) net_bench: case=69 second=8 bytes=39748 rssi=-71[0m
[0;32mI (1271952) net_bench: case=69 second=9 bytes=40284 rssi=-71[0m
[0;32mI (1271958) net_bench: case=69 second=10 bytes=40236 rssi=-72[0m
[0;32mI (1271965) net_bench: case=69 second=11 bytes=40284 rssi=-81[0m
[0;32mI (1271971) net_bench: case=69 second=12 bytes=40236 rssi=-81[0m
[0;32mI (1271978) net_bench: case=69 second=13 bytes=39748 rssi=-80[0m
[0;32mI (1271985) net_bench: case=69 second=14 bytes=39748 rssi=-81[0m
[0;32mI (1271991) net_bench: case=69 second=15 bytes=39748 rssi=-81[0m
[0;32mI (1271998) net_bench: case=69 second=16 bytes=40772 rssi=-72[0m
[0;32mI (1272004) net_bench: case=69 second=17 bytes=39748 rssi=-71[0m
[0;32mI (1272011) net_bench: case=69 second=18 bytes=39260 rssi=-71[0m
[0;32mI (1272017) net_bench: case=69 second=19 bytes=41260 rssi=-73[0m
[0;32mI (1273024) net_bench: case=70 path=/aac-64?rate=64 output=0 begin rssi=-73 round=8 fixture=3 variant=0 wait_ms=0 read_limit=1024 batch=1[0m
[0;32mI (1286210) net_cpu: case=70 valid=1 total_us=13113918 tasks_before=8 tasks_after=8 snapshot_bytes=1440[0m
[0;32mI (1286213) net_cpu: case=70 task=audio id=4 runtime_us=2015409 existed=1[0m
[0;32mI (1286221) net_cpu: case=70 task=IDLE id=2 runtime_us=10432361 existed=1[0m
[0;32mI (1286228) net_cpu: case=70 task=uiT id=1 runtime_us=24811 existed=1[0m
[0;32mI (1286235) net_cpu: case=70 task=tiT id=5 runtime_us=276730 existed=1[0m
[0;32mI (1286242) net_cpu: case=70 task=ppT id=7 runtime_us=291253 existed=1[0m
[0;32mI (1286249) net_cpu: case=70 task=httpd id=9 runtime_us=73444 existed=1[0m
[0;32mI (1286257) net_cpu: case=70 task=Tmr Svc id=3 runtime_us=0 existed=1[0m
[0;32mI (1286264) net_cpu: case=70 task=sys_evt id=6 runtime_us=0 existed=1[0m
[0;32mI (1286273) net_bench: case=70 output=0 wall_us=13095642 bytes=97863 open_us=75950 error=-116 rssi=-68 heap_min=13812[0m
[0;32mI (1286282) net_bench: case=70 recv_total_us=1642478 recv_positive_us=180420 recv_empty_us=1460534[0m
[0;32mI (1286293) net_bench: case=70 cpu_lean=1 gap_metrics_valid=0 heap_is_final=1[0m
[0;32mI (1286300) net_bench: case=70 sampled_heap_min=13300 rx_gap_tick_ms=140 wait_calls=12548[0m
[0;32mI (1286308) net_bench: case=70 calls=12708 empty=12548 rx_gap_us=0 app_gap_us=0 empty_wait_us=0 recv_max_us=3466 commit_max_us=0 ready_max=0 ready_probes=0[0m
[0;32mI (1286323) net_bench: case=70 pcm_frames=0 rate=0 eof=1231 underrun=1230 stack=1180[0m
[0;32mI (1286331) net_bench: case=70 second=0 bytes=8192 rssi=-83[0m
[0;32mI (1286337) net_bench: case=70 second=1 bytes=8245 rssi=-72[0m
[0;32mI (1286344) net_bench: case=70 second=2 bytes=8245 rssi=-73[0m
[0;32mI (1286350) net_bench: case=70 second=3 bytes=8245 rssi=-73[0m
[0;32mI (1286356) net_bench: case=70 second=4 bytes=7221 rssi=-72[0m
[0;32mI (1286362) net_bench: case=70 second=5 bytes=8245 rssi=-71[0m
[0;32mI (1286369) net_bench: case=70 second=6 bytes=8245 rssi=-84[0m
[0;32mI (1286375) net_bench: case=70 second=7 bytes=8245 rssi=-81[0m
[0;32mI (1286381) net_bench: case=70 second=8 bytes=7221 rssi=-81[0m
[0;32mI (1286387) net_bench: case=70 second=9 bytes=8245 rssi=-81[0m
[0;32mI (1286394) net_bench: case=70 second=10 bytes=8245 rssi=-81[0m
[0;32mI (1286400) net_bench: case=70 second=11 bytes=8245 rssi=-73[0m
[0;32mI (1286406) net_bench: case=70 second=12 bytes=1024 rssi=-72[0m
[0;32mI (1286413) net_bench: case=70 second=13 bytes=0 rssi=-68[0m
[0;32mI (1286419) net_bench: case=70 second=14 bytes=0 rssi=-127[0m
[0;32mI (1286425) net_bench: case=70 second=15 bytes=0 rssi=-127[0m
[0;32mI (1286431) net_bench: case=70 second=16 bytes=0 rssi=-127[0m
[0;32mI (1286437) net_bench: case=70 second=17 bytes=0 rssi=-127[0m
[0;32mI (1286443) net_bench: case=70 second=18 bytes=0 rssi=-127[0m
[0;32mI (1286449) net_bench: case=70 second=19 bytes=0 rssi=-127[0m
[0;32mI (1287456) net_bench: case=71 path=/aac-64?rate=64 output=0 begin rssi=-74 round=8 fixture=3 variant=1 wait_ms=25 read_limit=1024 batch=1[0m
[0;32mI (1307577) net_cpu: case=71 valid=1 total_us=20057714 tasks_before=8 tasks_after=8 snapshot_bytes=1440[0m
[0;32mI (1307579) net_cpu: case=71 task=audio id=4 runtime_us=1224506 existed=1[0m
[0;32mI (1307586) net_cpu: case=71 task=IDLE id=2 runtime_us=17630455 existed=1[0m
[0;32mI (1307593) net_cpu: case=71 task=uiT id=1 runtime_us=37015 existed=1[0m
[0;32mI (1307600) net_cpu: case=71 task=tiT id=5 runtime_us=547624 existed=1[0m
[0;32mI (1307607) net_cpu: case=71 task=httpd id=9 runtime_us=106487 existed=1[0m
[0;32mI (1307615) net_cpu: case=71 task=ppT id=7 runtime_us=513356 existed=1[0m
[0;32mI (1307622) net_cpu: case=71 task=Tmr Svc id=3 runtime_us=0 existed=1[0m
[0;32mI (1307629) net_cpu: case=71 task=sys_evt id=6 runtime_us=0 existed=1[0m
[0;32mI (1307638) net_bench: case=71 output=0 wall_us=20030164 bytes=160263 open_us=76238 error=0 rssi=-76 heap_min=14652[0m
[0;32mI (1307648) net_bench: case=71 recv_total_us=373429 recv_positive_us=239391 recv_empty_us=134038[0m
[0;32mI (1307657) net_bench: case=71 cpu_lean=1 gap_metrics_valid=0 heap_is_final=1[0m
[0;32mI (1307664) net_bench: case=71 sampled_heap_min=12628 rx_gap_tick_ms=588 wait_calls=888[0m
[0;32mI (1307673) net_bench: case=71 calls=1159 empty=888 rx_gap_us=0 app_gap_us=0 empty_wait_us=0 recv_max_us=1949 commit_max_us=0 ready_max=0 ready_probes=0[0m
[0;32mI (1307687) net_bench: case=71 pcm_frames=0 rate=0 eof=1883 underrun=1882 stack=1180[0m
[0;32mI (1307696) net_bench: case=71 second=0 bytes=7704 rssi=-73[0m
[0;32mI (1307702) net_bench: case=71 second=1 bytes=8733 rssi=-76[0m
[0;32mI (1307708) net_bench: case=71 second=2 bytes=8245 rssi=-90[0m
[0;32mI (1307714) net_bench: case=71 second=3 bytes=8245 rssi=-88[0m
[0;32mI (1307721) net_bench: case=71 second=4 bytes=7221 rssi=-88[0m
[0;32mI (1307727) net_bench: case=71 second=5 bytes=6733 rssi=-87[0m
[0;32mI (1307733) net_bench: case=71 second=6 bytes=9757 rssi=-89[0m
[0;32mI (1307739) net_bench: case=71 second=7 bytes=8245 rssi=-90[0m
[0;32mI (1307746) net_bench: case=71 second=8 bytes=7221 rssi=-75[0m
[0;32mI (1307752) net_bench: case=71 second=9 bytes=7757 rssi=-88[0m
[0;32mI (1307758) net_bench: case=71 second=10 bytes=8733 rssi=-76[0m
[0;32mI (1307764) net_bench: case=71 second=11 bytes=8245 rssi=-78[0m
[0;32mI (1307771) net_bench: case=71 second=12 bytes=8245 rssi=-88[0m
[0;32mI (1307777) net_bench: case=71 second=13 bytes=4685 rssi=-89[0m
[0;32mI (1307783) net_bench: case=71 second=14 bytes=10781 rssi=-88[0m
[0;32mI (1307790) net_bench: case=71 second=15 bytes=6733 rssi=-75[0m
[0;32mI (1307796) net_bench: case=71 second=16 bytes=8245 rssi=-89[0m
[0;32mI (1307802) net_bench: case=71 second=17 bytes=9757 rssi=-76[0m
[0;32mI (1307809) net_bench: case=71 second=18 bytes=6733 rssi=-77[0m
[0;32mI (1307815) net_bench: case=71 second=19 bytes=8245 rssi=-75[0m
[0;32mI (1308823) net_bench: case=72 path=/mp3-320?rate=0 output=0 begin rssi=-75 round=9 fixture=0 variant=1 wait_ms=25 read_limit=1024 batch=1[0m
[0;32mI (1319168) net_cpu: case=72 valid=1 total_us=10252488 tasks_before=8 tasks_after=8 snapshot_bytes=1440[0m
[0;32mI (1319170) net_cpu: case=72 task=audio id=4 runtime_us=1042561 existed=1[0m
[0;32mI (1319176) net_cpu: case=72 task=IDLE id=2 runtime_us=7843263 existed=1[0m
[0;32mI (1319184) net_cpu: case=72 task=tiT id=5 runtime_us=717139 existed=1[0m
[0;32mI (1319191) net_cpu: case=72 task=uiT id=1 runtime_us=18777 existed=1[0m
[0;32mI (1319198) net_cpu: case=72 task=ppT id=7 runtime_us=569905 existed=1[0m
[0;32mI (1319205) net_cpu: case=72 task=httpd id=9 runtime_us=62744 existed=1[0m
[0;32mI (1319213) net_cpu: case=72 task=Tmr Svc id=3 runtime_us=0 existed=1[0m
[0;32mI (1319220) net_cpu: case=72 task=sys_evt id=6 runtime_us=0 existed=1[0m
[0;32mI (1319229) net_bench: case=72 output=0 wall_us=10235185 bytes=297232 open_us=92691 error=-140 rssi=-75 heap_min=12964[0m
[0;32mI (1319238) net_bench: case=72 recv_total_us=516691 recv_positive_us=418120 recv_empty_us=98571[0m
[0;32mI (1319248) net_bench: case=72 cpu_lean=1 gap_metrics_valid=0 heap_is_final=1[0m
[0;32mI (1319255) net_bench: case=72 sampled_heap_min=9980 rx_gap_tick_ms=503 wait_calls=659[0m
[0;32mI (1319264) net_bench: case=72 calls=1162 empty=659 rx_gap_us=0 app_gap_us=0 empty_wait_us=0 recv_max_us=2511 commit_max_us=0 ready_max=0 ready_probes=0[0m
[0;32mI (1319278) net_bench: case=72 pcm_frames=0 rate=0 eof=963 underrun=962 stack=1180[0m
[0;32mI (1319286) net_bench: case=72 second=0 bytes=22384 rssi=-87[0m
[0;32mI (1319293) net_bench: case=72 second=1 bytes=17400 rssi=-77[0m
[0;32mI (1319299) net_bench: case=72 second=2 bytes=18224 rssi=-86[0m
[0;32mI (1319305) net_bench: case=72 second=3 bytes=11792 rssi=-75[0m
[0;32mI (1319312) net_bench: case=72 second=4 bytes=13160 rssi=-74[0m
[0;32mI (1319318) net_bench: case=72 second=5 bytes=30552 rssi=-75[0m
[0;32mI (1319324) net_bench: case=72 second=6 bytes=34064 rssi=-75[0m
[0;32mI (1319331) net_bench: case=72 second=7 bytes=39480 rssi=-73[0m
[0;32mI (1319337) net_bench: case=72 second=8 bytes=41032 rssi=-85[0m
[0;32mI (1319343) net_bench: case=72 second=9 bytes=63248 rssi=-86[0m
[0;32mI (1319349) net_bench: case=72 second=10 bytes=5896 rssi=-86[0m
[0;32mI (1319356) net_bench: case=72 second=11 bytes=0 rssi=-127[0m
[0;32mI (1319362) net_bench: case=72 second=12 bytes=0 rssi=-127[0m
[0;32mI (1319368) net_bench: case=72 second=13 bytes=0 rssi=-127[0m
[0;32mI (1319374) net_bench: case=72 second=14 bytes=0 rssi=-127[0m
[0;32mI (1319381) net_bench: case=72 second=15 bytes=0 rssi=-127[0m
[0;32mI (1319387) net_bench: case=72 second=16 bytes=0 rssi=-127[0m
[0;32mI (1319393) net_bench: case=72 second=17 bytes=0 rssi=-127[0m
[0;32mI (1319399) net_bench: case=72 second=18 bytes=0 rssi=-127[0m
[0;32mI (1319405) net_bench: case=72 second=19 bytes=0 rssi=-127[0m
[0;32mI (1320413) net_bench: complete[0m
