"name","address","bytes","section","owner"
"app_elf_sha256_str","0x3fc90180","10",".dram0.bss","esp-idf/esp_app_format/libesp_app_format.a(esp_app_desc.c.obj)"
"shutdown_handlers","0x3fc9018c","20",".dram0.bss","esp-idf/esp_system/libesp_system.a(esp_system.c.obj)"
"ref_counts","0x3fc901a0","10",".dram0.bss","esp-idf/esp_hw_support/libesp_hw_support.a(periph_ctrl.c.obj)"
"s_pll_src_cg_ref_cnt","0x3fc901ac","22",".dram0.bss","esp-idf/esp_hw_support/libesp_hw_support.a(esp_clk_tree.c.obj)"
"s_dslp_phy_cb","0x3fc901c4","12",".dram0.bss","esp-idf/esp_hw_support/libesp_hw_support.a(sleep_modes.c.obj)"
"xSuspendedTaskList","0x3fc901d0","20",".dram0.bss","esp-idf/freertos/libfreertos.a(tasks.c.obj)"
"xTasksWaitingTermination","0x3fc901e4","20",".dram0.bss","esp-idf/freertos/libfreertos.a(tasks.c.obj)"
"xPendingReadyList","0x3fc901f8","20",".dram0.bss","esp-idf/freertos/libfreertos.a(tasks.c.obj)"
"xDelayedTaskList2","0x3fc9020c","20",".dram0.bss","esp-idf/freertos/libfreertos.a(tasks.c.obj)"
"xDelayedTaskList1","0x3fc90220","20",".dram0.bss","esp-idf/freertos/libfreertos.a(tasks.c.obj)"
"pxReadyTasksLists","0x3fc90234","500",".dram0.bss","esp-idf/freertos/libfreertos.a(tasks.c.obj)"
"xIsrStack","0x3fc90430","1536",".dram0.bss","esp-idf/freertos/libfreertos.a(port.c.obj)"
"systimer_hal.1","0x3fc90a30","12",".dram0.bss","esp-idf/freertos/libfreertos.a(port_systick.c.obj)"
"s_common_recursive_mutex","0x3fc90a3c","84",".dram0.bss","esp-idf/esp_libc/libesp_libc.a(locks.c.obj)"
"__lock___sinit_recursive_mutex","0x3fc90a3c","84",".dram0.bss","esp-idf/esp_libc/libesp_libc.a(locks.c.obj)"
"__lock___env_recursive_mutex","0x3fc90a3c","84",".dram0.bss","esp-idf/esp_libc/libesp_libc.a(locks.c.obj)"
"__lock___sfp_recursive_mutex","0x3fc90a3c","84",".dram0.bss","esp-idf/esp_libc/libesp_libc.a(locks.c.obj)"
"__lock___atexit_recursive_mutex","0x3fc90a3c","84",".dram0.bss","esp-idf/esp_libc/libesp_libc.a(locks.c.obj)"
"__lock___malloc_recursive_mutex","0x3fc90a3c","84",".dram0.bss","esp-idf/esp_libc/libesp_libc.a(locks.c.obj)"
"s_common_mutex","0x3fc90a90","84",".dram0.bss","esp-idf/esp_libc/libesp_libc.a(locks.c.obj)"
"__lock___tz_mutex","0x3fc90a90","84",".dram0.bss","esp-idf/esp_libc/libesp_libc.a(locks.c.obj)"
"__lock___arc4random_mutex","0x3fc90a90","84",".dram0.bss","esp-idf/esp_libc/libesp_libc.a(locks.c.obj)"
"__lock___dd_hash_mutex","0x3fc90a90","84",".dram0.bss","esp-idf/esp_libc/libesp_libc.a(locks.c.obj)"
"__lock___at_quick_exit_mutex","0x3fc90a90","84",".dram0.bss","esp-idf/esp_libc/libesp_libc.a(locks.c.obj)"
"__lock___libc_recursive_mutex","0x3fc90ae4","84",".dram0.bss","esp-idf/esp_libc/libesp_libc.a(locks.c.obj)"
"read_buf","0x3fc90b38","128",".dram0.bss","esp-idf/esp_libc/libesp_libc.a(picolibc_init.c.obj)"
"write_buf","0x3fc90bb8","128",".dram0.bss","esp-idf/esp_libc/libesp_libc.a(picolibc_init.c.obj)"
"systimer_hal","0x3fc90c38","12",".dram0.bss","esp-idf/esp_timer/libesp_timer.a(esp_timer_impl_systimer.c.obj)"
"_ZL13s_nvs_handles","0x3fc90c44","12",".dram0.bss","esp-idf/nvs_flash/libnvs_flash.a(nvs_api.cpp.obj)"
"s_vfs","0x3fc90c50","32",".dram0.bss","esp-idf/vfs/libvfs.a(vfs.c.obj)"
"s_display","0x3fc90c70","368",".dram0.bss","esp-idf/main/libmain.a(app_main.c.obj)"
"s_state","0x3fc90de0","440",".dram0.bss","esp-idf/main/libmain.a(app_main.c.obj)"
"s_icy_metadata","0x3fc90f98","4081",".dram0.bss","esp-idf/main/libmain.a(audio_service.c.obj)"
"s_last_url","0x3fc91f8c","512",".dram0.bss","esp-idf/main/libmain.a(audio_service.c.obj)"
"s_credentials","0x3fc9218c","920",".dram0.bss","esp-idf/main/libmain.a(network_service.c.obj)"
"s_station_config","0x3fc92524","184",".dram0.bss","esp-idf/main/libmain.a(network_service.c.obj)"
"s_candidate_url","0x3fc925dc","512",".dram0.bss","esp-idf/main/libmain.a(radio_control.c.obj)"
"s_candidate_name","0x3fc927dc","144",".dram0.bss","esp-idf/main/libmain.a(radio_control.c.obj)"
"s_playlist_line","0x3fc9286c","768",".dram0.bss","esp-idf/main/libmain.a(radio_control.c.obj)"
"s_current_url","0x3fc92b6c","512",".dram0.bss","esp-idf/main/libmain.a(radio_control.c.obj)"
"s_current_status_key","0x3fc92d6c","428",".dram0.bss","esp-idf/main/libmain.a(websocket_service.c.obj)"
"s_previous_status_key","0x3fc92f18","428",".dram0.bss","esp-idf/main/libmain.a(websocket_service.c.obj)"
"s_broadcast_current","0x3fc930c4","48",".dram0.bss","esp-idf/main/libmain.a(websocket_service.c.obj)"
"s_broadcast_status","0x3fc930f4","1280",".dram0.bss","esp-idf/main/libmain.a(websocket_service.c.obj)"
"s_normalizer_config","0x3fc935f4","12",".dram0.bss","esp-idf/main/libmain.a(native_audio_output.c.obj)"
"s_frame_buffer","0x3fc93600","2048",".dram0.bss","esp-idf/main/libmain.a(native_audio_output.c.obj)"
"s_i2c_platform","0x3fc93e00","12",".dram0.bss","esp-idf/esp_driver_i2c/libesp_driver_i2c.a(i2c_common.c.obj)"
"_efs","0x3fc93e0c","12",".dram0.bss","esp-idf/spiffs/libspiffs.a(esp_spiffs.c.obj)"
"s_ledc_fade_rec","0x3fc93e18","24",".dram0.bss","esp-idf/esp_driver_ledc/libesp_driver_ledc.a(ledc.c.obj)"
"_ZN12_GLOBAL__N_1L5coefsE","0x3fc93e30","128",".dram0.bss","esp-idf/custom_flac/libcustom_flac.a(flac_decoder.cpp.obj)"
"_ZN12_GLOBAL__N_1L13samplesBufferE","0x3fc93eb0","64",".dram0.bss","esp-idf/custom_flac/libcustom_flac.a(flac_decoder.cpp.obj)"
"_ZN12_GLOBAL__N_1L20metadataBlockStorageE","0x3fc93ef0","40",".dram0.bss","esp-idf/custom_flac/libcustom_flac.a(flac_decoder.cpp.obj)"
"_ZN12_GLOBAL__N_1L18frameHeaderStorageE","0x3fc93f18","16",".dram0.bss","esp-idf/custom_flac/libcustom_flac.a(flac_decoder.cpp.obj)"
"s_intr_handlers","0x3fc93f28","256",".dram0.bss","esp-idf/riscv/libriscv.a(interrupt.c.obj)"
"s_mmu_ctx","0x3fc94028","48",".dram0.bss","esp-idf/esp_mm/libesp_mm.a(esp_mmu_map.c.obj)"
"tick_cb","0x3fc94058","32",".dram0.bss","esp-idf/esp_system/libesp_system.a(freertos_hooks.c.obj)"
"idle_cb","0x3fc94078","32",".dram0.bss","esp-idf/esp_system/libesp_system.a(freertos_hooks.c.obj)"
"init_context","0x3fc94098","12",".dram0.bss","esp-idf/esp_system/libesp_system.a(task_wdt_impl_timergroup.c.obj)"
"s_adc_cali_param","0x3fc940a4","32",".dram0.bss","esp-idf/esp_hw_support/libesp_hw_support.a(adc_share_hw_ctrl.c.obj)"
"sockets","0x3fc940c4","200",".dram0.bss","esp-idf/lwip/liblwip.a(sockets.c.obj)"
"socket_ipv4_multicast_memberships","0x3fc9418c","120",".dram0.bss","esp-idf/lwip/liblwip.a(sockets.c.obj)"
"sntp_servers","0x3fc94204","24",".dram0.bss","esp-idf/lwip/liblwip.a(sntp.c.obj)"
"dns_servers","0x3fc9421c","12",".dram0.bss","esp-idf/lwip/liblwip.a(dns.c.obj)"
"dns_requests","0x3fc94228","48",".dram0.bss","esp-idf/lwip/liblwip.a(dns.c.obj)"
"dns_table","0x3fc94258","1104",".dram0.bss","esp-idf/lwip/liblwip.a(dns.c.obj)"
"dns_pcbs","0x3fc946b0","16",".dram0.bss","esp-idf/lwip/liblwip.a(dns.c.obj)"
"loop_netif","0x3fc946c0","84",".dram0.bss","esp-idf/lwip/liblwip.a(netif.c.obj)"
"inseg","0x3fc94714","16",".dram0.bss","esp-idf/lwip/liblwip.a(tcp_in.c.obj)"
"dhcp_rx_options_given","0x3fc94724","11",".dram0.bss","esp-idf/lwip/liblwip.a(dhcp.c.obj)"
"dhcp_rx_options_val","0x3fc94730","44",".dram0.bss","esp-idf/lwip/liblwip.a(dhcp.c.obj)"
"arp_table","0x3fc9475c","240",".dram0.bss","esp-idf/lwip/liblwip.a(etharp.c.obj)"
"input","0x3fc9484c","64",".dram0.bss","esp-idf/lwip/liblwip.a(tcp_isn_default.c.obj)"
"ip_data","0x3fc9488c","24",".dram0.bss","esp-idf/lwip/liblwip.a(ip.c.obj)"
"api_lock_sem","0x3fc948a4","84",".dram0.bss","esp-idf/esp_netif/libesp_netif.a(esp_netif_lwip.c.obj)"
"api_sync_sem","0x3fc948f8","84",".dram0.bss","esp-idf/esp_netif/libesp_netif.a(esp_netif_lwip.c.obj)"
"s_wifi_netifs","0x3fc9494c","12",".dram0.bss","esp-idf/esp_wifi/libesp_wifi.a(wifi_default.c.obj)"
"s_wifi_netifs","0x3fc94958","12",".dram0.bss","esp-idf/esp_wifi/libesp_wifi.a(wifi_netif.c.obj)"
"s_wifi_rxcbs","0x3fc94964","12",".dram0.bss","esp-idf/esp_wifi/libesp_wifi.a(wifi_netif.c.obj)"
"supported_ciphersuites","0x3fc94970","68",".dram0.bss","esp-idf/mbedtls/mbedtls/library/libmbedtls.a(ssl_ciphersuites.c.obj)"
"global_data","0x3fc949b4","12",".dram0.bss","esp-idf/mbedtls/mbedtls/tf-psa-crypto/core/libtfpsacrypto.a(psa_crypto.c.obj)"
"global_data","0x3fc949c0","184",".dram0.bss","esp-idf/mbedtls/mbedtls/tf-psa-crypto/core/libtfpsacrypto.a(psa_crypto_slot_management.c.obj)"
"op_sem_buf.1","0x3fc94a78","84",".dram0.bss","esp-idf/mbedtls/mbedtls/tf-psa-crypto/core/libtfpsacrypto.a(esp_bignum.c.obj)"
"ecp_supported_grp_id","0x3fc94acc","40",".dram0.bss","esp-idf/mbedtls/mbedtls/tf-psa-crypto/core/libtfpsacrypto.a(ecp.c.obj)"
"op_sem_buf.2","0x3fc94af4","84",".dram0.bss","esp-idf/mbedtls/mbedtls/tf-psa-crypto/core/libtfpsacrypto.a(esp_aes_dma_core.c.obj)"
"chip7_phy_init_ctrl","0x3fc94b48","42",".dram0.bss","<IDF>/components/esp_phy/lib/esp32c3/libphy.a(phy_init.o)"
"g_phyFuns","0x3fc94b74","4",".dram0.bss","<IDF>/components/esp_phy/lib/esp32c3/libphy.a(phy_init.o)"
"phy_version_str","0x3fc94b7c","40",".dram0.bss","<IDF>/components/esp_phy/lib/esp32c3/libphy.a(phy_debug.o)"
"len_dh_ie","0x3fc94ba4","1",".dram0.bss","<IDF>/components/esp_wifi/lib/esp32c3/libnet80211.a(ieee80211_output.o)"
"s_netstack_ref","0x3fc94ba8","4",".dram0.bss","<IDF>/components/esp_wifi/lib/esp32c3/libnet80211.a(ieee80211_output.o)"
"s_tx_cacheq","0x3fc94bac","8",".dram0.bss","<IDF>/components/esp_wifi/lib/esp32c3/libnet80211.a(ieee80211_output.o)"
"ap_rxcb","0x3fc94bb8","4",".dram0.bss","<IDF>/components/esp_wifi/lib/esp32c3/libnet80211.a(ieee80211_hostap.o)"
"g_beacon_eb","0x3fc94bd8","8",".dram0.bss","<IDF>/components/esp_wifi/lib/esp32c3/libnet80211.a(ieee80211_hostap.o)"
"g_beacon_idx","0x3fc94be1","1",".dram0.bss","<IDF>/components/esp_wifi/lib/esp32c3/libnet80211.a(ieee80211_hostap.o)"
"g_deauth_mac_list","0x3fc94be4","12",".dram0.bss","<IDF>/components/esp_wifi/lib/esp32c3/libnet80211.a(ieee80211_hostap.o)"
"g_sa_query_mac_list","0x3fc94bf0","12",".dram0.bss","<IDF>/components/esp_wifi/lib/esp32c3/libnet80211.a(ieee80211_hostap.o)"
"esp_mesh_quick_funcs","0x3fc94c00","176",".dram0.bss","<IDF>/components/esp_wifi/lib/esp32c3/libnet80211.a(ieee80211_mesh_quick.o)"
"g_mesh_topology","0x3fc94cb0","4",".dram0.bss","<IDF>/components/esp_wifi/lib/esp32c3/libnet80211.a(ieee80211_mesh_quick.o)"
"gChmCxt","0x3fc94cb4","592",".dram0.bss","<IDF>/components/esp_wifi/lib/esp32c3/libnet80211.a(wl_chm.o)"
"g_offchan_ctx","0x3fc94f04","28",".dram0.bss","<IDF>/components/esp_wifi/lib/esp32c3/libnet80211.a(wl_offchan.o)"
"g_offchan_packet_lifetime","0x3fc94f20","4",".dram0.bss","<IDF>/components/esp_wifi/lib/esp32c3/libnet80211.a(wl_offchan.o)"
"g_hmac_cnt","0x3fc94f24","64",".dram0.bss","<IDF>/components/esp_wifi/lib/esp32c3/libnet80211.a(ieee80211_debug.o)"
"s_wifi_nvs","0x3fc94f6c","1316",".dram0.bss","<IDF>/components/esp_wifi/lib/esp32c3/libnet80211.a(ieee80211_nvs.o)"
"g_mac_sleep_en","0x3fc95530","1",".dram0.bss","<IDF>/components/esp_wifi/lib/esp32c3/libnet80211.a(ieee80211_ioctl.o)"
"g_wifi_menuconfig","0x3fc95538","104",".dram0.bss","<IDF>/components/esp_wifi/lib/esp32c3/libnet80211.a(ieee80211_ioctl.o)"
"mac_list_lock","0x3fc955a0","4",".dram0.bss","<IDF>/components/esp_wifi/lib/esp32c3/libnet80211.a(ieee80211_ioctl.o)"
"offchan_tx_progress_in","0x3fc955a4","1",".dram0.bss","<IDF>/components/esp_wifi/lib/esp32c3/libnet80211.a(ieee80211_ioctl.o)"
"s_wifi_task_hdl","0x3fc955a8","4",".dram0.bss","<IDF>/components/esp_wifi/lib/esp32c3/libnet80211.a(ieee80211_ioctl.o)"
"ftm_resp_ctx","0x3fc955b0","12",".dram0.bss","<IDF>/components/esp_wifi/lib/esp32c3/libnet80211.a(ieee80211_ftm.o)"
"s_wifi_api_lock","0x3fc955c0","4",".dram0.bss","<IDF>/components/esp_wifi/lib/esp32c3/libnet80211.a(ieee80211_api.o)"
"s_wifi_stop_in_progress","0x3fc955c4","1",".dram0.bss","<IDF>/components/esp_wifi/lib/esp32c3/libnet80211.a(ieee80211_api.o)"
"ap_no_lr","0x3fc955c5","1",".dram0.bss","<IDF>/components/esp_wifi/lib/esp32c3/libnet80211.a(wl_cnx.o)"
"g_authmode_incompatible","0x3fc955dc","1",".dram0.bss","<IDF>/components/esp_wifi/lib/esp32c3/libnet80211.a(wl_cnx.o)"
"g_authmode_threshold_failure","0x3fc955dd","1",".dram0.bss","<IDF>/components/esp_wifi/lib/esp32c3/libnet80211.a(wl_cnx.o)"
"g_cnxMgr","0x3fc955e0","3944",".dram0.bss","<IDF>/components/esp_wifi/lib/esp32c3/libnet80211.a(wl_cnx.o)"
"g_cnx_probe_rc_list_cb","0x3fc96548","4",".dram0.bss","<IDF>/components/esp_wifi/lib/esp32c3/libnet80211.a(wl_cnx.o)"
"g_in_blacklist_flag","0x3fc9654c","1",".dram0.bss","<IDF>/components/esp_wifi/lib/esp32c3/libnet80211.a(wl_cnx.o)"
"g_in_blacklist_scanned_again","0x3fc9654d","1",".dram0.bss","<IDF>/components/esp_wifi/lib/esp32c3/libnet80211.a(wl_cnx.o)"
"g_rssi_threshold_failure","0x3fc9654e","1",".dram0.bss","<IDF>/components/esp_wifi/lib/esp32c3/libnet80211.a(wl_cnx.o)"
"sta_con_timer","0x3fc96558","20",".dram0.bss","<IDF>/components/esp_wifi/lib/esp32c3/libnet80211.a(wl_cnx.o)"
"in_rssi_adjust","0x3fc96578","1",".dram0.bss","<IDF>/components/esp_wifi/lib/esp32c3/libnet80211.a(ieee80211_sta.o)"
"rssi_index","0x3fc96579","1",".dram0.bss","<IDF>/components/esp_wifi/lib/esp32c3/libnet80211.a(ieee80211_sta.o)"
"rssi_saved","0x3fc9657c","8",".dram0.bss","<IDF>/components/esp_wifi/lib/esp32c3/libnet80211.a(ieee80211_sta.o)"
"s_eapol_txdone_cb","0x3fc96584","4",".dram0.bss","<IDF>/components/esp_wifi/lib/esp32c3/libnet80211.a(ieee80211_sta.o)"
"sta_csa_timer","0x3fc9659c","20",".dram0.bss","<IDF>/components/esp_wifi/lib/esp32c3/libnet80211.a(ieee80211_sta.o)"
"g_wifi_improve_contention_ability","0x3fc965b0","1",".dram0.bss","<IDF>/components/esp_wifi/lib/esp32c3/libnet80211.a(ieee80211_proto.o)"
"g_ic","0x3fc965b4","700",".dram0.bss","<IDF>/components/esp_wifi/lib/esp32c3/libnet80211.a(ieee80211.o)"
"wpa_crypto_funcs","0x3fc96870","44",".dram0.bss","<IDF>/components/esp_wifi/lib/esp32c3/libnet80211.a(ieee80211_crypto.o)"
"app_scan_params","0x3fc9689c","16",".dram0.bss","<IDF>/components/esp_wifi/lib/esp32c3/libnet80211.a(ieee80211_scan.o)"
"connect_scan_flag","0x3fc968ac","1",".dram0.bss","<IDF>/components/esp_wifi/lib/esp32c3/libnet80211.a(ieee80211_scan.o)"
"gScanStruct","0x3fc968b0","284",".dram0.bss","<IDF>/components/esp_wifi/lib/esp32c3/libnet80211.a(ieee80211_scan.o)"
"scannum","0x3fc969dc","2",".dram0.bss","<IDF>/components/esp_wifi/lib/esp32c3/libnet80211.a(ieee80211_scan.o)"
"g_pm","0x3fc96a08","544",".dram0.bss","<IDF>/components/esp_wifi/lib/esp32c3/libpp.a(pm.o)"
"if_ctrl","0x3fc96c2c","40",".dram0.bss","<IDF>/components/esp_wifi/lib/esp32c3/libpp.a(if_hwctrl.o)"
"s_is_6m","0x3fc96c54","1",".dram0.bss","<IDF>/components/esp_wifi/lib/esp32c3/libpp.a(if_hwctrl.o)"
"s_fragment","0x3fc96c58","16",".dram0.bss","<IDF>/components/esp_wifi/lib/esp32c3/libpp.a(pp.o)"
"eb_space","0x3fc96c68","192",".dram0.bss","<IDF>/components/esp_wifi/lib/esp32c3/libpp.a(esf_buf.o)"
"s_fix_rate","0x3fc96d28","8",".dram0.bss","<IDF>/components/esp_wifi/lib/esp32c3/libpp.a(trc.o)"
"s_fix_rate_mask","0x3fc96d30","4",".dram0.bss","<IDF>/components/esp_wifi/lib/esp32c3/libpp.a(trc.o)"
"g_lmac_cnt","0x3fc96d34","192",".dram0.bss","<IDF>/components/esp_wifi/lib/esp32c3/libpp.a(pp_debug.o)"
"g_pm_cnt","0x3fc96df8","72",".dram0.bss","<IDF>/components/esp_wifi/lib/esp32c3/libpp.a(pp_debug.o)"
"BcnSendTick","0x3fc96e40","4",".dram0.bss","<IDF>/components/esp_wifi/lib/esp32c3/libpp.a(wdev.o)"
"g_wdev_csi_rx","0x3fc96e44","4",".dram0.bss","<IDF>/components/esp_wifi/lib/esp32c3/libpp.a(wdev.o)"
"g_wdev_csi_rx_ctx","0x3fc96e48","4",".dram0.bss","<IDF>/components/esp_wifi/lib/esp32c3/libpp.a(wdev.o)"
"g_wdev_record_t1t4_cb","0x3fc96e4c","4",".dram0.bss","<IDF>/components/esp_wifi/lib/esp32c3/libpp.a(wdev.o)"
"g_wdev_record_t2t3_cb","0x3fc96e50","4",".dram0.bss","<IDF>/components/esp_wifi/lib/esp32c3/libpp.a(wdev.o)"
"g_wdev_set_t1t4_cb","0x3fc96e54","4",".dram0.bss","<IDF>/components/esp_wifi/lib/esp32c3/libpp.a(wdev.o)"
"wDevMacSleep","0x3fc96e58","116",".dram0.bss","<IDF>/components/esp_wifi/lib/esp32c3/libpp.a(wdev.o)"
"s_tbttstart","0x3fc96ed0","8",".dram0.bss","<IDF>/components/esp_wifi/lib/esp32c3/libpp.a(hal_tsf.o)"
"s_log_cache","0x3fc96edc","248",".dram0.bss","esp-idf/log/liblog.a(log_binary_heap.c.obj)"
"s_phy_ant_config","0x3fc96fd4","16",".dram0.bss","esp-idf/esp_phy/libesp_phy.a(phy_common.c.obj)"
"g_wpa_supp","0x3fc96fe8","144",".dram0.bss","esp-idf/wpa_supplicant/libwpa_supplicant.a(esp_common.c.obj)"
"eloop","0x3fc97078","36",".dram0.bss","esp-idf/wpa_supplicant/libwpa_supplicant.a(eloop.c.obj)"
"s_sm_table","0x3fc9709c","64",".dram0.bss","esp-idf/wpa_supplicant/libwpa_supplicant.a(wpa_auth.c.obj)"
"assoc_ie_buf","0x3fc970dc","48",".dram0.bss","esp-idf/wpa_supplicant/libwpa_supplicant.a(wpa.c.obj)"
"gWpaSm","0x3fc9710c","816",".dram0.bss","esp-idf/wpa_supplicant/libwpa_supplicant.a(wpa.c.obj)"
"g_log_level","0x3fc9743c","4",".dram0.bss","<IDF>/components/esp_wifi/lib/esp32c3/libcore.a(misc_nvs.o)"
"g_misc_nvs","0x3fc97440","4",".dram0.bss","<IDF>/components/esp_wifi/lib/esp32c3/libcore.a(misc_nvs.o)"
"__tzname_std","0x3fc9744c","12",".dram0.bss","<DEPENDENCIES>/tools-v6.0.2/tools/riscv32-esp-elf/esp-15.2.0_20251204/riscv32-esp-elf/bin/../riscv32-esp-elf/../picolibc/riscv32-esp-elf/lib/rv32imc_zicsr_zifencei/ilp32/no-rtti/libc.a(libc_time_tzset.c.o)"
"__tzname_dst","0x3fc97458","12",".dram0.bss","<DEPENDENCIES>/tools-v6.0.2/tools/riscv32-esp-elf/esp-15.2.0_20251204/riscv32-esp-elf/bin/../riscv32-esp-elf/../picolibc/riscv32-esp-elf/lib/rv32imc_zicsr_zifencei/ilp32/no-rtti/libc.a(libc_time_tzset.c.o)"
"tzinfo","0x3fc97468","88",".dram0.bss","<DEPENDENCIES>/tools-v6.0.2/tools/riscv32-esp-elf/esp-15.2.0_20251204/riscv32-esp-elf/bin/../riscv32-esp-elf/../picolibc/riscv32-esp-elf/lib/rv32imc_zicsr_zifencei/ilp32/no-rtti/libc.a(libc_time_gettzinfo.c.o)"
"s_open_count","0x3fc974c0","4",".dram0.bss","esp-idf/esp_stdio/libesp_stdio.a(stdio_vfs.c.obj)"
"vfs_console","0x3fc974c4","8",".dram0.bss","esp-idf/esp_stdio/libesp_stdio.a(stdio_vfs.c.obj)"
"s_burn_counter","0x3fc974cc","4",".dram0.bss","esp-idf/efuse/libefuse.a(esp_efuse_utility.c.obj)"
"esp_flash_default_chip","0x3fc974d0","4",".dram0.bss","esp-idf/spi_flash/libspi_flash.a(esp_flash_spi_init.c.obj)"
"flash_erasing","0x3fc974d4","1",".dram0.bss","esp-idf/spi_flash/libspi_flash.a(flash_brownout_hook.c.obj)"
"flash_brownout_needs_reset","0x3fc974d5","1",".dram0.bss","esp-idf/spi_flash/libspi_flash.a(flash_brownout_hook.c.obj)"
"s_flash_guard_ops","0x3fc974d8","4",".dram0.bss","esp-idf/spi_flash/libspi_flash.a(flash_ops.c.obj)"
"s_errno_array.0","0x3fc974dc","4",".dram0.bss","esp-idf/esp_system/libesp_system.a(cpu_start.c.obj)"
"g_panic_abort_details","0x3fc974e0","4",".dram0.bss","esp-idf/esp_system/libesp_system.a(panic.c.obj)"
"g_panic_abort","0x3fc974e4","1",".dram0.bss","esp-idf/esp_system/libesp_system.a(panic.c.obj)"
"g_startup_time","0x3fc974e8","8",".dram0.bss","esp-idf/esp_system/libesp_system.a(startup.c.obj)"
"g_exc_frames","0x3fc974f0","4",".dram0.bss","esp-idf/esp_system/libesp_system.a(panic_handler.c.obj)"
"s_ctx","0x3fc974f4","1",".dram0.bss","esp-idf/hal/libhal.a(mmu_hal.c.obj)"
"ctx","0x3fc974f8","4",".dram0.bss","esp-idf/hal/libhal.a(cache_hal.c.obj)"
"esp_log_cache_enabled","0x3fc974fc","4",".dram0.bss","esp-idf/log/liblog.a(util.c.obj)"
"alloc_failed_callback","0x3fc97500","4",".dram0.bss","esp-idf/heap/libheap.a(heap_caps.c.obj)"
"registered_heaps","0x3fc97504","4",".dram0.bss","esp-idf/heap/libheap.a(heap_caps_init.c.obj)"
"non_iram_int_disabled_flag","0x3fc97508","1",".dram0.bss","esp-idf/esp_hw_support/libesp_hw_support.a(intr_alloc.c.obj)"
"non_iram_int_disabled","0x3fc9750c","4",".dram0.bss","esp-idf/esp_hw_support/libesp_hw_support.a(intr_alloc.c.obj)"
"non_iram_int_mask","0x3fc97510","4",".dram0.bss","esp-idf/esp_hw_support/libesp_hw_support.a(intr_alloc.c.obj)"
"vector_desc_head","0x3fc97514","4",".dram0.bss","esp-idf/esp_hw_support/libesp_hw_support.a(intr_alloc.c.obj)"
"s_rtc_isr_handle","0x3fc97518","4",".dram0.bss","esp-idf/esp_hw_support/libesp_hw_support.a(rtc_module.c.obj)"
"s_calibrated_freq","0x3fc9751c","8",".dram0.bss","esp-idf/esp_hw_support/libesp_hw_support.a(esp_clk_tree_common.c.obj)"
"s_brownout_callback","0x3fc97524","4",".dram0.bss","esp-idf/esp_hw_support/libesp_hw_support.a(brownout.c.obj)"
"s_bbpll_digi_consumers_ref_count","0x3fc97528","4",".dram0.bss","esp-idf/esp_hw_support/libesp_hw_support.a(rtc_clk.c.obj)"
"s_cur_pll_freq","0x3fc9752c","4",".dram0.bss","esp-idf/esp_hw_support/libesp_hw_support.a(rtc_clk.c.obj)"
"s_sar_power_on_cnt","0x3fc97530","4",".dram0.bss","esp-idf/esp_hw_support/libesp_hw_support.a(sar_periph_ctrl.c.obj)"
"s_pwdet_power_on_cnt","0x3fc97534","4",".dram0.bss","esp-idf/esp_hw_support/libesp_hw_support.a(sar_periph_ctrl.c.obj)"
"adc_reset_lock","0x3fc97538","4",".dram0.bss","esp-idf/esp_hw_support/libesp_hw_support.a(sar_periph_ctrl.c.obj)"
"s_i2c_saradc_enable_cnt","0x3fc9753c","4",".dram0.bss","esp-idf/esp_hw_support/libesp_hw_support.a(regi2c_ctrl.c.obj)"
"uxSchedulerSuspended","0x3fc97540","4",".dram0.bss","esp-idf/freertos/libfreertos.a(tasks.c.obj)"
"xIdleTaskHandle","0x3fc97544","4",".dram0.bss","esp-idf/freertos/libfreertos.a(tasks.c.obj)"
"xNextTaskUnblockTime","0x3fc97548","4",".dram0.bss","esp-idf/freertos/libfreertos.a(tasks.c.obj)"
"uxTaskNumber","0x3fc9754c","4",".dram0.bss","esp-idf/freertos/libfreertos.a(tasks.c.obj)"
"xNumOfOverflows","0x3fc97550","4",".dram0.bss","esp-idf/freertos/libfreertos.a(tasks.c.obj)"
"xYieldPending","0x3fc97554","4",".dram0.bss","esp-idf/freertos/libfreertos.a(tasks.c.obj)"
"xPendedTicks","0x3fc97558","4",".dram0.bss","esp-idf/freertos/libfreertos.a(tasks.c.obj)"
"xSchedulerRunning","0x3fc9755c","4",".dram0.bss","esp-idf/freertos/libfreertos.a(tasks.c.obj)"
"uxTopReadyPriority","0x3fc97560","4",".dram0.bss","esp-idf/freertos/libfreertos.a(tasks.c.obj)"
"xTickCount","0x3fc97564","4",".dram0.bss","esp-idf/freertos/libfreertos.a(tasks.c.obj)"
"uxCurrentNumberOfTasks","0x3fc97568","4",".dram0.bss","esp-idf/freertos/libfreertos.a(tasks.c.obj)"
"uxDeletedTasksWaitingCleanUp","0x3fc9756c","4",".dram0.bss","esp-idf/freertos/libfreertos.a(tasks.c.obj)"
"pxOverflowDelayedTaskList","0x3fc97570","4",".dram0.bss","esp-idf/freertos/libfreertos.a(tasks.c.obj)"
"pxDelayedTaskList","0x3fc97574","4",".dram0.bss","esp-idf/freertos/libfreertos.a(tasks.c.obj)"
"pxCurrentTCBs","0x3fc97578","4",".dram0.bss","esp-idf/freertos/libfreertos.a(tasks.c.obj)"
"xIsrStackBottom","0x3fc9757c","4",".dram0.bss","esp-idf/freertos/libfreertos.a(port.c.obj)"
"xIsrStackTop","0x3fc97580","4",".dram0.bss","esp-idf/freertos/libfreertos.a(port.c.obj)"
"port_uxCoreStartupDone","0x3fc97584","4",".dram0.bss","esp-idf/freertos/libfreertos.a(port.c.obj)"
"xPortSwitchFlag","0x3fc97588","4",".dram0.bss","esp-idf/freertos/libfreertos.a(port.c.obj)"
"port_uxOldInterruptState","0x3fc9758c","4",".dram0.bss","esp-idf/freertos/libfreertos.a(port.c.obj)"
"port_uxCriticalNesting","0x3fc97590","4",".dram0.bss","esp-idf/freertos/libfreertos.a(port.c.obj)"
"port_uxInterruptNesting","0x3fc97594","4",".dram0.bss","esp-idf/freertos/libfreertos.a(port.c.obj)"
"port_xSchedulerRunning","0x3fc97598","4",".dram0.bss","esp-idf/freertos/libfreertos.a(port.c.obj)"
"s_handled_systicks","0x3fc9759c","4",".dram0.bss","esp-idf/freertos/libfreertos.a(port_systick.c.obj)"
"s_time_lock","0x3fc975a0","4",".dram0.bss","esp-idf/esp_libc/libesp_libc.a(time.c.obj)"
"s_adjtime_total_correction_us","0x3fc975a8","8",".dram0.bss","esp-idf/esp_libc/libesp_libc.a(time.c.obj)"
"s_adjtime_start_us","0x3fc975b0","8",".dram0.bss","esp-idf/esp_libc/libesp_libc.a(time.c.obj)"
"s_boot_time_lock","0x3fc975b8","4",".dram0.bss","esp-idf/esp_libc/libesp_libc.a(esp_time_impl.c.obj)"
"s_microseconds_offset","0x3fc975c0","8",".dram0.bss","esp-idf/esp_libc/libesp_libc.a(esp_time_impl.c.obj)"
"s_keys","0x3fc975c8","4",".dram0.bss","esp-idf/pthread/libpthread.a(pthread_local_storage.c.obj)"
"s_correction_us","0x3fc975d0","8",".dram0.bss","esp-idf/esp_timer/libesp_timer.a(system_time.c.obj)"
"s_alarm_handler","0x3fc975d8","4",".dram0.bss","esp-idf/esp_timer/libesp_timer.a(esp_timer_impl_systimer.c.obj)"
"s_timer_interrupt_handle","0x3fc975dc","4",".dram0.bss","esp-idf/esp_timer/libesp_timer.a(esp_timer_impl_systimer.c.obj)"
"_ZN14NVSHandleEntry17s_nvs_next_handleE","0x3fc975e0","4",".dram0.bss","esp-idf/nvs_flash/libnvs_flash.a(nvs_api.cpp.obj)"
"_ZN3nvs19NVSPartitionManager8instanceE","0x3fc975e4","4",".dram0.bss","esp-idf/nvs_flash/libnvs_flash.a(nvs_partition_manager.cpp.obj)"
"_ZN3nvs4Lock10mSemaphoreE","0x3fc975e8","4",".dram0.bss","esp-idf/nvs_flash/libnvs_flash.a(nvs_platform.cpp.obj)"
"s_wifi_tsens_xpd_flag","0x3fc975ec","1",".dram0.bss","esp-idf/esp_phy/libesp_phy.a(phy_override.c.obj)"
"s_wifi_pwdet_xpd_flag","0x3fc975ed","1",".dram0.bss","esp-idf/esp_phy/libesp_phy.a(phy_override.c.obj)"
"s_fd_table_lock","0x3fc975f0","4",".dram0.bss","esp-idf/vfs/libvfs.a(vfs.c.obj)"
"s_vfs_count","0x3fc975f4","4",".dram0.bss","esp-idf/vfs/libvfs.a(vfs.c.obj)"
"g_fds","0x3fc975f8","4",".dram0.bss","esp-idf/vfs/libvfs.a(nullfs.c.obj)"
"s_button_edge_queue","0x3fc975fc","4",".dram0.bss","esp-idf/main/libmain.a(app_main.c.obj)"
"s_button_status","0x3fc97600","1",".dram0.bss","esp-idf/main/libmain.a(app_main.c.obj)"
"s_button_status_until_ms","0x3fc97604","4",".dram0.bss","esp-idf/main/libmain.a(app_main.c.obj)"
"s_button_status_revision","0x3fc97608","4",".dram0.bss","esp-idf/main/libmain.a(app_main.c.obj)"
"s_boot_logo_until_us","0x3fc97610","8",".dram0.bss","esp-idf/main/libmain.a(app_main.c.obj)"
"s_measured_bitrate_ready","0x3fc97618","1",".dram0.bss","esp-idf/main/libmain.a(audio_service.c.obj)"
"s_bitrate_updated_us","0x3fc97620","8",".dram0.bss","esp-idf/main/libmain.a(audio_service.c.obj)"
"s_published_bitrate_bps","0x3fc97628","4",".dram0.bss","esp-idf/main/libmain.a(audio_service.c.obj)"
"s_last_codec","0x3fc9762c","4",".dram0.bss","esp-idf/main/libmain.a(audio_service.c.obj)"
"s_decoder_released_generation","0x3fc97630","4",".dram0.bss","esp-idf/main/libmain.a(audio_service.c.obj)"
"s_decoder_target_codec","0x3fc97634","4",".dram0.bss","esp-idf/main/libmain.a(audio_service.c.obj)"
"s_generation","0x3fc97638","4",".dram0.bss","esp-idf/main/libmain.a(audio_service.c.obj)"
"s_encoded_usable_size","0x3fc9763c","4",".dram0.bss","esp-idf/main/libmain.a(audio_service.c.obj)"
"s_pcm","0x3fc97640","4",".dram0.bss","esp-idf/main/libmain.a(audio_service.c.obj)"
"s_encoded","0x3fc97644","4",".dram0.bss","esp-idf/main/libmain.a(audio_service.c.obj)"
"s_commands","0x3fc97648","4",".dram0.bss","esp-idf/main/libmain.a(audio_service.c.obj)"
"s_state","0x3fc9764c","4",".dram0.bss","esp-idf/main/libmain.a(audio_service.c.obj)"
"s_last_activity_ms","0x3fc97650","4",".dram0.bss","esp-idf/main/libmain.a(display_settings.c.obj)"
"s_screensaver_playing_blank","0x3fc97654","1",".dram0.bss","esp-idf/main/libmain.a(display_settings.c.obj)"
"s_screensaver_playing_enabled","0x3fc97655","1",".dram0.bss","esp-idf/main/libmain.a(display_settings.c.obj)"
"s_screensaver_blank","0x3fc97656","1",".dram0.bss","esp-idf/main/libmain.a(display_settings.c.obj)"
"s_screensaver_enabled","0x3fc97657","1",".dram0.bss","esp-idf/main/libmain.a(display_settings.c.obj)"
"s_numbered_playlist","0x3fc97658","1",".dram0.bss","esp-idf/main/libmain.a(display_settings.c.obj)"
"s_station_uppercase","0x3fc97659","1",".dram0.bss","esp-idf/main/libmain.a(display_settings.c.obj)"
"s_brightness","0x3fc9765a","1",".dram0.bss","esp-idf/main/libmain.a(display_settings.c.obj)"
"s_display","0x3fc9765c","4",".dram0.bss","esp-idf/main/libmain.a(display_settings.c.obj)"
"s_stopping_for_sleep","0x3fc97660","1",".dram0.bss","esp-idf/main/libmain.a(network_service.c.obj)"
"s_have_credentials","0x3fc97661","1",".dram0.bss","esp-idf/main/libmain.a(network_service.c.obj)"
"s_retries","0x3fc97664","4",".dram0.bss","esp-idf/main/libmain.a(network_service.c.obj)"
"s_softap_reboot_timer","0x3fc97668","4",".dram0.bss","esp-idf/main/libmain.a(network_service.c.obj)"
"s_credential_index","0x3fc9766c","4",".dram0.bss","esp-idf/main/libmain.a(network_service.c.obj)"
"s_credential_count","0x3fc97670","4",".dram0.bss","esp-idf/main/libmain.a(network_service.c.obj)"
"s_state","0x3fc97674","4",".dram0.bss","esp-idf/main/libmain.a(network_service.c.obj)"
"s_ap_netif","0x3fc97678","4",".dram0.bss","esp-idf/main/libmain.a(network_service.c.obj)"
"s_station_netif","0x3fc9767c","4",".dram0.bss","esp-idf/main/libmain.a(network_service.c.obj)"
"s_wifi_events","0x3fc97680","4",".dram0.bss","esp-idf/main/libmain.a(network_service.c.obj)"
"s_playlist_count","0x3fc97684","2",".dram0.bss","esp-idf/main/libmain.a(radio_control.c.obj)"
"s_state","0x3fc97688","4",".dram0.bss","esp-idf/main/libmain.a(radio_control.c.obj)"
"s_lock","0x3fc9768c","4",".dram0.bss","esp-idf/main/libmain.a(radio_control.c.obj)"
"s_string_lock","0x3fc97690","4",".dram0.bss","esp-idf/main/libmain.a(runtime_settings.c.obj)"
"s_timezone_minute","0x3fc97694","1",".dram0.bss","esp-idf/main/libmain.a(runtime_settings.c.obj)"
"s_timezone_hour","0x3fc97695","1",".dram0.bss","esp-idf/main/libmain.a(runtime_settings.c.obj)"
"s_softap_delay_min","0x3fc97696","1",".dram0.bss","esp-idf/main/libmain.a(runtime_settings.c.obj)"
"s_audio_info","0x3fc97697","1",".dram0.bss","esp-idf/main/libmain.a(runtime_settings.c.obj)"
"s_time_sync_task","0x3fc97698","4",".dram0.bss","esp-idf/main/libmain.a(time_service.c.obj)"
"s_static_worker_tasks","0x3fc9769c","8",".dram0.bss","esp-idf/main/libmain.a(web_service.c.obj)"
"s_static_request_queue","0x3fc976a4","4",".dram0.bss","esp-idf/main/libmain.a(web_service.c.obj)"
"s_state","0x3fc976a8","4",".dram0.bss","esp-idf/main/libmain.a(web_service.c.obj)"
"s_reboot_pending","0x3fc976ac","1",".dram0.bss","esp-idf/main/libmain.a(web_ota.c.obj)"
"s_current_send_pending","0x3fc976b0","4",".dram0.bss","esp-idf/main/libmain.a(websocket_service.c.obj)"
"s_status_send_pending","0x3fc976b4","4",".dram0.bss","esp-idf/main/libmain.a(websocket_service.c.obj)"
"s_playlist_changed_pending","0x3fc976b8","1",".dram0.bss","esp-idf/main/libmain.a(websocket_service.c.obj)"
"s_state","0x3fc976bc","4",".dram0.bss","esp-idf/main/libmain.a(websocket_service.c.obj)"
"s_server","0x3fc976c0","4",".dram0.bss","esp-idf/main/libmain.a(websocket_service.c.obj)"
"s_normalizer_reset_pending","0x3fc976c4","1",".dram0.bss","esp-idf/main/libmain.a(native_audio_output.c.obj)"
"s_stats_packets","0x3fc976c8","4",".dram0.bss","esp-idf/main/libmain.a(native_audio_output.c.obj)"
"s_stats_normalize_us","0x3fc976d0","8",".dram0.bss","esp-idf/main/libmain.a(native_audio_output.c.obj)"
"s_stats_audio_us","0x3fc976d8","8",".dram0.bss","esp-idf/main/libmain.a(native_audio_output.c.obj)"
"s_stats_started_us","0x3fc976e0","8",".dram0.bss","esp-idf/main/libmain.a(native_audio_output.c.obj)"
"s_resampler_next_phase","0x3fc976e8","4",".dram0.bss","esp-idf/main/libmain.a(native_audio_output.c.obj)"
"s_previous_right","0x3fc976ec","2",".dram0.bss","esp-idf/main/libmain.a(native_audio_output.c.obj)"
"s_previous_left","0x3fc976ee","2",".dram0.bss","esp-idf/main/libmain.a(native_audio_output.c.obj)"
"s_resampler_has_previous","0x3fc976f0","1",".dram0.bss","esp-idf/main/libmain.a(native_audio_output.c.obj)"
"s_buffered_frames","0x3fc976f4","4",".dram0.bss","esp-idf/main/libmain.a(native_audio_output.c.obj)"
"s_input_sample_rate","0x3fc976f8","4",".dram0.bss","esp-idf/main/libmain.a(native_audio_output.c.obj)"
"s_pdm_running","0x3fc976fc","1",".dram0.bss","esp-idf/main/libmain.a(native_audio_output.c.obj)"
"s_pdm","0x3fc97700","4",".dram0.bss","esp-idf/main/libmain.a(native_audio_output.c.obj)"
"s_platform","0x3fc97704","4",".dram0.bss","esp-idf/esp_driver_i2c/libesp_driver_i2c.a(i2c_master.c.obj)"
"s_ready","0x3fc97708","1",".dram0.bss","esp-idf/audio_level_led/libaudio_level_led.a(audio_level_led.c.obj)"
"s_envelope","0x3fc97709","1",".dram0.bss","esp-idf/audio_level_led/libaudio_level_led.a(audio_level_led.c.obj)"
"s_last_update_ms","0x3fc9770c","4",".dram0.bss","esp-idf/audio_level_led/libaudio_level_led.a(audio_level_led.c.obj)"
"s_ledc_slow_clk_rc_fast_freq","0x3fc97710","4",".dram0.bss","esp-idf/esp_driver_ledc/libesp_driver_ledc.a(ledc.c.obj)"
"s_ledc_mutex","0x3fc97714","4",".dram0.bss","esp-idf/esp_driver_ledc/libesp_driver_ledc.a(ledc.c.obj)"
"p_ledc_obj","0x3fc97718","4",".dram0.bss","esp-idf/esp_driver_ledc/libesp_driver_ledc.a(ledc.c.obj)"
"s_volume_timer","0x3fc9771c","4",".dram0.bss","esp-idf/native_audio_settings/libnative_audio_settings.a(native_audio_settings.c.obj)"
"s_volume_dirty","0x3fc97720","1",".dram0.bss","esp-idf/native_audio_settings/libnative_audio_settings.a(native_audio_settings.c.obj)"
"s_normalization","0x3fc97721","1",".dram0.bss","esp-idf/native_audio_settings/libnative_audio_settings.a(native_audio_settings.c.obj)"
"s_balance","0x3fc97722","1",".dram0.bss","esp-idf/native_audio_settings/libnative_audio_settings.a(native_audio_settings.c.obj)"
"m_f_OggS_found","0x3fc97723","1",".dram0.bss","esp-idf/custom_flac/libcustom_flac.a(flac_decoder.cpp.obj)"
"m_bitBufferLen","0x3fc97724","1",".dram0.bss","esp-idf/custom_flac/libcustom_flac.a(flac_decoder.cpp.obj)"
"m_bitBuffer","0x3fc97728","8",".dram0.bss","esp-idf/custom_flac/libcustom_flac.a(flac_decoder.cpp.obj)"
"m_rIndex","0x3fc97730","2",".dram0.bss","esp-idf/custom_flac/libcustom_flac.a(flac_decoder.cpp.obj)"
"m_bytesDecoded","0x3fc97734","4",".dram0.bss","esp-idf/custom_flac/libcustom_flac.a(flac_decoder.cpp.obj)"
"m_bytesAvail","0x3fc97738","4",".dram0.bss","esp-idf/custom_flac/libcustom_flac.a(flac_decoder.cpp.obj)"
"m_inptr","0x3fc9773c","4",".dram0.bss","esp-idf/custom_flac/libcustom_flac.a(flac_decoder.cpp.obj)"
"m_status","0x3fc97740","1",".dram0.bss","esp-idf/custom_flac/libcustom_flac.a(flac_decoder.cpp.obj)"
"m_validSamples","0x3fc97742","2",".dram0.bss","esp-idf/custom_flac/libcustom_flac.a(flac_decoder.cpp.obj)"
"m_blockSizeLeft","0x3fc97744","2",".dram0.bss","esp-idf/custom_flac/libcustom_flac.a(flac_decoder.cpp.obj)"
"m_blockSize","0x3fc97746","2",".dram0.bss","esp-idf/custom_flac/libcustom_flac.a(flac_decoder.cpp.obj)"
"_ZN12_GLOBAL__N_1L12outputOffsetE","0x3fc97748","2",".dram0.bss","esp-idf/custom_flac/libcustom_flac.a(flac_decoder.cpp.obj)"
"_ZN12_GLOBAL__N_1L17allocatedChannelsE","0x3fc9774a","1",".dram0.bss","esp-idf/custom_flac/libcustom_flac.a(flac_decoder.cpp.obj)"
"_ZN12_GLOBAL__N_1L18allocatedBlockSizeE","0x3fc9774c","2",".dram0.bss","esp-idf/custom_flac/libcustom_flac.a(flac_decoder.cpp.obj)"
"_ZN12_GLOBAL__N_1L16coefficientCountE","0x3fc9774e","1",".dram0.bss","esp-idf/custom_flac/libcustom_flac.a(flac_decoder.cpp.obj)"
"aud_es_list","0x3fc97750","4",".dram0.bss","<DEPENDENCIES>/esp-adf-libs/esp_audio_codec/lib/esp32c3/libesp_audio_simple_dec.a(audio_simple_dec_reg.c.obj)"
"parser_list","0x3fc97754","4",".dram0.bss","<DEPENDENCIES>/esp-adf-libs/esp_audio_codec/lib/esp32c3/libesp_audio_simple_dec.a(es_parse_reg.c.obj)"
"audio_dec_libs","0x3fc97758","4",".dram0.bss","<DEPENDENCIES>/esp-adf-libs/esp_audio_codec/lib/esp32c3/libesp_audio_codec.a(esp_audio_codec_reg.c.obj)"
"curr_partition.2","0x3fc9775c","4",".dram0.bss","esp-idf/app_update/libapp_update.a(esp_ota_ops.c.obj)"
"s_ota_ops_last_handle","0x3fc97760","4",".dram0.bss","esp-idf/app_update/libapp_update.a(esp_ota_ops.c.obj)"
"s_ota_ops_entries_head","0x3fc97764","4",".dram0.bss","esp-idf/app_update/libapp_update.a(esp_ota_ops.c.obj)"
"s_partition_list_lock","0x3fc97768","4",".dram0.bss","esp-idf/esp_partition/libesp_partition.a(partition.c.obj)"
"s_partition_list","0x3fc9776c","4",".dram0.bss","esp-idf/esp_partition/libesp_partition.a(partition.c.obj)"
"s_crypto_sha_aes_lock","0x3fc97770","4",".dram0.bss","esp-idf/esp_security/libesp_security.a(esp_crypto_lock.c.obj)"
"s_crypto_mpi_lock","0x3fc97774","4",".dram0.bss","esp-idf/esp_security/libesp_security.a(esp_crypto_lock.c.obj)"
"s_crypto_hmac_lock","0x3fc97778","4",".dram0.bss","esp-idf/esp_security/libesp_security.a(esp_crypto_lock.c.obj)"
"s_crypto_ds_lock","0x3fc9777c","4",".dram0.bss","esp-idf/esp_security/libesp_security.a(esp_crypto_lock.c.obj)"
"s_crt_bundle","0x3fc97780","4",".dram0.bss","esp-idf/mbedtls/libmbedtls.a(esp_crt_bundle.c.obj)"
"map","0x3fc97784","4",".dram0.bss","esp-idf/bootloader_support/libbootloader_support.a(bootloader_flash.c.obj)"
"s_bootloader_partition_offset","0x3fc97788","4",".dram0.bss","esp-idf/bootloader_support/libbootloader_support.a(esp_image_format.c.obj)"
"reason","0x3fc9778c","4",".dram0.bss","esp-idf/esp_system/libesp_system.a(crosscore_int.c.obj)"
"iwdt_context","0x3fc97790","8",".dram0.bss","esp-idf/esp_system/libesp_system.a(int_wdt.c.obj)"
"p_twdt_obj","0x3fc97798","4",".dram0.bss","esp-idf/esp_system/libesp_system.a(task_wdt.c.obj)"
"g_twdt_isr","0x3fc9779c","1",".dram0.bss","esp-idf/esp_system/libesp_system.a(task_wdt.c.obj)"
"base.0","0x3fc977a0","4",".dram0.bss","esp-idf/log/liblog.a(log_timestamp.c.obj)"
"last_ccount.1","0x3fc977a4","4",".dram0.bss","esp-idf/esp_hw_support/libesp_hw_support.a(hw_random.c.obj)"
"timer1","0x3fc977a8","8",".dram0.bss","esp-idf/esp_hw_support/libesp_hw_support.a(sar_tsens_ctrl.c.obj)"
"s_first_temp_read","0x3fc977b0","1",".dram0.bss","esp-idf/esp_hw_support/libesp_hw_support.a(sar_tsens_ctrl.c.obj)"
"s_temperature_sensor_power_cnt","0x3fc977b4","4",".dram0.bss","esp-idf/esp_hw_support/libesp_hw_support.a(sar_tsens_ctrl.c.obj)"
"s_adc_digi_ctrlr_cnt","0x3fc977b8","4",".dram0.bss","esp-idf/esp_hw_support/libesp_hw_support.a(adc_share_hw_ctrl.c.obj)"
"s_timer_task","0x3fc977bc","4",".dram0.bss","esp-idf/esp_timer/libesp_timer.a(esp_timer.c.obj)"
"s_timers","0x3fc977c0","4",".dram0.bss","esp-idf/esp_timer/libesp_timer.a(esp_timer.c.obj)"
"s_default_loop","0x3fc977c4","4",".dram0.bss","esp-idf/esp_event/libesp_event.a(default_event_loop.c.obj)"
"time_sync_notification_cb","0x3fc977c8","4",".dram0.bss","esp-idf/lwip/liblwip.a(sntp.c.obj)"
"sntp_sync_status","0x3fc977cc","4",".dram0.bss","esp-idf/lwip/liblwip.a(sntp.c.obj)"
"sntp_sync_mode","0x3fc977d0","4",".dram0.bss","esp-idf/lwip/liblwip.a(sntp.c.obj)"
"select_cb_list","0x3fc977d4","4",".dram0.bss","esp-idf/lwip/liblwip.a(sockets.c.obj)"
"select_cb_ctr","0x3fc977d8","4",".dram0.bss","esp-idf/lwip/liblwip.a(sockets.c.obj)"
"tcpip_mbox","0x3fc977dc","4",".dram0.bss","esp-idf/lwip/liblwip.a(tcpip.c.obj)"
"tcpip_init_done_arg","0x3fc977e0","4",".dram0.bss","esp-idf/lwip/liblwip.a(tcpip.c.obj)"
"tcpip_init_done","0x3fc977e4","4",".dram0.bss","esp-idf/lwip/liblwip.a(tcpip.c.obj)"
"sntp_retry_timeout","0x3fc977e8","4",".dram0.bss","esp-idf/lwip/liblwip.a(sntp.c.obj)"
"sntp_current_server","0x3fc977ec","1",".dram0.bss","esp-idf/lwip/liblwip.a(sntp.c.obj)"
"sntp_pcb","0x3fc977f0","4",".dram0.bss","esp-idf/lwip/liblwip.a(sntp.c.obj)"
"sntp_opmode","0x3fc977f4","1",".dram0.bss","esp-idf/lwip/liblwip.a(sntp.c.obj)"
"dns_seqno","0x3fc977f5","1",".dram0.bss","esp-idf/lwip/liblwip.a(dns.c.obj)"
"dns_last_pcb_idx","0x3fc977f6","1",".dram0.bss","esp-idf/lwip/liblwip.a(dns.c.obj)"
"s_is_tmr_start","0x3fc977f7","1",".dram0.bss","esp-idf/lwip/liblwip.a(dns.c.obj)"
"num_tcp_pcb","0x3fc977f8","4",".dram0.bss","esp-idf/lwip/liblwip.a(memp.c.obj)"
"netif_num","0x3fc977fc","1",".dram0.bss","esp-idf/lwip/liblwip.a(netif.c.obj)"
"netif_default","0x3fc97800","4",".dram0.bss","esp-idf/lwip/liblwip.a(netif.c.obj)"
"netif_list","0x3fc97804","4",".dram0.bss","esp-idf/lwip/liblwip.a(netif.c.obj)"
"ext_callback","0x3fc97808","4",".dram0.bss","esp-idf/lwip/liblwip.a(netif.c.obj)"
"pbuf_free_ooseq_pending","0x3fc9780c","1",".dram0.bss","esp-idf/lwip/liblwip.a(pbuf.c.obj)"
"raw_pcbs","0x3fc97810","4",".dram0.bss","esp-idf/lwip/liblwip.a(raw.c.obj)"
"tcp_timer_ctr","0x3fc97814","1",".dram0.bss","esp-idf/lwip/liblwip.a(tcp.c.obj)"
"tcp_timer","0x3fc97815","1",".dram0.bss","esp-idf/lwip/liblwip.a(tcp.c.obj)"
"tcp_active_pcbs_changed","0x3fc97816","1",".dram0.bss","esp-idf/lwip/liblwip.a(tcp.c.obj)"
"tcp_tw_pcbs","0x3fc97818","4",".dram0.bss","esp-idf/lwip/liblwip.a(tcp.c.obj)"
"tcp_active_pcbs","0x3fc9781c","4",".dram0.bss","esp-idf/lwip/liblwip.a(tcp.c.obj)"
"tcp_listen_pcbs","0x3fc97820","4",".dram0.bss","esp-idf/lwip/liblwip.a(tcp.c.obj)"
"tcp_bound_pcbs","0x3fc97824","4",".dram0.bss","esp-idf/lwip/liblwip.a(tcp.c.obj)"
"tcp_ticks","0x3fc97828","4",".dram0.bss","esp-idf/lwip/liblwip.a(tcp.c.obj)"
"tcp_input_pcb","0x3fc9782c","4",".dram0.bss","esp-idf/lwip/liblwip.a(tcp_in.c.obj)"
"recv_data","0x3fc97830","4",".dram0.bss","esp-idf/lwip/liblwip.a(tcp_in.c.obj)"
"recv_flags","0x3fc97834","1",".dram0.bss","esp-idf/lwip/liblwip.a(tcp_in.c.obj)"
"flags","0x3fc97835","1",".dram0.bss","esp-idf/lwip/liblwip.a(tcp_in.c.obj)"
"tcplen","0x3fc97836","2",".dram0.bss","esp-idf/lwip/liblwip.a(tcp_in.c.obj)"
"recv_acked","0x3fc97838","2",".dram0.bss","esp-idf/lwip/liblwip.a(tcp_in.c.obj)"
"ackno","0x3fc9783c","4",".dram0.bss","esp-idf/lwip/liblwip.a(tcp_in.c.obj)"
"seqno","0x3fc97840","4",".dram0.bss","esp-idf/lwip/liblwip.a(tcp_in.c.obj)"
"tcp_optidx","0x3fc97844","2",".dram0.bss","esp-idf/lwip/liblwip.a(tcp_in.c.obj)"
"tcphdr_opt2","0x3fc97848","4",".dram0.bss","esp-idf/lwip/liblwip.a(tcp_in.c.obj)"
"tcphdr_opt1len","0x3fc9784c","2",".dram0.bss","esp-idf/lwip/liblwip.a(tcp_in.c.obj)"
"tcphdr_optlen","0x3fc9784e","2",".dram0.bss","esp-idf/lwip/liblwip.a(tcp_in.c.obj)"
"tcphdr","0x3fc97850","4",".dram0.bss","esp-idf/lwip/liblwip.a(tcp_in.c.obj)"
"tcpip_tcp_timer_active","0x3fc97854","4",".dram0.bss","esp-idf/lwip/liblwip.a(timeouts.c.obj)"
"current_timeout_due_time","0x3fc97858","4",".dram0.bss","esp-idf/lwip/liblwip.a(timeouts.c.obj)"
"next_timeout","0x3fc9785c","4",".dram0.bss","esp-idf/lwip/liblwip.a(timeouts.c.obj)"
"udp_pcbs","0x3fc97860","4",".dram0.bss","esp-idf/lwip/liblwip.a(udp.c.obj)"
"xid.12","0x3fc97864","4",".dram0.bss","esp-idf/lwip/liblwip.a(dhcp.c.obj)"
"dhcp_pcb_refcount","0x3fc97868","1",".dram0.bss","esp-idf/lwip/liblwip.a(dhcp.c.obj)"
"dhcp_pcb","0x3fc9786c","4",".dram0.bss","esp-idf/lwip/liblwip.a(dhcp.c.obj)"
"etharp_cached_entry","0x3fc97870","1",".dram0.bss","esp-idf/lwip/liblwip.a(etharp.c.obj)"
"is_tmr_start","0x3fc97871","1",".dram0.bss","esp-idf/lwip/liblwip.a(igmp.c.obj)"
"allrouters","0x3fc97874","4",".dram0.bss","esp-idf/lwip/liblwip.a(igmp.c.obj)"
"allsystems","0x3fc97878","4",".dram0.bss","esp-idf/lwip/liblwip.a(igmp.c.obj)"
"ip4_default_multicast_netif","0x3fc9787c","4",".dram0.bss","esp-idf/lwip/liblwip.a(ip4.c.obj)"
"ip_id","0x3fc97880","2",".dram0.bss","esp-idf/lwip/liblwip.a(ip4.c.obj)"
"base_time","0x3fc97884","4",".dram0.bss","esp-idf/lwip/liblwip.a(tcp_isn_default.c.obj)"
"lwip_task.1","0x3fc97888","4",".dram0.bss","esp-idf/lwip/liblwip.a(sys_arch.c.obj)"
"sys_thread_sem_key","0x3fc9788c","4",".dram0.bss","esp-idf/lwip/liblwip.a(sys_arch.c.obj)"
"g_lwip_protect_mutex","0x3fc97890","4",".dram0.bss","esp-idf/lwip/liblwip.a(sys_arch.c.obj)"
"s_esp_netif_counter","0x3fc97894","4",".dram0.bss","esp-idf/esp_netif/libesp_netif.a(esp_netif_objects.c.obj)"
"s_head","0x3fc97898","4",".dram0.bss","esp-idf/esp_netif/libesp_netif.a(esp_netif_objects.c.obj)"
"netif_callback","0x3fc9789c","8",".dram0.bss","esp-idf/esp_netif/libesp_netif.a(esp_netif_lwip.c.obj)"
"s_is_last_default_esp_netif_overridden","0x3fc978a4","1",".dram0.bss","esp-idf/esp_netif/libesp_netif.a(esp_netif_lwip.c.obj)"
"s_last_default_esp_netif","0x3fc978a8","4",".dram0.bss","esp-idf/esp_netif/libesp_netif.a(esp_netif_lwip.c.obj)"
"s_wifi_inited","0x3fc978ac","1",".dram0.bss","esp-idf/esp_wifi/libesp_wifi.a(wifi_init.c.obj)"
"wifi_default_handlers_set","0x3fc978ad","1",".dram0.bss","esp-idf/esp_wifi/libesp_wifi.a(wifi_default.c.obj)"
"s_wifi_thread_sem_key.0","0x3fc978b0","4",".dram0.bss","esp-idf/esp_wifi/libesp_wifi.a(esp_adapter.c.obj)"
"s_wifi_thread_sem_key_init.1","0x3fc978b4","1",".dram0.bss","esp-idf/esp_wifi/libesp_wifi.a(esp_adapter.c.obj)"
"supported_init","0x3fc978b8","4",".dram0.bss","esp-idf/mbedtls/mbedtls/library/libmbedtls.a(ssl_ciphersuites.c.obj)"
"s_timeout_ms","0x3fc978bc","4",".dram0.bss","esp-idf/mbedtls/mbedtls/tf-psa-crypto/core/libtfpsacrypto.a(psa_crypto_driver_esp_rsa_ds.c.obj)"
"s_ds_lock","0x3fc978c0","4",".dram0.bss","esp-idf/mbedtls/mbedtls/tf-psa-crypto/core/libtfpsacrypto.a(psa_crypto_driver_esp_rsa_ds.c.obj)"
"op_complete_sem","0x3fc978c4","4",".dram0.bss","esp-idf/mbedtls/mbedtls/tf-psa-crypto/core/libtfpsacrypto.a(esp_bignum.c.obj)"
"init_done.1","0x3fc978c8","4",".dram0.bss","esp-idf/mbedtls/mbedtls/tf-psa-crypto/core/libtfpsacrypto.a(ecp.c.obj)"
"mul_count","0x3fc978cc","4",".dram0.bss","esp-idf/mbedtls/mbedtls/tf-psa-crypto/core/libtfpsacrypto.a(ecp.c.obj)"
"dbl_count","0x3fc978d0","4",".dram0.bss","esp-idf/mbedtls/mbedtls/tf-psa-crypto/core/libtfpsacrypto.a(ecp.c.obj)"
"add_count","0x3fc978d4","4",".dram0.bss","esp-idf/mbedtls/mbedtls/tf-psa-crypto/core/libtfpsacrypto.a(ecp.c.obj)"
"op_complete_sem","0x3fc978d8","4",".dram0.bss","esp-idf/mbedtls/mbedtls/tf-psa-crypto/core/libtfpsacrypto.a(esp_aes_dma_core.c.obj)"
"s_tx_channel","0x3fc978dc","4",".dram0.bss","esp-idf/mbedtls/mbedtls/tf-psa-crypto/core/libtfpsacrypto.a(esp_crypto_shared_gdma.c.obj)"
"s_rx_channel","0x3fc978e0","4",".dram0.bss","esp-idf/mbedtls/mbedtls/tf-psa-crypto/core/libtfpsacrypto.a(esp_crypto_shared_gdma.c.obj)"
"s_log_tags","0x3fc978e4","4",".dram0.bss","esp-idf/log/liblog.a(log_linked_list.c.obj)"
"s_log_cache_misses","0x3fc978e8","4",".dram0.bss","esp-idf/log/liblog.a(log_binary_heap.c.obj)"
"s_log_cache_entry_count","0x3fc978ec","4",".dram0.bss","esp-idf/log/liblog.a(log_binary_heap.c.obj)"
"s_log_cache_max_generation","0x3fc978f0","4",".dram0.bss","esp-idf/log/liblog.a(log_binary_heap.c.obj)"
"s_log_mutex","0x3fc978f4","4",".dram0.bss","esp-idf/log/liblog.a(log_lock.c.obj)"
"esp_log_default_level","0x3fc978f8","4",".dram0.bss","esp-idf/log/liblog.a(log_level.c.obj)"
"s_phy_modem_init_ref","0x3fc978fc","1",".dram0.bss","esp-idf/esp_phy/libesp_phy.a(phy_init.c.obj)"
"s_phy_digital_regs_mem","0x3fc97900","4",".dram0.bss","esp-idf/esp_phy/libesp_phy.a(phy_init.c.obj)"
"s_is_phy_reg_stored","0x3fc97904","1",".dram0.bss","esp-idf/esp_phy/libesp_phy.a(phy_init.c.obj)"
"s_is_phy_calibrated","0x3fc97905","1",".dram0.bss","esp-idf/esp_phy/libesp_phy.a(phy_init.c.obj)"
"s_phy_access_lock","0x3fc97908","4",".dram0.bss","esp-idf/esp_phy/libesp_phy.a(phy_init.c.obj)"
"s_wifi_prev_timestamp","0x3fc97910","8",".dram0.bss","esp-idf/esp_phy/libesp_phy.a(phy_common.c.obj)"
"phy_track_pll_timer","0x3fc97918","4",".dram0.bss","esp-idf/esp_phy/libesp_phy.a(phy_common.c.obj)"
"s_phy_modem_flag","0x3fc9791c","2",".dram0.bss","esp-idf/esp_phy/libesp_phy.a(phy_common.c.obj)"
"g_wpa_config_changed","0x3fc9791e","1",".dram0.bss","esp-idf/wpa_supplicant/libwpa_supplicant.a(esp_wpa_main.c.obj)"
"wpa_cb","0x3fc97920","4",".dram0.bss","esp-idf/wpa_supplicant/libwpa_supplicant.a(esp_wpa_main.c.obj)"
"wifi_funcs","0x3fc97924","4",".dram0.bss","esp-idf/wpa_supplicant/libwpa_supplicant.a(esp_wpa_main.c.obj)"
"g_wpa_pmk_caching_disabled","0x3fc97928","1",".dram0.bss","esp-idf/wpa_supplicant/libwpa_supplicant.a(esp_wpa_main.c.obj)"
"s_wps_sm_cb","0x3fc9792c","4",".dram0.bss","esp-idf/wpa_supplicant/libwpa_supplicant.a(esp_wps.c.obj)"
"global_hapd","0x3fc97930","4",".dram0.bss","esp-idf/wpa_supplicant/libwpa_supplicant.a(esp_hostap.c.obj)"
"eloop_lifecycle_busy","0x3fc97934","1",".dram0.bss","esp-idf/wpa_supplicant/libwpa_supplicant.a(eloop.c.obj)"
"eloop_data_lock","0x3fc97938","4",".dram0.bss","esp-idf/wpa_supplicant/libwpa_supplicant.a(eloop.c.obj)"
"s_sm_valid_bitmap","0x3fc9793c","4",".dram0.bss","esp-idf/wpa_supplicant/libwpa_supplicant.a(wpa_auth.c.obj)"
"global_cacert","0x3fc97940","4",".dram0.bss","esp-idf/esp-tls/libesp-tls.a(esp_tls_mbedtls.c.obj)"
"_ZN12_GLOBAL__N_1L13__new_handlerE","0x3fc97944","4",".dram0.bss","<DEPENDENCIES>/tools-v6.0.2/tools/riscv32-esp-elf/esp-15.2.0_20251204/riscv32-esp-elf/bin/../riscv32-esp-elf/../picolibc/riscv32-esp-elf/lib/rv32imc_zicsr_zifencei/ilp32/no-rtti/libstdc++.a(new_handler.o)"
"_ZN12_GLOBAL__N_1L2mxE","0x3fc97948","4",".dram0.bss","<DEPENDENCIES>/tools-v6.0.2/tools/riscv32-esp-elf/esp-15.2.0_20251204/riscv32-esp-elf/bin/../riscv32-esp-elf/../picolibc/riscv32-esp-elf/lib/rv32imc_zicsr_zifencei/ilp32/no-rtti/libstdc++.a(new_handler.o)"
"_ZL4init","0x3fc9794c","4",".dram0.bss","<DEPENDENCIES>/tools-v6.0.2/tools/riscv32-esp-elf/esp-15.2.0_20251204/riscv32-esp-elf/bin/../riscv32-esp-elf/../picolibc/riscv32-esp-elf/lib/rv32imc_zicsr_zifencei/ilp32/no-rtti/libstdc++.a(eh_globals.o)"
"_ZN17__eh_globals_init7_S_initE","0x3fc97950","1",".dram0.bss","<DEPENDENCIES>/tools-v6.0.2/tools/riscv32-esp-elf/esp-15.2.0_20251204/riscv32-esp-elf/bin/../riscv32-esp-elf/../picolibc/riscv32-esp-elf/lib/rv32imc_zicsr_zifencei/ilp32/no-rtti/libstdc++.a(eh_globals.o)"
"_ZN12_GLOBAL__N_1L10eh_globalsE","0x3fc97954","8",".dram0.bss","<DEPENDENCIES>/tools-v6.0.2/tools/riscv32-esp-elf/esp-15.2.0_20251204/riscv32-esp-elf/bin/../riscv32-esp-elf/../picolibc/riscv32-esp-elf/lib/rv32imc_zicsr_zifencei/ilp32/no-rtti/libstdc++.a(eh_globals.o)"
"_ZN12_GLOBAL__N_1L2mxE","0x3fc9795c","4",".dram0.bss","<DEPENDENCIES>/tools-v6.0.2/tools/riscv32-esp-elf/esp-15.2.0_20251204/riscv32-esp-elf/bin/../riscv32-esp-elf/../picolibc/riscv32-esp-elf/lib/rv32imc_zicsr_zifencei/ilp32/no-rtti/libstdc++.a(eh_terminate.o)"
"alloced.0","0x3fc97960","4",".dram0.bss","<DEPENDENCIES>/tools-v6.0.2/tools/riscv32-esp-elf/esp-15.2.0_20251204/riscv32-esp-elf/bin/../riscv32-esp-elf/../picolibc/riscv32-esp-elf/lib/rv32imc_zicsr_zifencei/ilp32/no-rtti/libc.a(libc_stdlib_setenv.c.o)"
"_timezone","0x3fc97964","4",".dram0.bss","<DEPENDENCIES>/tools-v6.0.2/tools/riscv32-esp-elf/esp-15.2.0_20251204/riscv32-esp-elf/bin/../riscv32-esp-elf/../picolibc/riscv32-esp-elf/lib/rv32imc_zicsr_zifencei/ilp32/no-rtti/libc.a(libc_time_tzvars.c.o)"
"_daylight","0x3fc97968","4",".dram0.bss","<DEPENDENCIES>/tools-v6.0.2/tools/riscv32-esp-elf/esp-15.2.0_20251204/riscv32-esp-elf/bin/../riscv32-esp-elf/../picolibc/riscv32-esp-elf/lib/rv32imc_zicsr_zifencei/ilp32/no-rtti/libc.a(libc_time_tzvars.c.o)"
"environ","0x3fc8d200","4",".dram0.data","<DEPENDENCIES>/tools-v6.0.2/tools/riscv32-esp-elf/esp-15.2.0_20251204/riscv32-esp-elf/bin/../riscv32-esp-elf/../picolibc/riscv32-esp-elf/lib/rv32imc_zicsr_zifencei/ilp32/no-rtti/libc.a(libc_stdlib_environ.c.o)"
"tzname","0x3fc8d204","8",".dram0.data","<DEPENDENCIES>/tools-v6.0.2/tools/riscv32-esp-elf/esp-15.2.0_20251204/riscv32-esp-elf/bin/../riscv32-esp-elf/../picolibc/riscv32-esp-elf/lib/rv32imc_zicsr_zifencei/ilp32/no-rtti/libc.a(libc_time_tzvars.c.o)"
"ESP_EFUSE_KEY5","0x3fc8d20c","8",".dram0.data","esp-idf/efuse/libefuse.a(esp_efuse_table.c.obj)"
"ESP_EFUSE_KEY4","0x3fc8d214","8",".dram0.data","esp-idf/efuse/libefuse.a(esp_efuse_table.c.obj)"
"ESP_EFUSE_KEY3","0x3fc8d21c","8",".dram0.data","esp-idf/efuse/libefuse.a(esp_efuse_table.c.obj)"
"ESP_EFUSE_KEY2","0x3fc8d224","8",".dram0.data","esp-idf/efuse/libefuse.a(esp_efuse_table.c.obj)"
"ESP_EFUSE_KEY1","0x3fc8d22c","8",".dram0.data","esp-idf/efuse/libefuse.a(esp_efuse_table.c.obj)"
"ESP_EFUSE_KEY0","0x3fc8d234","8",".dram0.data","esp-idf/efuse/libefuse.a(esp_efuse_table.c.obj)"
"ESP_EFUSE_USER_DATA_MAC_CUSTOM","0x3fc8d23c","8",".dram0.data","esp-idf/efuse/libefuse.a(esp_efuse_table.c.obj)"
"ESP_EFUSE_ADC1_INIT_CODE_ATTEN3","0x3fc8d244","8",".dram0.data","esp-idf/efuse/libefuse.a(esp_efuse_table.c.obj)"
"ESP_EFUSE_ADC1_INIT_CODE_ATTEN2","0x3fc8d24c","8",".dram0.data","esp-idf/efuse/libefuse.a(esp_efuse_table.c.obj)"
"ESP_EFUSE_ADC1_INIT_CODE_ATTEN1","0x3fc8d254","8",".dram0.data","esp-idf/efuse/libefuse.a(esp_efuse_table.c.obj)"
"ESP_EFUSE_ADC1_INIT_CODE_ATTEN0","0x3fc8d25c","8",".dram0.data","esp-idf/efuse/libefuse.a(esp_efuse_table.c.obj)"
"ESP_EFUSE_BLK_VERSION_MAJOR","0x3fc8d264","8",".dram0.data","esp-idf/efuse/libefuse.a(esp_efuse_table.c.obj)"
"ESP_EFUSE_KEY_PURPOSE_5","0x3fc8d26c","8",".dram0.data","esp-idf/efuse/libefuse.a(esp_efuse_table.c.obj)"
"ESP_EFUSE_KEY_PURPOSE_4","0x3fc8d274","8",".dram0.data","esp-idf/efuse/libefuse.a(esp_efuse_table.c.obj)"
"ESP_EFUSE_KEY_PURPOSE_3","0x3fc8d27c","8",".dram0.data","esp-idf/efuse/libefuse.a(esp_efuse_table.c.obj)"
"ESP_EFUSE_KEY_PURPOSE_2","0x3fc8d284","8",".dram0.data","esp-idf/efuse/libefuse.a(esp_efuse_table.c.obj)"
"ESP_EFUSE_KEY_PURPOSE_1","0x3fc8d28c","8",".dram0.data","esp-idf/efuse/libefuse.a(esp_efuse_table.c.obj)"
"ESP_EFUSE_KEY_PURPOSE_0","0x3fc8d294","8",".dram0.data","esp-idf/efuse/libefuse.a(esp_efuse_table.c.obj)"
"ESP_EFUSE_RD_DIS_BLOCK_KEY5","0x3fc8d29c","8",".dram0.data","esp-idf/efuse/libefuse.a(esp_efuse_table.c.obj)"
"ESP_EFUSE_RD_DIS_BLOCK_KEY4","0x3fc8d2a4","8",".dram0.data","esp-idf/efuse/libefuse.a(esp_efuse_table.c.obj)"
"ESP_EFUSE_RD_DIS_BLOCK_KEY3","0x3fc8d2ac","8",".dram0.data","esp-idf/efuse/libefuse.a(esp_efuse_table.c.obj)"
"ESP_EFUSE_RD_DIS_BLOCK_KEY2","0x3fc8d2b4","8",".dram0.data","esp-idf/efuse/libefuse.a(esp_efuse_table.c.obj)"
"ESP_EFUSE_RD_DIS_BLOCK_KEY1","0x3fc8d2bc","8",".dram0.data","esp-idf/efuse/libefuse.a(esp_efuse_table.c.obj)"
"ESP_EFUSE_RD_DIS_BLOCK_KEY0","0x3fc8d2c4","8",".dram0.data","esp-idf/efuse/libefuse.a(esp_efuse_table.c.obj)"
"ESP_EFUSE_WR_DIS_BLOCK_KEY5","0x3fc8d2cc","8",".dram0.data","esp-idf/efuse/libefuse.a(esp_efuse_table.c.obj)"
"ESP_EFUSE_WR_DIS_BLOCK_KEY4","0x3fc8d2d4","8",".dram0.data","esp-idf/efuse/libefuse.a(esp_efuse_table.c.obj)"
"ESP_EFUSE_WR_DIS_BLOCK_KEY3","0x3fc8d2dc","8",".dram0.data","esp-idf/efuse/libefuse.a(esp_efuse_table.c.obj)"
"ESP_EFUSE_WR_DIS_BLOCK_KEY2","0x3fc8d2e4","8",".dram0.data","esp-idf/efuse/libefuse.a(esp_efuse_table.c.obj)"
"ESP_EFUSE_WR_DIS_BLOCK_KEY1","0x3fc8d2ec","8",".dram0.data","esp-idf/efuse/libefuse.a(esp_efuse_table.c.obj)"
"ESP_EFUSE_WR_DIS_BLOCK_KEY0","0x3fc8d2f4","8",".dram0.data","esp-idf/efuse/libefuse.a(esp_efuse_table.c.obj)"
"ESP_EFUSE_WR_DIS_KEY_PURPOSE_5","0x3fc8d2fc","8",".dram0.data","esp-idf/efuse/libefuse.a(esp_efuse_table.c.obj)"
"ESP_EFUSE_WR_DIS_KEY_PURPOSE_4","0x3fc8d304","8",".dram0.data","esp-idf/efuse/libefuse.a(esp_efuse_table.c.obj)"
"ESP_EFUSE_WR_DIS_KEY_PURPOSE_3","0x3fc8d30c","8",".dram0.data","esp-idf/efuse/libefuse.a(esp_efuse_table.c.obj)"
"ESP_EFUSE_WR_DIS_KEY_PURPOSE_2","0x3fc8d314","8",".dram0.data","esp-idf/efuse/libefuse.a(esp_efuse_table.c.obj)"
"ESP_EFUSE_WR_DIS_KEY_PURPOSE_1","0x3fc8d31c","8",".dram0.data","esp-idf/efuse/libefuse.a(esp_efuse_table.c.obj)"
"ESP_EFUSE_WR_DIS_KEY_PURPOSE_0","0x3fc8d324","8",".dram0.data","esp-idf/efuse/libefuse.a(esp_efuse_table.c.obj)"
"esp_flash_registered_chips","0x3fc8d32c","4",".dram0.data","esp-idf/spi_flash/libspi_flash.a(spi_flash_chip_drivers.c.obj)"
"rtc_wdt_ctx","0x3fc8d330","8",".dram0.data","esp-idf/esp_system/libesp_system.a(panic.c.obj)"
"s_memp_intr","0x3fc8d338","8",".dram0.data","esp-idf/esp_system/libesp_system.a(panic_arch.c.obj)"
"malloc_alwaysinternal_limit","0x3fc8d340","4",".dram0.data","esp-idf/heap/libheap.a(heap_caps.c.obj)"
"first_call.0","0x3fc8d344","1",".dram0.data","esp-idf/esp_hw_support/libesp_hw_support.a(esp_clk.c.obj)"
"s_reserved_pin_mask","0x3fc8d348","8",".dram0.data","esp-idf/esp_hw_support/libesp_hw_support.a(esp_gpio_reserve.c.obj)"
"stdout","0x3fc8d350","4",".dram0.data","esp-idf/esp_libc/libesp_libc.a(picolibc_init.c.obj)"
"stdin","0x3fc8d354","4",".dram0.data","esp-idf/esp_libc/libesp_libc.a(picolibc_init.c.obj)"
"s_screensaver_playing_timeout","0x3fc8d358","2",".dram0.data","esp-idf/main/libmain.a(display_settings.c.obj)"
"s_screensaver_timeout","0x3fc8d35a","2",".dram0.data","esp-idf/main/libmain.a(display_settings.c.obj)"
"s_screen_on","0x3fc8d35c","1",".dram0.data","esp-idf/main/libmain.a(display_settings.c.obj)"
"s_smartstart","0x3fc8d35d","1",".dram0.data","esp-idf/main/libmain.a(radio_control.c.obj)"
"s_current_item","0x3fc8d35e","2",".dram0.data","esp-idf/main/libmain.a(radio_control.c.obj)"
"s_encoder_acceleration","0x3fc8d360","2",".dram0.data","esp-idf/main/libmain.a(runtime_settings.c.obj)"
"s_volume_steps","0x3fc8d362","1",".dram0.data","esp-idf/main/libmain.a(runtime_settings.c.obj)"
"s_time_sync_interval_min","0x3fc8d364","2",".dram0.data","esp-idf/main/libmain.a(runtime_settings.c.obj)"
"s_watchdog","0x3fc8d366","1",".dram0.data","esp-idf/main/libmain.a(runtime_settings.c.obj)"
"s_audio_buffer_blocks","0x3fc8d367","1",".dram0.data","esp-idf/main/libmain.a(runtime_settings.c.obj)"
"s_last_brightness","0x3fc8d368","1",".dram0.data","esp-idf/audio_level_led/libaudio_level_led.a(audio_level_led.c.obj)"
"s_normalization_time_ms","0x3fc8d36a","2",".dram0.data","esp-idf/native_audio_settings/libnative_audio_settings.a(native_audio_settings.c.obj)"
"s_normalization_target_dbfs","0x3fc8d36c","1",".dram0.data","esp-idf/native_audio_settings/libnative_audio_settings.a(native_audio_settings.c.obj)"
"s_normalization_gain_db","0x3fc8d36d","1",".dram0.data","esp-idf/native_audio_settings/libnative_audio_settings.a(native_audio_settings.c.obj)"
"s_volume","0x3fc8d36e","1",".dram0.data","esp-idf/native_audio_settings/libnative_audio_settings.a(native_audio_settings.c.obj)"
"FLACMetadataBlock","0x3fc8d370","4",".dram0.data","esp-idf/custom_flac/libcustom_flac.a(flac_decoder.cpp.obj)"
"FLACFrameHeader","0x3fc8d374","4",".dram0.data","esp-idf/custom_flac/libcustom_flac.a(flac_decoder.cpp.obj)"
"_gpio_hal","0x3fc8d378","4",".dram0.data","esp-idf/esp_driver_gpio/libesp_driver_gpio.a(gpio.c.obj)"
"s_sync_interval","0x3fc8d37c","4",".dram0.data","esp-idf/lwip/liblwip.a(sntp.c.obj)"
"tcp_port","0x3fc8d380","2",".dram0.data","esp-idf/lwip/liblwip.a(tcp.c.obj)"
"udp_port","0x3fc8d382","2",".dram0.data","esp-idf/lwip/liblwip.a(udp.c.obj)"
"mbedtls_free_func","0x3fc8d384","4",".dram0.data","esp-idf/mbedtls/mbedtls/tf-psa-crypto/core/libtfpsacrypto.a(platform.c.obj)"
"mbedtls_calloc_func","0x3fc8d388","4",".dram0.data","esp-idf/mbedtls/mbedtls/tf-psa-crypto/core/libtfpsacrypto.a(platform.c.obj)"
"mbedtls_threading_psa_rngdata_mutex","0x3fc8d38c","8",".dram0.data","esp-idf/mbedtls/mbedtls/tf-psa-crypto/core/libtfpsacrypto.a(threading.c.obj)"
"mbedtls_threading_psa_globaldata_mutex","0x3fc8d394","8",".dram0.data","esp-idf/mbedtls/mbedtls/tf-psa-crypto/core/libtfpsacrypto.a(threading.c.obj)"
"mbedtls_threading_key_slot_mutex","0x3fc8d39c","8",".dram0.data","esp-idf/mbedtls/mbedtls/tf-psa-crypto/core/libtfpsacrypto.a(threading.c.obj)"
"mbedtls_mutex_unlock_ptr","0x3fc8d3a4","4",".dram0.data","esp-idf/mbedtls/mbedtls/tf-psa-crypto/core/libtfpsacrypto.a(threading.c.obj)"
"mbedtls_mutex_lock_ptr","0x3fc8d3a8","4",".dram0.data","esp-idf/mbedtls/mbedtls/tf-psa-crypto/core/libtfpsacrypto.a(threading.c.obj)"
"mbedtls_mutex_free_ptr","0x3fc8d3ac","4",".dram0.data","esp-idf/mbedtls/mbedtls/tf-psa-crypto/core/libtfpsacrypto.a(threading.c.obj)"
"mbedtls_mutex_init_ptr","0x3fc8d3b0","4",".dram0.data","esp-idf/mbedtls/mbedtls/tf-psa-crypto/core/libtfpsacrypto.a(threading.c.obj)"
"gdma_ahb_hal_priv_data","0x3fc8d3b4","4",".dram0.data","esp-idf/esp_hal_dma/libesp_hal_dma.a(gdma_hal_ahb_v1.c.obj)"
"s_hal_tsens_idx","0x3fc8d3b8","1",".dram0.data","esp-idf/esp_hal_ana_conv/libesp_hal_ana_conv.a(temperature_sensor_hal.c.obj)"
"s_hal_record_max","0x3fc8d3bc","4",".dram0.data","esp-idf/esp_hal_ana_conv/libesp_hal_ana_conv.a(temperature_sensor_hal.c.obj)"
"s_hal_record_min","0x3fc8d3c0","4",".dram0.data","esp-idf/esp_hal_ana_conv/libesp_hal_ana_conv.a(temperature_sensor_hal.c.obj)"
"_g_esp_netif_netstack_default_wifi_ap","0x3fc8d3c4","4",".dram0.data","esp-idf/esp_netif/libesp_netif.a(esp_netif_lwip_defaults.c.obj)"
"_g_esp_netif_netstack_default_wifi_sta","0x3fc8d3c8","4",".dram0.data","esp-idf/esp_netif/libesp_netif.a(esp_netif_lwip_defaults.c.obj)"
"DW.ref.__gxx_personality_v0","0x3fc8d3cc","4",".dram0.data","<DEPENDENCIES>/tools-v6.0.2/tools/riscv32-esp-elf/esp-15.2.0_20251204/riscv32-esp-elf/bin/../riscv32-esp-elf/../picolibc/riscv32-esp-elf/lib/rv32imc_zicsr_zifencei/ilp32/no-rtti/libstdc++.a(new_handler.o)"
"_ZN10__cxxabiv119__terminate_handlerE","0x3fc8d3d0","4",".dram0.data","<DEPENDENCIES>/tools-v6.0.2/tools/riscv32-esp-elf/esp-15.2.0_20251204/riscv32-esp-elf/bin/../riscv32-esp-elf/../picolibc/riscv32-esp-elf/lib/rv32imc_zicsr_zifencei/ilp32/no-rtti/libstdc++.a(eh_term_handler.o)"
"ESP_EFUSE_MAC","0x3fc8d3d4","28",".dram0.data","esp-idf/efuse/libefuse.a(esp_efuse_table.c.obj)"
"default_registered_chips","0x3fc8d3f0","32",".dram0.data","esp-idf/spi_flash/libspi_flash.a(spi_flash_chip_drivers.c.obj)"
"__stdout","0x3fc8d410","80",".dram0.data","esp-idf/esp_libc/libesp_libc.a(picolibc_init.c.obj)"
"__stdin","0x3fc8d460","80",".dram0.data","esp-idf/esp_libc/libesp_libc.a(picolibc_init.c.obj)"
"s_stub_table","0x3fc8d4b0","156",".dram0.data","esp-idf/esp_libc/libesp_libc.a(picolibc_init.c.obj)"
"timestamp_id","0x3fc8d550","16",".dram0.data","esp-idf/esp_timer/libesp_timer.a(esp_timer_impl_common.c.obj)"
"s_fd_table","0x3fc8d560","192",".dram0.data","esp-idf/vfs/libvfs.a(vfs.c.obj)"
"s_current_name","0x3fc8d620","144",".dram0.data","esp-idf/main/libmain.a(radio_control.c.obj)"
"s_sntp2","0x3fc8d6b0","35",".dram0.data","esp-idf/main/libmain.a(runtime_settings.c.obj)"
"s_sntp1","0x3fc8d6d4","35",".dram0.data","esp-idf/main/libmain.a(runtime_settings.c.obj)"
"s_mdns_name","0x3fc8d6f8","24",".dram0.data","esp-idf/main/libmain.a(runtime_settings.c.obj)"
"s_sntp_server2","0x3fc8d710","35",".dram0.data","esp-idf/main/libmain.a(time_service.c.obj)"
"s_sntp_server1","0x3fc8d734","35",".dram0.data","esp-idf/main/libmain.a(time_service.c.obj)"
"_ZN12_GLOBAL__N_1L10normalizerE","0x3fc8d758","24",".dram0.data","esp-idf/main/libmain.a(native_audio_normalizer.cpp.obj)"
"gpio_context","0x3fc8d770","32",".dram0.data","esp-idf/esp_driver_gpio/libesp_driver_gpio.a(gpio.c.obj)"
"s_platform","0x3fc8d790","12",".dram0.data","esp-idf/esp_driver_dma/libesp_driver_dma.a(gdma.c.obj)"
"s_mac_table","0x3fc8d79c","56",".dram0.data","esp-idf/esp_hw_support/libesp_hw_support.a(mac_addr.c.obj)"
"g_wifi_osi_funcs","0x3fc8d7d4","480",".dram0.data","esp-idf/esp_wifi/libesp_wifi.a(esp_adapter.c.obj)"
"g_i2s","0x3fc8d9b4","16",".dram0.data","esp-idf/esp_driver_i2s/libesp_driver_i2s.a(i2s_platform.c.obj)"
"phy_param","0x3fc8d9c4","844",".dram0.data","<IDF>/components/esp_phy/lib/esp32c3/libphy.a(phy_init.o)"
"wifi_ht20","0x3fc8dd10","2",".dram0.data","<IDF>/components/esp_phy/lib/esp32c3/libphy.a(phy_analog_cal.o)"
"wifi_ht40","0x3fc8dd12","2",".dram0.data","<IDF>/components/esp_phy/lib/esp32c3/libphy.a(phy_analog_cal.o)"
"TmpSTAAPCloseAP","0x3fc8dd16","1",".dram0.data","<IDF>/components/esp_wifi/lib/esp32c3/libnet80211.a(ieee80211_hostap.o)"
"g_mesh_self_organized","0x3fc8dd17","1",".dram0.data","<IDF>/components/esp_wifi/lib/esp32c3/libnet80211.a(ieee80211_mesh_quick.o)"
"g_phy_cap_rx_stbc","0x3fc8ddec","1",".dram0.data","<IDF>/components/esp_wifi/lib/esp32c3/libnet80211.a(ieee80211_ht.o)"
"g_wifi_nvs","0x3fc8ddf0","4",".dram0.data","<IDF>/components/esp_wifi/lib/esp32c3/libnet80211.a(ieee80211_nvs.o)"
"g_timer_info","0x3fc8ddf8","216",".dram0.data","<IDF>/components/esp_wifi/lib/esp32c3/libnet80211.a(ieee80211_timer.o)"
"gcmp","0x3fc8ded0","24",".dram0.data","<IDF>/components/esp_wifi/lib/esp32c3/libnet80211.a(ieee80211_crypto_gcmp.o)"
"WIFI_MESH_EVENT","0x3fc8dee8","4",".dram0.data","<IDF>/components/esp_wifi/lib/esp32c3/libnet80211.a(ieee80211_api.o)"
"g_wifi_event_mask","0x3fc8deec","4",".dram0.data","<IDF>/components/esp_wifi/lib/esp32c3/libnet80211.a(ieee80211_api.o)"
"g_dynamic_cs","0x3fc8def8","12",".dram0.data","<IDF>/components/esp_wifi/lib/esp32c3/libnet80211.a(ieee80211_sta.o)"
"send_deauth","0x3fc8df04","1",".dram0.data","<IDF>/components/esp_wifi/lib/esp32c3/libnet80211.a(ieee80211_sta.o)"
"sms4","0x3fc8df08","24",".dram0.data","<IDF>/components/esp_wifi/lib/esp32c3/libnet80211.a(ieee80211_crypto_sms4.o)"
"ccmp","0x3fc8df20","24",".dram0.data","<IDF>/components/esp_wifi/lib/esp32c3/libnet80211.a(ieee80211_crypto_ccmp.o)"
"tkip","0x3fc8e080","24",".dram0.data","<IDF>/components/esp_wifi/lib/esp32c3/libnet80211.a(ieee80211_crypto_tkip.o)"
"wep","0x3fc8e0a8","24",".dram0.data","<IDF>/components/esp_wifi/lib/esp32c3/libnet80211.a(ieee80211_crypto_wep.o)"
"g_pm_cfg","0x3fc8e0c0","76",".dram0.data","<IDF>/components/esp_wifi/lib/esp32c3/libpp.a(pm.o)"
"TxRxCxt","0x3fc8e10c","960",".dram0.data","<IDF>/components/esp_wifi/lib/esp32c3/libpp.a(pp.o)"
"g_eb_list_desc","0x3fc8e4cc","220",".dram0.data","<IDF>/components/esp_wifi/lib/esp32c3/libpp.a(esf_buf.o)"
"g_txop_queue_status","0x3fc8e5a8","3",".dram0.data","<IDF>/components/esp_wifi/lib/esp32c3/libpp.a(lmac.o)"
"lmacConfMib","0x3fc8e5ac","48",".dram0.data","<IDF>/components/esp_wifi/lib/esp32c3/libpp.a(lmac.o)"
"BasicOFDMSched","0x3fc8e5dc","12",".dram0.data","<IDF>/components/esp_wifi/lib/esp32c3/libpp.a(trc.o)"
"rc11BSchedTbl","0x3fc8e5e8","72",".dram0.data","<IDF>/components/esp_wifi/lib/esp32c3/libpp.a(trc.o)"
"rc11GSchedTbl","0x3fc8e630","156",".dram0.data","<IDF>/components/esp_wifi/lib/esp32c3/libpp.a(trc.o)"
"rc11NSchedTbl","0x3fc8e6cc","168",".dram0.data","<IDF>/components/esp_wifi/lib/esp32c3/libpp.a(trc.o)"
"rcLoRaSchedTbl","0x3fc8e774","24",".dram0.data","<IDF>/components/esp_wifi/lib/esp32c3/libpp.a(trc.o)"
"rcP2P11GSchedTbl","0x3fc8e78c","96",".dram0.data","<IDF>/components/esp_wifi/lib/esp32c3/libpp.a(trc.o)"
"rcP2P11NSchedTbl","0x3fc8e7ec","120",".dram0.data","<IDF>/components/esp_wifi/lib/esp32c3/libpp.a(trc.o)"
"trc_ctl","0x3fc8e864","28",".dram0.data","<IDF>/components/esp_wifi/lib/esp32c3/libpp.a(trc.o)"
"BcnInterval","0x3fc8e880","4",".dram0.data","<IDF>/components/esp_wifi/lib/esp32c3/libpp.a(wdev.o)"
"wDevCtrl","0x3fc8e884","56",".dram0.data","<IDF>/components/esp_wifi/lib/esp32c3/libpp.a(wdev.o)"
"g_pp_timer_info","0x3fc8e8bc","120",".dram0.data","<IDF>/components/esp_wifi/lib/esp32c3/libpp.a(pp_timer.o)"
"g_espnow_user_oui","0x3fc8e934","3",".dram0.data","<IDF>/components/esp_wifi/lib/esp32c3/libespnow.a(manatick.o)"
"default_chip","0x3fc8e938","36",".dram0.data","esp-idf/spi_flash/libspi_flash.a(esp_flash_spi_init.c.obj)"
"esp_flash_default_host","0x3fc8e95c","48",".dram0.data","esp-idf/spi_flash/libspi_flash.a(esp_flash_spi_init.c.obj)"
"esp_flash_spi1_default_os_functions","0x3fc8e98c","40",".dram0.data","esp-idf/spi_flash/libspi_flash.a(spi_flash_os_func_app.c.obj)"
"main_flash_arg","0x3fc8e9b4","20",".dram0.data","esp-idf/spi_flash/libspi_flash.a(spi_flash_os_func_app.c.obj)"
"esp_flash_noos_functions","0x3fc8e9c8","40",".dram0.data","esp-idf/spi_flash/libspi_flash.a(spi_flash_os_func_noos.c.obj)"
"spi_flash_chip_generic_timeout","0x3fc8e9f0","20",".dram0.data","esp-idf/spi_flash/libspi_flash.a(spi_flash_chip_generic.c.obj)"
"esp_flash_encryption_default","0x3fc8ea04","24",".dram0.data","esp-idf/spi_flash/libspi_flash.a(spi_flash_chip_generic.c.obj)"
"rom_flash_chip_dummy_hpm","0x3fc8ea1c","4",".dram0.data","esp-idf/spi_flash/libspi_flash.a(spi_flash_chip_generic.c.obj)"
"rom_flash_chip_dummy","0x3fc8ea20","4",".dram0.data","esp-idf/spi_flash/libspi_flash.a(spi_flash_chip_generic.c.obj)"
"hpm_flash_chip_dummy","0x3fc8ea24","6",".dram0.data","esp-idf/spi_flash/libspi_flash.a(spi_flash_chip_generic.c.obj)"
"default_flash_chip_dummy","0x3fc8ea2c","6",".dram0.data","esp-idf/spi_flash/libspi_flash.a(spi_flash_chip_generic.c.obj)"
"esp_flash_default_host","0x3fc8ea34","88",".dram0.data","esp-idf/spi_flash/libspi_flash.a(memspi_host_driver.c.obj)"
"g_flash_guard_default_ops","0x3fc8ea8c","8",".dram0.data","esp-idf/spi_flash/libspi_flash.a(flash_ops.c.obj)"
"esp_flash_api_funcs_patched_ptr","0x3fc8ea94","4",".dram0.data","esp-idf/spi_flash/libspi_flash.a(esp_flash_api.c.obj)"
"esp_flash_api_funcs_patched","0x3fc8ea98","16",".dram0.data","esp-idf/spi_flash/libspi_flash.a(esp_flash_api.c.obj)"
"g_panic_entry_count","0x3fc8eaa8","4",".dram0.data","esp-idf/esp_system/libesp_system.a(panic.c.obj)"
"s_rtc_isr_handler_list","0x3fc8eaac","4",".dram0.data","esp-idf/esp_hw_support/libesp_hw_support.a(rtc_module.c.obj)"
"rtc_isr_cpu","0x3fc8eab0","4",".dram0.data","esp-idf/esp_hw_support/libesp_hw_support.a(rtc_module.c.obj)"
"rtc_intr_enabled","0x3fc8eab4","4",".dram0.data","esp-idf/esp_hw_support/libesp_hw_support.a(rtc_module.c.obj)"
"rtc_intr_cache","0x3fc8eab8","4",".dram0.data","esp-idf/esp_hw_support/libesp_hw_support.a(rtc_module.c.obj)"
"FreeRTOS_openocd_params","0x3fc8eabc","16",".dram0.data","esp-idf/freertos/libfreertos.a(tasks.c.obj)"
"s_dma_descr_buf","0x3fc8eacc","12",".dram0.data","esp-idf/mbedtls/mbedtls/tf-psa-crypto/core/libtfpsacrypto.a(sha.c.obj)"
"s_dma_descr_input","0x3fc8ead8","12",".dram0.data","esp-idf/mbedtls/mbedtls/tf-psa-crypto/core/libtfpsacrypto.a(sha.c.obj)"
"s_stream_out","0x3fc8eae4","16",".dram0.data","esp-idf/mbedtls/mbedtls/tf-psa-crypto/core/libtfpsacrypto.a(esp_aes_dma_core.c.obj)"
"s_stream_in","0x3fc8eaf4","16",".dram0.data","esp-idf/mbedtls/mbedtls/tf-psa-crypto/core/libtfpsacrypto.a(esp_aes_dma_core.c.obj)"
"s_stream_out_desc","0x3fc8eb04","12",".dram0.data","esp-idf/mbedtls/mbedtls/tf-psa-crypto/core/libtfpsacrypto.a(esp_aes_dma_core.c.obj)"
"s_stream_in_desc","0x3fc8eb10","12",".dram0.data","esp-idf/mbedtls/mbedtls/tf-psa-crypto/core/libtfpsacrypto.a(esp_aes_dma_core.c.obj)"
"g_mesh_is_started","0x3fc8eb1c","1",".dram0.data","<IDF>/components/esp_wifi/lib/esp32c3/libnet80211.a(ieee80211_mesh_quick.o)"
"g_mesh_init_ps_type","0x3fc8eb20","4",".dram0.data","<IDF>/components/esp_wifi/lib/esp32c3/libnet80211.a(ieee80211_mesh_quick.o)"
"g_mesh_is_root","0x3fc8eb24","1",".dram0.data","<IDF>/components/esp_wifi/lib/esp32c3/libnet80211.a(ieee80211_mesh_quick.o)"
"g_sta_connected_flag","0x3fc8eb25","1",".dram0.data","<IDF>/components/esp_wifi/lib/esp32c3/libnet80211.a(wl_cnx.o)"
"pp_sig_cnt","0x3fc8eb28","33",".dram0.data","<IDF>/components/esp_wifi/lib/esp32c3/libpp.a(pp.o)"
"bars","0x3fc8eb4c","160",".dram0.data","<IDF>/components/esp_wifi/lib/esp32c3/libpp.a(pp.o)"
"eb_txdesc_space","0x3fc8ebec","144",".dram0.data","<IDF>/components/esp_wifi/lib/esp32c3/libpp.a(esf_buf.o)"
"s_record_list","0x3fc8ec84","132",".dram0.data","<IDF>/components/esp_wifi/lib/esp32c3/libpp.a(wdev.o)"
"ptr_beacon_offset_funcs","0x3fc8ed08","4",".dram0.data","<IDF>/components/esp_wifi/lib/esp32c3/libpp.a(pm_beacon_offset.o)"
"s_wifi_bt_pd_controller","0x3fc8ed0c","8",".dram0.data","esp-idf/esp_phy/libesp_phy.a(phy_init.c.obj)"
"s_phy_ant_need_update_flag","0x3fc8ed14","1",".dram0.data","esp-idf/esp_phy/libesp_phy.a(phy_common.c.obj)"
"__func__.0","0x3fc8ed18","24",".dram0.data","esp-idf/esp_hal_ledc/libesp_hal_ledc.a(ledc_hal_iram.c.obj)"
"__func__.0","0x3fc8ed30","36",".dram0.data","esp-idf/esp_hal_mspi/libesp_hal_mspi.a(spi_flash_encrypt_hal_iram.c.obj)"
"__func__.0","0x3fc8ed54","21",".dram0.data","esp-idf/esp_hal_wdt/libesp_hal_wdt.a(wdt_hal_iram.c.obj)"
"__func__.0","0x3fc8ed6c","23",".dram0.data","esp-idf/esp_hw_support/libesp_hw_support.a(rtc_clk.c.obj)"
"__func__.0","0x3fc8ed84","43",".dram0.data","esp-idf/esp_mm/libesp_mm.a(esp_cache_utils.c.obj)"
"__func__.0","0x3fc8edb0","30",".dram0.data","esp-idf/hal/libhal.a(cache_hal.c.obj)"
"__func__.1","0x3fc8edd0","19",".dram0.data","esp-idf/hal/libhal.a(cache_hal.c.obj)"
"__func__.2","0x3fc8ede4","17",".dram0.data","esp-idf/hal/libhal.a(cache_hal.c.obj)"
"__func__.3","0x3fc8edf8","17",".dram0.data","esp-idf/hal/libhal.a(cache_hal.c.obj)"
"__func__.4","0x3fc8ee0c","18",".dram0.data","esp-idf/hal/libhal.a(cache_hal.c.obj)"
"__func__.0","0x3fc8ee20","23",".dram0.data","esp-idf/hal/libhal.a(mmu_hal.c.obj)"
"__func__.4","0x3fc8ee38","23",".dram0.data","esp-idf/hal/libhal.a(mmu_hal.c.obj)"
"__func__.5","0x3fc8ee50","21",".dram0.data","esp-idf/hal/libhal.a(mmu_hal.c.obj)"
"__func__.6","0x3fc8ee68","19",".dram0.data","esp-idf/hal/libhal.a(mmu_hal.c.obj)"
"__func__.7","0x3fc8ee7c","19",".dram0.data","esp-idf/hal/libhal.a(mmu_hal.c.obj)"
"__func__.0","0x3fc8ee90","29",".dram0.data","esp-idf/hal/libhal.a(systimer_hal.c.obj)"
"phy_tsens_attribute","0x3fc8ef7c","30",".dram0.data","<IDF>/components/esp_phy/lib/esp32c3/libphy.a(phy_tsens.o)"
"CSWTCH.166","0x3fc8f088","3",".dram0.data","<IDF>/components/esp_phy/lib/esp32c3/libphy.a(phy_tx_cal.o)"
"__func__.0","0x3fc8f08c","25",".dram0.data","esp-idf/spi_flash/libspi_flash.a(memspi_host_driver.c.obj)"
"__func__.1","0x3fc8f0a8","24",".dram0.data","esp-idf/spi_flash/libspi_flash.a(memspi_host_driver.c.obj)"
"__func__.2","0x3fc8f0c0","25",".dram0.data","esp-idf/spi_flash/libspi_flash.a(memspi_host_driver.c.obj)"
"esp_flash_gpspi_host","0x3fc8f0dc","88",".dram0.data","esp-idf/spi_flash/libspi_flash.a(memspi_host_driver.c.obj)"
"esp_flash_chip_boya","0x3fc8f134","124",".dram0.data","esp-idf/spi_flash/libspi_flash.a(spi_flash_chip_boya.c.obj)"
"chip_name","0x3fc8f1b0","5",".dram0.data","esp-idf/spi_flash/libspi_flash.a(spi_flash_chip_boya.c.obj)"
"esp_flash_chip_gd","0x3fc8f1b8","124",".dram0.data","esp-idf/spi_flash/libspi_flash.a(spi_flash_chip_gd.c.obj)"
"chip_name","0x3fc8f234","3",".dram0.data","esp-idf/spi_flash/libspi_flash.a(spi_flash_chip_gd.c.obj)"
"__func__.0","0x3fc8f238","41",".dram0.data","esp-idf/spi_flash/libspi_flash.a(spi_flash_chip_generic.c.obj)"
"esp_flash_chip_generic","0x3fc8f264","124",".dram0.data","esp-idf/spi_flash/libspi_flash.a(spi_flash_chip_generic.c.obj)"
"chip_name","0x3fc8f2e0","8",".dram0.data","esp-idf/spi_flash/libspi_flash.a(spi_flash_chip_generic.c.obj)"
"esp_flash_chip_issi","0x3fc8f2e8","124",".dram0.data","esp-idf/spi_flash/libspi_flash.a(spi_flash_chip_issi.c.obj)"
"chip_name","0x3fc8f364","5",".dram0.data","esp-idf/spi_flash/libspi_flash.a(spi_flash_chip_issi.c.obj)"
"esp_flash_chip_mxic","0x3fc8f36c","124",".dram0.data","esp-idf/spi_flash/libspi_flash.a(spi_flash_chip_mxic.c.obj)"
"chip_name","0x3fc8f3e8","5",".dram0.data","esp-idf/spi_flash/libspi_flash.a(spi_flash_chip_mxic.c.obj)"
"esp_flash_chip_th","0x3fc8f3f0","124",".dram0.data","esp-idf/spi_flash/libspi_flash.a(spi_flash_chip_th.c.obj)"
"chip_name","0x3fc8f46c","3",".dram0.data","esp-idf/spi_flash/libspi_flash.a(spi_flash_chip_th.c.obj)"
"esp_flash_chip_winbond","0x3fc8f470","124",".dram0.data","esp-idf/spi_flash/libspi_flash.a(spi_flash_chip_winbond.c.obj)"
"chip_name","0x3fc8f4ec","8",".dram0.data","esp-idf/spi_flash/libspi_flash.a(spi_flash_chip_winbond.c.obj)"
"esp_app_desc","0x3c100020","256",".flash.appdesc","esp-idf/esp_app_format/libesp_app_format.a(esp_app_desc.c.obj)"
"reserved_region_rtc_reserved_data","0x3c14a970","8",".flash.init_array","esp-idf/heap/libheap.a(memory_layout.c.obj)"
"reserved_region_rtcram_data","0x3c14a978","8",".flash.init_array","esp-idf/heap/libheap.a(memory_layout.c.obj)"
"reserved_region_iram_code","0x3c14a980","8",".flash.init_array","esp-idf/heap/libheap.a(memory_layout.c.obj)"
"reserved_region_dram_data","0x3c14a988","8",".flash.init_array","esp-idf/heap/libheap.a(memory_layout.c.obj)"
"esp_system_init_fn_init_efuse_check","0x3c14a990","8",".flash.init_array","esp-idf/efuse/libefuse.a(esp_efuse_startup.c.obj)"
"esp_system_init_fn_init_show_cpu_freq","0x3c14a998","8",".flash.init_array","esp-idf/esp_system/libesp_system.a(startup_funcs.c.obj)"
"esp_system_init_fn_init_show_app_info","0x3c14a9a0","8",".flash.init_array","esp-idf/esp_app_format/libesp_app_format.a(esp_app_desc.c.obj)"
"esp_system_init_fn_init_efuse_show_app_info","0x3c14a9a8","8",".flash.init_array","esp-idf/efuse/libefuse.a(esp_efuse_startup.c.obj)"
"esp_system_init_fn_init_heap","0x3c14a9b0","8",".flash.init_array","esp-idf/heap/libheap.a(heap_caps_init.c.obj)"
"esp_system_init_fn_esp_timer_init_os","0x3c14a9b8","8",".flash.init_array","esp-idf/esp_timer/libesp_timer.a(esp_timer.c.obj)"
"esp_system_init_fn_esp_hw_stack_guard_init","0x3c14a9c0","8",".flash.init_array","esp-idf/esp_system/libesp_system.a(hw_stack_guard.c.obj)"
"esp_system_init_fn_esp_timer_init_nonos","0x3c14a9c8","8",".flash.init_array","esp-idf/esp_timer/libesp_timer.a(esp_timer_init.c.obj)"
"esp_system_init_fn_init_libc","0x3c14a9d0","8",".flash.init_array","esp-idf/esp_libc/libesp_libc.a(init.c.obj)"
"esp_system_init_fn_esp_security_init","0x3c14a9d8","8",".flash.init_array","esp-idf/esp_security/libesp_security.a(init.c.obj)"
"esp_system_init_fn_init_brownout","0x3c14a9e0","8",".flash.init_array","esp-idf/esp_system/libesp_system.a(startup_funcs.c.obj)"
"esp_system_init_fn_mbedtls_psa_crypto_init_fn","0x3c14a9e8","8",".flash.init_array","esp-idf/mbedtls/mbedtls/library/libmbedtls.a(esp_psa_crypto_init.c.obj)"
"esp_system_init_fn_init_newlib_time","0x3c14a9f0","8",".flash.init_array","esp-idf/esp_system/libesp_system.a(startup_funcs.c.obj)"
"esp_system_init_fn_esp_sleep_startup_init","0x3c14a9f8","8",".flash.init_array","esp-idf/esp_hw_support/libesp_hw_support.a(sleep_gpio.c.obj)"
"esp_system_init_fn_init_vfs_nullfs","0x3c14aa00","8",".flash.init_array","esp-idf/vfs/libvfs.a(nullfs.c.obj)"
"esp_system_init_fn_init_vfs_console","0x3c14aa08","8",".flash.init_array","esp-idf/esp_stdio/libesp_stdio.a(stdio_vfs.c.obj)"
"esp_system_init_fn_init_libc_stdio","0x3c14aa10","8",".flash.init_array","esp-idf/esp_libc/libesp_libc.a(init.c.obj)"
"esp_system_init_fn_init_flash","0x3c14aa18","8",".flash.init_array","esp-idf/spi_flash/libspi_flash.a(esp_flash_spi_init.c.obj)"
"esp_system_init_fn_init_efuse","0x3c14aa20","8",".flash.init_array","esp-idf/efuse/libefuse.a(esp_efuse_startup.c.obj)"
"esp_system_init_fn_init_apb_dma","0x3c14aa28","8",".flash.init_array","esp-idf/esp_system/libesp_system.a(startup_funcs.c.obj)"
"esp_system_init_fn_init_disable_rtc_wdt","0x3c14aa30","8",".flash.init_array","esp-idf/esp_system/libesp_system.a(startup_funcs.c.obj)"
"s_vfs_console","0x3c10dec4","48",".flash.rodata","esp-idf/esp_stdio/libesp_stdio.a(stdio_vfs.c.obj)"
"s_vfs_console_dir","0x3c10def4","64",".flash.rodata","esp-idf/esp_stdio/libesp_stdio.a(stdio_vfs.c.obj)"
"__func__.1","0x3c10df34","27",".flash.rodata","esp-idf/efuse/libefuse.a(esp_efuse_utility.c.obj)"
"__func__.4","0x3c10df50","26",".flash.rodata","esp-idf/efuse/libefuse.a(esp_efuse_utility.c.obj)"
"s_table","0x3c10df6c","120",".flash.rodata","esp-idf/efuse/libefuse.a(esp_efuse_api_key.c.obj)"
"KEY5","0x3c10dfe4","4",".flash.rodata","esp-idf/efuse/libefuse.a(esp_efuse_table.c.obj)"
"KEY4","0x3c10dfe8","4",".flash.rodata","esp-idf/efuse/libefuse.a(esp_efuse_table.c.obj)"
"KEY3","0x3c10dfec","4",".flash.rodata","esp-idf/efuse/libefuse.a(esp_efuse_table.c.obj)"
"KEY2","0x3c10dff0","4",".flash.rodata","esp-idf/efuse/libefuse.a(esp_efuse_table.c.obj)"
"KEY1","0x3c10dff4","4",".flash.rodata","esp-idf/efuse/libefuse.a(esp_efuse_table.c.obj)"
"KEY0","0x3c10dff8","4",".flash.rodata","esp-idf/efuse/libefuse.a(esp_efuse_table.c.obj)"
"USER_DATA_MAC_CUSTOM","0x3c10dffc","4",".flash.rodata","esp-idf/efuse/libefuse.a(esp_efuse_table.c.obj)"
"ADC1_INIT_CODE_ATTEN3","0x3c10e000","4",".flash.rodata","esp-idf/efuse/libefuse.a(esp_efuse_table.c.obj)"
"ADC1_INIT_CODE_ATTEN2","0x3c10e004","4",".flash.rodata","esp-idf/efuse/libefuse.a(esp_efuse_table.c.obj)"
"ADC1_INIT_CODE_ATTEN1","0x3c10e008","4",".flash.rodata","esp-idf/efuse/libefuse.a(esp_efuse_table.c.obj)"
"ADC1_INIT_CODE_ATTEN0","0x3c10e00c","4",".flash.rodata","esp-idf/efuse/libefuse.a(esp_efuse_table.c.obj)"
"BLK_VERSION_MAJOR","0x3c10e010","4",".flash.rodata","esp-idf/efuse/libefuse.a(esp_efuse_table.c.obj)"
"MAC","0x3c10e014","24",".flash.rodata","esp-idf/efuse/libefuse.a(esp_efuse_table.c.obj)"
"KEY_PURPOSE_5","0x3c10e02c","4",".flash.rodata","esp-idf/efuse/libefuse.a(esp_efuse_table.c.obj)"
"KEY_PURPOSE_4","0x3c10e030","4",".flash.rodata","esp-idf/efuse/libefuse.a(esp_efuse_table.c.obj)"
"KEY_PURPOSE_3","0x3c10e034","4",".flash.rodata","esp-idf/efuse/libefuse.a(esp_efuse_table.c.obj)"
"KEY_PURPOSE_2","0x3c10e038","4",".flash.rodata","esp-idf/efuse/libefuse.a(esp_efuse_table.c.obj)"
"KEY_PURPOSE_1","0x3c10e03c","4",".flash.rodata","esp-idf/efuse/libefuse.a(esp_efuse_table.c.obj)"
"KEY_PURPOSE_0","0x3c10e040","4",".flash.rodata","esp-idf/efuse/libefuse.a(esp_efuse_table.c.obj)"
"RD_DIS_BLOCK_KEY5","0x3c10e044","4",".flash.rodata","esp-idf/efuse/libefuse.a(esp_efuse_table.c.obj)"
"RD_DIS_BLOCK_KEY4","0x3c10e048","4",".flash.rodata","esp-idf/efuse/libefuse.a(esp_efuse_table.c.obj)"
"RD_DIS_BLOCK_KEY3","0x3c10e04c","4",".flash.rodata","esp-idf/efuse/libefuse.a(esp_efuse_table.c.obj)"
"RD_DIS_BLOCK_KEY2","0x3c10e050","4",".flash.rodata","esp-idf/efuse/libefuse.a(esp_efuse_table.c.obj)"
"RD_DIS_BLOCK_KEY1","0x3c10e054","4",".flash.rodata","esp-idf/efuse/libefuse.a(esp_efuse_table.c.obj)"
"RD_DIS_BLOCK_KEY0","0x3c10e058","4",".flash.rodata","esp-idf/efuse/libefuse.a(esp_efuse_table.c.obj)"
"WR_DIS_BLOCK_KEY5","0x3c10e05c","4",".flash.rodata","esp-idf/efuse/libefuse.a(esp_efuse_table.c.obj)"
"WR_DIS_BLOCK_KEY4","0x3c10e060","4",".flash.rodata","esp-idf/efuse/libefuse.a(esp_efuse_table.c.obj)"
"WR_DIS_BLOCK_KEY3","0x3c10e064","4",".flash.rodata","esp-idf/efuse/libefuse.a(esp_efuse_table.c.obj)"
"WR_DIS_BLOCK_KEY2","0x3c10e068","4",".flash.rodata","esp-idf/efuse/libefuse.a(esp_efuse_table.c.obj)"
"WR_DIS_BLOCK_KEY1","0x3c10e06c","4",".flash.rodata","esp-idf/efuse/libefuse.a(esp_efuse_table.c.obj)"
"WR_DIS_BLOCK_KEY0","0x3c10e070","4",".flash.rodata","esp-idf/efuse/libefuse.a(esp_efuse_table.c.obj)"
"WR_DIS_KEY_PURPOSE_5","0x3c10e074","4",".flash.rodata","esp-idf/efuse/libefuse.a(esp_efuse_table.c.obj)"
"WR_DIS_KEY_PURPOSE_4","0x3c10e078","4",".flash.rodata","esp-idf/efuse/libefuse.a(esp_efuse_table.c.obj)"
"WR_DIS_KEY_PURPOSE_3","0x3c10e07c","4",".flash.rodata","esp-idf/efuse/libefuse.a(esp_efuse_table.c.obj)"
"WR_DIS_KEY_PURPOSE_2","0x3c10e080","4",".flash.rodata","esp-idf/efuse/libefuse.a(esp_efuse_table.c.obj)"
"WR_DIS_KEY_PURPOSE_1","0x3c10e084","4",".flash.rodata","esp-idf/efuse/libefuse.a(esp_efuse_table.c.obj)"
"WR_DIS_KEY_PURPOSE_0","0x3c10e088","4",".flash.rodata","esp-idf/efuse/libefuse.a(esp_efuse_table.c.obj)"
"range_read_addr_blocks","0x3c10e08c","88",".flash.rodata","esp-idf/efuse/libefuse.a(esp_efuse_utility.c.obj)"
"__func__.0","0x3c10e0e4","32",".flash.rodata","esp-idf/spi_flash/libspi_flash.a(esp_flash_spi_init.c.obj)"
"__func__.1","0x3c10e104","17",".flash.rodata","esp-idf/spi_flash/libspi_flash.a(flash_mmap.c.obj)"
"__func__.0","0x3c10e118","16",".flash.rodata","esp-idf/spi_flash/libspi_flash.a(flash_ops.c.obj)"
"s_mspi_io_num_default","0x3c10e128","6",".flash.rodata","esp-idf/spi_flash/libspi_flash.a(flash_ops.c.obj)"
"__func__.0","0x3c10e130","16",".flash.rodata","esp-idf/spi_flash/libspi_flash.a(esp_flash_api.c.obj)"
"__func__.1","0x3c10e140","23",".flash.rodata","esp-idf/spi_flash/libspi_flash.a(esp_flash_api.c.obj)"
"__func__.0","0x3c10e1ac","13",".flash.rodata","esp-idf/esp_system/libesp_system.a(clk.c.obj)"
"cache_ilg_bits","0x3c10e1bc","24",".flash.rodata","esp-idf/esp_system/libesp_system.a(cache_err_int.c.obj)"
"core0_acs_bits","0x3c10e1d4","48",".flash.rodata","esp-idf/esp_system/libesp_system.a(cache_err_int.c.obj)"
"g_startup_fn","0x3c10e204","4",".flash.rodata","esp-idf/esp_system/libesp_system.a(startup.c.obj)"
"reason.0","0x3c10e208","64",".flash.rodata","esp-idf/esp_system/libesp_system.a(panic_arch.c.obj)"
"esp_unknown_msg","0x3c10e248","6",".flash.rodata","esp-idf/esp_common/libesp_common.a(esp_err_to_name.c.obj)"
"esp_err_msg_table","0x3c10e250","1720",".flash.rodata","esp-idf/esp_common/libesp_common.a(esp_err_to_name.c.obj)"
"__func__.1","0x3c10e908","24",".flash.rodata","esp-idf/heap/libheap.a(heap_caps.c.obj)"
"__func__.6","0x3c10e920","17",".flash.rodata","esp-idf/heap/libheap.a(heap_caps.c.obj)"
"__func__.7","0x3c10e934","18",".flash.rodata","esp-idf/heap/libheap.a(heap_caps.c.obj)"
"__func__.10","0x3c10e948","24",".flash.rodata","esp-idf/heap/libheap.a(heap_caps.c.obj)"
"__func__.11","0x3c10e960","26",".flash.rodata","esp-idf/heap/libheap.a(heap_caps.c.obj)"
"__func__.12","0x3c10e97c","25",".flash.rodata","esp-idf/heap/libheap.a(heap_caps.c.obj)"
"__func__.13","0x3c10e998","17",".flash.rodata","esp-idf/heap/libheap.a(heap_caps.c.obj)"
"__func__.2","0x3c10e9ac","15",".flash.rodata","esp-idf/heap/libheap.a(heap_caps_init.c.obj)"
"__func__.3","0x3c10e9bc","14",".flash.rodata","esp-idf/heap/libheap.a(heap_caps_init.c.obj)"
"__func__.0","0x3c10e9cc","27",".flash.rodata","esp-idf/heap/libheap.a(memory_layout_utils.c.obj)"
"soc_memory_region_count","0x3c10e9e8","4",".flash.rodata","esp-idf/heap/libheap.a(memory_layout.c.obj)"
"soc_memory_regions","0x3c10e9ec","100",".flash.rodata","esp-idf/heap/libheap.a(memory_layout.c.obj)"
"soc_memory_types","0x3c10ea50","48",".flash.rodata","esp-idf/heap/libheap.a(memory_layout.c.obj)"
"__func__.0","0x3c10ea80","23",".flash.rodata","esp-idf/heap/libheap.a(heap_caps_base.c.obj)"
"__func__.1","0x3c10ea98","15",".flash.rodata","esp-idf/heap/libheap.a(heap_caps_base.c.obj)"
"__func__.2","0x3c10eaa8","17",".flash.rodata","esp-idf/esp_hw_support/libesp_hw_support.a(intr_alloc.c.obj)"
"__func__.3","0x3c10eabc","26",".flash.rodata","esp-idf/esp_hw_support/libesp_hw_support.a(intr_alloc.c.obj)"
"__func__.5","0x3c10ead8","26",".flash.rodata","esp-idf/esp_hw_support/libesp_hw_support.a(intr_alloc.c.obj)"
"__func__.6","0x3c10eaf4","22",".flash.rodata","esp-idf/esp_hw_support/libesp_hw_support.a(intr_alloc.c.obj)"
"__func__.7","0x3c10eb0c","25",".flash.rodata","esp-idf/esp_hw_support/libesp_hw_support.a(intr_alloc.c.obj)"
"__func__.9","0x3c10eb28","20",".flash.rodata","esp-idf/esp_hw_support/libesp_hw_support.a(intr_alloc.c.obj)"
"__func__.10","0x3c10eb3c","21",".flash.rodata","esp-idf/esp_hw_support/libesp_hw_support.a(intr_alloc.c.obj)"
"__func__.0","0x3c10eb54","20",".flash.rodata","esp-idf/esp_hw_support/libesp_hw_support.a(periph_ctrl.c.obj)"
"__func__.2","0x3c10eb68","21",".flash.rodata","esp-idf/esp_hw_support/libesp_hw_support.a(periph_ctrl.c.obj)"
"g_spi_lock_main_flash_dev","0x3c10eb80","4",".flash.rodata","esp-idf/esp_hw_support/libesp_hw_support.a(spi_bus_lock.c.obj)"
"__func__.1","0x3c10eb84","52",".flash.rodata","esp-idf/esp_hw_support/libesp_hw_support.a(sleep_gpio.c.obj)"
"__func__.0","0x3c10ebb8","23",".flash.rodata","esp-idf/esp_hw_support/libesp_hw_support.a(rtc_init.c.obj)"
"__func__.1","0x3c10ebd0","23",".flash.rodata","esp-idf/esp_hw_support/libesp_hw_support.a(rtc_init.c.obj)"
"__func__.2","0x3c10ebe8","23",".flash.rodata","esp-idf/esp_hw_support/libesp_hw_support.a(rtc_time.c.obj)"
"__func__.1","0x3c10ec00","12",".flash.rodata","esp-idf/esp_hw_support/libesp_hw_support.a(rtc_time.c.obj)"
"s_submode2str","0x3c10ec0c","36",".flash.rodata","esp-idf/esp_hw_support/libesp_hw_support.a(sleep_modes.c.obj)"
"__func__.0","0x3c10ec30","10",".flash.rodata","esp-idf/freertos/libfreertos.a(app_startup.c.obj)"
"__func__.1","0x3c10ec3c","22",".flash.rodata","esp-idf/freertos/libfreertos.a(app_startup.c.obj)"
"__func__.0","0x3c10ec54","25",".flash.rodata","esp-idf/freertos/libfreertos.a(queue.c.obj)"
"__func__.2","0x3c10ec70","13",".flash.rodata","esp-idf/freertos/libfreertos.a(queue.c.obj)"
"__func__.4","0x3c10ec80","23",".flash.rodata","esp-idf/freertos/libfreertos.a(queue.c.obj)"
"__func__.5","0x3c10ec98","23",".flash.rodata","esp-idf/freertos/libfreertos.a(queue.c.obj)"
"__func__.7","0x3c10ecb0","21",".flash.rodata","esp-idf/freertos/libfreertos.a(queue.c.obj)"
"__func__.9","0x3c10ecc8","20",".flash.rodata","esp-idf/freertos/libfreertos.a(queue.c.obj)"
"__func__.10","0x3c10ecdc","14",".flash.rodata","esp-idf/freertos/libfreertos.a(queue.c.obj)"
"__func__.11","0x3c10ecec","18",".flash.rodata","esp-idf/freertos/libfreertos.a(queue.c.obj)"
"__func__.12","0x3c10ed00","25",".flash.rodata","esp-idf/freertos/libfreertos.a(queue.c.obj)"
"__func__.13","0x3c10ed1c","27",".flash.rodata","esp-idf/freertos/libfreertos.a(queue.c.obj)"
"__func__.14","0x3c10ed38","18",".flash.rodata","esp-idf/freertos/libfreertos.a(queue.c.obj)"
"__func__.15","0x3c10ed4c","30",".flash.rodata","esp-idf/freertos/libfreertos.a(queue.c.obj)"
"__func__.16","0x3c10ed6c","36",".flash.rodata","esp-idf/freertos/libfreertos.a(queue.c.obj)"
"__func__.17","0x3c10ed90","25",".flash.rodata","esp-idf/freertos/libfreertos.a(queue.c.obj)"
"__func__.18","0x3c10edac","25",".flash.rodata","esp-idf/freertos/libfreertos.a(queue.c.obj)"
"__func__.20","0x3c10edc8","21",".flash.rodata","esp-idf/freertos/libfreertos.a(queue.c.obj)"
"__func__.21","0x3c10ede0","20",".flash.rodata","esp-idf/freertos/libfreertos.a(queue.c.obj)"
"__func__.22","0x3c10edf4","30",".flash.rodata","esp-idf/freertos/libfreertos.a(queue.c.obj)"
"__func__.23","0x3c10ee14","26",".flash.rodata","esp-idf/freertos/libfreertos.a(queue.c.obj)"
"__func__.25","0x3c10ee30","19",".flash.rodata","esp-idf/freertos/libfreertos.a(queue.c.obj)"
"__func__.2","0x3c10ee44","33",".flash.rodata","esp-idf/freertos/libfreertos.a(tasks.c.obj)"
"__func__.3","0x3c10ee68","30",".flash.rodata","esp-idf/freertos/libfreertos.a(tasks.c.obj)"
"__func__.4","0x3c10ee88","30",".flash.rodata","esp-idf/freertos/libfreertos.a(tasks.c.obj)"
"__func__.5","0x3c10eea8","21",".flash.rodata","esp-idf/freertos/libfreertos.a(tasks.c.obj)"
"__func__.6","0x3c10eec0","24",".flash.rodata","esp-idf/freertos/libfreertos.a(tasks.c.obj)"
"__func__.8","0x3c10eed8","30",".flash.rodata","esp-idf/freertos/libfreertos.a(tasks.c.obj)"
"__func__.10","0x3c10eef8","19",".flash.rodata","esp-idf/freertos/libfreertos.a(tasks.c.obj)"
"__func__.11","0x3c10ef0c","23",".flash.rodata","esp-idf/freertos/libfreertos.a(tasks.c.obj)"
"__func__.12","0x3c10ef24","24",".flash.rodata","esp-idf/freertos/libfreertos.a(tasks.c.obj)"
"__func__.13","0x3c10ef3c","36",".flash.rodata","esp-idf/freertos/libfreertos.a(tasks.c.obj)"
"__func__.14","0x3c10ef60","24",".flash.rodata","esp-idf/freertos/libfreertos.a(tasks.c.obj)"
"__func__.16","0x3c10ef78","21",".flash.rodata","esp-idf/freertos/libfreertos.a(tasks.c.obj)"
"__func__.18","0x3c10ef90","34",".flash.rodata","esp-idf/freertos/libfreertos.a(tasks.c.obj)"
"__func__.19","0x3c10efb4","25",".flash.rodata","esp-idf/freertos/libfreertos.a(tasks.c.obj)"
"__func__.21","0x3c10efd0","31",".flash.rodata","esp-idf/freertos/libfreertos.a(tasks.c.obj)"
"__func__.22","0x3c10eff0","22",".flash.rodata","esp-idf/freertos/libfreertos.a(tasks.c.obj)"
"__func__.23","0x3c10f008","19",".flash.rodata","esp-idf/freertos/libfreertos.a(tasks.c.obj)"
"__func__.24","0x3c10f01c","19",".flash.rodata","esp-idf/freertos/libfreertos.a(tasks.c.obj)"
"__func__.27","0x3c10f030","22",".flash.rodata","esp-idf/freertos/libfreertos.a(tasks.c.obj)"
"__func__.29","0x3c10f048","14",".flash.rodata","esp-idf/freertos/libfreertos.a(tasks.c.obj)"
"__func__.30","0x3c10f058","15",".flash.rodata","esp-idf/freertos/libfreertos.a(tasks.c.obj)"
"__func__.31","0x3c10f068","20",".flash.rodata","esp-idf/freertos/libfreertos.a(tasks.c.obj)"
"__func__.35","0x3c10f07c","13",".flash.rodata","esp-idf/freertos/libfreertos.a(tasks.c.obj)"
"__func__.38","0x3c10f08c","11",".flash.rodata","esp-idf/freertos/libfreertos.a(tasks.c.obj)"
"__func__.40","0x3c10f098","13",".flash.rodata","esp-idf/freertos/libfreertos.a(tasks.c.obj)"
"__func__.41","0x3c10f0a8","12",".flash.rodata","esp-idf/freertos/libfreertos.a(tasks.c.obj)"
"uxTopUsedPriority","0x3c10f0b4","4",".flash.rodata","esp-idf/freertos/libfreertos.a(tasks.c.obj)"
"__func__.0","0x3c10f0b8","18",".flash.rodata","esp-idf/freertos/libfreertos.a(port.c.obj)"
"__func__.1","0x3c10f0cc","19",".flash.rodata","esp-idf/freertos/libfreertos.a(port.c.obj)"
"__func__.2","0x3c10f0e0","22",".flash.rodata","esp-idf/freertos/libfreertos.a(port.c.obj)"
"__func__.1","0x3c10f0f8","25",".flash.rodata","esp-idf/freertos/libfreertos.a(idf_additions.c.obj)"
"__func__.2","0x3c10f114","21",".flash.rodata","esp-idf/freertos/libfreertos.a(idf_additions.c.obj)"
"__func__.3","0x3c10f12c","22",".flash.rodata","esp-idf/freertos/libfreertos.a(idf_additions.c.obj)"
"__func__.4","0x3c10f144","20",".flash.rodata","esp-idf/freertos/libfreertos.a(idf_additions.c.obj)"
"__func__.1","0x3c10f158","30",".flash.rodata","esp-idf/freertos/libfreertos.a(port_common.c.obj)"
"__func__.0","0x3c10f178","15",".flash.rodata","esp-idf/freertos/libfreertos.a(port_systick.c.obj)"
"__func__.4","0x3c10f188","20",".flash.rodata","esp-idf/esp_libc/libesp_libc.a(locks.c.obj)"
"__func__.3","0x3c10f19c","19",".flash.rodata","esp-idf/esp_libc/libesp_libc.a(locks.c.obj)"
"__func__.2","0x3c10f1b0","21",".flash.rodata","esp-idf/esp_libc/libesp_libc.a(locks.c.obj)"
"__func__.1","0x3c10f1c8","21",".flash.rodata","esp-idf/esp_libc/libesp_libc.a(locks.c.obj)"
"__func__.0","0x3c10f1e0","12",".flash.rodata","esp-idf/esp_libc/libesp_libc.a(locks.c.obj)"
"__func__.0","0x3c10f1ec","27",".flash.rodata","esp-idf/esp_libc/libesp_libc.a(picolibc_init.c.obj)"
"__func__.0","0x3c10f208","21",".flash.rodata","esp-idf/pthread/libpthread.a(pthread.c.obj)"
"__func__.1","0x3c10f220","22",".flash.rodata","esp-idf/pthread/libpthread.a(pthread.c.obj)"
"__func__.0","0x3c10f238","46",".flash.rodata","esp-idf/pthread/libpthread.a(pthread_local_storage.c.obj)"
"__func__.0","0x3c10f268","28",".flash.rodata","esp-idf/esp_timer/libesp_timer.a(esp_timer_impl_systimer.c.obj)"
"_ZTVN3nvs15NVSHandleSimpleE","0x3c10f284","68",".flash.rodata","esp-idf/nvs_flash/libnvs_flash.a(nvs_handle_simple.cpp.obj)"
"_ZTVN3nvs12NVSPartitionE","0x3c10f2c8","52",".flash.rodata","esp-idf/nvs_flash/libnvs_flash.a(nvs_partition.cpp.obj)"
"_ZTVN3nvs19NVSPartitionManagerE","0x3c10f2fc","16",".flash.rodata","esp-idf/nvs_flash/libnvs_flash.a(nvs_partition_manager.cpp.obj)"
"__func__.1","0x3c10f30c","15",".flash.rodata","esp-idf/vfs/libvfs.a(vfs.c.obj)"
"s_vfs_null","0x3c10f31c","48",".flash.rodata","esp-idf/vfs/libvfs.a(nullfs.c.obj)"
"s_vfs_null_dir","0x3c10f34c","64",".flash.rodata","esp-idf/vfs/libvfs.a(nullfs.c.obj)"
"__func__.0","0x3c10f38c","12",".flash.rodata","esp-idf/main/libmain.a(app_main.c.obj)"
"__func__.1","0x3c10f398","23",".flash.rodata","esp-idf/main/libmain.a(app_main.c.obj)"
"__func__.2","0x3c10f3b0","13",".flash.rodata","esp-idf/main/libmain.a(app_main.c.obj)"
"__func__.3","0x3c10f3c0","12",".flash.rodata","esp-idf/main/libmain.a(app_main.c.obj)"
"__func__.4","0x3c10f3cc","9",".flash.rodata","esp-idf/main/libmain.a(app_main.c.obj)"
"rates.0","0x3c10f3f0","52",".flash.rodata","esp-idf/main/libmain.a(native_aac_decoder.c.obj)"
"segments.0","0x3c10f424","10",".flash.rodata","esp-idf/main/libmain.a(oled_display.c.obj)"
"font8x15_unicode_80_bf","0x3c10f430","256",".flash.rodata","esp-idf/main/libmain.a(oled_display.c.obj)"
"font8x15","0x3c10f530","3840",".flash.rodata","esp-idf/main/libmain.a(oled_display.c.obj)"
"font","0x3c110430","1280",".flash.rodata","esp-idf/main/libmain.a(oled_display.c.obj)"
"boot_logo_72x40","0x3c110930","360",".flash.rodata","esp-idf/main/libmain.a(oled_display.c.obj)"
"required.0","0x3c110ab4","28",".flash.rodata","esp-idf/main/libmain.a(web_service.c.obj)"
"names.1","0x3c110ad0","44",".flash.rodata","esp-idf/main/libmain.a(web_service.c.obj)"
"_ZL14emergency_form","0x3c113688","299",".flash.rodata","esp-idf/main/libmain.a(web_pages_bridge.cpp.obj)"
"_ZL10index_html","0x3c1137b4","2344",".flash.rodata","esp-idf/main/libmain.a(web_pages_bridge.cpp.obj)"
"_ZL12emptyfs_html","0x3c1140dc","4496",".flash.rodata","esp-idf/main/libmain.a(web_pages_bridge.cpp.obj)"
"_ZN23audio_normalizer_detail13kSoftLimitLutE","0x3c11526c","1170",".flash.rodata","esp-idf/main/libmain.a(AudioNormalizer.cpp.obj)"
"_ZN12_GLOBAL__N_1L20kPeakByAttenuationDbE","0x3c115700","42",".flash.rodata","esp-idf/main/libmain.a(AudioNormalizer.cpp.obj)"
"_ZN12_GLOBAL__N_1L12kGainQ12ByDbE","0x3c11572c","42",".flash.rodata","esp-idf/main/libmain.a(AudioNormalizer.cpp.obj)"
"__func__.0","0x3c115758","19",".flash.rodata","esp-idf/esp_driver_i2c/libesp_driver_i2c.a(i2c_master.c.obj)"
"__func__.0","0x3c11576c","16",".flash.rodata","esp-idf/spiffs/libspiffs.a(esp_spiffs.c.obj)"
"__func__.1","0x3c11577c","17",".flash.rodata","esp-idf/spiffs/libspiffs.a(esp_spiffs.c.obj)"
"__func__.2","0x3c115790","16",".flash.rodata","esp-idf/spiffs/libspiffs.a(esp_spiffs.c.obj)"
"__func__.3","0x3c1157a0","18",".flash.rodata","esp-idf/spiffs/libspiffs.a(esp_spiffs.c.obj)"
"__func__.4","0x3c1157b4","18",".flash.rodata","esp-idf/spiffs/libspiffs.a(esp_spiffs.c.obj)"
"__func__.5","0x3c1157c8","19",".flash.rodata","esp-idf/spiffs/libspiffs.a(esp_spiffs.c.obj)"
"__func__.6","0x3c1157dc","19",".flash.rodata","esp-idf/spiffs/libspiffs.a(esp_spiffs.c.obj)"
"__func__.7","0x3c1157f0","21",".flash.rodata","esp-idf/spiffs/libspiffs.a(esp_spiffs.c.obj)"
"__func__.8","0x3c115808","19",".flash.rodata","esp-idf/spiffs/libspiffs.a(esp_spiffs.c.obj)"
"__func__.9","0x3c11581c","19",".flash.rodata","esp-idf/spiffs/libspiffs.a(esp_spiffs.c.obj)"
"__func__.10","0x3c115830","20",".flash.rodata","esp-idf/spiffs/libspiffs.a(esp_spiffs.c.obj)"
"__func__.11","0x3c115844","20",".flash.rodata","esp-idf/spiffs/libspiffs.a(esp_spiffs.c.obj)"
"__func__.12","0x3c115858","24",".flash.rodata","esp-idf/spiffs/libspiffs.a(esp_spiffs.c.obj)"
"s_vfs_spiffs","0x3c115870","48",".flash.rodata","esp-idf/spiffs/libspiffs.a(esp_spiffs.c.obj)"
"s_vfs_spiffs_dir","0x3c1158a0","64",".flash.rodata","esp-idf/spiffs/libspiffs.a(esp_spiffs.c.obj)"
"__func__.5","0x3c1158e0","19",".flash.rodata","esp-idf/esp_driver_ledc/libesp_driver_ledc.a(ledc.c.obj)"
"s_glb_clks","0x3c1158f4","12",".flash.rodata","esp-idf/esp_driver_ledc/libesp_driver_ledc.a(ledc.c.obj)"
"ledc_periph_signal","0x3c115900","4",".flash.rodata","esp-idf/esp_hal_ledc/libesp_hal_ledc.a(ledc_periph.c.obj)"
"samp_rate_info.0","0x3c11591c","48",".flash.rodata","<DEPENDENCIES>/esp-adf-libs/esp_audio_codec/lib/esp32c3/libesp_audio_simple_dec.a(es_parse_default.c.obj)"
"sizes_wb.1","0x3c11594c","16",".flash.rodata","<DEPENDENCIES>/esp-adf-libs/esp_audio_codec/lib/esp32c3/libesp_audio_simple_dec.a(es_parse_default.c.obj)"
"amrwb.2","0x3c11595c","32",".flash.rodata","<DEPENDENCIES>/esp-adf-libs/esp_audio_codec/lib/esp32c3/libesp_audio_simple_dec.a(es_parse_default.c.obj)"
"sizes_nb.3","0x3c11597c","16",".flash.rodata","<DEPENDENCIES>/esp-adf-libs/esp_audio_codec/lib/esp32c3/libesp_audio_simple_dec.a(es_parse_default.c.obj)"
"amrnb.4","0x3c11598c","32",".flash.rodata","<DEPENDENCIES>/esp-adf-libs/esp_audio_codec/lib/esp32c3/libesp_audio_simple_dec.a(es_parse_default.c.obj)"
"sample_number_table.5","0x3c1159ac","18",".flash.rodata","<DEPENDENCIES>/esp-adf-libs/esp_audio_codec/lib/esp32c3/libesp_audio_simple_dec.a(es_parse_default.c.obj)"
"sideinfosize_table.6","0x3c1159c0","8",".flash.rodata","<DEPENDENCIES>/esp-adf-libs/esp_audio_codec/lib/esp32c3/libesp_audio_simple_dec.a(es_parse_default.c.obj)"
"mp3_s_freq.7","0x3c1159c8","24",".flash.rodata","<DEPENDENCIES>/esp-adf-libs/esp_audio_codec/lib/esp32c3/libesp_audio_simple_dec.a(es_parse_default.c.obj)"
"mp3_bitrate.8","0x3c1159e0","150",".flash.rodata","<DEPENDENCIES>/esp-adf-libs/esp_audio_codec/lib/esp32c3/libesp_audio_simple_dec.a(es_parse_default.c.obj)"
"crc8_table","0x3c115a78","256",".flash.rodata","<DEPENDENCIES>/esp-adf-libs/esp_audio_codec/lib/esp32c3/libesp_audio_simple_dec.a(es_parse_default.c.obj)"
"crc16_table","0x3c115b78","512",".flash.rodata","<DEPENDENCIES>/esp-adf-libs/esp_audio_codec/lib/esp32c3/libesp_audio_simple_dec.a(es_parse_default.c.obj)"
"__FUNCTION__.0","0x3c115e18","22",".flash.rodata","<DEPENDENCIES>/esp-adf-libs/esp_audio_codec/lib/esp32c3/libesp_audio_codec.a(esp_audio_dec.c.obj)"
"dec_lib.0","0x3c115e30","16",".flash.rodata","<DEPENDENCIES>/esp-adf-libs/esp_audio_codec/lib/esp32c3/libesp_audio_codec.a(esp_aac_dec.c.obj)"
"__FUNCTION__.1","0x3c115e40","19",".flash.rodata","<DEPENDENCIES>/esp-adf-libs/esp_audio_codec/lib/esp32c3/libesp_audio_codec.a(esp_aac_dec.c.obj)"
"sample_rates.2","0x3c115e54","48",".flash.rodata","<DEPENDENCIES>/esp-adf-libs/esp_audio_codec/lib/esp32c3/libesp_audio_codec.a(esp_aac_dec.c.obj)"
"one_over_one_plus_sq_2_by_two_to_n","0x3c115e84","48",".flash.rodata","<DEPENDENCIES>/esp-adf-libs/esp_audio_codec/lib/esp32c3/libesp_audio_codec.a(sbr_envelope_unmapping.c.obj)"
"one_over_one_plus_two_to_n","0x3c115eb4","44",".flash.rodata","<DEPENDENCIES>/esp-adf-libs/esp_audio_codec/lib/esp32c3/libesp_audio_codec.a(sbr_envelope_unmapping.c.obj)"
"InvFiltFactors","0x3c115ee0","20",".flash.rodata","<DEPENDENCIES>/esp-adf-libs/esp_audio_codec/lib/esp32c3/libesp_audio_codec.a(sbr_inv_filt_levelemphasis.c.obj)"
"defaultHeader","0x3c115ef4","64",".flash.rodata","<DEPENDENCIES>/esp-adf-libs/esp_audio_codec/lib/esp32c3/libesp_audio_codec.a(sbr_open.c.obj)"
"samp_rate_info","0x3c115f34","144",".flash.rodata","<DEPENDENCIES>/esp-adf-libs/esp_audio_codec/lib/esp32c3/libesp_audio_codec.a(sfb.c.obj)"
"sfb_8_128","0x3c115fc4","30",".flash.rodata","<DEPENDENCIES>/esp-adf-libs/esp_audio_codec/lib/esp32c3/libesp_audio_codec.a(sfb.c.obj)"
"sfb_8_1024","0x3c115fe4","80",".flash.rodata","<DEPENDENCIES>/esp-adf-libs/esp_audio_codec/lib/esp32c3/libesp_audio_codec.a(sfb.c.obj)"
"sfb_16_128","0x3c116034","30",".flash.rodata","<DEPENDENCIES>/esp-adf-libs/esp_audio_codec/lib/esp32c3/libesp_audio_codec.a(sfb.c.obj)"
"sfb_16_1024","0x3c116054","86",".flash.rodata","<DEPENDENCIES>/esp-adf-libs/esp_audio_codec/lib/esp32c3/libesp_audio_codec.a(sfb.c.obj)"
"sfb_24_128","0x3c1160ac","30",".flash.rodata","<DEPENDENCIES>/esp-adf-libs/esp_audio_codec/lib/esp32c3/libesp_audio_codec.a(sfb.c.obj)"
"sfb_24_1024","0x3c1160cc","94",".flash.rodata","<DEPENDENCIES>/esp-adf-libs/esp_audio_codec/lib/esp32c3/libesp_audio_codec.a(sfb.c.obj)"
"sfb_32_1024","0x3c11612c","102",".flash.rodata","<DEPENDENCIES>/esp-adf-libs/esp_audio_codec/lib/esp32c3/libesp_audio_codec.a(sfb.c.obj)"
"sfb_48_128","0x3c116194","28",".flash.rodata","<DEPENDENCIES>/esp-adf-libs/esp_audio_codec/lib/esp32c3/libesp_audio_codec.a(sfb.c.obj)"
"sfb_48_1024","0x3c1161b0","98",".flash.rodata","<DEPENDENCIES>/esp-adf-libs/esp_audio_codec/lib/esp32c3/libesp_audio_codec.a(sfb.c.obj)"
"sfb_64_128","0x3c116214","24",".flash.rodata","<DEPENDENCIES>/esp-adf-libs/esp_audio_codec/lib/esp32c3/libesp_audio_codec.a(sfb.c.obj)"
"sfb_64_1024","0x3c11622c","94",".flash.rodata","<DEPENDENCIES>/esp-adf-libs/esp_audio_codec/lib/esp32c3/libesp_audio_codec.a(sfb.c.obj)"
"sfb_96_1024","0x3c11628c","82",".flash.rodata","<DEPENDENCIES>/esp-adf-libs/esp_audio_codec/lib/esp32c3/libesp_audio_codec.a(sfb.c.obj)"
"Short_Window_KBD_fxp","0x3c1162e0","256",".flash.rodata","<DEPENDENCIES>/esp-adf-libs/esp_audio_codec/lib/esp32c3/libesp_audio_codec.a(window_tables_fxp.c.obj)"
"Long_Window_KBD_fxp","0x3c1163e0","2048",".flash.rodata","<DEPENDENCIES>/esp-adf-libs/esp_audio_codec/lib/esp32c3/libesp_audio_codec.a(window_tables_fxp.c.obj)"
"Short_Window_sine_fxp","0x3c116be0","256",".flash.rodata","<DEPENDENCIES>/esp-adf-libs/esp_audio_codec/lib/esp32c3/libesp_audio_codec.a(window_tables_fxp.c.obj)"
"Long_Window_sine_fxp","0x3c116ce0","2048",".flash.rodata","<DEPENDENCIES>/esp-adf-libs/esp_audio_codec/lib/esp32c3/libesp_audio_codec.a(window_tables_fxp.c.obj)"
"dec_lib.0","0x3c1174e0","16",".flash.rodata","<DEPENDENCIES>/esp-adf-libs/esp_audio_codec/lib/esp32c3/libesp_audio_codec.a(esp_opus_dec.c.obj)"
"__FUNCTION__.1","0x3c1174f0","20",".flash.rodata","<DEPENDENCIES>/esp-adf-libs/esp_audio_codec/lib/esp32c3/libesp_audio_codec.a(esp_opus_dec.c.obj)"
"dec_lib.0","0x3c117504","16",".flash.rodata","<DEPENDENCIES>/esp-adf-libs/esp_audio_codec/lib/esp32c3/libesp_audio_codec.a(esp_vorbis_dec.c.obj)"
"__FUNCTION__.1","0x3c117514","22",".flash.rodata","<DEPENDENCIES>/esp-adf-libs/esp_audio_codec/lib/esp32c3/libesp_audio_codec.a(esp_vorbis_dec.c.obj)"
"vwin8192","0x3c11752c","16384",".flash.rodata","<DEPENDENCIES>/esp-adf-libs/esp_audio_codec/lib/esp32c3/libesp_audio_codec.a(dsp.c.obj)"
"vwin4096","0x3c11b52c","8192",".flash.rodata","<DEPENDENCIES>/esp-adf-libs/esp_audio_codec/lib/esp32c3/libesp_audio_codec.a(dsp.c.obj)"
"vwin2048","0x3c11d52c","4096",".flash.rodata","<DEPENDENCIES>/esp-adf-libs/esp_audio_codec/lib/esp32c3/libesp_audio_codec.a(dsp.c.obj)"
"vwin1024","0x3c11e52c","2048",".flash.rodata","<DEPENDENCIES>/esp-adf-libs/esp_audio_codec/lib/esp32c3/libesp_audio_codec.a(dsp.c.obj)"
"vwin512","0x3c11ed2c","1024",".flash.rodata","<DEPENDENCIES>/esp-adf-libs/esp_audio_codec/lib/esp32c3/libesp_audio_codec.a(dsp.c.obj)"
"vwin256","0x3c11f12c","512",".flash.rodata","<DEPENDENCIES>/esp-adf-libs/esp_audio_codec/lib/esp32c3/libesp_audio_codec.a(dsp.c.obj)"
"vwin128","0x3c11f32c","256",".flash.rodata","<DEPENDENCIES>/esp-adf-libs/esp_audio_codec/lib/esp32c3/libesp_audio_codec.a(dsp.c.obj)"
"vwin64","0x3c11f42c","128",".flash.rodata","<DEPENDENCIES>/esp-adf-libs/esp_audio_codec/lib/esp32c3/libesp_audio_codec.a(dsp.c.obj)"
"bitrev","0x3c11f4ac","16",".flash.rodata","<DEPENDENCIES>/esp-adf-libs/esp_audio_codec/lib/esp32c3/libesp_audio_codec.a(mdct.c.obj)"
"sincos_lookup1","0x3c11f4bc","4096",".flash.rodata","<DEPENDENCIES>/esp-adf-libs/esp_audio_codec/lib/esp32c3/libesp_audio_codec.a(mdct.c.obj)"
"sincos_lookup0","0x3c1204bc","4104",".flash.rodata","<DEPENDENCIES>/esp-adf-libs/esp_audio_codec/lib/esp32c3/libesp_audio_codec.a(mdct.c.obj)"
"dec_lib.0","0x3c1214c4","16",".flash.rodata","<DEPENDENCIES>/esp-adf-libs/esp_audio_codec/lib/esp32c3/libesp_audio_codec.a(esp_mp3_dec.c.obj)"
"__FUNCTION__.1","0x3c1214d4","19",".flash.rodata","<DEPENDENCIES>/esp-adf-libs/esp_audio_codec/lib/esp32c3/libesp_audio_codec.a(esp_mp3_dec.c.obj)"
"g_win.2","0x3c1214e8","960",".flash.rodata","<DEPENDENCIES>/esp-adf-libs/esp_audio_codec/lib/esp32c3/libesp_audio_codec.a(esp_mp3_dec.c.obj)"
"g_sec.3","0x3c1218a8","96",".flash.rodata","<DEPENDENCIES>/esp-adf-libs/esp_audio_codec/lib/esp32c3/libesp_audio_codec.a(esp_mp3_dec.c.obj)"
"g_deq_L12.4","0x3c121908","216",".flash.rodata","<DEPENDENCIES>/esp-adf-libs/esp_audio_codec/lib/esp32c3/libesp_audio_codec.a(esp_mp3_dec.c.obj)"
"g_alloc_L2M1_lowrate.5","0x3c1219e0","6",".flash.rodata","<DEPENDENCIES>/esp-adf-libs/esp_audio_codec/lib/esp32c3/libesp_audio_codec.a(esp_mp3_dec.c.obj)"
"g_alloc_L2M1.6","0x3c1219e8","12",".flash.rodata","<DEPENDENCIES>/esp-adf-libs/esp_audio_codec/lib/esp32c3/libesp_audio_codec.a(esp_mp3_dec.c.obj)"
"g_alloc_L2M2.7","0x3c1219f4","9",".flash.rodata","<DEPENDENCIES>/esp-adf-libs/esp_audio_codec/lib/esp32c3/libesp_audio_codec.a(esp_mp3_dec.c.obj)"
"g_alloc_L1.8","0x3c121a00","3",".flash.rodata","<DEPENDENCIES>/esp-adf-libs/esp_audio_codec/lib/esp32c3/libesp_audio_codec.a(esp_mp3_dec.c.obj)"
"g_bitalloc_code_tab.9","0x3c121a04","92",".flash.rodata","<DEPENDENCIES>/esp-adf-libs/esp_audio_codec/lib/esp32c3/libesp_audio_codec.a(esp_mp3_dec.c.obj)"
"g_twid9.10","0x3c121a60","72",".flash.rodata","<DEPENDENCIES>/esp-adf-libs/esp_audio_codec/lib/esp32c3/libesp_audio_codec.a(esp_mp3_dec.c.obj)"
"g_twid3.11","0x3c121aa8","24",".flash.rodata","<DEPENDENCIES>/esp-adf-libs/esp_audio_codec/lib/esp32c3/libesp_audio_codec.a(esp_mp3_dec.c.obj)"
"g_mdct_window.12","0x3c121ac0","144",".flash.rodata","<DEPENDENCIES>/esp-adf-libs/esp_audio_codec/lib/esp32c3/libesp_audio_codec.a(esp_mp3_dec.c.obj)"
"g_aa.13","0x3c121b50","64",".flash.rodata","<DEPENDENCIES>/esp-adf-libs/esp_audio_codec/lib/esp32c3/libesp_audio_codec.a(esp_mp3_dec.c.obj)"
"g_pan.14","0x3c121b90","56",".flash.rodata","<DEPENDENCIES>/esp-adf-libs/esp_audio_codec/lib/esp32c3/libesp_audio_codec.a(esp_mp3_dec.c.obj)"
"tab32.15","0x3c121bc8","28",".flash.rodata","<DEPENDENCIES>/esp-adf-libs/esp_audio_codec/lib/esp32c3/libesp_audio_codec.a(esp_mp3_dec.c.obj)"
"tab33.16","0x3c121be4","16",".flash.rodata","<DEPENDENCIES>/esp-adf-libs/esp_audio_codec/lib/esp32c3/libesp_audio_codec.a(esp_mp3_dec.c.obj)"
"g_linbits.17","0x3c121bf4","32",".flash.rodata","<DEPENDENCIES>/esp-adf-libs/esp_audio_codec/lib/esp32c3/libesp_audio_codec.a(esp_mp3_dec.c.obj)"
"tabs.18","0x3c121c14","4328",".flash.rodata","<DEPENDENCIES>/esp-adf-libs/esp_audio_codec/lib/esp32c3/libesp_audio_codec.a(esp_mp3_dec.c.obj)"
"tabindex.19","0x3c122cfc","64",".flash.rodata","<DEPENDENCIES>/esp-adf-libs/esp_audio_codec/lib/esp32c3/libesp_audio_codec.a(esp_mp3_dec.c.obj)"
"g_expfrac.20","0x3c122d3c","16",".flash.rodata","<DEPENDENCIES>/esp-adf-libs/esp_audio_codec/lib/esp32c3/libesp_audio_codec.a(esp_mp3_dec.c.obj)"
"g_preamp.21","0x3c122d4c","10",".flash.rodata","<DEPENDENCIES>/esp-adf-libs/esp_audio_codec/lib/esp32c3/libesp_audio_codec.a(esp_mp3_dec.c.obj)"
"g_mod.22","0x3c122d58","24",".flash.rodata","<DEPENDENCIES>/esp-adf-libs/esp_audio_codec/lib/esp32c3/libesp_audio_codec.a(esp_mp3_dec.c.obj)"
"g_scfc_decode.23","0x3c122d70","16",".flash.rodata","<DEPENDENCIES>/esp-adf-libs/esp_audio_codec/lib/esp32c3/libesp_audio_codec.a(esp_mp3_dec.c.obj)"
"g_scf_partitions.24","0x3c122d80","84",".flash.rodata","<DEPENDENCIES>/esp-adf-libs/esp_audio_codec/lib/esp32c3/libesp_audio_codec.a(esp_mp3_dec.c.obj)"
"g_scf_mixed.25","0x3c122dd4","320",".flash.rodata","<DEPENDENCIES>/esp-adf-libs/esp_audio_codec/lib/esp32c3/libesp_audio_codec.a(esp_mp3_dec.c.obj)"
"g_scf_short.26","0x3c122f14","320",".flash.rodata","<DEPENDENCIES>/esp-adf-libs/esp_audio_codec/lib/esp32c3/libesp_audio_codec.a(esp_mp3_dec.c.obj)"
"g_scf_long.27","0x3c123054","184",".flash.rodata","<DEPENDENCIES>/esp-adf-libs/esp_audio_codec/lib/esp32c3/libesp_audio_codec.a(esp_mp3_dec.c.obj)"
"halfrate.28","0x3c12310c","90",".flash.rodata","<DEPENDENCIES>/esp-adf-libs/esp_audio_codec/lib/esp32c3/libesp_audio_codec.a(esp_mp3_dec.c.obj)"
"g_hz.29","0x3c123168","12",".flash.rodata","<DEPENDENCIES>/esp-adf-libs/esp_audio_codec/lib/esp32c3/libesp_audio_codec.a(esp_mp3_dec.c.obj)"
"g_pow43","0x3c123174","580",".flash.rodata","<DEPENDENCIES>/esp-adf-libs/esp_audio_codec/lib/esp32c3/libesp_audio_codec.a(esp_mp3_dec.c.obj)"
"_ZL13long_sfbtable","0x3c1233b8","16",".flash.rodata","<DEPENDENCIES>/esp-adf-libs/esp_audio_codec/lib/esp32c3/libesp_audio_codec.a(pvmp3_get_scale_factors.cpp.obj)"
"_ZL8sfbtable","0x3c1233c8","32",".flash.rodata","<DEPENDENCIES>/esp-adf-libs/esp_audio_codec/lib/esp32c3/libesp_audio_codec.a(pvmp3_get_scale_factors.cpp.obj)"
"_ZL4slen","0x3c1233e8","128",".flash.rodata","<DEPENDENCIES>/esp-adf-libs/esp_audio_codec/lib/esp32c3/libesp_audio_codec.a(pvmp3_get_scale_factors.cpp.obj)"
"_ZL9short_win","0x3c123468","48",".flash.rodata","<DEPENDENCIES>/esp-adf-libs/esp_audio_codec/lib/esp32c3/libesp_audio_codec.a(pvmp3_imdct_synth.cpp.obj)"
"_ZL8stop_win","0x3c123498","144",".flash.rodata","<DEPENDENCIES>/esp-adf-libs/esp_audio_codec/lib/esp32c3/libesp_audio_codec.a(pvmp3_imdct_synth.cpp.obj)"
"_ZL9start_win","0x3c123528","144",".flash.rodata","<DEPENDENCIES>/esp-adf-libs/esp_audio_codec/lib/esp32c3/libesp_audio_codec.a(pvmp3_imdct_synth.cpp.obj)"
"_ZL10normal_win","0x3c1235b8","144",".flash.rodata","<DEPENDENCIES>/esp-adf-libs/esp_audio_codec/lib/esp32c3/libesp_audio_codec.a(pvmp3_imdct_synth.cpp.obj)"
"_ZL21cosTerms_1_ov_cos_phi","0x3c123648","72",".flash.rodata","<DEPENDENCIES>/esp-adf-libs/esp_audio_codec/lib/esp32c3/libesp_audio_codec.a(pvmp3_mdct_18.cpp.obj)"
"_ZL14cosTerms_dct18","0x3c123690","36",".flash.rodata","<DEPENDENCIES>/esp-adf-libs/esp_audio_codec/lib/esp32c3/libesp_audio_codec.a(pvmp3_mdct_18.cpp.obj)"
"_ZL24cosTerms_1_ov_cos_phi_N6","0x3c1236b4","24",".flash.rodata","<DEPENDENCIES>/esp-adf-libs/esp_audio_codec/lib/esp32c3/libesp_audio_codec.a(pvmp3_mdct_6.cpp.obj)"
"_ZL26is_pos_pow_eitgh_root_of_2","0x3c1236cc","32",".flash.rodata","<DEPENDENCIES>/esp-adf-libs/esp_audio_codec/lib/esp32c3/libesp_audio_codec.a(pvmp3_mpeg2_stereo_proc.cpp.obj)"
"_ZL15is_ratio_factor","0x3c1236ec","32",".flash.rodata","<DEPENDENCIES>/esp-adf-libs/esp_audio_codec/lib/esp32c3/libesp_audio_codec.a(pvmp3_stereo_proc.cpp.obj)"
"power_one_third","0x3c12370c","2052",".flash.rodata","<DEPENDENCIES>/esp-adf-libs/esp_audio_codec/lib/esp32c3/libesp_audio_codec.a(pvmp3_tables.cpp.obj)"
"huffTable_32","0x3c123f10","66",".flash.rodata","<DEPENDENCIES>/esp-adf-libs/esp_audio_codec/lib/esp32c3/libesp_audio_codec.a(pvmp3_tables.cpp.obj)"
"huffTable_24","0x3c123f54","956",".flash.rodata","<DEPENDENCIES>/esp-adf-libs/esp_audio_codec/lib/esp32c3/libesp_audio_codec.a(pvmp3_tables.cpp.obj)"
"huffTable_16","0x3c124310","930",".flash.rodata","<DEPENDENCIES>/esp-adf-libs/esp_audio_codec/lib/esp32c3/libesp_audio_codec.a(pvmp3_tables.cpp.obj)"
"huffTable_15","0x3c1246b4","842",".flash.rodata","<DEPENDENCIES>/esp-adf-libs/esp_audio_codec/lib/esp32c3/libesp_audio_codec.a(pvmp3_tables.cpp.obj)"
"huffTable_13","0x3c124a00","982",".flash.rodata","<DEPENDENCIES>/esp-adf-libs/esp_audio_codec/lib/esp32c3/libesp_audio_codec.a(pvmp3_tables.cpp.obj)"
"huffTable_12","0x3c124dd8","268",".flash.rodata","<DEPENDENCIES>/esp-adf-libs/esp_audio_codec/lib/esp32c3/libesp_audio_codec.a(pvmp3_tables.cpp.obj)"
"huffTable_11","0x3c124ee4","232",".flash.rodata","<DEPENDENCIES>/esp-adf-libs/esp_audio_codec/lib/esp32c3/libesp_audio_codec.a(pvmp3_tables.cpp.obj)"
"huffTable_10","0x3c124fcc","192",".flash.rodata","<DEPENDENCIES>/esp-adf-libs/esp_audio_codec/lib/esp32c3/libesp_audio_codec.a(pvmp3_tables.cpp.obj)"
"huffTable_9","0x3c12508c","106",".flash.rodata","<DEPENDENCIES>/esp-adf-libs/esp_audio_codec/lib/esp32c3/libesp_audio_codec.a(pvmp3_tables.cpp.obj)"
"huffTable_8","0x3c1250f8","132",".flash.rodata","<DEPENDENCIES>/esp-adf-libs/esp_audio_codec/lib/esp32c3/libesp_audio_codec.a(pvmp3_tables.cpp.obj)"
"huffTable_7","0x3c12517c","146",".flash.rodata","<DEPENDENCIES>/esp-adf-libs/esp_audio_codec/lib/esp32c3/libesp_audio_codec.a(pvmp3_tables.cpp.obj)"
"huffTable_6","0x3c125210","52",".flash.rodata","<DEPENDENCIES>/esp-adf-libs/esp_audio_codec/lib/esp32c3/libesp_audio_codec.a(pvmp3_tables.cpp.obj)"
"huffTable_5","0x3c125244","50",".flash.rodata","<DEPENDENCIES>/esp-adf-libs/esp_audio_codec/lib/esp32c3/libesp_audio_codec.a(pvmp3_tables.cpp.obj)"
"huffTable_3","0x3c125278","30",".flash.rodata","<DEPENDENCIES>/esp-adf-libs/esp_audio_codec/lib/esp32c3/libesp_audio_codec.a(pvmp3_tables.cpp.obj)"
"huffTable_2","0x3c125298","30",".flash.rodata","<DEPENDENCIES>/esp-adf-libs/esp_audio_codec/lib/esp32c3/libesp_audio_codec.a(pvmp3_tables.cpp.obj)"
"huffTable_1","0x3c1252b8","16",".flash.rodata","<DEPENDENCIES>/esp-adf-libs/esp_audio_codec/lib/esp32c3/libesp_audio_codec.a(pvmp3_tables.cpp.obj)"
"pqmfSynthWin","0x3c1252c8","1056",".flash.rodata","<DEPENDENCIES>/esp-adf-libs/esp_audio_codec/lib/esp32c3/libesp_audio_codec.a(pvmp3_tables.cpp.obj)"
"mp3_shortwindBandWidths","0x3c1256e8","468",".flash.rodata","<DEPENDENCIES>/esp-adf-libs/esp_audio_codec/lib/esp32c3/libesp_audio_codec.a(pvmp3_tables.cpp.obj)"
"mp3_sfBandIndex","0x3c1258bc","666",".flash.rodata","<DEPENDENCIES>/esp-adf-libs/esp_audio_codec/lib/esp32c3/libesp_audio_codec.a(pvmp3_tables.cpp.obj)"
"mp3_bitrate","0x3c125b58","90",".flash.rodata","<DEPENDENCIES>/esp-adf-libs/esp_audio_codec/lib/esp32c3/libesp_audio_codec.a(pvmp3_tables.cpp.obj)"
"inv_sfreq","0x3c125bb4","16",".flash.rodata","<DEPENDENCIES>/esp-adf-libs/esp_audio_codec/lib/esp32c3/libesp_audio_codec.a(pvmp3_tables.cpp.obj)"
"mp3_s_freq","0x3c125bc4","64",".flash.rodata","<DEPENDENCIES>/esp-adf-libs/esp_audio_codec/lib/esp32c3/libesp_audio_codec.a(pvmp3_tables.cpp.obj)"
"_ZL14CosTable_dct32","0x3c125c04","64",".flash.rodata","<DEPENDENCIES>/esp-adf-libs/esp_audio_codec/lib/esp32c3/libesp_audio_codec.a(pvmp3_dct_16.cpp.obj)"
"tapset_icdf","0x3c125c44","3",".flash.rodata","<DEPENDENCIES>/esp-adf-libs/esp_audio_codec/lib/esp32c3/libesp_audio_codec.a(celt_decoder.c.obj)"
"spread_icdf","0x3c125c48","4",".flash.rodata","<DEPENDENCIES>/esp-adf-libs/esp_audio_codec/lib/esp32c3/libesp_audio_codec.a(celt_decoder.c.obj)"
"trim_icdf","0x3c125c4c","11",".flash.rodata","<DEPENDENCIES>/esp-adf-libs/esp_audio_codec/lib/esp32c3/libesp_audio_codec.a(celt_decoder.c.obj)"
"correction.0","0x3c125c58","32",".flash.rodata","<DEPENDENCIES>/esp-adf-libs/esp_audio_codec/lib/esp32c3/libesp_audio_codec.a(entcode.c.obj)"
"mode48000_960_120","0x3c125c78","100",".flash.rodata","<DEPENDENCIES>/esp-adf-libs/esp_audio_codec/lib/esp32c3/libesp_audio_codec.a(modes.c.obj)"
"mdct_twiddles960","0x3c125cdc","3600",".flash.rodata","<DEPENDENCIES>/esp-adf-libs/esp_audio_codec/lib/esp32c3/libesp_audio_codec.a(modes.c.obj)"
"fft_state48000_960_3","0x3c126aec","60",".flash.rodata","<DEPENDENCIES>/esp-adf-libs/esp_audio_codec/lib/esp32c3/libesp_audio_codec.a(modes.c.obj)"
"fft_state48000_960_2","0x3c126b28","60",".flash.rodata","<DEPENDENCIES>/esp-adf-libs/esp_audio_codec/lib/esp32c3/libesp_audio_codec.a(modes.c.obj)"
"fft_state48000_960_1","0x3c126b64","60",".flash.rodata","<DEPENDENCIES>/esp-adf-libs/esp_audio_codec/lib/esp32c3/libesp_audio_codec.a(modes.c.obj)"
"fft_state48000_960_0","0x3c126ba0","60",".flash.rodata","<DEPENDENCIES>/esp-adf-libs/esp_audio_codec/lib/esp32c3/libesp_audio_codec.a(modes.c.obj)"
"fft_bitrev60","0x3c126bdc","120",".flash.rodata","<DEPENDENCIES>/esp-adf-libs/esp_audio_codec/lib/esp32c3/libesp_audio_codec.a(modes.c.obj)"
"fft_bitrev120","0x3c126c54","240",".flash.rodata","<DEPENDENCIES>/esp-adf-libs/esp_audio_codec/lib/esp32c3/libesp_audio_codec.a(modes.c.obj)"
"fft_bitrev240","0x3c126d44","480",".flash.rodata","<DEPENDENCIES>/esp-adf-libs/esp_audio_codec/lib/esp32c3/libesp_audio_codec.a(modes.c.obj)"
"fft_bitrev480","0x3c126f24","960",".flash.rodata","<DEPENDENCIES>/esp-adf-libs/esp_audio_codec/lib/esp32c3/libesp_audio_codec.a(modes.c.obj)"
"fft_twiddles48000_960","0x3c1272e4","1920",".flash.rodata","<DEPENDENCIES>/esp-adf-libs/esp_audio_codec/lib/esp32c3/libesp_audio_codec.a(modes.c.obj)"
"cache_caps50","0x3c127a64","168",".flash.rodata","<DEPENDENCIES>/esp-adf-libs/esp_audio_codec/lib/esp32c3/libesp_audio_codec.a(modes.c.obj)"
"cache_bits50","0x3c127b0c","392",".flash.rodata","<DEPENDENCIES>/esp-adf-libs/esp_audio_codec/lib/esp32c3/libesp_audio_codec.a(modes.c.obj)"
"cache_index50","0x3c127c94","210",".flash.rodata","<DEPENDENCIES>/esp-adf-libs/esp_audio_codec/lib/esp32c3/libesp_audio_codec.a(modes.c.obj)"
"logN400","0x3c127d68","42",".flash.rodata","<DEPENDENCIES>/esp-adf-libs/esp_audio_codec/lib/esp32c3/libesp_audio_codec.a(modes.c.obj)"
"window120","0x3c127d94","240",".flash.rodata","<DEPENDENCIES>/esp-adf-libs/esp_audio_codec/lib/esp32c3/libesp_audio_codec.a(modes.c.obj)"
"band_allocation","0x3c127e84","231",".flash.rodata","<DEPENDENCIES>/esp-adf-libs/esp_audio_codec/lib/esp32c3/libesp_audio_codec.a(modes.c.obj)"
"eband5ms","0x3c127f6c","44",".flash.rodata","<DEPENDENCIES>/esp-adf-libs/esp_audio_codec/lib/esp32c3/libesp_audio_codec.a(modes.c.obj)"
"small_energy_icdf","0x3c127f98","3",".flash.rodata","<DEPENDENCIES>/esp-adf-libs/esp_audio_codec/lib/esp32c3/libesp_audio_codec.a(quant_bands.c.obj)"
"e_prob_model","0x3c127f9c","336",".flash.rodata","<DEPENDENCIES>/esp-adf-libs/esp_audio_codec/lib/esp32c3/libesp_audio_codec.a(quant_bands.c.obj)"
"beta_coef","0x3c1280ec","8",".flash.rodata","<DEPENDENCIES>/esp-adf-libs/esp_audio_codec/lib/esp32c3/libesp_audio_codec.a(quant_bands.c.obj)"
"pred_coef","0x3c1280f4","8",".flash.rodata","<DEPENDENCIES>/esp-adf-libs/esp_audio_codec/lib/esp32c3/libesp_audio_codec.a(quant_bands.c.obj)"
"eMeans","0x3c1280fc","25",".flash.rodata","<DEPENDENCIES>/esp-adf-libs/esp_audio_codec/lib/esp32c3/libesp_audio_codec.a(quant_bands.c.obj)"
"LOG2_FRAC_TABLE","0x3c128118","24",".flash.rodata","<DEPENDENCIES>/esp-adf-libs/esp_audio_codec/lib/esp32c3/libesp_audio_codec.a(rate.c.obj)"
"SPREAD_FACTOR.0","0x3c128130","12",".flash.rodata","<DEPENDENCIES>/esp-adf-libs/esp_audio_codec/lib/esp32c3/libesp_audio_codec.a(vq.c.obj)"
"silk_CB_lags_stage3","0x3c12813c","136",".flash.rodata","<DEPENDENCIES>/esp-adf-libs/esp_audio_codec/lib/esp32c3/libesp_audio_codec.a(pitch_est_tables.c.obj)"
"silk_CB_lags_stage2","0x3c1281c4","44",".flash.rodata","<DEPENDENCIES>/esp-adf-libs/esp_audio_codec/lib/esp32c3/libesp_audio_codec.a(pitch_est_tables.c.obj)"
"silk_CB_lags_stage3_10_ms","0x3c1281f0","24",".flash.rodata","<DEPENDENCIES>/esp-adf-libs/esp_audio_codec/lib/esp32c3/libesp_audio_codec.a(pitch_est_tables.c.obj)"
"silk_CB_lags_stage2_10_ms","0x3c128208","6",".flash.rodata","<DEPENDENCIES>/esp-adf-libs/esp_audio_codec/lib/esp32c3/libesp_audio_codec.a(pitch_est_tables.c.obj)"
"delay_matrix_dec","0x3c128210","15",".flash.rodata","<DEPENDENCIES>/esp-adf-libs/esp_audio_codec/lib/esp32c3/libesp_audio_codec.a(resampler.c.obj)"
"delay_matrix_enc","0x3c128220","15",".flash.rodata","<DEPENDENCIES>/esp-adf-libs/esp_audio_codec/lib/esp32c3/libesp_audio_codec.a(resampler.c.obj)"
"silk_resampler_frac_FIR_12","0x3c128230","96",".flash.rodata","<DEPENDENCIES>/esp-adf-libs/esp_audio_codec/lib/esp32c3/libesp_audio_codec.a(resampler_rom.c.obj)"
"silk_Resampler_1_6_COEFS","0x3c128290","40",".flash.rodata","<DEPENDENCIES>/esp-adf-libs/esp_audio_codec/lib/esp32c3/libesp_audio_codec.a(resampler_rom.c.obj)"
"silk_Resampler_1_4_COEFS","0x3c1282b8","40",".flash.rodata","<DEPENDENCIES>/esp-adf-libs/esp_audio_codec/lib/esp32c3/libesp_audio_codec.a(resampler_rom.c.obj)"
"silk_Resampler_1_3_COEFS","0x3c1282e0","40",".flash.rodata","<DEPENDENCIES>/esp-adf-libs/esp_audio_codec/lib/esp32c3/libesp_audio_codec.a(resampler_rom.c.obj)"
"silk_Resampler_1_2_COEFS","0x3c128308","28",".flash.rodata","<DEPENDENCIES>/esp-adf-libs/esp_audio_codec/lib/esp32c3/libesp_audio_codec.a(resampler_rom.c.obj)"
"silk_Resampler_2_3_COEFS","0x3c128324","40",".flash.rodata","<DEPENDENCIES>/esp-adf-libs/esp_audio_codec/lib/esp32c3/libesp_audio_codec.a(resampler_rom.c.obj)"
"silk_Resampler_3_4_COEFS","0x3c12834c","58",".flash.rodata","<DEPENDENCIES>/esp-adf-libs/esp_audio_codec/lib/esp32c3/libesp_audio_codec.a(resampler_rom.c.obj)"
"silk_LTP_vq_ptrs_Q7","0x3c128388","12",".flash.rodata","<DEPENDENCIES>/esp-adf-libs/esp_audio_codec/lib/esp32c3/libesp_audio_codec.a(tables_LTP.c.obj)"
"silk_LTP_gain_vq_2","0x3c128394","160",".flash.rodata","<DEPENDENCIES>/esp-adf-libs/esp_audio_codec/lib/esp32c3/libesp_audio_codec.a(tables_LTP.c.obj)"
"silk_LTP_gain_vq_1","0x3c128434","80",".flash.rodata","<DEPENDENCIES>/esp-adf-libs/esp_audio_codec/lib/esp32c3/libesp_audio_codec.a(tables_LTP.c.obj)"
"silk_LTP_gain_vq_0","0x3c128484","40",".flash.rodata","<DEPENDENCIES>/esp-adf-libs/esp_audio_codec/lib/esp32c3/libesp_audio_codec.a(tables_LTP.c.obj)"
"silk_LTP_gain_iCDF_ptrs","0x3c1284ac","12",".flash.rodata","<DEPENDENCIES>/esp-adf-libs/esp_audio_codec/lib/esp32c3/libesp_audio_codec.a(tables_LTP.c.obj)"
"silk_LTP_gain_iCDF_2","0x3c1284b8","32",".flash.rodata","<DEPENDENCIES>/esp-adf-libs/esp_audio_codec/lib/esp32c3/libesp_audio_codec.a(tables_LTP.c.obj)"
"silk_LTP_gain_iCDF_1","0x3c1284d8","16",".flash.rodata","<DEPENDENCIES>/esp-adf-libs/esp_audio_codec/lib/esp32c3/libesp_audio_codec.a(tables_LTP.c.obj)"
"silk_LTP_gain_iCDF_0","0x3c1284e8","8",".flash.rodata","<DEPENDENCIES>/esp-adf-libs/esp_audio_codec/lib/esp32c3/libesp_audio_codec.a(tables_LTP.c.obj)"
"silk_LTP_per_index_iCDF","0x3c1284f0","3",".flash.rodata","<DEPENDENCIES>/esp-adf-libs/esp_audio_codec/lib/esp32c3/libesp_audio_codec.a(tables_LTP.c.obj)"
"silk_NLSF_CB_NB_MB","0x3c1284f4","40",".flash.rodata","<DEPENDENCIES>/esp-adf-libs/esp_audio_codec/lib/esp32c3/libesp_audio_codec.a(tables_NLSF_CB_NB_MB.c.obj)"
"silk_NLSF_DELTA_MIN_NB_MB_Q15","0x3c12851c","22",".flash.rodata","<DEPENDENCIES>/esp-adf-libs/esp_audio_codec/lib/esp32c3/libesp_audio_codec.a(tables_NLSF_CB_NB_MB.c.obj)"
"silk_NLSF_PRED_NB_MB_Q8","0x3c128534","18",".flash.rodata","<DEPENDENCIES>/esp-adf-libs/esp_audio_codec/lib/esp32c3/libesp_audio_codec.a(tables_NLSF_CB_NB_MB.c.obj)"
"silk_NLSF_CB2_BITS_NB_MB_Q5","0x3c128548","72",".flash.rodata","<DEPENDENCIES>/esp-adf-libs/esp_audio_codec/lib/esp32c3/libesp_audio_codec.a(tables_NLSF_CB_NB_MB.c.obj)"
"silk_NLSF_CB2_iCDF_NB_MB","0x3c128590","72",".flash.rodata","<DEPENDENCIES>/esp-adf-libs/esp_audio_codec/lib/esp32c3/libesp_audio_codec.a(tables_NLSF_CB_NB_MB.c.obj)"
"silk_NLSF_CB2_SELECT_NB_MB","0x3c1285d8","160",".flash.rodata","<DEPENDENCIES>/esp-adf-libs/esp_audio_codec/lib/esp32c3/libesp_audio_codec.a(tables_NLSF_CB_NB_MB.c.obj)"
"silk_NLSF_CB1_iCDF_NB_MB","0x3c128678","64",".flash.rodata","<DEPENDENCIES>/esp-adf-libs/esp_audio_codec/lib/esp32c3/libesp_audio_codec.a(tables_NLSF_CB_NB_MB.c.obj)"
"silk_NLSF_CB1_Wght_Q9","0x3c1286b8","640",".flash.rodata","<DEPENDENCIES>/esp-adf-libs/esp_audio_codec/lib/esp32c3/libesp_audio_codec.a(tables_NLSF_CB_NB_MB.c.obj)"
"silk_NLSF_CB1_NB_MB_Q8","0x3c128938","320",".flash.rodata","<DEPENDENCIES>/esp-adf-libs/esp_audio_codec/lib/esp32c3/libesp_audio_codec.a(tables_NLSF_CB_NB_MB.c.obj)"
"silk_NLSF_CB_WB","0x3c128a78","40",".flash.rodata","<DEPENDENCIES>/esp-adf-libs/esp_audio_codec/lib/esp32c3/libesp_audio_codec.a(tables_NLSF_CB_WB.c.obj)"
"silk_NLSF_DELTA_MIN_WB_Q15","0x3c128aa0","34",".flash.rodata","<DEPENDENCIES>/esp-adf-libs/esp_audio_codec/lib/esp32c3/libesp_audio_codec.a(tables_NLSF_CB_WB.c.obj)"
"silk_NLSF_PRED_WB_Q8","0x3c128ac4","30",".flash.rodata","<DEPENDENCIES>/esp-adf-libs/esp_audio_codec/lib/esp32c3/libesp_audio_codec.a(tables_NLSF_CB_WB.c.obj)"
"silk_NLSF_CB2_BITS_WB_Q5","0x3c128ae4","72",".flash.rodata","<DEPENDENCIES>/esp-adf-libs/esp_audio_codec/lib/esp32c3/libesp_audio_codec.a(tables_NLSF_CB_WB.c.obj)"
"silk_NLSF_CB2_iCDF_WB","0x3c128b2c","72",".flash.rodata","<DEPENDENCIES>/esp-adf-libs/esp_audio_codec/lib/esp32c3/libesp_audio_codec.a(tables_NLSF_CB_WB.c.obj)"
"silk_NLSF_CB2_SELECT_WB","0x3c128b74","256",".flash.rodata","<DEPENDENCIES>/esp-adf-libs/esp_audio_codec/lib/esp32c3/libesp_audio_codec.a(tables_NLSF_CB_WB.c.obj)"
"silk_NLSF_CB1_iCDF_WB","0x3c128c74","64",".flash.rodata","<DEPENDENCIES>/esp-adf-libs/esp_audio_codec/lib/esp32c3/libesp_audio_codec.a(tables_NLSF_CB_WB.c.obj)"
"silk_NLSF_CB1_WB_Wght_Q9","0x3c128cb4","1024",".flash.rodata","<DEPENDENCIES>/esp-adf-libs/esp_audio_codec/lib/esp32c3/libesp_audio_codec.a(tables_NLSF_CB_WB.c.obj)"
"silk_NLSF_CB1_WB_Q8","0x3c1290b4","512",".flash.rodata","<DEPENDENCIES>/esp-adf-libs/esp_audio_codec/lib/esp32c3/libesp_audio_codec.a(tables_NLSF_CB_WB.c.obj)"
"silk_delta_gain_iCDF","0x3c1292b4","41",".flash.rodata","<DEPENDENCIES>/esp-adf-libs/esp_audio_codec/lib/esp32c3/libesp_audio_codec.a(tables_gain.c.obj)"
"silk_gain_iCDF","0x3c1292e0","24",".flash.rodata","<DEPENDENCIES>/esp-adf-libs/esp_audio_codec/lib/esp32c3/libesp_audio_codec.a(tables_gain.c.obj)"
"silk_NLSF_EXT_iCDF","0x3c1292f8","7",".flash.rodata","<DEPENDENCIES>/esp-adf-libs/esp_audio_codec/lib/esp32c3/libesp_audio_codec.a(tables_other.c.obj)"
"silk_uniform8_iCDF","0x3c129300","8",".flash.rodata","<DEPENDENCIES>/esp-adf-libs/esp_audio_codec/lib/esp32c3/libesp_audio_codec.a(tables_other.c.obj)"
"silk_uniform6_iCDF","0x3c129308","6",".flash.rodata","<DEPENDENCIES>/esp-adf-libs/esp_audio_codec/lib/esp32c3/libesp_audio_codec.a(tables_other.c.obj)"
"silk_uniform5_iCDF","0x3c129310","5",".flash.rodata","<DEPENDENCIES>/esp-adf-libs/esp_audio_codec/lib/esp32c3/libesp_audio_codec.a(tables_other.c.obj)"
"silk_uniform4_iCDF","0x3c129318","4",".flash.rodata","<DEPENDENCIES>/esp-adf-libs/esp_audio_codec/lib/esp32c3/libesp_audio_codec.a(tables_other.c.obj)"
"silk_uniform3_iCDF","0x3c12931c","3",".flash.rodata","<DEPENDENCIES>/esp-adf-libs/esp_audio_codec/lib/esp32c3/libesp_audio_codec.a(tables_other.c.obj)"
"silk_LTPScales_table_Q14","0x3c129320","6",".flash.rodata","<DEPENDENCIES>/esp-adf-libs/esp_audio_codec/lib/esp32c3/libesp_audio_codec.a(tables_other.c.obj)"
"silk_Quantization_Offsets_Q10","0x3c129328","8",".flash.rodata","<DEPENDENCIES>/esp-adf-libs/esp_audio_codec/lib/esp32c3/libesp_audio_codec.a(tables_other.c.obj)"
"silk_NLSF_interpolation_factor_iCDF","0x3c129330","5",".flash.rodata","<DEPENDENCIES>/esp-adf-libs/esp_audio_codec/lib/esp32c3/libesp_audio_codec.a(tables_other.c.obj)"
"silk_type_offset_no_VAD_iCDF","0x3c129338","2",".flash.rodata","<DEPENDENCIES>/esp-adf-libs/esp_audio_codec/lib/esp32c3/libesp_audio_codec.a(tables_other.c.obj)"
"silk_type_offset_VAD_iCDF","0x3c12933c","4",".flash.rodata","<DEPENDENCIES>/esp-adf-libs/esp_audio_codec/lib/esp32c3/libesp_audio_codec.a(tables_other.c.obj)"
"silk_LTPscale_iCDF","0x3c129340","3",".flash.rodata","<DEPENDENCIES>/esp-adf-libs/esp_audio_codec/lib/esp32c3/libesp_audio_codec.a(tables_other.c.obj)"
"silk_lsb_iCDF","0x3c129344","2",".flash.rodata","<DEPENDENCIES>/esp-adf-libs/esp_audio_codec/lib/esp32c3/libesp_audio_codec.a(tables_other.c.obj)"
"silk_LBRR_flags_iCDF_ptr","0x3c129348","8",".flash.rodata","<DEPENDENCIES>/esp-adf-libs/esp_audio_codec/lib/esp32c3/libesp_audio_codec.a(tables_other.c.obj)"
"silk_LBRR_flags_3_iCDF","0x3c129350","7",".flash.rodata","<DEPENDENCIES>/esp-adf-libs/esp_audio_codec/lib/esp32c3/libesp_audio_codec.a(tables_other.c.obj)"
"silk_LBRR_flags_2_iCDF","0x3c129358","3",".flash.rodata","<DEPENDENCIES>/esp-adf-libs/esp_audio_codec/lib/esp32c3/libesp_audio_codec.a(tables_other.c.obj)"
"silk_stereo_only_code_mid_iCDF","0x3c12935c","2",".flash.rodata","<DEPENDENCIES>/esp-adf-libs/esp_audio_codec/lib/esp32c3/libesp_audio_codec.a(tables_other.c.obj)"
"silk_stereo_pred_joint_iCDF","0x3c129360","25",".flash.rodata","<DEPENDENCIES>/esp-adf-libs/esp_audio_codec/lib/esp32c3/libesp_audio_codec.a(tables_other.c.obj)"
"silk_stereo_pred_quant_Q13","0x3c12937c","32",".flash.rodata","<DEPENDENCIES>/esp-adf-libs/esp_audio_codec/lib/esp32c3/libesp_audio_codec.a(tables_other.c.obj)"
"silk_pitch_contour_10_ms_NB_iCDF","0x3c12939c","3",".flash.rodata","<DEPENDENCIES>/esp-adf-libs/esp_audio_codec/lib/esp32c3/libesp_audio_codec.a(tables_pitch_lag.c.obj)"
"silk_pitch_contour_10_ms_iCDF","0x3c1293a0","12",".flash.rodata","<DEPENDENCIES>/esp-adf-libs/esp_audio_codec/lib/esp32c3/libesp_audio_codec.a(tables_pitch_lag.c.obj)"
"silk_pitch_contour_NB_iCDF","0x3c1293ac","11",".flash.rodata","<DEPENDENCIES>/esp-adf-libs/esp_audio_codec/lib/esp32c3/libesp_audio_codec.a(tables_pitch_lag.c.obj)"
"silk_pitch_contour_iCDF","0x3c1293b8","34",".flash.rodata","<DEPENDENCIES>/esp-adf-libs/esp_audio_codec/lib/esp32c3/libesp_audio_codec.a(tables_pitch_lag.c.obj)"
"silk_pitch_delta_iCDF","0x3c1293dc","21",".flash.rodata","<DEPENDENCIES>/esp-adf-libs/esp_audio_codec/lib/esp32c3/libesp_audio_codec.a(tables_pitch_lag.c.obj)"
"silk_pitch_lag_iCDF","0x3c1293f4","32",".flash.rodata","<DEPENDENCIES>/esp-adf-libs/esp_audio_codec/lib/esp32c3/libesp_audio_codec.a(tables_pitch_lag.c.obj)"
"silk_sign_iCDF","0x3c129414","42",".flash.rodata","<DEPENDENCIES>/esp-adf-libs/esp_audio_codec/lib/esp32c3/libesp_audio_codec.a(tables_pulses_per_block.c.obj)"
"silk_shell_code_table_offsets","0x3c129440","17",".flash.rodata","<DEPENDENCIES>/esp-adf-libs/esp_audio_codec/lib/esp32c3/libesp_audio_codec.a(tables_pulses_per_block.c.obj)"
"silk_shell_code_table3","0x3c129454","152",".flash.rodata","<DEPENDENCIES>/esp-adf-libs/esp_audio_codec/lib/esp32c3/libesp_audio_codec.a(tables_pulses_per_block.c.obj)"
"silk_shell_code_table2","0x3c1294ec","152",".flash.rodata","<DEPENDENCIES>/esp-adf-libs/esp_audio_codec/lib/esp32c3/libesp_audio_codec.a(tables_pulses_per_block.c.obj)"
"silk_shell_code_table1","0x3c129584","152",".flash.rodata","<DEPENDENCIES>/esp-adf-libs/esp_audio_codec/lib/esp32c3/libesp_audio_codec.a(tables_pulses_per_block.c.obj)"
"silk_shell_code_table0","0x3c12961c","152",".flash.rodata","<DEPENDENCIES>/esp-adf-libs/esp_audio_codec/lib/esp32c3/libesp_audio_codec.a(tables_pulses_per_block.c.obj)"
"silk_rate_levels_iCDF","0x3c1296b4","18",".flash.rodata","<DEPENDENCIES>/esp-adf-libs/esp_audio_codec/lib/esp32c3/libesp_audio_codec.a(tables_pulses_per_block.c.obj)"
"silk_pulses_per_block_iCDF","0x3c1296c8","180",".flash.rodata","<DEPENDENCIES>/esp-adf-libs/esp_audio_codec/lib/esp32c3/libesp_audio_codec.a(tables_pulses_per_block.c.obj)"
"pow2","0x3c12977c","78",".flash.rodata","<DEPENDENCIES>/esp-adf-libs/esp_audio_codec/lib/esp32c3/libesp_audio_codec.a(calc_sbr_envelope.c.obj)"
"codebook","0x3c1297cc","32",".flash.rodata","<DEPENDENCIES>/esp-adf-libs/esp_audio_codec/lib/esp32c3/libesp_audio_codec.a(long_term_prediction.c.obj)"
"exp_rotation_N_2048","0x3c1297ec","2048",".flash.rodata","<DEPENDENCIES>/esp-adf-libs/esp_audio_codec/lib/esp32c3/libesp_audio_codec.a(mdct_tables_fxp.c.obj)"
"exp_rotation_N_256","0x3c129fec","256",".flash.rodata","<DEPENDENCIES>/esp-adf-libs/esp_audio_codec/lib/esp32c3/libesp_audio_codec.a(mdct_tables_fxp.c.obj)"
"aRevLinkDelaySer","0x3c12a0ec","12",".flash.rodata","<DEPENDENCIES>/esp-adf-libs/esp_audio_codec/lib/esp32c3/libesp_audio_codec.a(ps_allocate_decoder.c.obj)"
"aFixNoEnvDecode","0x3c12a0f8","16",".flash.rodata","<DEPENDENCIES>/esp-adf-libs/esp_audio_codec/lib/esp32c3/libesp_audio_codec.a(ps_bstr_decoding.c.obj)"
"aNoIccBins","0x3c12a108","12",".flash.rodata","<DEPENDENCIES>/esp-adf-libs/esp_audio_codec/lib/esp32c3/libesp_audio_codec.a(ps_bstr_decoding.c.obj)"
"aNoIidBins","0x3c12a114","12",".flash.rodata","<DEPENDENCIES>/esp-adf-libs/esp_audio_codec/lib/esp32c3/libesp_audio_codec.a(ps_bstr_decoding.c.obj)"
"sin_alphas","0x3c12a120","32",".flash.rodata","<DEPENDENCIES>/esp-adf-libs/esp_audio_codec/lib/esp32c3/libesp_audio_codec.a(ps_init_stereo_mixing.c.obj)"
"cos_alphas","0x3c12a140","32",".flash.rodata","<DEPENDENCIES>/esp-adf-libs/esp_audio_codec/lib/esp32c3/libesp_audio_codec.a(ps_init_stereo_mixing.c.obj)"
"scaled_alphas","0x3c12a160","32",".flash.rodata","<DEPENDENCIES>/esp-adf-libs/esp_audio_codec/lib/esp32c3/libesp_audio_codec.a(ps_init_stereo_mixing.c.obj)"
"scaleFactorsFine","0x3c12a180","124",".flash.rodata","<DEPENDENCIES>/esp-adf-libs/esp_audio_codec/lib/esp32c3/libesp_audio_codec.a(ps_init_stereo_mixing.c.obj)"
"scaleFactors","0x3c12a1fc","60",".flash.rodata","<DEPENDENCIES>/esp-adf-libs/esp_audio_codec/lib/esp32c3/libesp_audio_codec.a(ps_init_stereo_mixing.c.obj)"
"log_table","0x3c12a238","36",".flash.rodata","<DEPENDENCIES>/esp-adf-libs/esp_audio_codec/lib/esp32c3/libesp_audio_codec.a(pv_log2.c.obj)"
"pow2_table","0x3c12a25c","24",".flash.rodata","<DEPENDENCIES>/esp-adf-libs/esp_audio_codec/lib/esp32c3/libesp_audio_codec.a(pv_pow2.c.obj)"
"sin_table","0x3c12a274","36",".flash.rodata","<DEPENDENCIES>/esp-adf-libs/esp_audio_codec/lib/esp32c3/libesp_audio_codec.a(pv_sine.c.obj)"
"sqrt_table","0x3c12a298","36",".flash.rodata","<DEPENDENCIES>/esp-adf-libs/esp_audio_codec/lib/esp32c3/libesp_audio_codec.a(pv_sqrt.c.obj)"
"sbrDecoderFilterbankCoefficients_an_filt","0x3c12a2bc","620",".flash.rodata","<DEPENDENCIES>/esp-adf-libs/esp_audio_codec/lib/esp32c3/libesp_audio_codec.a(qmf_filterbank_coeff.c.obj)"
"sbrDecoderFilterbankCoefficients_an_filt_LC","0x3c12a528","620",".flash.rodata","<DEPENDENCIES>/esp-adf-libs/esp_audio_codec/lib/esp32c3/libesp_audio_codec.a(qmf_filterbank_coeff.c.obj)"
"sbrDecoderFilterbankCoefficients_down_smpl","0x3c12a794","640",".flash.rodata","<DEPENDENCIES>/esp-adf-libs/esp_audio_codec/lib/esp32c3/libesp_audio_codec.a(qmf_filterbank_coeff.c.obj)"
"sbrDecoderFilterbankCoefficients","0x3c12aa14","620",".flash.rodata","<DEPENDENCIES>/esp-adf-libs/esp_audio_codec/lib/esp32c3/libesp_audio_codec.a(qmf_filterbank_coeff.c.obj)"
"rPxx","0x3c12ac80","2048",".flash.rodata","<DEPENDENCIES>/esp-adf-libs/esp_audio_codec/lib/esp32c3/libesp_audio_codec.a(sbr_envelope_calc_tbl.c.obj)"
"rP_LCx","0x3c12b480","1024",".flash.rodata","<DEPENDENCIES>/esp-adf-libs/esp_audio_codec/lib/esp32c3/libesp_audio_codec.a(sbr_envelope_calc_tbl.c.obj)"
"smoothLengths","0x3c12b880","8",".flash.rodata","<DEPENDENCIES>/esp-adf-libs/esp_audio_codec/lib/esp32c3/libesp_audio_codec.a(sbr_envelope_calc_tbl.c.obj)"
"limGains","0x3c12b888","20",".flash.rodata","<DEPENDENCIES>/esp-adf-libs/esp_audio_codec/lib/esp32c3/libesp_audio_codec.a(sbr_envelope_calc_tbl.c.obj)"
"exp_m0_25_phi","0x3c12b89c","128",".flash.rodata","<DEPENDENCIES>/esp-adf-libs/esp_audio_codec/lib/esp32c3/libesp_audio_codec.a(synthesis_sub_band.c.obj)"
"CosTable_64","0x3c12b91c","256",".flash.rodata","<DEPENDENCIES>/esp-adf-libs/esp_audio_codec/lib/esp32c3/libesp_audio_codec.a(synthesis_sub_band.c.obj)"
"tremor_mask","0x3c12ba1c","132",".flash.rodata","<DEPENDENCIES>/esp-adf-libs/esp_audio_codec/lib/esp32c3/libesp_audio_codec.a(bitwise.c.obj)"
"MLOOP_3","0x3c12baa0","8",".flash.rodata","<DEPENDENCIES>/esp-adf-libs/esp_audio_codec/lib/esp32c3/libesp_audio_codec.a(floor0.c.obj)"
"MLOOP_2","0x3c12baa8","64",".flash.rodata","<DEPENDENCIES>/esp-adf-libs/esp_audio_codec/lib/esp32c3/libesp_audio_codec.a(floor0.c.obj)"
"MLOOP_1","0x3c12bae8","64",".flash.rodata","<DEPENDENCIES>/esp-adf-libs/esp_audio_codec/lib/esp32c3/libesp_audio_codec.a(floor0.c.obj)"
"barklook","0x3c12bb28","108",".flash.rodata","<DEPENDENCIES>/esp-adf-libs/esp_audio_codec/lib/esp32c3/libesp_audio_codec.a(floor0.c.obj)"
"ADJUST_SQRT2","0x3c12bb94","8",".flash.rodata","<DEPENDENCIES>/esp-adf-libs/esp_audio_codec/lib/esp32c3/libesp_audio_codec.a(floor0.c.obj)"
"COS_LOOKUP_I","0x3c12bb9c","516",".flash.rodata","<DEPENDENCIES>/esp-adf-libs/esp_audio_codec/lib/esp32c3/libesp_audio_codec.a(floor0.c.obj)"
"INVSQ_LOOKUP_IDel","0x3c12bda0","256",".flash.rodata","<DEPENDENCIES>/esp-adf-libs/esp_audio_codec/lib/esp32c3/libesp_audio_codec.a(floor0.c.obj)"
"INVSQ_LOOKUP_I","0x3c12bea0","260",".flash.rodata","<DEPENDENCIES>/esp-adf-libs/esp_audio_codec/lib/esp32c3/libesp_audio_codec.a(floor0.c.obj)"
"quant_look","0x3c12bfa4","16",".flash.rodata","<DEPENDENCIES>/esp-adf-libs/esp_audio_codec/lib/esp32c3/libesp_audio_codec.a(floor1.c.obj)"
"FLOOR_fromdB_LOOKUP","0x3c12bfb4","1024",".flash.rodata","<DEPENDENCIES>/esp-adf-libs/esp_audio_codec/lib/esp32c3/libesp_audio_codec.a(floor_lookup.c.obj)"
"_ZL7c_alias","0x3c12c3b4","32",".flash.rodata","<DEPENDENCIES>/esp-adf-libs/esp_audio_codec/lib/esp32c3/libesp_audio_codec.a(pvmp3_alias_reduction.cpp.obj)"
"_ZL8c_signal","0x3c12c3d4","32",".flash.rodata","<DEPENDENCIES>/esp-adf-libs/esp_audio_codec/lib/esp32c3/libesp_audio_codec.a(pvmp3_alias_reduction.cpp.obj)"
"_ZL15two_cubic_roots","0x3c12c3f4","28",".flash.rodata","<DEPENDENCIES>/esp-adf-libs/esp_audio_codec/lib/esp32c3/libesp_audio_codec.a(pvmp3_dequantize_sample.cpp.obj)"
"_ZL14pow_2_1_fourth","0x3c12c410","16",".flash.rodata","<DEPENDENCIES>/esp-adf-libs/esp_audio_codec/lib/esp32c3/libesp_audio_codec.a(pvmp3_dequantize_sample.cpp.obj)"
"_ZL6pretab","0x3c12c420","88",".flash.rodata","<DEPENDENCIES>/esp-adf-libs/esp_audio_codec/lib/esp32c3/libesp_audio_codec.a(pvmp3_dequantize_sample.cpp.obj)"
"_ZL12equalizerTbl","0x3c12c478","1024",".flash.rodata","<DEPENDENCIES>/esp-adf-libs/esp_audio_codec/lib/esp32c3/libesp_audio_codec.a(pvmp3_equalizer.cpp.obj)"
"_ZL15nr_of_sfb_block","0x3c12c878","288",".flash.rodata","<DEPENDENCIES>/esp-adf-libs/esp_audio_codec/lib/esp32c3/libesp_audio_codec.a(pvmp3_mpeg2_get_scale_data.cpp.obj)"
"bit_deinterleave_table.0","0x3c12c998","16",".flash.rodata","<DEPENDENCIES>/esp-adf-libs/esp_audio_codec/lib/esp32c3/libesp_audio_codec.a(bands.c.obj)"
"bit_interleave_table.1","0x3c12c9a8","16",".flash.rodata","<DEPENDENCIES>/esp-adf-libs/esp_audio_codec/lib/esp32c3/libesp_audio_codec.a(bands.c.obj)"
"exp2_table8.2","0x3c12c9b8","16",".flash.rodata","<DEPENDENCIES>/esp-adf-libs/esp_audio_codec/lib/esp32c3/libesp_audio_codec.a(bands.c.obj)"
"ordery_table","0x3c12c9c8","120",".flash.rodata","<DEPENDENCIES>/esp-adf-libs/esp_audio_codec/lib/esp32c3/libesp_audio_codec.a(bands.c.obj)"
"gains.1","0x3c12ca40","18",".flash.rodata","<DEPENDENCIES>/esp-adf-libs/esp_audio_codec/lib/esp32c3/libesp_audio_codec.a(celt.c.obj)"
"tf_select_table","0x3c12ca54","32",".flash.rodata","<DEPENDENCIES>/esp-adf-libs/esp_audio_codec/lib/esp32c3/libesp_audio_codec.a(celt.c.obj)"
"CELT_PVQ_U_ROW","0x3c12ca74","60",".flash.rodata","<DEPENDENCIES>/esp-adf-libs/esp_audio_codec/lib/esp32c3/libesp_audio_codec.a(cwrs.c.obj)"
"CELT_PVQ_U_DATA","0x3c12cab0","5088",".flash.rodata","<DEPENDENCIES>/esp-adf-libs/esp_audio_codec/lib/esp32c3/libesp_audio_codec.a(cwrs.c.obj)"
"ordering10.0","0x3c12de90","10",".flash.rodata","<DEPENDENCIES>/esp-adf-libs/esp_audio_codec/lib/esp32c3/libesp_audio_codec.a(NLSF2A.c.obj)"
"ordering16.1","0x3c12de9c","16",".flash.rodata","<DEPENDENCIES>/esp-adf-libs/esp_audio_codec/lib/esp32c3/libesp_audio_codec.a(NLSF2A.c.obj)"
"PLC_RAND_ATTENUATE_UV_Q15","0x3c12deac","4",".flash.rodata","<DEPENDENCIES>/esp-adf-libs/esp_audio_codec/lib/esp32c3/libesp_audio_codec.a(PLC.c.obj)"
"PLC_RAND_ATTENUATE_V_Q15","0x3c12deb0","4",".flash.rodata","<DEPENDENCIES>/esp-adf-libs/esp_audio_codec/lib/esp32c3/libesp_audio_codec.a(PLC.c.obj)"
"HARM_ATT_Q15","0x3c12deb4","4",".flash.rodata","<DEPENDENCIES>/esp-adf-libs/esp_audio_codec/lib/esp32c3/libesp_audio_codec.a(PLC.c.obj)"
"silk_LSFCosTab_FIX_Q12","0x3c12deb8","258",".flash.rodata","<DEPENDENCIES>/esp-adf-libs/esp_audio_codec/lib/esp32c3/libesp_audio_codec.a(table_LSF_cos.c.obj)"
"exp_1_5_phi","0x3c12dfbc","128",".flash.rodata","<DEPENDENCIES>/esp-adf-libs/esp_audio_codec/lib/esp32c3/libesp_audio_codec.a(analysis_sub_band.c.obj)"
"CosTable_48","0x3c12e03c","192",".flash.rodata","<DEPENDENCIES>/esp-adf-libs/esp_audio_codec/lib/esp32c3/libesp_audio_codec.a(dct64.c.obj)"
"digit_reverse_swap_256","0x3c12e0fc","482",".flash.rodata","<DEPENDENCIES>/esp-adf-libs/esp_audio_codec/lib/esp32c3/libesp_audio_codec.a(digit_reversal_tables.c.obj)"
"digit_reverse_64","0x3c12e2e0","128",".flash.rodata","<DEPENDENCIES>/esp-adf-libs/esp_audio_codec/lib/esp32c3/libesp_audio_codec.a(digit_reversal_tables.c.obj)"
"CosTable_16","0x3c12e360","56",".flash.rodata","<DEPENDENCIES>/esp-adf-libs/esp_audio_codec/lib/esp32c3/libesp_audio_codec.a(dst32.c.obj)"
"T_16_ov_bs_num_env_tbl","0x3c12e398","24",".flash.rodata","<DEPENDENCIES>/esp-adf-libs/esp_audio_codec/lib/esp32c3/libesp_audio_codec.a(extractframeinfo.c.obj)"
"bs_pointer_bits_tbl","0x3c12e3b0","24",".flash.rodata","<DEPENDENCIES>/esp-adf-libs/esp_audio_codec/lib/esp32c3/libesp_audio_codec.a(extractframeinfo.c.obj)"
"w_512rx2","0x3c12e3c8","508",".flash.rodata","<DEPENDENCIES>/esp-adf-libs/esp_audio_codec/lib/esp32c3/libesp_audio_codec.a(fft_rx4_tables_fxp.c.obj)"
"W_256rx4","0x3c12e5c4","1980",".flash.rodata","<DEPENDENCIES>/esp-adf-libs/esp_audio_codec/lib/esp32c3/libesp_audio_codec.a(fft_rx4_tables_fxp.c.obj)"
"W_64rx4","0x3c12ed80","240",".flash.rodata","<DEPENDENCIES>/esp-adf-libs/esp_audio_codec/lib/esp32c3/libesp_audio_codec.a(fft_rx4_tables_fxp.c.obj)"
"scale_mod_4","0x3c12ee70","16",".flash.rodata","<DEPENDENCIES>/esp-adf-libs/esp_audio_codec/lib/esp32c3/libesp_audio_codec.a(gen_rand_vector.c.obj)"
"v_offset","0x3c12ee80","448",".flash.rodata","<DEPENDENCIES>/esp-adf-libs/esp_audio_codec/lib/esp32c3/libesp_audio_codec.a(get_sbr_startfreq.c.obj)"
"sbr_stopfreq_tbl","0x3c12f040","78",".flash.rodata","<DEPENDENCIES>/esp-adf-libs/esp_audio_codec/lib/esp32c3/libesp_audio_codec.a(get_sbr_stopfreq.c.obj)"
"exptable","0x3c12f090","8",".flash.rodata","<DEPENDENCIES>/esp-adf-libs/esp_audio_codec/lib/esp32c3/libesp_audio_codec.a(huffspec_fxp.c.obj)"
"intensity_factor","0x3c12f098","8",".flash.rodata","<DEPENDENCIES>/esp-adf-libs/esp_audio_codec/lib/esp32c3/libesp_audio_codec.a(intensity_right.c.obj)"
"inverseQuantTable","0x3c12f0a0","4100",".flash.rodata","<DEPENDENCIES>/esp-adf-libs/esp_audio_codec/lib/esp32c3/libesp_audio_codec.a(iquant_table.c.obj)"
"CosTable_32","0x3c1300a4","128",".flash.rodata","<DEPENDENCIES>/esp-adf-libs/esp_audio_codec/lib/esp32c3/libesp_audio_codec.a(mdst.c.obj)"
"hcb2_scale_mod_4","0x3c130124","16",".flash.rodata","<DEPENDENCIES>/esp-adf-libs/esp_audio_codec/lib/esp32c3/libesp_audio_codec.a(pns_corr.c.obj)"
"aaFractDelayPhaseFactorSerSubQmf","0x3c130134","120",".flash.rodata","<DEPENDENCIES>/esp-adf-libs/esp_audio_codec/lib/esp32c3/libesp_audio_codec.a(ps_all_pass_filter_coeff.c.obj)"
"aFractDelayPhaseFactorSubQmf","0x3c1301ac","40",".flash.rodata","<DEPENDENCIES>/esp-adf-libs/esp_audio_codec/lib/esp32c3/libesp_audio_codec.a(ps_all_pass_filter_coeff.c.obj)"
"aaFractDelayPhaseFactorSerQmf","0x3c1301d4","240",".flash.rodata","<DEPENDENCIES>/esp-adf-libs/esp_audio_codec/lib/esp32c3/libesp_audio_codec.a(ps_all_pass_filter_coeff.c.obj)"
"aFractDelayPhaseFactor","0x3c1302c4","80",".flash.rodata","<DEPENDENCIES>/esp-adf-libs/esp_audio_codec/lib/esp32c3/libesp_audio_codec.a(ps_all_pass_filter_coeff.c.obj)"
"bins2groupMap","0x3c130314","22",".flash.rodata","<DEPENDENCIES>/esp-adf-libs/esp_audio_codec/lib/esp32c3/libesp_audio_codec.a(ps_all_pass_filter_coeff.c.obj)"
"groupBorders","0x3c13032c","23",".flash.rodata","<DEPENDENCIES>/esp-adf-libs/esp_audio_codec/lib/esp32c3/libesp_audio_codec.a(ps_all_pass_filter_coeff.c.obj)"
"aRevLinkDecaySerCoeff","0x3c130344","138",".flash.rodata","<DEPENDENCIES>/esp-adf-libs/esp_audio_codec/lib/esp32c3/libesp_audio_codec.a(ps_all_pass_filter_coeff.c.obj)"
"bookSbrNoiseBalance11T","0x3c1303d0","48",".flash.rodata","<DEPENDENCIES>/esp-adf-libs/esp_audio_codec/lib/esp32c3/libesp_audio_codec.a(sbr_code_book_envlevel.c.obj)"
"bookSbrNoiseLevel11T","0x3c130400","124",".flash.rodata","<DEPENDENCIES>/esp-adf-libs/esp_audio_codec/lib/esp32c3/libesp_audio_codec.a(sbr_code_book_envlevel.c.obj)"
"bookSbrEnvBalance11F","0x3c13047c","48",".flash.rodata","<DEPENDENCIES>/esp-adf-libs/esp_audio_codec/lib/esp32c3/libesp_audio_codec.a(sbr_code_book_envlevel.c.obj)"
"bookSbrEnvBalance11T","0x3c1304ac","48",".flash.rodata","<DEPENDENCIES>/esp-adf-libs/esp_audio_codec/lib/esp32c3/libesp_audio_codec.a(sbr_code_book_envlevel.c.obj)"
"bookSbrEnvLevel11F","0x3c1304dc","124",".flash.rodata","<DEPENDENCIES>/esp-adf-libs/esp_audio_codec/lib/esp32c3/libesp_audio_codec.a(sbr_code_book_envlevel.c.obj)"
"bookSbrEnvLevel11T","0x3c130558","124",".flash.rodata","<DEPENDENCIES>/esp-adf-libs/esp_audio_codec/lib/esp32c3/libesp_audio_codec.a(sbr_code_book_envlevel.c.obj)"
"bookSbrEnvBalance10F","0x3c1305d4","96",".flash.rodata","<DEPENDENCIES>/esp-adf-libs/esp_audio_codec/lib/esp32c3/libesp_audio_codec.a(sbr_code_book_envlevel.c.obj)"
"bookSbrEnvBalance10T","0x3c130634","96",".flash.rodata","<DEPENDENCIES>/esp-adf-libs/esp_audio_codec/lib/esp32c3/libesp_audio_codec.a(sbr_code_book_envlevel.c.obj)"
"bookSbrEnvLevel10F","0x3c130694","240",".flash.rodata","<DEPENDENCIES>/esp-adf-libs/esp_audio_codec/lib/esp32c3/libesp_audio_codec.a(sbr_code_book_envlevel.c.obj)"
"bookSbrEnvLevel10T","0x3c130784","240",".flash.rodata","<DEPENDENCIES>/esp-adf-libs/esp_audio_codec/lib/esp32c3/libesp_audio_codec.a(sbr_code_book_envlevel.c.obj)"
"div_mod","0x3c130874","72",".flash.rodata","<DEPENDENCIES>/esp-adf-libs/esp_audio_codec/lib/esp32c3/libesp_audio_codec.a(unpack_idx.c.obj)"
"CosTable_8","0x3c1308bc","32",".flash.rodata","<DEPENDENCIES>/esp-adf-libs/esp_audio_codec/lib/esp32c3/libesp_audio_codec.a(dst16.c.obj)"
"tns_max_bands_tbl_short_wndw","0x3c1308dc","64",".flash.rodata","<DEPENDENCIES>/esp-adf-libs/esp_audio_codec/lib/esp32c3/libesp_audio_codec.a(get_tns.c.obj)"
"tns_max_bands_tbl_long_wndw","0x3c13091c","64",".flash.rodata","<DEPENDENCIES>/esp-adf-libs/esp_audio_codec/lib/esp32c3/libesp_audio_codec.a(get_tns.c.obj)"
"huff_tab_scl","0x3c13095c","752",".flash.rodata","<DEPENDENCIES>/esp-adf-libs/esp_audio_codec/lib/esp32c3/libesp_audio_codec.a(hcbtables_binary.c.obj)"
"huff_tab11","0x3c130c4c","1204",".flash.rodata","<DEPENDENCIES>/esp-adf-libs/esp_audio_codec/lib/esp32c3/libesp_audio_codec.a(hcbtables_binary.c.obj)"
"huff_tab10","0x3c131100","744",".flash.rodata","<DEPENDENCIES>/esp-adf-libs/esp_audio_codec/lib/esp32c3/libesp_audio_codec.a(hcbtables_binary.c.obj)"
"huff_tab9","0x3c1313e8","816",".flash.rodata","<DEPENDENCIES>/esp-adf-libs/esp_audio_codec/lib/esp32c3/libesp_audio_codec.a(hcbtables_binary.c.obj)"
"huff_tab8","0x3c131718","360",".flash.rodata","<DEPENDENCIES>/esp-adf-libs/esp_audio_codec/lib/esp32c3/libesp_audio_codec.a(hcbtables_binary.c.obj)"
"huff_tab7","0x3c131880","428",".flash.rodata","<DEPENDENCIES>/esp-adf-libs/esp_audio_codec/lib/esp32c3/libesp_audio_codec.a(hcbtables_binary.c.obj)"
"huff_tab6","0x3c131a2c","452",".flash.rodata","<DEPENDENCIES>/esp-adf-libs/esp_audio_codec/lib/esp32c3/libesp_audio_codec.a(hcbtables_binary.c.obj)"
"huff_tab5","0x3c131bf0","440",".flash.rodata","<DEPENDENCIES>/esp-adf-libs/esp_audio_codec/lib/esp32c3/libesp_audio_codec.a(hcbtables_binary.c.obj)"
"huff_tab4","0x3c131da8","476",".flash.rodata","<DEPENDENCIES>/esp-adf-libs/esp_audio_codec/lib/esp32c3/libesp_audio_codec.a(hcbtables_binary.c.obj)"
"huff_tab3","0x3c131f84","604",".flash.rodata","<DEPENDENCIES>/esp-adf-libs/esp_audio_codec/lib/esp32c3/libesp_audio_codec.a(hcbtables_binary.c.obj)"
"huff_tab2","0x3c1321e0","360",".flash.rodata","<DEPENDENCIES>/esp-adf-libs/esp_audio_codec/lib/esp32c3/libesp_audio_codec.a(hcbtables_binary.c.obj)"
"huff_tab1","0x3c132348","352",".flash.rodata","<DEPENDENCIES>/esp-adf-libs/esp_audio_codec/lib/esp32c3/libesp_audio_codec.a(hcbtables_binary.c.obj)"
"hcbbook_binary","0x3c1324a8","260",".flash.rodata","<DEPENDENCIES>/esp-adf-libs/esp_audio_codec/lib/esp32c3/libesp_audio_codec.a(hcbtables_binary.c.obj)"
"CosTable_8i","0x3c1325ac","32",".flash.rodata","<DEPENDENCIES>/esp-adf-libs/esp_audio_codec/lib/esp32c3/libesp_audio_codec.a(idct16.c.obj)"
"aBookPsIidFineFreqDecode_googleaac","0x3c1325cc","120",".flash.rodata","<DEPENDENCIES>/esp-adf-libs/esp_audio_codec/lib/esp32c3/libesp_audio_codec.a(ps_read_data.c.obj)"
"aBookPsIidFineTimeDecode_googleaac","0x3c132644","120",".flash.rodata","<DEPENDENCIES>/esp-adf-libs/esp_audio_codec/lib/esp32c3/libesp_audio_codec.a(ps_read_data.c.obj)"
"aBookPsIccFreqDecode_googleaac","0x3c1326bc","28",".flash.rodata","<DEPENDENCIES>/esp-adf-libs/esp_audio_codec/lib/esp32c3/libesp_audio_codec.a(ps_read_data.c.obj)"
"aBookPsIccTimeDecode_googleaac","0x3c1326d8","28",".flash.rodata","<DEPENDENCIES>/esp-adf-libs/esp_audio_codec/lib/esp32c3/libesp_audio_codec.a(ps_read_data.c.obj)"
"aBookPsIidFreqDecode_googleaac","0x3c1326f4","56",".flash.rodata","<DEPENDENCIES>/esp-adf-libs/esp_audio_codec/lib/esp32c3/libesp_audio_codec.a(ps_read_data.c.obj)"
"aBookPsIidTimeDecode_googleaac","0x3c13272c","56",".flash.rodata","<DEPENDENCIES>/esp-adf-libs/esp_audio_codec/lib/esp32c3/libesp_audio_codec.a(ps_read_data.c.obj)"
"neg_offset","0x3c132764","8",".flash.rodata","<DEPENDENCIES>/esp-adf-libs/esp_audio_codec/lib/esp32c3/libesp_audio_codec.a(tns_decode_coef.c.obj)"
"tns_table","0x3c13276c","128",".flash.rodata","<DEPENDENCIES>/esp-adf-libs/esp_audio_codec/lib/esp32c3/libesp_audio_codec.a(tns_decode_coef.c.obj)"
"__func__.0","0x3c1327ec","26",".flash.rodata","esp-idf/riscv/libriscv.a(interrupt.c.obj)"
"__func__.1","0x3c132808","24",".flash.rodata","esp-idf/riscv/libriscv.a(interrupt.c.obj)"
"__func__.0","0x3c132820","34",".flash.rodata","esp-idf/app_update/libapp_update.a(esp_ota_ops.c.obj)"
"__func__.1","0x3c132844","30",".flash.rodata","esp-idf/app_update/libapp_update.a(esp_ota_ops.c.obj)"
"__func__.3","0x3c132864","32",".flash.rodata","esp-idf/app_update/libapp_update.a(esp_ota_ops.c.obj)"
"__func__.4","0x3c132884","18",".flash.rodata","esp-idf/esp_partition/libesp_partition.a(partition.c.obj)"
"__func__.5","0x3c132898","19",".flash.rodata","esp-idf/esp_partition/libesp_partition.a(partition.c.obj)"
"__func__.0","0x3c1328ac","19",".flash.rodata","esp-idf/esp_partition/libesp_partition.a(partition_target.c.obj)"
"__func__.1","0x3c1328c0","26",".flash.rodata","esp-idf/esp_partition/libesp_partition.a(partition_target.c.obj)"
"__func__.2","0x3c1328dc","24",".flash.rodata","esp-idf/esp_partition/libesp_partition.a(partition_target.c.obj)"
"__func__.3","0x3c1328f4","23",".flash.rodata","esp-idf/esp_partition/libesp_partition.a(partition_target.c.obj)"
"__func__.4","0x3c13290c","20",".flash.rodata","esp-idf/esp_partition/libesp_partition.a(partition_target.c.obj)"
"__func__.5","0x3c132920","19",".flash.rodata","esp-idf/esp_partition/libesp_partition.a(partition_target.c.obj)"
"__func__.1","0x3c132934","12",".flash.rodata","esp-idf/esp_mm/libesp_mm.a(esp_mmu_map.c.obj)"
"__func__.2","0x3c132940","22",".flash.rodata","esp-idf/esp_mm/libesp_mm.a(esp_mmu_map.c.obj)"
"__func__.3","0x3c132958","20",".flash.rodata","esp-idf/esp_mm/libesp_mm.a(esp_mmu_map.c.obj)"
"__func__.4","0x3c13296c","22",".flash.rodata","esp-idf/esp_mm/libesp_mm.a(esp_mmu_map.c.obj)"
"__func__.5","0x3c132984","17",".flash.rodata","esp-idf/esp_mm/libesp_mm.a(esp_mmu_map.c.obj)"
"g_mmu_mem_regions","0x3c132998","24",".flash.rodata","esp-idf/esp_mm/libesp_mm.a(ext_mem_layout.c.obj)"
"__func__.0","0x3c1329b0","27",".flash.rodata","esp-idf/esp_driver_dma/libesp_driver_dma.a(gdma.c.obj)"
"s_dummy_crt","0x3c1329cc","952",".flash.rodata","esp-idf/mbedtls/libmbedtls.a(esp_crt_bundle.c.obj)"
"__func__.8","0x3c143554","40",".flash.rodata","esp-idf/bootloader_support/libbootloader_support.a(bootloader_flash.c.obj)"
"__func__.0","0x3c14357c","25",".flash.rodata","esp-idf/bootloader_support/libbootloader_support.a(bootloader_sha.c.obj)"
"__func__.1","0x3c143598","23",".flash.rodata","esp-idf/bootloader_support/libbootloader_support.a(bootloader_sha.c.obj)"
"__func__.0","0x3c1435b0","23",".flash.rodata","esp-idf/esp_system/libesp_system.a(crosscore_int.c.obj)"
"__func__.1","0x3c1435c8","23",".flash.rodata","esp-idf/esp_system/libesp_system.a(crosscore_int.c.obj)"
"__func__.1","0x3c1435e0","15",".flash.rodata","esp-idf/esp_system/libesp_system.a(task_wdt.c.obj)"
"__func__.2","0x3c1435f0","13",".flash.rodata","esp-idf/esp_system/libesp_system.a(task_wdt.c.obj)"
"__func__.3","0x3c143600","23",".flash.rodata","esp-idf/esp_system/libesp_system.a(task_wdt.c.obj)"
"GPIO_PIN_MUX_REG","0x3c143618","88",".flash.rodata","esp-idf/soc/libsoc.a(gpio_periph.c.obj)"
"__func__.0","0x3c143670","28",".flash.rodata","esp-idf/esp_hal_gpio/libesp_hal_gpio.a(gpio_hal.c.obj)"
"__func__.0","0x3c14368c","16",".flash.rodata","esp-idf/esp_hw_support/libesp_hw_support.a(hw_random.c.obj)"
"__func__.0","0x3c14369c","22",".flash.rodata","esp-idf/esp_hw_support/libesp_hw_support.a(mac_addr.c.obj)"
"__func__.1","0x3c1436b4","21",".flash.rodata","esp-idf/esp_hw_support/libesp_hw_support.a(mac_addr.c.obj)"
"__func__.1","0x3c1436cc","18",".flash.rodata","esp-idf/freertos/libfreertos.a(event_groups.c.obj)"
"__func__.2","0x3c1436e0","19",".flash.rodata","esp-idf/freertos/libfreertos.a(event_groups.c.obj)"
"__func__.3","0x3c1436f4","21",".flash.rodata","esp-idf/freertos/libfreertos.a(event_groups.c.obj)"
"__func__.4","0x3c14370c","20",".flash.rodata","esp-idf/freertos/libfreertos.a(event_groups.c.obj)"
"__func__.7","0x3c143720","26",".flash.rodata","esp-idf/esp_ringbuf/libesp_ringbuf.a(ringbuf.c.obj)"
"__func__.12","0x3c14373c","22",".flash.rodata","esp-idf/esp_ringbuf/libesp_ringbuf.a(ringbuf.c.obj)"
"__func__.19","0x3c143754","18",".flash.rodata","esp-idf/esp_ringbuf/libesp_ringbuf.a(ringbuf.c.obj)"
"__func__.20","0x3c143768","19",".flash.rodata","esp-idf/esp_ringbuf/libesp_ringbuf.a(ringbuf.c.obj)"
"__func__.23","0x3c14377c","24",".flash.rodata","esp-idf/esp_ringbuf/libesp_ringbuf.a(ringbuf.c.obj)"
"__func__.24","0x3c143794","23",".flash.rodata","esp-idf/esp_ringbuf/libesp_ringbuf.a(ringbuf.c.obj)"
"__func__.27","0x3c1437ac","24",".flash.rodata","esp-idf/esp_ringbuf/libesp_ringbuf.a(ringbuf.c.obj)"
"__func__.28","0x3c1437c4","23",".flash.rodata","esp-idf/esp_ringbuf/libesp_ringbuf.a(ringbuf.c.obj)"
"__func__.29","0x3c1437dc","22",".flash.rodata","esp-idf/esp_ringbuf/libesp_ringbuf.a(ringbuf.c.obj)"
"__func__.30","0x3c1437f4","18",".flash.rodata","esp-idf/esp_ringbuf/libesp_ringbuf.a(ringbuf.c.obj)"
"__func__.31","0x3c143808","21",".flash.rodata","esp-idf/esp_ringbuf/libesp_ringbuf.a(ringbuf.c.obj)"
"__func__.32","0x3c143820","22",".flash.rodata","esp-idf/esp_ringbuf/libesp_ringbuf.a(ringbuf.c.obj)"
"__func__.33","0x3c143838","27",".flash.rodata","esp-idf/esp_ringbuf/libesp_ringbuf.a(ringbuf.c.obj)"
"__func__.34","0x3c143854","19",".flash.rodata","esp-idf/esp_ringbuf/libesp_ringbuf.a(ringbuf.c.obj)"
"__func__.35","0x3c143868","18",".flash.rodata","esp-idf/esp_ringbuf/libesp_ringbuf.a(ringbuf.c.obj)"
"__func__.36","0x3c14387c","21",".flash.rodata","esp-idf/esp_ringbuf/libesp_ringbuf.a(ringbuf.c.obj)"
"__func__.37","0x3c143894","18",".flash.rodata","esp-idf/esp_ringbuf/libesp_ringbuf.a(ringbuf.c.obj)"
"__func__.1","0x3c1438bc","18",".flash.rodata","esp-idf/esp_event/libesp_event.a(esp_event.c.obj)"
"__func__.2","0x3c1438d0","43",".flash.rodata","esp-idf/esp_event/libesp_event.a(esp_event.c.obj)"
"__func__.3","0x3c1438fc","41",".flash.rodata","esp-idf/esp_event/libesp_event.a(esp_event.c.obj)"
"__func__.5","0x3c143928","19",".flash.rodata","esp-idf/esp_event/libesp_event.a(esp_event.c.obj)"
"__func__.0","0x3c14393c","21",".flash.rodata","esp-idf/lwip/liblwip.a(sockets.c.obj)"
"__func__.1","0x3c143954","25",".flash.rodata","esp-idf/lwip/liblwip.a(sockets.c.obj)"
"__func__.2","0x3c143970","22",".flash.rodata","esp-idf/lwip/liblwip.a(sockets.c.obj)"
"__func__.3","0x3c143988","25",".flash.rodata","esp-idf/lwip/liblwip.a(sockets.c.obj)"
"__func__.7","0x3c1439a4","13",".flash.rodata","esp-idf/lwip/liblwip.a(sockets.c.obj)"
"__func__.8","0x3c1439b4","22",".flash.rodata","esp-idf/lwip/liblwip.a(sockets.c.obj)"
"__func__.9","0x3c1439cc","21",".flash.rodata","esp-idf/lwip/liblwip.a(sockets.c.obj)"
"__func__.10","0x3c1439e4","12",".flash.rodata","esp-idf/lwip/liblwip.a(sockets.c.obj)"
"__func__.11","0x3c1439f0","15",".flash.rodata","esp-idf/lwip/liblwip.a(sockets.c.obj)"
"__func__.12","0x3c143a00","22",".flash.rodata","esp-idf/lwip/liblwip.a(sockets.c.obj)"
"__func__.14","0x3c143a18","14",".flash.rodata","esp-idf/lwip/liblwip.a(sockets.c.obj)"
"__func__.16","0x3c143a28","12",".flash.rodata","esp-idf/lwip/liblwip.a(sockets.c.obj)"
"__func__.17","0x3c143a34","19",".flash.rodata","esp-idf/lwip/liblwip.a(sockets.c.obj)"
"__func__.18","0x3c143a48","13",".flash.rodata","esp-idf/lwip/liblwip.a(sockets.c.obj)"
"__func__.19","0x3c143a58","14",".flash.rodata","esp-idf/lwip/liblwip.a(sockets.c.obj)"
"__func__.20","0x3c143a68","12",".flash.rodata","esp-idf/lwip/liblwip.a(sockets.c.obj)"
"__func__.0","0x3c143a74","24",".flash.rodata","esp-idf/lwip/liblwip.a(tcpip.c.obj)"
"__func__.1","0x3c143a8c","13",".flash.rodata","esp-idf/lwip/liblwip.a(tcpip.c.obj)"
"__func__.2","0x3c143a9c","11",".flash.rodata","esp-idf/lwip/liblwip.a(tcpip.c.obj)"
"__func__.6","0x3c143aa8","15",".flash.rodata","esp-idf/lwip/liblwip.a(tcpip.c.obj)"
"__func__.7","0x3c143ab8","24",".flash.rodata","esp-idf/lwip/liblwip.a(tcpip.c.obj)"
"__func__.8","0x3c143ad0","19",".flash.rodata","esp-idf/lwip/liblwip.a(tcpip.c.obj)"
"__func__.9","0x3c143ae4","15",".flash.rodata","esp-idf/lwip/liblwip.a(tcpip.c.obj)"
"__func__.10","0x3c143af4","12",".flash.rodata","esp-idf/lwip/liblwip.a(tcpip.c.obj)"
"__func__.0","0x3c143b00","22",".flash.rodata","esp-idf/lwip/liblwip.a(sntp.c.obj)"
"__func__.1","0x3c143b18","18",".flash.rodata","esp-idf/lwip/liblwip.a(sntp.c.obj)"
"__func__.2","0x3c143b2c","10",".flash.rodata","esp-idf/lwip/liblwip.a(sntp.c.obj)"
"__func__.0","0x3c143b38","9",".flash.rodata","esp-idf/lwip/liblwip.a(dns.c.obj)"
"__func__.1","0x3c143b44","16",".flash.rodata","esp-idf/lwip/liblwip.a(dns.c.obj)"
"dns_mquery_v4group","0x3c143b54","4",".flash.rodata","esp-idf/lwip/liblwip.a(dns.c.obj)"
"__func__.0","0x3c143b58","9",".flash.rodata","esp-idf/lwip/liblwip.a(mem.c.obj)"
"__func__.1","0x3c143b64","11",".flash.rodata","esp-idf/lwip/liblwip.a(mem.c.obj)"
"__func__.0","0x3c143b70","18",".flash.rodata","esp-idf/lwip/liblwip.a(memp.c.obj)"
"__func__.2","0x3c143b84","20",".flash.rodata","esp-idf/lwip/liblwip.a(memp.c.obj)"
"memp_pools","0x3c143b98","60",".flash.rodata","esp-idf/lwip/liblwip.a(memp.c.obj)"
"memp_PBUF_POOL","0x3c143bd4","2",".flash.rodata","esp-idf/lwip/liblwip.a(memp.c.obj)"
"memp_PBUF","0x3c143bd8","2",".flash.rodata","esp-idf/lwip/liblwip.a(memp.c.obj)"
"memp_NETDB","0x3c143bdc","2",".flash.rodata","esp-idf/lwip/liblwip.a(memp.c.obj)"
"memp_SYS_TIMEOUT","0x3c143be0","2",".flash.rodata","esp-idf/lwip/liblwip.a(memp.c.obj)"
"memp_IGMP_GROUP","0x3c143be4","2",".flash.rodata","esp-idf/lwip/liblwip.a(memp.c.obj)"
"memp_ARP_QUEUE","0x3c143be8","2",".flash.rodata","esp-idf/lwip/liblwip.a(memp.c.obj)"
"memp_TCPIP_MSG_INPKT","0x3c143bec","2",".flash.rodata","esp-idf/lwip/liblwip.a(memp.c.obj)"
"memp_TCPIP_MSG_API","0x3c143bf0","2",".flash.rodata","esp-idf/lwip/liblwip.a(memp.c.obj)"
"memp_NETCONN","0x3c143bf4","2",".flash.rodata","esp-idf/lwip/liblwip.a(memp.c.obj)"
"memp_NETBUF","0x3c143bf8","2",".flash.rodata","esp-idf/lwip/liblwip.a(memp.c.obj)"
"memp_TCP_SEG","0x3c143bfc","2",".flash.rodata","esp-idf/lwip/liblwip.a(memp.c.obj)"
"memp_TCP_PCB_LISTEN","0x3c143c00","2",".flash.rodata","esp-idf/lwip/liblwip.a(memp.c.obj)"
"memp_TCP_PCB","0x3c143c04","2",".flash.rodata","esp-idf/lwip/liblwip.a(memp.c.obj)"
"memp_UDP_PCB","0x3c143c08","2",".flash.rodata","esp-idf/lwip/liblwip.a(memp.c.obj)"
"memp_RAW_PCB","0x3c143c0c","2",".flash.rodata","esp-idf/lwip/liblwip.a(memp.c.obj)"
"__func__.1","0x3c143c10","26",".flash.rodata","esp-idf/lwip/liblwip.a(netif.c.obj)"
"__func__.2","0x3c143c2c","23",".flash.rodata","esp-idf/lwip/liblwip.a(netif.c.obj)"
"__func__.3","0x3c143c44","11",".flash.rodata","esp-idf/lwip/liblwip.a(netif.c.obj)"
"__func__.4","0x3c143c50","18",".flash.rodata","esp-idf/lwip/liblwip.a(netif.c.obj)"
"__func__.9","0x3c143c64","10",".flash.rodata","esp-idf/lwip/liblwip.a(netif.c.obj)"
"__func__.11","0x3c143c70","18",".flash.rodata","esp-idf/lwip/liblwip.a(netif.c.obj)"
"__func__.0","0x3c143c84","11",".flash.rodata","esp-idf/lwip/liblwip.a(pbuf.c.obj)"
"__func__.2","0x3c143c90","10",".flash.rodata","esp-idf/lwip/liblwip.a(pbuf.c.obj)"
"__func__.3","0x3c143c9c","23",".flash.rodata","esp-idf/lwip/liblwip.a(pbuf.c.obj)"
"__func__.5","0x3c143cb4","9",".flash.rodata","esp-idf/lwip/liblwip.a(pbuf.c.obj)"
"__func__.6","0x3c143cc0","9",".flash.rodata","esp-idf/lwip/liblwip.a(pbuf.c.obj)"
"__func__.7","0x3c143ccc","10",".flash.rodata","esp-idf/lwip/liblwip.a(pbuf.c.obj)"
"__func__.8","0x3c143cd8","19",".flash.rodata","esp-idf/lwip/liblwip.a(pbuf.c.obj)"
"__func__.9","0x3c143cec","21",".flash.rodata","esp-idf/lwip/liblwip.a(pbuf.c.obj)"
"__func__.10","0x3c143d04","13",".flash.rodata","esp-idf/lwip/liblwip.a(pbuf.c.obj)"
"__func__.11","0x3c143d14","21",".flash.rodata","esp-idf/lwip/liblwip.a(pbuf.c.obj)"
"__func__.12","0x3c143d2c","11",".flash.rodata","esp-idf/lwip/liblwip.a(pbuf.c.obj)"
"__func__.0","0x3c143d38","18",".flash.rodata","esp-idf/lwip/liblwip.a(raw.c.obj)"
"__func__.1","0x3c143d4c","10",".flash.rodata","esp-idf/lwip/liblwip.a(raw.c.obj)"
"__func__.1","0x3c143d58","23",".flash.rodata","esp-idf/lwip/liblwip.a(tcp.c.obj)"
"__func__.2","0x3c143d70","13",".flash.rodata","esp-idf/lwip/liblwip.a(tcp.c.obj)"
"__func__.3","0x3c143d80","15",".flash.rodata","esp-idf/lwip/liblwip.a(tcp.c.obj)"
"__func__.4","0x3c143d90","9",".flash.rodata","esp-idf/lwip/liblwip.a(tcp.c.obj)"
"__func__.5","0x3c143d9c","8",".flash.rodata","esp-idf/lwip/liblwip.a(tcp.c.obj)"
"__func__.6","0x3c143da4","9",".flash.rodata","esp-idf/lwip/liblwip.a(tcp.c.obj)"
"__func__.7","0x3c143db0","9",".flash.rodata","esp-idf/lwip/liblwip.a(tcp.c.obj)"
"__func__.8","0x3c143dbc","13",".flash.rodata","esp-idf/lwip/liblwip.a(tcp.c.obj)"
"__func__.9","0x3c143dcc","12",".flash.rodata","esp-idf/lwip/liblwip.a(tcp.c.obj)"
"__func__.10","0x3c143dd8","11",".flash.rodata","esp-idf/lwip/liblwip.a(tcp.c.obj)"
"__func__.11","0x3c143de4","23",".flash.rodata","esp-idf/lwip/liblwip.a(tcp.c.obj)"
"__func__.12","0x3c143dfc","16",".flash.rodata","esp-idf/lwip/liblwip.a(tcp.c.obj)"
"__func__.13","0x3c143e0c","32",".flash.rodata","esp-idf/lwip/liblwip.a(tcp.c.obj)"
"__func__.14","0x3c143e2c","12",".flash.rodata","esp-idf/lwip/liblwip.a(tcp.c.obj)"
"__func__.15","0x3c143e38","23",".flash.rodata","esp-idf/lwip/liblwip.a(tcp.c.obj)"
"__func__.16","0x3c143e50","16",".flash.rodata","esp-idf/lwip/liblwip.a(tcp.c.obj)"
"__func__.19","0x3c143e60","19",".flash.rodata","esp-idf/lwip/liblwip.a(tcp.c.obj)"
"__func__.20","0x3c143e74","21",".flash.rodata","esp-idf/lwip/liblwip.a(tcp.c.obj)"
"__func__.21","0x3c143e8c","20",".flash.rodata","esp-idf/lwip/liblwip.a(tcp.c.obj)"
"__func__.22","0x3c143ea0","9",".flash.rodata","esp-idf/lwip/liblwip.a(tcp.c.obj)"
"tcp_pcb_lists","0x3c143eac","16",".flash.rodata","esp-idf/lwip/liblwip.a(tcp.c.obj)"
"tcp_persist_backoff","0x3c143ebc","7",".flash.rodata","esp-idf/lwip/liblwip.a(tcp.c.obj)"
"tcp_backoff","0x3c143ec4","13",".flash.rodata","esp-idf/lwip/liblwip.a(tcp.c.obj)"
"__func__.2","0x3c143ed4","24",".flash.rodata","esp-idf/lwip/liblwip.a(tcp_in.c.obj)"
"__func__.3","0x3c143eec","12",".flash.rodata","esp-idf/lwip/liblwip.a(tcp_in.c.obj)"
"__func__.4","0x3c143ef8","12",".flash.rodata","esp-idf/lwip/liblwip.a(tcp_in.c.obj)"
"__func__.8","0x3c143f04","10",".flash.rodata","esp-idf/lwip/liblwip.a(tcp_in.c.obj)"
"__func__.0","0x3c143f10","22",".flash.rodata","esp-idf/lwip/liblwip.a(tcp_out.c.obj)"
"__func__.1","0x3c143f28","14",".flash.rodata","esp-idf/lwip/liblwip.a(tcp_out.c.obj)"
"__func__.3","0x3c143f38","19",".flash.rodata","esp-idf/lwip/liblwip.a(tcp_out.c.obj)"
"__func__.7","0x3c143f4c","31",".flash.rodata","esp-idf/lwip/liblwip.a(tcp_out.c.obj)"
"__func__.8","0x3c143f6c","15",".flash.rodata","esp-idf/lwip/liblwip.a(tcp_out.c.obj)"
"__func__.9","0x3c143f7c","16",".flash.rodata","esp-idf/lwip/liblwip.a(tcp_out.c.obj)"
"__func__.10","0x3c143f8c","11",".flash.rodata","esp-idf/lwip/liblwip.a(tcp_out.c.obj)"
"__func__.11","0x3c143f98","15",".flash.rodata","esp-idf/lwip/liblwip.a(tcp_out.c.obj)"
"__func__.12","0x3c143fa8","22",".flash.rodata","esp-idf/lwip/liblwip.a(tcp_out.c.obj)"
"__func__.13","0x3c143fc0","23",".flash.rodata","esp-idf/lwip/liblwip.a(tcp_out.c.obj)"
"__func__.15","0x3c143fd8","19",".flash.rodata","esp-idf/lwip/liblwip.a(tcp_out.c.obj)"
"__func__.16","0x3c143fec","11",".flash.rodata","esp-idf/lwip/liblwip.a(tcp_out.c.obj)"
"__func__.17","0x3c143ff8","18",".flash.rodata","esp-idf/lwip/liblwip.a(tcp_out.c.obj)"
"__func__.18","0x3c14400c","13",".flash.rodata","esp-idf/lwip/liblwip.a(tcp_out.c.obj)"
"__func__.19","0x3c14401c","21",".flash.rodata","esp-idf/lwip/liblwip.a(tcp_out.c.obj)"
"__func__.20","0x3c144034","19",".flash.rodata","esp-idf/lwip/liblwip.a(tcp_out.c.obj)"
"__func__.21","0x3c144048","18",".flash.rodata","esp-idf/lwip/liblwip.a(tcp_out.c.obj)"
"__func__.22","0x3c14405c","17",".flash.rodata","esp-idf/lwip/liblwip.a(tcp_out.c.obj)"
"__func__.23","0x3c144070","10",".flash.rodata","esp-idf/lwip/liblwip.a(tcp_out.c.obj)"
"__func__.1","0x3c14407c","12",".flash.rodata","esp-idf/lwip/liblwip.a(timeouts.c.obj)"
"__func__.2","0x3c144088","16",".flash.rodata","esp-idf/lwip/liblwip.a(timeouts.c.obj)"
"lwip_cyclic_timers","0x3c144098","24",".flash.rodata","esp-idf/lwip/liblwip.a(timeouts.c.obj)"
"__func__.0","0x3c1440b0","18",".flash.rodata","esp-idf/lwip/liblwip.a(udp.c.obj)"
"__func__.1","0x3c1440c4","22",".flash.rodata","esp-idf/lwip/liblwip.a(udp.c.obj)"
"__func__.2","0x3c1440dc","10",".flash.rodata","esp-idf/lwip/liblwip.a(udp.c.obj)"
"__func__.0","0x3c1440e8","29",".flash.rodata","esp-idf/lwip/liblwip.a(dhcp.c.obj)"
"__func__.1","0x3c144108","17",".flash.rodata","esp-idf/lwip/liblwip.a(dhcp.c.obj)"
"__func__.2","0x3c14411c","22",".flash.rodata","esp-idf/lwip/liblwip.a(dhcp.c.obj)"
"__func__.3","0x3c144134","22",".flash.rodata","esp-idf/lwip/liblwip.a(dhcp.c.obj)"
"__func__.4","0x3c14414c","23",".flash.rodata","esp-idf/lwip/liblwip.a(dhcp.c.obj)"
"__func__.5","0x3c144164","13",".flash.rodata","esp-idf/lwip/liblwip.a(dhcp.c.obj)"
"__func__.7","0x3c144174","17",".flash.rodata","esp-idf/lwip/liblwip.a(dhcp.c.obj)"
"__func__.8","0x3c144188","21",".flash.rodata","esp-idf/lwip/liblwip.a(dhcp.c.obj)"
"__func__.9","0x3c1441a0","17",".flash.rodata","esp-idf/lwip/liblwip.a(dhcp.c.obj)"
"__func__.10","0x3c1441b4","12",".flash.rodata","esp-idf/lwip/liblwip.a(dhcp.c.obj)"
"__func__.13","0x3c1441c0","16",".flash.rodata","esp-idf/lwip/liblwip.a(dhcp.c.obj)"
"dhcp_discover_request_options","0x3c1441d0","4",".flash.rodata","esp-idf/lwip/liblwip.a(dhcp.c.obj)"
"__func__.0","0x3c1441d4","13",".flash.rodata","esp-idf/lwip/liblwip.a(etharp.c.obj)"
"__func__.1","0x3c1441e4","27",".flash.rodata","esp-idf/lwip/liblwip.a(etharp.c.obj)"
"__func__.2","0x3c144200","14",".flash.rodata","esp-idf/lwip/liblwip.a(etharp.c.obj)"
"__func__.3","0x3c144210","11",".flash.rodata","esp-idf/lwip/liblwip.a(etharp.c.obj)"
"__func__.6","0x3c14421c","18",".flash.rodata","esp-idf/lwip/liblwip.a(etharp.c.obj)"
"__func__.7","0x3c144230","24",".flash.rodata","esp-idf/lwip/liblwip.a(etharp.c.obj)"
"__func__.8","0x3c144248","14",".flash.rodata","esp-idf/lwip/liblwip.a(etharp.c.obj)"
"__func__.0","0x3c144258","19",".flash.rodata","esp-idf/lwip/liblwip.a(icmp.c.obj)"
"__func__.1","0x3c14426c","11",".flash.rodata","esp-idf/lwip/liblwip.a(icmp.c.obj)"
"__func__.0","0x3c144278","10",".flash.rodata","esp-idf/lwip/liblwip.a(igmp.c.obj)"
"__func__.1","0x3c144284","18",".flash.rodata","esp-idf/lwip/liblwip.a(igmp.c.obj)"
"__func__.1","0x3c144298","22",".flash.rodata","esp-idf/lwip/liblwip.a(ip4.c.obj)"
"__func__.1","0x3c1442b0","13",".flash.rodata","esp-idf/lwip/liblwip.a(ip4_addr.c.obj)"
"ip_addr_broadcast","0x3c1442c0","4",".flash.rodata","esp-idf/lwip/liblwip.a(ip4_addr.c.obj)"
"ip_addr_any","0x3c1442c4","4",".flash.rodata","esp-idf/lwip/liblwip.a(ip4_addr.c.obj)"
"__func__.0","0x3c1442c8","9",".flash.rodata","esp-idf/lwip/liblwip.a(ip4_frag.c.obj)"
"__func__.0","0x3c1442d4","16",".flash.rodata","esp-idf/lwip/liblwip.a(ethernet.c.obj)"
"ethzero","0x3c1442e4","6",".flash.rodata","esp-idf/lwip/liblwip.a(ethernet.c.obj)"
"ethbroadcast","0x3c1442ec","6",".flash.rodata","esp-idf/lwip/liblwip.a(ethernet.c.obj)"
"__func__.0","0x3c1442f4","17",".flash.rodata","esp-idf/lwip/liblwip.a(sys_arch.c.obj)"
"__func__.2","0x3c144308","14",".flash.rodata","esp-idf/lwip/liblwip.a(sys_arch.c.obj)"
"__func__.3","0x3c144318","23",".flash.rodata","esp-idf/lwip/liblwip.a(sys_arch.c.obj)"
"__func__.4","0x3c144330","20",".flash.rodata","esp-idf/lwip/liblwip.a(sys_arch.c.obj)"
"__func__.6","0x3c144344","14",".flash.rodata","esp-idf/lwip/liblwip.a(sys_arch.c.obj)"
"__func__.7","0x3c144354","18",".flash.rodata","esp-idf/lwip/liblwip.a(sys_arch.c.obj)"
"__func__.8","0x3c144368","15",".flash.rodata","esp-idf/lwip/liblwip.a(sys_arch.c.obj)"
"__func__.9","0x3c144378","12",".flash.rodata","esp-idf/lwip/liblwip.a(sys_arch.c.obj)"
"__func__.10","0x3c144384","17",".flash.rodata","esp-idf/lwip/liblwip.a(sys_arch.c.obj)"
"__func__.11","0x3c144398","15",".flash.rodata","esp-idf/lwip/liblwip.a(sys_arch.c.obj)"
"__func__.0","0x3c1443a8","30",".flash.rodata","esp-idf/lwip/liblwip.a(vfs_lwip.c.obj)"
"s_lwip_vfs.1","0x3c1443c8","48",".flash.rodata","esp-idf/lwip/liblwip.a(vfs_lwip.c.obj)"
"__func__.1","0x3c1443f8","29",".flash.rodata","esp-idf/lwip/liblwip.a(api_lib.c.obj)"
"__func__.3","0x3c144418","18",".flash.rodata","esp-idf/lwip/liblwip.a(api_lib.c.obj)"
"__func__.4","0x3c14442c","36",".flash.rodata","esp-idf/lwip/liblwip.a(api_lib.c.obj)"
"__func__.0","0x3c144450","22",".flash.rodata","esp-idf/lwip/liblwip.a(api_msg.c.obj)"
"__func__.1","0x3c144468","24",".flash.rodata","esp-idf/lwip/liblwip.a(api_msg.c.obj)"
"__func__.2","0x3c144480","22",".flash.rodata","esp-idf/lwip/liblwip.a(api_msg.c.obj)"
"__func__.3","0x3c144498","16",".flash.rodata","esp-idf/lwip/liblwip.a(api_msg.c.obj)"
"__func__.4","0x3c1444a8","23",".flash.rodata","esp-idf/lwip/liblwip.a(api_msg.c.obj)"
"__func__.5","0x3c1444c0","26",".flash.rodata","esp-idf/lwip/liblwip.a(api_msg.c.obj)"
"__func__.6","0x3c1444dc","24",".flash.rodata","esp-idf/lwip/liblwip.a(api_msg.c.obj)"
"__func__.7","0x3c1444f4","14",".flash.rodata","esp-idf/lwip/liblwip.a(api_msg.c.obj)"
"__func__.8","0x3c144504","13",".flash.rodata","esp-idf/lwip/liblwip.a(api_msg.c.obj)"
"__func__.9","0x3c144514","14",".flash.rodata","esp-idf/lwip/liblwip.a(api_msg.c.obj)"
"__func__.10","0x3c144524","9",".flash.rodata","esp-idf/lwip/liblwip.a(api_msg.c.obj)"
"__func__.11","0x3c144530","9",".flash.rodata","esp-idf/lwip/liblwip.a(api_msg.c.obj)"
"__func__.12","0x3c14453c","31",".flash.rodata","esp-idf/lwip/liblwip.a(api_msg.c.obj)"
"__func__.13","0x3c14455c","26",".flash.rodata","esp-idf/lwip/liblwip.a(api_msg.c.obj)"
"__func__.14","0x3c144578","9",".flash.rodata","esp-idf/lwip/liblwip.a(api_msg.c.obj)"
"__func__.15","0x3c144584","24",".flash.rodata","esp-idf/lwip/liblwip.a(api_msg.c.obj)"
"__func__.16","0x3c14459c","8",".flash.rodata","esp-idf/lwip/liblwip.a(api_msg.c.obj)"
"__func__.17","0x3c1445a4","9",".flash.rodata","esp-idf/lwip/liblwip.a(api_msg.c.obj)"
"__func__.19","0x3c1445b0","24",".flash.rodata","esp-idf/lwip/liblwip.a(api_msg.c.obj)"
"netconn_closed","0x3c1445c8","1",".flash.rodata","esp-idf/lwip/liblwip.a(api_msg.c.obj)"
"netconn_reset","0x3c1445c9","1",".flash.rodata","esp-idf/lwip/liblwip.a(api_msg.c.obj)"
"netconn_aborted","0x3c1445ca","1",".flash.rodata","esp-idf/lwip/liblwip.a(api_msg.c.obj)"
"netconn_deleted","0x3c1445cb","1",".flash.rodata","esp-idf/lwip/liblwip.a(api_msg.c.obj)"
"err_to_errno_table","0x3c1445cc","68",".flash.rodata","esp-idf/lwip/liblwip.a(err.c.obj)"
"__func__.0","0x3c144610","13",".flash.rodata","esp-idf/lwip/liblwip.a(netbuf.c.obj)"
"__func__.0","0x3c144620","34",".flash.rodata","esp-idf/esp_netif/libesp_netif.a(esp_netif_objects.c.obj)"
"IP_EVENT","0x3c144644","4",".flash.rodata","esp-idf/esp_netif/libesp_netif.a(esp_netif_objects.c.obj)"
"__func__.0","0x3c144648","20",".flash.rodata","esp-idf/esp_netif/libesp_netif.a(esp_netif_lwip.c.obj)"
"g_wifi_default_wpa_crypto_funcs","0x3c14465c","44",".flash.rodata","esp-idf/wpa_supplicant/libwpa_supplicant.a(crypto_ops.c.obj)"
"WIFI_EVENT","0x3c144688","4",".flash.rodata","esp-idf/esp_wifi/libesp_wifi.a(wifi_init.c.obj)"
"__func__.2","0x3c14468c","34",".flash.rodata","esp-idf/esp_wifi/libesp_wifi.a(wifi_default.c.obj)"
"__func__.3","0x3c1446b0","33",".flash.rodata","esp-idf/esp_wifi/libesp_wifi.a(wifi_default.c.obj)"
"i2c_periph_signal","0x3c1446d4","12",".flash.rodata","esp-idf/esp_hal_i2c/libesp_hal_i2c.a(i2c_periph.c.obj)"
"__func__.1","0x3c1446e0","13",".flash.rodata","esp-idf/esp_http_client/libesp_http_client.a(esp_http_client.c.obj)"
"HTTP_METHOD_MAPPING","0x3c1446f0","72",".flash.rodata","esp-idf/esp_http_client/libesp_http_client.a(esp_http_client.c.obj)"
"tls_id_match_table","0x3c144738","120",".flash.rodata","esp-idf/mbedtls/mbedtls/library/libmbedtls.a(ssl_tls.c.obj)"
"ssl_preset_suiteb_groups","0x3c1447b0","6",".flash.rodata","esp-idf/mbedtls/mbedtls/library/libmbedtls.a(ssl_tls.c.obj)"
"ssl_tls12_preset_suiteb_sig_algs","0x3c1447b8","6",".flash.rodata","esp-idf/mbedtls/mbedtls/library/libmbedtls.a(ssl_tls.c.obj)"
"ssl_tls12_preset_default_sig_algs","0x3c1447c0","20",".flash.rodata","esp-idf/mbedtls/mbedtls/library/libmbedtls.a(ssl_tls.c.obj)"
"ssl_preset_default_sig_algs","0x3c1447d4","20",".flash.rodata","esp-idf/mbedtls/mbedtls/library/libmbedtls.a(ssl_tls.c.obj)"
"ssl_preset_suiteb_ciphersuites","0x3c1447e8","12",".flash.rodata","esp-idf/mbedtls/mbedtls/library/libmbedtls.a(ssl_tls.c.obj)"
"ssl_preset_default_groups","0x3c1447f4","28",".flash.rodata","esp-idf/mbedtls/mbedtls/library/libmbedtls.a(ssl_tls.c.obj)"
"psa_to_ssl_errors","0x3c144810","28",".flash.rodata","esp-idf/mbedtls/mbedtls/library/libmbedtls.a(ssl_tls.c.obj)"
"ciphersuite_definitions","0x3c144830","272",".flash.rodata","esp-idf/mbedtls/mbedtls/library/libmbedtls.a(ssl_ciphersuites.c.obj)"
"ciphersuite_preference","0x3c144940","288",".flash.rodata","esp-idf/mbedtls/mbedtls/library/libmbedtls.a(ssl_ciphersuites.c.obj)"
"mbedtls_x509_crt_profile_suiteb","0x3c144a60","16",".flash.rodata","esp-idf/mbedtls/mbedtls/library/libmbedx509.a(x509_crt.c.obj)"
"mbedtls_x509_crt_profile_default","0x3c144a70","16",".flash.rodata","esp-idf/mbedtls/mbedtls/library/libmbedx509.a(x509_crt.c.obj)"
"oid_md_alg","0x3c144a90","140",".flash.rodata","esp-idf/mbedtls/mbedtls/library/libmbedx509.a(x509_oid.c.obj)"
"oid_sig_alg","0x3c144b1c","336",".flash.rodata","esp-idf/mbedtls/mbedtls/library/libmbedx509.a(x509_oid.c.obj)"
"oid_x509_ext","0x3c144c6c","180",".flash.rodata","esp-idf/mbedtls/mbedtls/library/libmbedx509.a(x509_oid.c.obj)"
"small_prime_gaps","0x3c144d20","167",".flash.rodata","esp-idf/mbedtls/mbedtls/tf-psa-crypto/core/libtfpsacrypto.a(bignum.c.obj)"
"psa_to_pk_ecdsa_errors","0x3c144dc8","28",".flash.rodata","esp-idf/mbedtls/mbedtls/tf-psa-crypto/core/libtfpsacrypto.a(psa_util_internal.c.obj)"
"psa_to_pk_rsa_errors","0x3c144de4","32",".flash.rodata","esp-idf/mbedtls/mbedtls/tf-psa-crypto/core/libtfpsacrypto.a(psa_util_internal.c.obj)"
"psa_to_md_errors","0x3c144e04","16",".flash.rodata","esp-idf/mbedtls/mbedtls/tf-psa-crypto/core/libtfpsacrypto.a(psa_util_internal.c.obj)"
"mbedtls_sha512_info","0x3c144e14","8",".flash.rodata","esp-idf/mbedtls/mbedtls/tf-psa-crypto/core/libtfpsacrypto.a(md.c.obj)"
"mbedtls_sha384_info","0x3c144e1c","8",".flash.rodata","esp-idf/mbedtls/mbedtls/tf-psa-crypto/core/libtfpsacrypto.a(md.c.obj)"
"mbedtls_sha256_info","0x3c144e24","8",".flash.rodata","esp-idf/mbedtls/mbedtls/tf-psa-crypto/core/libtfpsacrypto.a(md.c.obj)"
"mbedtls_sha224_info","0x3c144e2c","8",".flash.rodata","esp-idf/mbedtls/mbedtls/tf-psa-crypto/core/libtfpsacrypto.a(md.c.obj)"
"mbedtls_sha1_info","0x3c144e34","8",".flash.rodata","esp-idf/mbedtls/mbedtls/tf-psa-crypto/core/libtfpsacrypto.a(md.c.obj)"
"mbedtls_md5_info","0x3c144e3c","8",".flash.rodata","esp-idf/mbedtls/mbedtls/tf-psa-crypto/core/libtfpsacrypto.a(md.c.obj)"
"mbedtls_rsa_opaque_info","0x3c144e44","20",".flash.rodata","esp-idf/mbedtls/mbedtls/tf-psa-crypto/core/libtfpsacrypto.a(pk_wrap.c.obj)"
"mbedtls_ecdsa_opaque_info","0x3c144e58","20",".flash.rodata","esp-idf/mbedtls/mbedtls/tf-psa-crypto/core/libtfpsacrypto.a(pk_wrap.c.obj)"
"mbedtls_ecdsa_info","0x3c144e6c","20",".flash.rodata","esp-idf/mbedtls/mbedtls/tf-psa-crypto/core/libtfpsacrypto.a(pk_wrap.c.obj)"
"mbedtls_eckeydh_info","0x3c144e80","20",".flash.rodata","esp-idf/mbedtls/mbedtls/tf-psa-crypto/core/libtfpsacrypto.a(pk_wrap.c.obj)"
"mbedtls_eckey_info","0x3c144e94","20",".flash.rodata","esp-idf/mbedtls/mbedtls/tf-psa-crypto/core/libtfpsacrypto.a(pk_wrap.c.obj)"
"mbedtls_rsa_info","0x3c144ea8","20",".flash.rodata","esp-idf/mbedtls/mbedtls/tf-psa-crypto/core/libtfpsacrypto.a(pk_wrap.c.obj)"
"memset_func","0x3c144ebc","4",".flash.rodata","esp-idf/mbedtls/mbedtls/tf-psa-crypto/core/libtfpsacrypto.a(platform_util.c.obj)"
"oid_md_alg","0x3c144ec0","84",".flash.rodata","esp-idf/mbedtls/mbedtls/tf-psa-crypto/core/libtfpsacrypto.a(oid.c.obj)"
"oid_cipher_alg","0x3c144f14","48",".flash.rodata","esp-idf/mbedtls/mbedtls/tf-psa-crypto/core/libtfpsacrypto.a(oid.c.obj)"
"oid_md_hmac","0x3c144f44","72",".flash.rodata","esp-idf/mbedtls/mbedtls/tf-psa-crypto/core/libtfpsacrypto.a(oid.c.obj)"
"oid_ecp_grp_algid","0x3c144f8c","36",".flash.rodata","esp-idf/mbedtls/mbedtls/tf-psa-crypto/core/libtfpsacrypto.a(oid.c.obj)"
"oid_ecp_grp","0x3c144fb0","96",".flash.rodata","esp-idf/mbedtls/mbedtls/tf-psa-crypto/core/libtfpsacrypto.a(oid.c.obj)"
"oid_pk_alg","0x3c145010","48",".flash.rodata","esp-idf/mbedtls/mbedtls/tf-psa-crypto/core/libtfpsacrypto.a(oid.c.obj)"
"default_custom_production","0x3c145058","4",".flash.rodata","esp-idf/mbedtls/mbedtls/tf-psa-crypto/core/libtfpsacrypto.a(psa_crypto.c.obj)"
"base32_alphabet.0","0x3c145064","33",".flash.rodata","esp-idf/mbedtls/mbedtls/tf-psa-crypto/core/libtfpsacrypto.a(esp_psa_its.c.obj)"
"sha256_padding","0x3c145088","64",".flash.rodata","esp-idf/mbedtls/mbedtls/tf-psa-crypto/core/libtfpsacrypto.a(psa_crypto_driver_esp_sha256.c.obj)"
"sha1_padding","0x3c1450c8","64",".flash.rodata","esp-idf/mbedtls/mbedtls/tf-psa-crypto/core/libtfpsacrypto.a(psa_crypto_driver_esp_sha1.c.obj)"
"__func__.0","0x3c145108","28",".flash.rodata","esp-idf/mbedtls/mbedtls/tf-psa-crypto/core/libtfpsacrypto.a(sha.c.obj)"
"oid_md_table","0x3c145124","84",".flash.rodata","esp-idf/mbedtls/mbedtls/tf-psa-crypto/core/libtfpsacrypto.a(psa_crypto_driver_esp_rsa_ds_utilities.c.obj)"
"__func__.0","0x3c145178","31",".flash.rodata","esp-idf/mbedtls/mbedtls/tf-psa-crypto/core/libtfpsacrypto.a(esp_bignum.c.obj)"
"__func__.0","0x3c145198","26",".flash.rodata","esp-idf/mbedtls/mbedtls/tf-psa-crypto/core/libtfpsacrypto.a(bignum_alt.c.obj)"
"round_constants","0x3c1451b4","40",".flash.rodata","esp-idf/mbedtls/mbedtls/tf-psa-crypto/core/libtfpsacrypto.a(aes.c.obj)"
"RT3","0x3c1451dc","1024",".flash.rodata","esp-idf/mbedtls/mbedtls/tf-psa-crypto/core/libtfpsacrypto.a(aes.c.obj)"
"RT2","0x3c1455dc","1024",".flash.rodata","esp-idf/mbedtls/mbedtls/tf-psa-crypto/core/libtfpsacrypto.a(aes.c.obj)"
"RT1","0x3c1459dc","1024",".flash.rodata","esp-idf/mbedtls/mbedtls/tf-psa-crypto/core/libtfpsacrypto.a(aes.c.obj)"
"RT0","0x3c145ddc","1024",".flash.rodata","esp-idf/mbedtls/mbedtls/tf-psa-crypto/core/libtfpsacrypto.a(aes.c.obj)"
"RSb","0x3c1461dc","256",".flash.rodata","esp-idf/mbedtls/mbedtls/tf-psa-crypto/core/libtfpsacrypto.a(aes.c.obj)"
"FT3","0x3c1462dc","1024",".flash.rodata","esp-idf/mbedtls/mbedtls/tf-psa-crypto/core/libtfpsacrypto.a(aes.c.obj)"
"FT2","0x3c1466dc","1024",".flash.rodata","esp-idf/mbedtls/mbedtls/tf-psa-crypto/core/libtfpsacrypto.a(aes.c.obj)"
"FT1","0x3c146adc","1024",".flash.rodata","esp-idf/mbedtls/mbedtls/tf-psa-crypto/core/libtfpsacrypto.a(aes.c.obj)"
"FT0","0x3c146edc","1024",".flash.rodata","esp-idf/mbedtls/mbedtls/tf-psa-crypto/core/libtfpsacrypto.a(aes.c.obj)"
"FSb","0x3c1472dc","256",".flash.rodata","esp-idf/mbedtls/mbedtls/tf-psa-crypto/core/libtfpsacrypto.a(aes.c.obj)"
"mbedtls_cipher_base_lookup_table","0x3c1473dc","16",".flash.rodata","esp-idf/mbedtls/mbedtls/tf-psa-crypto/core/libtfpsacrypto.a(cipher_wrap.c.obj)"
"mbedtls_cipher_definitions","0x3c1473ec","216",".flash.rodata","esp-idf/mbedtls/mbedtls/tf-psa-crypto/core/libtfpsacrypto.a(cipher_wrap.c.obj)"
"aes_256_ccm_star_no_tag_info","0x3c1474c4","8",".flash.rodata","esp-idf/mbedtls/mbedtls/tf-psa-crypto/core/libtfpsacrypto.a(cipher_wrap.c.obj)"
"aes_192_ccm_star_no_tag_info","0x3c1474cc","8",".flash.rodata","esp-idf/mbedtls/mbedtls/tf-psa-crypto/core/libtfpsacrypto.a(cipher_wrap.c.obj)"
"aes_128_ccm_star_no_tag_info","0x3c1474d4","8",".flash.rodata","esp-idf/mbedtls/mbedtls/tf-psa-crypto/core/libtfpsacrypto.a(cipher_wrap.c.obj)"
"aes_256_ccm_info","0x3c1474dc","8",".flash.rodata","esp-idf/mbedtls/mbedtls/tf-psa-crypto/core/libtfpsacrypto.a(cipher_wrap.c.obj)"
"aes_192_ccm_info","0x3c1474e4","8",".flash.rodata","esp-idf/mbedtls/mbedtls/tf-psa-crypto/core/libtfpsacrypto.a(cipher_wrap.c.obj)"
"aes_128_ccm_info","0x3c1474ec","8",".flash.rodata","esp-idf/mbedtls/mbedtls/tf-psa-crypto/core/libtfpsacrypto.a(cipher_wrap.c.obj)"
"ccm_aes_info","0x3c1474f4","44",".flash.rodata","esp-idf/mbedtls/mbedtls/tf-psa-crypto/core/libtfpsacrypto.a(cipher_wrap.c.obj)"
"aes_256_gcm_info","0x3c147520","8",".flash.rodata","esp-idf/mbedtls/mbedtls/tf-psa-crypto/core/libtfpsacrypto.a(cipher_wrap.c.obj)"
"aes_192_gcm_info","0x3c147528","8",".flash.rodata","esp-idf/mbedtls/mbedtls/tf-psa-crypto/core/libtfpsacrypto.a(cipher_wrap.c.obj)"
"aes_128_gcm_info","0x3c147530","8",".flash.rodata","esp-idf/mbedtls/mbedtls/tf-psa-crypto/core/libtfpsacrypto.a(cipher_wrap.c.obj)"
"gcm_aes_info","0x3c147538","44",".flash.rodata","esp-idf/mbedtls/mbedtls/tf-psa-crypto/core/libtfpsacrypto.a(cipher_wrap.c.obj)"
"aes_256_xts_info","0x3c147564","8",".flash.rodata","esp-idf/mbedtls/mbedtls/tf-psa-crypto/core/libtfpsacrypto.a(cipher_wrap.c.obj)"
"aes_128_xts_info","0x3c14756c","8",".flash.rodata","esp-idf/mbedtls/mbedtls/tf-psa-crypto/core/libtfpsacrypto.a(cipher_wrap.c.obj)"
"xts_aes_info","0x3c147574","44",".flash.rodata","esp-idf/mbedtls/mbedtls/tf-psa-crypto/core/libtfpsacrypto.a(cipher_wrap.c.obj)"
"aes_256_ctr_info","0x3c1475a0","8",".flash.rodata","esp-idf/mbedtls/mbedtls/tf-psa-crypto/core/libtfpsacrypto.a(cipher_wrap.c.obj)"
"aes_192_ctr_info","0x3c1475a8","8",".flash.rodata","esp-idf/mbedtls/mbedtls/tf-psa-crypto/core/libtfpsacrypto.a(cipher_wrap.c.obj)"
"aes_128_ctr_info","0x3c1475b0","8",".flash.rodata","esp-idf/mbedtls/mbedtls/tf-psa-crypto/core/libtfpsacrypto.a(cipher_wrap.c.obj)"
"aes_256_ofb_info","0x3c1475b8","8",".flash.rodata","esp-idf/mbedtls/mbedtls/tf-psa-crypto/core/libtfpsacrypto.a(cipher_wrap.c.obj)"
"aes_192_ofb_info","0x3c1475c0","8",".flash.rodata","esp-idf/mbedtls/mbedtls/tf-psa-crypto/core/libtfpsacrypto.a(cipher_wrap.c.obj)"
"aes_128_ofb_info","0x3c1475c8","8",".flash.rodata","esp-idf/mbedtls/mbedtls/tf-psa-crypto/core/libtfpsacrypto.a(cipher_wrap.c.obj)"
"aes_256_cfb128_info","0x3c1475d0","8",".flash.rodata","esp-idf/mbedtls/mbedtls/tf-psa-crypto/core/libtfpsacrypto.a(cipher_wrap.c.obj)"
"aes_192_cfb128_info","0x3c1475d8","8",".flash.rodata","esp-idf/mbedtls/mbedtls/tf-psa-crypto/core/libtfpsacrypto.a(cipher_wrap.c.obj)"
"aes_128_cfb128_info","0x3c1475e0","8",".flash.rodata","esp-idf/mbedtls/mbedtls/tf-psa-crypto/core/libtfpsacrypto.a(cipher_wrap.c.obj)"
"aes_256_cbc_info","0x3c1475e8","8",".flash.rodata","esp-idf/mbedtls/mbedtls/tf-psa-crypto/core/libtfpsacrypto.a(cipher_wrap.c.obj)"
"aes_192_cbc_info","0x3c1475f0","8",".flash.rodata","esp-idf/mbedtls/mbedtls/tf-psa-crypto/core/libtfpsacrypto.a(cipher_wrap.c.obj)"
"aes_128_cbc_info","0x3c1475f8","8",".flash.rodata","esp-idf/mbedtls/mbedtls/tf-psa-crypto/core/libtfpsacrypto.a(cipher_wrap.c.obj)"
"aes_256_ecb_info","0x3c147600","8",".flash.rodata","esp-idf/mbedtls/mbedtls/tf-psa-crypto/core/libtfpsacrypto.a(cipher_wrap.c.obj)"
"aes_192_ecb_info","0x3c147608","8",".flash.rodata","esp-idf/mbedtls/mbedtls/tf-psa-crypto/core/libtfpsacrypto.a(cipher_wrap.c.obj)"
"aes_128_ecb_info","0x3c147610","8",".flash.rodata","esp-idf/mbedtls/mbedtls/tf-psa-crypto/core/libtfpsacrypto.a(cipher_wrap.c.obj)"
"aes_info","0x3c147618","44",".flash.rodata","esp-idf/mbedtls/mbedtls/tf-psa-crypto/core/libtfpsacrypto.a(cipher_wrap.c.obj)"
"ecp_x25519_bad_point_2","0x3c147644","8",".flash.rodata","esp-idf/mbedtls/mbedtls/tf-psa-crypto/core/libtfpsacrypto.a(ecp.c.obj)"
"ecp_x25519_bad_point_1","0x3c14764c","8",".flash.rodata","esp-idf/mbedtls/mbedtls/tf-psa-crypto/core/libtfpsacrypto.a(ecp.c.obj)"
"x25519_bad_point_2","0x3c147654","32",".flash.rodata","esp-idf/mbedtls/mbedtls/tf-psa-crypto/core/libtfpsacrypto.a(ecp.c.obj)"
"x25519_bad_point_1","0x3c147674","32",".flash.rodata","esp-idf/mbedtls/mbedtls/tf-psa-crypto/core/libtfpsacrypto.a(ecp.c.obj)"
"ecp_supported_curves","0x3c147694","120",".flash.rodata","esp-idf/mbedtls/mbedtls/tf-psa-crypto/core/libtfpsacrypto.a(ecp.c.obj)"
"Rp.0","0x3c14770c","8",".flash.rodata","esp-idf/mbedtls/mbedtls/tf-psa-crypto/core/libtfpsacrypto.a(ecp_curves.c.obj)"
"curve448_part_of_n","0x3c147714","28",".flash.rodata","esp-idf/mbedtls/mbedtls/tf-psa-crypto/core/libtfpsacrypto.a(ecp_curves.c.obj)"
"curve25519_part_of_n","0x3c147730","16",".flash.rodata","esp-idf/mbedtls/mbedtls/tf-psa-crypto/core/libtfpsacrypto.a(ecp_curves.c.obj)"
"brainpoolP512r1_n","0x3c147740","64",".flash.rodata","esp-idf/mbedtls/mbedtls/tf-psa-crypto/core/libtfpsacrypto.a(ecp_curves.c.obj)"
"brainpoolP512r1_gy","0x3c147780","64",".flash.rodata","esp-idf/mbedtls/mbedtls/tf-psa-crypto/core/libtfpsacrypto.a(ecp_curves.c.obj)"
"brainpoolP512r1_gx","0x3c1477c0","64",".flash.rodata","esp-idf/mbedtls/mbedtls/tf-psa-crypto/core/libtfpsacrypto.a(ecp_curves.c.obj)"
"brainpoolP512r1_b","0x3c147800","64",".flash.rodata","esp-idf/mbedtls/mbedtls/tf-psa-crypto/core/libtfpsacrypto.a(ecp_curves.c.obj)"
"brainpoolP512r1_a","0x3c147840","64",".flash.rodata","esp-idf/mbedtls/mbedtls/tf-psa-crypto/core/libtfpsacrypto.a(ecp_curves.c.obj)"
"brainpoolP512r1_p","0x3c147880","64",".flash.rodata","esp-idf/mbedtls/mbedtls/tf-psa-crypto/core/libtfpsacrypto.a(ecp_curves.c.obj)"
"brainpoolP384r1_n","0x3c1478c0","48",".flash.rodata","esp-idf/mbedtls/mbedtls/tf-psa-crypto/core/libtfpsacrypto.a(ecp_curves.c.obj)"
"brainpoolP384r1_gy","0x3c1478f0","48",".flash.rodata","esp-idf/mbedtls/mbedtls/tf-psa-crypto/core/libtfpsacrypto.a(ecp_curves.c.obj)"
"brainpoolP384r1_gx","0x3c147920","48",".flash.rodata","esp-idf/mbedtls/mbedtls/tf-psa-crypto/core/libtfpsacrypto.a(ecp_curves.c.obj)"
"brainpoolP384r1_b","0x3c147950","48",".flash.rodata","esp-idf/mbedtls/mbedtls/tf-psa-crypto/core/libtfpsacrypto.a(ecp_curves.c.obj)"
"brainpoolP384r1_a","0x3c147980","48",".flash.rodata","esp-idf/mbedtls/mbedtls/tf-psa-crypto/core/libtfpsacrypto.a(ecp_curves.c.obj)"
"brainpoolP384r1_p","0x3c1479b0","48",".flash.rodata","esp-idf/mbedtls/mbedtls/tf-psa-crypto/core/libtfpsacrypto.a(ecp_curves.c.obj)"
"brainpoolP256r1_n","0x3c1479e0","32",".flash.rodata","esp-idf/mbedtls/mbedtls/tf-psa-crypto/core/libtfpsacrypto.a(ecp_curves.c.obj)"
"brainpoolP256r1_gy","0x3c147a00","32",".flash.rodata","esp-idf/mbedtls/mbedtls/tf-psa-crypto/core/libtfpsacrypto.a(ecp_curves.c.obj)"
"brainpoolP256r1_gx","0x3c147a20","32",".flash.rodata","esp-idf/mbedtls/mbedtls/tf-psa-crypto/core/libtfpsacrypto.a(ecp_curves.c.obj)"
"brainpoolP256r1_b","0x3c147a40","32",".flash.rodata","esp-idf/mbedtls/mbedtls/tf-psa-crypto/core/libtfpsacrypto.a(ecp_curves.c.obj)"
"brainpoolP256r1_a","0x3c147a60","32",".flash.rodata","esp-idf/mbedtls/mbedtls/tf-psa-crypto/core/libtfpsacrypto.a(ecp_curves.c.obj)"
"brainpoolP256r1_p","0x3c147a80","32",".flash.rodata","esp-idf/mbedtls/mbedtls/tf-psa-crypto/core/libtfpsacrypto.a(ecp_curves.c.obj)"
"secp256k1_n","0x3c147aa0","32",".flash.rodata","esp-idf/mbedtls/mbedtls/tf-psa-crypto/core/libtfpsacrypto.a(ecp_curves.c.obj)"
"secp256k1_gy","0x3c147ac0","32",".flash.rodata","esp-idf/mbedtls/mbedtls/tf-psa-crypto/core/libtfpsacrypto.a(ecp_curves.c.obj)"
"secp256k1_gx","0x3c147ae0","32",".flash.rodata","esp-idf/mbedtls/mbedtls/tf-psa-crypto/core/libtfpsacrypto.a(ecp_curves.c.obj)"
"secp256k1_b","0x3c147b00","4",".flash.rodata","esp-idf/mbedtls/mbedtls/tf-psa-crypto/core/libtfpsacrypto.a(ecp_curves.c.obj)"
"secp256k1_a","0x3c147b04","4",".flash.rodata","esp-idf/mbedtls/mbedtls/tf-psa-crypto/core/libtfpsacrypto.a(ecp_curves.c.obj)"
"secp256k1_p","0x3c147b08","32",".flash.rodata","esp-idf/mbedtls/mbedtls/tf-psa-crypto/core/libtfpsacrypto.a(ecp_curves.c.obj)"
"secp521r1_n","0x3c147b28","68",".flash.rodata","esp-idf/mbedtls/mbedtls/tf-psa-crypto/core/libtfpsacrypto.a(ecp_curves.c.obj)"
"secp521r1_gy","0x3c147b6c","68",".flash.rodata","esp-idf/mbedtls/mbedtls/tf-psa-crypto/core/libtfpsacrypto.a(ecp_curves.c.obj)"
"secp521r1_gx","0x3c147bb0","68",".flash.rodata","esp-idf/mbedtls/mbedtls/tf-psa-crypto/core/libtfpsacrypto.a(ecp_curves.c.obj)"
"secp521r1_b","0x3c147bf4","68",".flash.rodata","esp-idf/mbedtls/mbedtls/tf-psa-crypto/core/libtfpsacrypto.a(ecp_curves.c.obj)"
"secp521r1_p","0x3c147c38","68",".flash.rodata","esp-idf/mbedtls/mbedtls/tf-psa-crypto/core/libtfpsacrypto.a(ecp_curves.c.obj)"
"secp384r1_n","0x3c147c7c","48",".flash.rodata","esp-idf/mbedtls/mbedtls/tf-psa-crypto/core/libtfpsacrypto.a(ecp_curves.c.obj)"
"secp384r1_gy","0x3c147cac","48",".flash.rodata","esp-idf/mbedtls/mbedtls/tf-psa-crypto/core/libtfpsacrypto.a(ecp_curves.c.obj)"
"secp384r1_gx","0x3c147cdc","48",".flash.rodata","esp-idf/mbedtls/mbedtls/tf-psa-crypto/core/libtfpsacrypto.a(ecp_curves.c.obj)"
"secp384r1_b","0x3c147d0c","48",".flash.rodata","esp-idf/mbedtls/mbedtls/tf-psa-crypto/core/libtfpsacrypto.a(ecp_curves.c.obj)"
"secp384r1_p","0x3c147d3c","48",".flash.rodata","esp-idf/mbedtls/mbedtls/tf-psa-crypto/core/libtfpsacrypto.a(ecp_curves.c.obj)"
"secp256r1_n","0x3c147d6c","32",".flash.rodata","esp-idf/mbedtls/mbedtls/tf-psa-crypto/core/libtfpsacrypto.a(ecp_curves.c.obj)"
"secp256r1_gy","0x3c147d8c","32",".flash.rodata","esp-idf/mbedtls/mbedtls/tf-psa-crypto/core/libtfpsacrypto.a(ecp_curves.c.obj)"
"secp256r1_gx","0x3c147dac","32",".flash.rodata","esp-idf/mbedtls/mbedtls/tf-psa-crypto/core/libtfpsacrypto.a(ecp_curves.c.obj)"
"secp256r1_b","0x3c147dcc","32",".flash.rodata","esp-idf/mbedtls/mbedtls/tf-psa-crypto/core/libtfpsacrypto.a(ecp_curves.c.obj)"
"secp256r1_p","0x3c147dec","32",".flash.rodata","esp-idf/mbedtls/mbedtls/tf-psa-crypto/core/libtfpsacrypto.a(ecp_curves.c.obj)"
"mpi_one","0x3c147e0c","4",".flash.rodata","esp-idf/mbedtls/mbedtls/tf-psa-crypto/core/libtfpsacrypto.a(ecp_curves.c.obj)"
"last4","0x3c147e10","32",".flash.rodata","esp-idf/mbedtls/mbedtls/tf-psa-crypto/core/libtfpsacrypto.a(gcm.c.obj)"
"dhm_G_8192.0","0x3c147e30","1",".flash.rodata","esp-idf/mbedtls/mbedtls/tf-psa-crypto/core/libtfpsacrypto.a(psa_crypto_ffdh.c.obj)"
"dhm_P_8192.1","0x3c147e34","1024",".flash.rodata","esp-idf/mbedtls/mbedtls/tf-psa-crypto/core/libtfpsacrypto.a(psa_crypto_ffdh.c.obj)"
"dhm_G_6144.2","0x3c148234","1",".flash.rodata","esp-idf/mbedtls/mbedtls/tf-psa-crypto/core/libtfpsacrypto.a(psa_crypto_ffdh.c.obj)"
"dhm_P_6144.3","0x3c148238","768",".flash.rodata","esp-idf/mbedtls/mbedtls/tf-psa-crypto/core/libtfpsacrypto.a(psa_crypto_ffdh.c.obj)"
"dhm_G_4096.4","0x3c148538","1",".flash.rodata","esp-idf/mbedtls/mbedtls/tf-psa-crypto/core/libtfpsacrypto.a(psa_crypto_ffdh.c.obj)"
"dhm_P_4096.5","0x3c14853c","512",".flash.rodata","esp-idf/mbedtls/mbedtls/tf-psa-crypto/core/libtfpsacrypto.a(psa_crypto_ffdh.c.obj)"
"dhm_G_3072.6","0x3c14873c","1",".flash.rodata","esp-idf/mbedtls/mbedtls/tf-psa-crypto/core/libtfpsacrypto.a(psa_crypto_ffdh.c.obj)"
"dhm_P_3072.7","0x3c148740","384",".flash.rodata","esp-idf/mbedtls/mbedtls/tf-psa-crypto/core/libtfpsacrypto.a(psa_crypto_ffdh.c.obj)"
"dhm_G_2048.8","0x3c1488c0","1",".flash.rodata","esp-idf/mbedtls/mbedtls/tf-psa-crypto/core/libtfpsacrypto.a(psa_crypto_ffdh.c.obj)"
"dhm_P_2048.9","0x3c1488c4","256",".flash.rodata","esp-idf/mbedtls/mbedtls/tf-psa-crypto/core/libtfpsacrypto.a(psa_crypto_ffdh.c.obj)"
"K","0x3c1489c4","256",".flash.rodata","esp-idf/mbedtls/mbedtls/tf-psa-crypto/core/libtfpsacrypto.a(sha256.c.obj)"
"K","0x3c148ac8","640",".flash.rodata","esp-idf/mbedtls/mbedtls/tf-psa-crypto/core/libtfpsacrypto.a(sha512.c.obj)"
"__func__.0","0x3c148d48","20",".flash.rodata","esp-idf/mbedtls/mbedtls/tf-psa-crypto/core/libtfpsacrypto.a(esp_aes_dma_core.c.obj)"
"__func__.1","0x3c148d5c","19",".flash.rodata","esp-idf/mbedtls/mbedtls/tf-psa-crypto/core/libtfpsacrypto.a(esp_aes_dma_core.c.obj)"
"last4","0x3c148d70","64",".flash.rodata","esp-idf/mbedtls/mbedtls/tf-psa-crypto/core/libtfpsacrypto.a(esp_aes_gcm.c.obj)"
"ieee80211_ethbroadcast","0x3c1493b8","6",".flash.rodata","<IDF>/components/esp_wifi/lib/esp32c3/libnet80211.a(ieee80211.o)"
"gdma_periph_signals","0x3c14968c","28",".flash.rodata","esp-idf/esp_hal_dma/libesp_hal_dma.a(gdma_periph.c.obj)"
"__func__.1","0x3c1496a8","34",".flash.rodata","esp-idf/efuse/libefuse.a(esp_efuse_rtc_calib.c.obj)"
"temperature_sensor_attributes","0x3c1496cc","100",".flash.rodata","esp-idf/esp_hal_ana_conv/libesp_hal_ana_conv.a(temperature_sensor_periph.c.obj)"
"__func__.1","0x3c149730","24",".flash.rodata","esp-idf/log/liblog.a(log_binary_heap.c.obj)"
"MPI_OPERATIONS_REG","0x3c149748","12",".flash.rodata","esp-idf/soc/libsoc.a(mpi_periph.c.obj)"
"MPI_BLOCK_BASES","0x3c149754","16",".flash.rodata","esp-idf/soc/libsoc.a(mpi_periph.c.obj)"
"__func__.3","0x3c149764","22",".flash.rodata","esp-idf/esp_hal_i2s/libesp_hal_i2s.a(i2s_hal.c.obj)"
"cut_off_coef","0x3c14977c","252",".flash.rodata","esp-idf/esp_hal_i2s/libesp_hal_i2s.a(i2s_hal.c.obj)"
"i2s_periph_signal","0x3c149878","14",".flash.rodata","esp-idf/esp_hal_i2s/libesp_hal_i2s.a(i2s_periph.c.obj)"
"__func__.2","0x3c149888","14",".flash.rodata","esp-idf/esp_timer/libesp_timer.a(ets_timer_legacy.c.obj)"
"__func__.1","0x3c149898","17",".flash.rodata","esp-idf/esp_timer/libesp_timer.a(ets_timer_legacy.c.obj)"
"__func__.0","0x3c1498ac","16",".flash.rodata","esp-idf/esp_timer/libesp_timer.a(ets_timer_legacy.c.obj)"
"__func__.6","0x3c1498bc","26",".flash.rodata","esp-idf/esp_phy/libesp_phy.a(phy_init.c.obj)"
"__func__.4","0x3c1498d8","29",".flash.rodata","esp-idf/esp_phy/libesp_phy.a(phy_init.c.obj)"
"__func__.2","0x3c1498f8","30",".flash.rodata","esp-idf/esp_phy/libesp_phy.a(phy_init.c.obj)"
"__func__.0","0x3c149918","15",".flash.rodata","esp-idf/esp_phy/libesp_phy.a(phy_init.c.obj)"
"phy_init_data","0x3c149928","128",".flash.rodata","esp-idf/esp_phy/libesp_phy.a(phy_init_data.c.obj)"
"__func__.0","0x3c1499a8","21",".flash.rodata","esp-idf/esp_phy/libesp_phy.a(phy_common.c.obj)"
"__func__.1","0x3c1499c0","19",".flash.rodata","esp-idf/esp_phy/libesp_phy.a(phy_common.c.obj)"
"__func__.1","0x3c1499d4","23",".flash.rodata","esp-idf/lwip/liblwip.a(dhcpserver.c.obj)"
"_g_esp_netif_inherent_ap_config","0x3c1499ec","44",".flash.rodata","esp-idf/esp_netif/libesp_netif.a(esp_netif_defaults.c.obj)"
"_g_esp_netif_soft_ap_ip","0x3c149a18","12",".flash.rodata","esp-idf/esp_netif/libesp_netif.a(esp_netif_defaults.c.obj)"
"_g_esp_netif_inherent_sta_config","0x3c149a24","44",".flash.rodata","esp-idf/esp_netif/libesp_netif.a(esp_netif_defaults.c.obj)"
"s_wifi_netif_config_sta","0x3c149a50","8",".flash.rodata","esp-idf/esp_netif/libesp_netif.a(esp_netif_lwip_defaults.c.obj)"
"s_wifi_netif_config_ap","0x3c149a58","8",".flash.rodata","esp-idf/esp_netif/libesp_netif.a(esp_netif_lwip_defaults.c.obj)"
"__func__.1","0x3c149a60","19",".flash.rodata","esp-idf/wpa_supplicant/libwpa_supplicant.a(wpa_ie.c.obj)"
"regulatory_data","0x3c149a74","200",".flash.rodata","esp-idf/esp_wifi/libesp_wifi.a(esp_wifi_regulatory.c.obj)"
"regdomain_table","0x3c149b3c","552",".flash.rodata","esp-idf/esp_wifi/libesp_wifi.a(esp_wifi_regulatory.c.obj)"
"__func__.0","0x3c149d64","18",".flash.rodata","esp-idf/http_parser/libhttp_parser.a(http_parser.c.obj)"
"__func__.5","0x3c149d78","20",".flash.rodata","esp-idf/http_parser/libhttp_parser.a(http_parser.c.obj)"
"normal_url_char","0x3c149d8c","32",".flash.rodata","esp-idf/http_parser/libhttp_parser.a(http_parser.c.obj)"
"unhex","0x3c149dac","256",".flash.rodata","esp-idf/http_parser/libhttp_parser.a(http_parser.c.obj)"
"tokens","0x3c149eac","256",".flash.rodata","esp-idf/http_parser/libhttp_parser.a(http_parser.c.obj)"
"method_strings","0x3c149fac","132",".flash.rodata","esp-idf/http_parser/libhttp_parser.a(http_parser.c.obj)"
"__func__.1","0x3c14a030","16",".flash.rodata","esp-idf/esp-tls/libesp-tls.a(esp_tls_mbedtls.c.obj)"
"__func__.2","0x3c14a040","12",".flash.rodata","esp-idf/esp-tls/libesp-tls.a(esp_tls_mbedtls.c.obj)"
"__func__.4","0x3c14a04c","18",".flash.rodata","esp-idf/esp-tls/libesp-tls.a(esp_tls_mbedtls.c.obj)"
"__func__.5","0x3c14a060","26",".flash.rodata","esp-idf/esp-tls/libesp-tls.a(esp_tls_mbedtls.c.obj)"
"_ZTSSt9exception","0x3c14a09c","13",".flash.rodata","<DEPENDENCIES>/tools-v6.0.2/tools/riscv32-esp-elf/esp-15.2.0_20251204/riscv32-esp-elf/bin/../riscv32-esp-elf/../picolibc/riscv32-esp-elf/lib/rv32imc_zicsr_zifencei/ilp32/no-rtti/libstdc++.a(new_handler.o)"
"_ZTISt9exception","0x3c14a0ac","8",".flash.rodata","<DEPENDENCIES>/tools-v6.0.2/tools/riscv32-esp-elf/esp-15.2.0_20251204/riscv32-esp-elf/bin/../riscv32-esp-elf/../picolibc/riscv32-esp-elf/lib/rv32imc_zicsr_zifencei/ilp32/no-rtti/libstdc++.a(new_handler.o)"
"_ZTSN9__gnu_cxx24__concurrence_lock_errorE","0x3c14a0b4","39",".flash.rodata","<DEPENDENCIES>/tools-v6.0.2/tools/riscv32-esp-elf/esp-15.2.0_20251204/riscv32-esp-elf/bin/../riscv32-esp-elf/../picolibc/riscv32-esp-elf/lib/rv32imc_zicsr_zifencei/ilp32/no-rtti/libstdc++.a(new_handler.o)"
"_ZTIN9__gnu_cxx24__concurrence_lock_errorE","0x3c14a0dc","12",".flash.rodata","<DEPENDENCIES>/tools-v6.0.2/tools/riscv32-esp-elf/esp-15.2.0_20251204/riscv32-esp-elf/bin/../riscv32-esp-elf/../picolibc/riscv32-esp-elf/lib/rv32imc_zicsr_zifencei/ilp32/no-rtti/libstdc++.a(new_handler.o)"
"_ZTSN9__gnu_cxx26__concurrence_unlock_errorE","0x3c14a0e8","41",".flash.rodata","<DEPENDENCIES>/tools-v6.0.2/tools/riscv32-esp-elf/esp-15.2.0_20251204/riscv32-esp-elf/bin/../riscv32-esp-elf/../picolibc/riscv32-esp-elf/lib/rv32imc_zicsr_zifencei/ilp32/no-rtti/libstdc++.a(new_handler.o)"
"_ZTIN9__gnu_cxx26__concurrence_unlock_errorE","0x3c14a114","12",".flash.rodata","<DEPENDENCIES>/tools-v6.0.2/tools/riscv32-esp-elf/esp-15.2.0_20251204/riscv32-esp-elf/bin/../riscv32-esp-elf/../picolibc/riscv32-esp-elf/lib/rv32imc_zicsr_zifencei/ilp32/no-rtti/libstdc++.a(new_handler.o)"
"_ZTVN9__gnu_cxx24__concurrence_lock_errorE","0x3c14a120","20",".flash.rodata","<DEPENDENCIES>/tools-v6.0.2/tools/riscv32-esp-elf/esp-15.2.0_20251204/riscv32-esp-elf/bin/../riscv32-esp-elf/../picolibc/riscv32-esp-elf/lib/rv32imc_zicsr_zifencei/ilp32/no-rtti/libstdc++.a(new_handler.o)"
"_ZTVN9__gnu_cxx26__concurrence_unlock_errorE","0x3c14a134","20",".flash.rodata","<DEPENDENCIES>/tools-v6.0.2/tools/riscv32-esp-elf/esp-15.2.0_20251204/riscv32-esp-elf/bin/../riscv32-esp-elf/../picolibc/riscv32-esp-elf/lib/rv32imc_zicsr_zifencei/ilp32/no-rtti/libstdc++.a(new_handler.o)"
"_ZSt7nothrow","0x3c14a148","1",".flash.rodata","<DEPENDENCIES>/tools-v6.0.2/tools/riscv32-esp-elf/esp-15.2.0_20251204/riscv32-esp-elf/bin/../riscv32-esp-elf/../picolibc/riscv32-esp-elf/lib/rv32imc_zicsr_zifencei/ilp32/no-rtti/libstdc++.a(new_handler.o)"
"_ZTVN10__cxxabiv120__si_class_type_infoE","0x3c14a14c","44",".flash.rodata","<DEPENDENCIES>/tools-v6.0.2/tools/riscv32-esp-elf/esp-15.2.0_20251204/riscv32-esp-elf/bin/../riscv32-esp-elf/../picolibc/riscv32-esp-elf/lib/rv32imc_zicsr_zifencei/ilp32/no-rtti/libstdc++.a(si_class_type_info.o)"
"_ZTVN10__cxxabiv117__class_type_infoE","0x3c14a178","44",".flash.rodata","<DEPENDENCIES>/tools-v6.0.2/tools/riscv32-esp-elf/esp-15.2.0_20251204/riscv32-esp-elf/bin/../riscv32-esp-elf/../picolibc/riscv32-esp-elf/lib/rv32imc_zicsr_zifencei/ilp32/no-rtti/libstdc++.a(class_type_info.o)"
"_ZTSSt9bad_alloc","0x3c14a1a4","13",".flash.rodata","<DEPENDENCIES>/tools-v6.0.2/tools/riscv32-esp-elf/esp-15.2.0_20251204/riscv32-esp-elf/bin/../riscv32-esp-elf/../picolibc/riscv32-esp-elf/lib/rv32imc_zicsr_zifencei/ilp32/no-rtti/libstdc++.a(new_op.o)"
"_ZTISt9bad_alloc","0x3c14a1b4","12",".flash.rodata","<DEPENDENCIES>/tools-v6.0.2/tools/riscv32-esp-elf/esp-15.2.0_20251204/riscv32-esp-elf/bin/../riscv32-esp-elf/../picolibc/riscv32-esp-elf/lib/rv32imc_zicsr_zifencei/ilp32/no-rtti/libstdc++.a(new_op.o)"
"_ZTVSt9bad_alloc","0x3c14a1c0","20",".flash.rodata","<DEPENDENCIES>/tools-v6.0.2/tools/riscv32-esp-elf/esp-15.2.0_20251204/riscv32-esp-elf/bin/../riscv32-esp-elf/../picolibc/riscv32-esp-elf/lib/rv32imc_zicsr_zifencei/ilp32/no-rtti/libstdc++.a(bad_alloc.o)"
"_ctype_b","0x3c14a1d4","384",".flash.rodata","<DEPENDENCIES>/tools-v6.0.2/tools/riscv32-esp-elf/esp-15.2.0_20251204/riscv32-esp-elf/bin/../riscv32-esp-elf/../picolibc/riscv32-esp-elf/lib/rv32imc_zicsr_zifencei/ilp32/no-rtti/libc.a(libc_ctype_ctype_.c.o)"
"initial_env","0x3c14a354","4",".flash.rodata","<DEPENDENCIES>/tools-v6.0.2/tools/riscv32-esp-elf/esp-15.2.0_20251204/riscv32-esp-elf/bin/../riscv32-esp-elf/../picolibc/riscv32-esp-elf/lib/rv32imc_zicsr_zifencei/ilp32/no-rtti/libc.a(libc_stdlib_environ.c.o)"
"__month_lengths","0x3c14a358","24",".flash.rodata","<DEPENDENCIES>/tools-v6.0.2/tools/riscv32-esp-elf/esp-15.2.0_20251204/riscv32-esp-elf/bin/../riscv32-esp-elf/../picolibc/riscv32-esp-elf/lib/rv32imc_zicsr_zifencei/ilp32/no-rtti/libc.a(libc_time_month_lengths.c.o)"
"pstr_an","0x3c14a454","3",".flash.rodata","<DEPENDENCIES>/tools-v6.0.2/tools/riscv32-esp-elf/esp-15.2.0_20251204/riscv32-esp-elf/bin/../riscv32-esp-elf/../picolibc/riscv32-esp-elf/lib/rv32imc_zicsr_zifencei/ilp32/no-rtti/libc.a(libc_tinystdio_vfscanf.c.o)"
"pstr_nfinity","0x3c14a458","8",".flash.rodata","<DEPENDENCIES>/tools-v6.0.2/tools/riscv32-esp-elf/esp-15.2.0_20251204/riscv32-esp-elf/bin/../riscv32-esp-elf/../picolibc/riscv32-esp-elf/lib/rv32imc_zicsr_zifencei/ilp32/no-rtti/libc.a(libc_tinystdio_vfscanf.c.o)"
"DOUBLE_POW5_SPLIT2","0x3c14a460","208",".flash.rodata","<DEPENDENCIES>/tools-v6.0.2/tools/riscv32-esp-elf/esp-15.2.0_20251204/riscv32-esp-elf/bin/../riscv32-esp-elf/../picolibc/riscv32-esp-elf/lib/rv32imc_zicsr_zifencei/ilp32/no-rtti/libc.a(libc_tinystdio_ryu_table.c.o)"
"DOUBLE_POW5_TABLE","0x3c14a530","208",".flash.rodata","<DEPENDENCIES>/tools-v6.0.2/tools/riscv32-esp-elf/esp-15.2.0_20251204/riscv32-esp-elf/bin/../riscv32-esp-elf/../picolibc/riscv32-esp-elf/lib/rv32imc_zicsr_zifencei/ilp32/no-rtti/libc.a(libc_tinystdio_ryu_table.c.o)"
"POW5_OFFSETS","0x3c14a600","84",".flash.rodata","<DEPENDENCIES>/tools-v6.0.2/tools/riscv32-esp-elf/esp-15.2.0_20251204/riscv32-esp-elf/bin/../riscv32-esp-elf/../picolibc/riscv32-esp-elf/lib/rv32imc_zicsr_zifencei/ilp32/no-rtti/libc.a(libc_tinystdio_ryu_table.c.o)"
"DOUBLE_POW5_INV_SPLIT2","0x3c14a658","240",".flash.rodata","<DEPENDENCIES>/tools-v6.0.2/tools/riscv32-esp-elf/esp-15.2.0_20251204/riscv32-esp-elf/bin/../riscv32-esp-elf/../picolibc/riscv32-esp-elf/lib/rv32imc_zicsr_zifencei/ilp32/no-rtti/libc.a(libc_tinystdio_ryu_table.c.o)"
"POW5_INV_OFFSETS","0x3c14a748","88",".flash.rodata","<DEPENDENCIES>/tools-v6.0.2/tools/riscv32-esp-elf/esp-15.2.0_20251204/riscv32-esp-elf/bin/../riscv32-esp-elf/../picolibc/riscv32-esp-elf/lib/rv32imc_zicsr_zifencei/ilp32/no-rtti/libc.a(libc_tinystdio_ryu_table.c.o)"
"__func__.4","0x3c14a7a0","24",".flash.rodata","esp-idf/heap/libheap.a(multi_heap.c.obj)"
"__func__.0","0x3c14a7b8","25",".flash.rodata","esp-idf/heap/libheap.a(multi_heap.c.obj)"
"__func__.1","0x3c14a7d4","13",".flash.rodata","esp-idf/heap/libheap.a(tlsf.c.obj)"
"__func__.2","0x3c14a7e4","17",".flash.rodata","esp-idf/heap/libheap.a(tlsf.c.obj)"
"__func__.3","0x3c14a7f8","13",".flash.rodata","esp-idf/heap/libheap.a(tlsf.c.obj)"
"__func__.5","0x3c14a808","17",".flash.rodata","esp-idf/heap/libheap.a(tlsf.c.obj)"
"__func__.6","0x3c14a81c","10",".flash.rodata","esp-idf/heap/libheap.a(tlsf.c.obj)"
"__func__.7","0x3c14a828","19",".flash.rodata","esp-idf/heap/libheap.a(tlsf.c.obj)"
"__func__.8","0x3c14a83c","12",".flash.rodata","esp-idf/heap/libheap.a(tlsf.c.obj)"
"__func__.9","0x3c14a848","16",".flash.rodata","esp-idf/heap/libheap.a(tlsf.c.obj)"
"__func__.10","0x3c14a858","19",".flash.rodata","esp-idf/heap/libheap.a(tlsf.c.obj)"
"__func__.11","0x3c14a86c","22",".flash.rodata","esp-idf/heap/libheap.a(tlsf.c.obj)"
"__func__.12","0x3c14a884","18",".flash.rodata","esp-idf/heap/libheap.a(tlsf.c.obj)"
"__func__.13","0x3c14a898","18",".flash.rodata","esp-idf/heap/libheap.a(tlsf.c.obj)"
"__func__.14","0x3c14a8ac","18",".flash.rodata","esp-idf/heap/libheap.a(tlsf.c.obj)"
"__func__.16","0x3c14a8c0","10",".flash.rodata","esp-idf/heap/libheap.a(tlsf.c.obj)"
"__func__.17","0x3c14a8cc","18",".flash.rodata","esp-idf/heap/libheap.a(tlsf.c.obj)"
"__func__.19","0x3c14a8e0","9",".flash.rodata","esp-idf/heap/libheap.a(tlsf.c.obj)"
"__func__.20","0x3c14a8ec","11",".flash.rodata","esp-idf/heap/libheap.a(tlsf.c.obj)"
"__func__.0","0x3c14a8f8","25",".flash.rodata","esp-idf/spi_flash/libspi_flash.a(spi_flash_os_func_app.c.obj)"
"s_sleep_sub_mode_ref_cnt","0x50000000","36",".rtc.force_slow","esp-idf/esp_hw_support/libesp_hw_support.a(sleep_modes.c.obj)"
"s_rtc_timer_retain_mem","0x50001fe8","24",".rtc_reserved","esp-idf/esp_hw_support/libesp_hw_support.a(esp_clk.c.obj)"
