"path","tracked","translation_unit","bytes","lines","sha256","string_tokens","placement_hits"
"<DEPENDENCIES>/esp-adf-libs/esp_audio_codec/src/audio_decoder_reg.c","False","True","4331","131","01e9cb3f14ebe20cc9e78d844c046e77166ddc44df18fa0d7f0a6fd712488c0f","2",""
"<DEPENDENCIES>/esp-adf-libs/esp_audio_codec/src/audio_encoder_reg.c","False","True","3538","108","675feeed1c81b716058530a168be6ccdf9174ce2431bec2a529431b80b5ac063","3",""
"<DEPENDENCIES>/esp-adf-libs/esp_audio_codec/src/simple_decoder_reg.c","False","True","1467","49","387c826bf080fcb06d87804951cea52156e962a0efa08ba6361136e8704b7064","2",""
"<IDF>/components/app_update/esp_ota_ops.c","False","True","52230","1353","afe45475f68c5952bfaea73e8dc200e963df4b9036e67ec17418cc4ea2986290","70",""
"<IDF>/components/bootloader_support/bootloader_flash/src/bootloader_flash.c","False","True","38181","1067","e30a70dc3c464ec5f1392917fd6895755397f3d957765e18f0ffe5f973d2ead5","62","726:IRAM_ATTR;806:IRAM_ATTR;860:IRAM_ATTR;871:IRAM_ATTR;890:IRAM_ATTR;913:DRAM_ATTR;919:IRAM_ATTR;946:IRAM_ATTR;987:IRAM_ATTR;993:IRAM_ATTR;1004:IRAM_ATTR;1024:IRAM_ATTR"
"<IDF>/components/bootloader_support/bootloader_flash/src/bootloader_flash_config_esp32c3.c","False","True","10900","344","ad0b604d60cd6a5fab9f2fa35c419c24f8688401b79f0ec8e940f81c5dfe25cf","50","43:IRAM_ATTR;53:IRAM_ATTR;75:IRAM_ATTR;82:IRAM_ATTR;91:IRAM_ATTR;243:IRAM_ATTR"
"<IDF>/components/bootloader_support/bootloader_flash/src/flash_qio_mode.c","False","True","8955","230","2a473cb666373e017209ed3130e29d8971a367210b246a699791be41ee416ded","32","38:DRAM_ATTR;57:DRAM_ATTR;59:DRAM_ATTR;174:IRAM_ATTR;179:IRAM_ATTR;184:IRAM_ATTR;189:IRAM_ATTR;194:IRAM_ATTR;199:IRAM_ATTR;204:IRAM_ATTR;209:IRAM_ATTR;214:IRAM_ATTR;223:IRAM_ATTR"
"<IDF>/components/bootloader_support/src/bootloader_clock_init.c","False","True","10480","169","85423e9a77bd4f91c30967c6925fb644e201d49179eb4403d339135ec1380f3b","13",""
"<IDF>/components/bootloader_support/src/bootloader_common.c","False","True","7430","188","d293be78efa6ac0cad750595a137ae57ee16ae61a0d474bfb79ce764552d9516","31",""
"<IDF>/components/bootloader_support/src/bootloader_common_loader.c","False","True","10533","292","4c99c2616df248e57fc296a24e617cbc2af23bf7c4fa6a86ffae71c8f88c627d","35",""
"<IDF>/components/bootloader_support/src/bootloader_efuse.c","False","True","1207","61","1644d01c9e75b0cf04ec796506091ab36137946ffa4411474035ed6ab8695508","5","14:IRAM_ATTR"
"<IDF>/components/bootloader_support/src/bootloader_mem.c","False","True","1391","44","e6360c35ccf1c1a174f152d802359eb6efcd1641609b33cc2bfcc0493545b158","6",""
"<IDF>/components/bootloader_support/src/bootloader_random.c","False","True","3373","99","90fe2ad46eca10954f71c3285b86d04ff4ccd263317918216e1e4a2affc2a453","10",""
"<IDF>/components/bootloader_support/src/bootloader_random_esp32c3.c","False","True","2578","77","c6ce56af577b47b979d83556092d59cf13aa7b945b9af81c6f9d78c69e0ba656","7",""
"<IDF>/components/bootloader_support/src/bootloader_sha.c","False","True","8979","296","fcb013dbad8acd732f324ef7cbec985776e76060286aa741e37c023870325c6d","10",""
"<IDF>/components/bootloader_support/src/bootloader_utility.c","False","True","55388","1313","a61f5fff38616b9a6650c7675f149855b0e39b00d2e83651cc5c5acae67ae861","190",""
"<IDF>/components/bootloader_support/src/esp32c3/secure_boot_secure_features.c","False","True","2338","69","ebdc34155ab1472059477517bc7a8dba60d229d6807c6f8ed31894805282fba7","15",""
"<IDF>/components/bootloader_support/src/esp_image_format.c","False","True","51400","1228","193717dffff9a13063e88b30d100dc8d82a4eaab089f1271b389df43056a730d","76",""
"<IDF>/components/bootloader_support/src/flash_encrypt.c","False","True","19564","498","dc27fcc6fe272f66efa0a56e33a559459a43bb37bd291b5b67ae5fec392527c4","52","495:IRAM_ATTR"
"<IDF>/components/bootloader_support/src/flash_partitions.c","False","True","3161","77","d56f37a0d0de92eeda6fc8c4413506e0b428ea20fd066401b713f92a47429153","13",""
"<IDF>/components/bootloader_support/src/secure_boot.c","False","True","17885","465","758c0473fe33bbbad87099c366084fda8182e84ebf3209124c8ed18d513a468f","58",""
"<IDF>/components/cmock/CMock/src/cmock.c","False","True","7923","216","36af45787bbfa6b31e205273675fb795b2a7d70aea7ff0abb8ac8d170fbc5cf0","12",""
"<IDF>/components/console/argtable3/arg_cmd.c","False","True","9654","285","e2762f8a4067a6d5dd620e9fe6ba8a282ab34b1881233e7861b3e1b7d6623066","19",""
"<IDF>/components/console/argtable3/arg_date.c","False","True","20385","575","718f07b9c133607b139cebe78d6046eeb20f6e5fdd6b636dc946cf65eef05f4d","64",""
"<IDF>/components/console/argtable3/arg_dbl.c","False","True","6796","164","f01f8b08f095ee01a3a8ed1af061a6a5829d473dac9651055df829c57723760a","16",""
"<IDF>/components/console/argtable3/arg_dstr.c","False","True","12493","344","95b79955673965e41e0c3c078f0e9a4bb69b42783a8d99060e83a0f7b6c41a19","2",""
"<IDF>/components/console/argtable3/arg_end.c","False","True","5439","135","cf0071249057a1a708941be355fb2ca189c5c4643f9cc5383dc2d871527520d7","15",""
"<IDF>/components/console/argtable3/arg_file.c","False","True","8800","213","fc1f1164048ce4b0d005407df7e1e31c631601e987fa17172fb6650ad589b518","19",""
"<IDF>/components/console/argtable3/arg_hashtable.c","False","True","14405","428","3f9d44aa1721f0defef6cfebeca05c6975d88642550060aff3f57a358bda4a6f","1",""
"<IDF>/components/console/argtable3/arg_int.c","False","True","11574","289","c26adeba28de74a29725aa5928a6d3ce3aad5ae6cef4bfc3f563fefeceff2417","20",""
"<IDF>/components/console/argtable3/arg_lit.c","False","True","5110","124","df0cdacfbf1fef0ab40e73306143be00ae5a6900ad8fe9bfb371522d384011f7","12",""
"<IDF>/components/console/argtable3/arg_rem.c","False","True","2796","64","27d75eca8f87753372bd15ad47794fd529c2f68d6180c5e026123d26ad09c9a0","3",""
"<IDF>/components/console/argtable3/arg_rex.c","False","True","34824","1014","5e28a00dc9623bf3ad2da360c0a7cd30f841c74b5cc6860d6b1133255ce5a419","51",""
"<IDF>/components/console/argtable3/arg_str.c","False","True","6161","151","7bf31f8008f35d66343af1189b3ca88f8b837aff9ae78627c54cb73bef09a6e0","15",""
"<IDF>/components/console/argtable3/arg_utils.c","False","True","5887","191","40b08a01a5710e7b21841f2bd3522955170d4dc820ff9295af5710ab3331ceee","6",""
"<IDF>/components/console/argtable3/argtable3.c","False","True","40219","1106","f9b6a19c5180729f099d5263e5c1ff4de21fe7f8316de65487ad00472f8ad645","69",""
"<IDF>/components/console/commands.c","False","True","12400","399","87cf2165cebc2bfba3e09ce886ef1f900327a7424790a05dd1c5d757db8d95dd","28",""
"<IDF>/components/console/esp_console_common.c","False","True","9616","276","62dc14581632b15837d0ba365dee12bb519c2a9aa7854ea13e4ec4cf25eb3975","27",""
"<IDF>/components/console/esp_console_repl_chip.c","False","True","14822","398","e4196377f5691de134a16cdc63c0a844f4f1ed87235a9de73c6586fb383d3a0d","25",""
"<IDF>/components/console/esp_console_repl_internal.c","False","True","5826","165","421fee7b222c0e5516f0dbccce26ebec22cdbb797938e901447bf352de404e71","8",""
"<IDF>/components/console/linenoise/linenoise.c","False","True","45405","1393","b95dc9e79e12438e4f932509e84978220496daa130c4dfd07b7c7dea0c970be0","40",""
"<IDF>/components/console/split_argv.c","False","True","3279","112","499cad0051ab0e6296512a138b8694d083b837a411a6d8ef869d59309477eac9","0",""
"<IDF>/components/cxx/cxx_exception_stubs.cpp","False","True","5748","193","947369704b6c5e21dde5d09104bb81a9a794cdc05a62311f695daf8184dd9fcb","47",""
"<IDF>/components/cxx/cxx_guards.cpp","False","True","8579","225","664d50f49fe722609bfcf13534745ffff04479a27b7e6b69d43a56cb5fd23377","16",""
"<IDF>/components/cxx/cxx_init.cpp","False","True","1202","43","d852446b48ca0e6ea38b8a7d82b49f83e91c282ef08fbd6c6a2adf93e18e530c","9",""
"<IDF>/components/driver/i2c/i2c.c","False","True","73391","1725","f8486ba163a9ca59e8820a1c418f90bcafa692cb2fb06c1742535dea18fd5adf","65","571:IRAM_ATTR;1406:IRAM_ATTR"
"<IDF>/components/driver/twai/twai.c","False","True","39495","1022","310208bf3d85117c82b0300a0b06883cd9fea9abe48ba197ae1d5b043dd499b9","41",""
"<IDF>/components/efuse/esp32c3/esp_efuse_fields.c","False","True","1502","53","a0400e8a9d5e628adb058a31d67b325667880389a71fc22f13f8bcbd5f701a7c","11",""
"<IDF>/components/efuse/esp32c3/esp_efuse_rtc_calib.c","False","True","2975","84","cca114bf067b0c9e2339ea29c602b2700c4afac87262584724533ace04af283c","5",""
"<IDF>/components/efuse/esp32c3/esp_efuse_table.c","False","True","53416","1650","2abe19c861b343751012fd0dfbab7aa252d00cc2cac3339f70ca274c3aa9ddee","3",""
"<IDF>/components/efuse/esp32c3/esp_efuse_utility.c","False","True","11499","223","e02f2b474e8353cf9325c6232948a77f06f3d1e366c9dffbcf0b76d15ee6348d","21",""
"<IDF>/components/efuse/src/efuse_controller/keys/with_key_purposes/esp_efuse_api_key.c","False","True","16294","445","cd6c5462cb1b2adfe7735915810461ede96ecf0b830a0761e4caf2e6cb982c73","13",""
"<IDF>/components/efuse/src/esp_efuse_api.c","False","True","11754","356","66a12fa28b11642385c54a249cec8ebee139bf7a5bf562b9d5aff29a3b8cf3f4","19",""
"<IDF>/components/efuse/src/esp_efuse_fields.c","False","True","8879","218","e7c04acdf54cda0eff2f2ac7551d6b25cb782e62a2f221c0e4b31ddc37d57ab5","37","197:IRAM_ATTR"
"<IDF>/components/efuse/src/esp_efuse_startup.c","False","True","6912","178","5e03e8a9629a2bf58f9a3fab3a0c9327f01a029e75fa2b6a4fea3a7b6ee9bb72","31",""
"<IDF>/components/efuse/src/esp_efuse_utility.c","False","True","18892","495","c41bb561b8f5028ff8c05549e4c03eb4a0696181d79144903b39c90eb1ef0f7d","41",""
"<IDF>/components/esp-tls/esp-tls-crypto/esp_tls_crypto.c","False","True","3043","96","3a6b57e1aca1dc01fd2d67df429f3d273e45fad57ad80c576782d36caf565d6a","18",""
"<IDF>/components/esp-tls/esp_tls.c","False","True","29899","838","1790a0c7de2b41f1f44caceae0fbc0a0fd366e3e6570750eeb4fa0a91fe2f93f","52",""
"<IDF>/components/esp-tls/esp_tls_error_capture.c","False","True","3074","77","0bec72ac10eceacf3263449905d98ea930fb6acc53a1940a5d29339db3c263dc","5",""
"<IDF>/components/esp-tls/esp_tls_mbedtls.c","False","True","58690","1436","72dd83355fa64fc66e3a8636776c4b3ebbc5ec219834559a3aba33d217f730c7","138",""
"<IDF>/components/esp-tls/esp_tls_platform_port.c","False","True","737","28","c1d0bd85d74a750d4e354561a75f2ae1a4b6a5a5f2099dabf22e6c7b4b41bce9","2",""
"<IDF>/components/esp_adc/adc_cali.c","False","True","1482","45","7877b3c516aa3cfe0522b50201c73c029a66246991053bc83361ef81de542df8","15",""
"<IDF>/components/esp_adc/adc_cali_curve_fitting.c","False","True","9456","234","d21d66e268246d0a665da728ba891e41dda86569fe99b10940308462844cab42","25",""
"<IDF>/components/esp_adc/adc_common.c","False","True","3185","88","c0dbeab4b63123559c3b3244d1141b41aa76a9f0c7851db28df732994d386bf5","19",""
"<IDF>/components/esp_adc/adc_continuous.c","False","True","26559","676","e515cd4651e7f7644c9681f3cab8d35bd2a62964927660998da1ba62a97bf3bf","60","64:IRAM_ATTR"
"<IDF>/components/esp_adc/adc_filter.c","False","True","5740","157","2b940108e3c44e9623d330e045ee9e691291703b29b1f623cf65baa8b55dc79c","25",""
"<IDF>/components/esp_adc/adc_monitor.c","False","True","10992","254","b2cb12d9e8bc69eaef7b320b1f29f8e45b7ffb860d5f5677a347265a20a8c393","32","91:IRAM_ATTR"
"<IDF>/components/esp_adc/adc_oneshot.c","False","True","14087","361","d86156df13c4ceaf17b8ae743566fa284608a3d507b3ce71b83d7887150a333e","49",""
"<IDF>/components/esp_adc/esp32c3/curve_fitting_coefficients.c","False","True","2267","49","10f7bd4551569615fa13f360d5379b1ac121c58e5081c1ea0b218647ec9631ad","1",""
"<IDF>/components/esp_adc/gdma/adc_dma.c","False","True","1961","71","7e7d948545096b7163097a2d470ad8e0598d8687f0a63126f1dd189084d34eff","2","10:IRAM_ATTR"
"<IDF>/components/esp_app_format/esp_app_desc.c","False","True","5541","149","6cb345372d4c5786bf023b4d076b62b63bc86cc084242b6b9984f49e2d86a45d","21",""
"<IDF>/components/esp_blockdev_util/generic_partition.c","False","True","10462","226","51830270bed61db3fa559d158b1c79c55df5d328a6f1f97173dfef470ea94863","36",""
"<IDF>/components/esp_blockdev_util/memory.c","False","True","6847","174","f20acc7aa8c5dce50892f70da1a692c914805a7ba4f0595b5d22a20c04e618b9","29",""
"<IDF>/components/esp_bootloader_format/esp_bootloader_desc.c","False","True","1138","40","c41a5a82d91cebf9ccb08e5baed2fda0e3bf8b9955d6fb991ef4c161858f8ce6","6",""
"<IDF>/components/esp_coex/esp32c3/esp_coex_adapter.c","False","True","5232","180","d7e7d3293142b37afd6ebb00e116897733141b9c95e636631fd3ca9a5423d877","14","32:IRAM_ATTR;53:IRAM_ATTR;64:IRAM_ATTR;73:IRAM_ATTR;102:IRAM_ATTR;117:IRAM_ATTR;122:IRAM_ATTR;142:IRAM_ATTR;147:IRAM_ATTR"
"<IDF>/components/esp_coex/src/coexist_debug.c","False","True","7798","270","6040356f9b8a1b0e4b773a417f341cfaab7e4956fa02cf2ff33457c264f00f28","38","111:DRAM_ATTR;127:DRAM_ATTR;128:DRAM_ATTR;166:IRAM_ATTR;174:IRAM_ATTR"
"<IDF>/components/esp_coex/src/coexist_debug_diagram.c","False","True","1463","59","b4483fbe768313be16add65f9bdef634dae357fddebe3d2f2a2a07cf362b0d84","1",""
"<IDF>/components/esp_common/src/esp_err_to_name.c","False","True","48885","916","ef1a873a580ceb476a1a744c32b64fe0f22c5bfe20c916bf645dbb02031b1f24","48",""
"<IDF>/components/esp_driver_cam/dvp_share_ctrl.c","False","True","808","36","353cc611e63de4b5f2c88572428cb215aea07d59a21df981e1b5c058ddbe5c2d","4",""
"<IDF>/components/esp_driver_cam/esp_cam_ctlr.c","False","True","4550","111","08c87d4ff2e7a901c8391fc378bb91f3fe7a8bb54376d967099cef84cfa12f68","31",""
"<IDF>/components/esp_driver_dma/src/async_memcpy_gdma.c","False","True","22521","482","6846a0b8a3b52dc5fd0118a7a8151db4ec05da84d867c6337f45c8c2a9162ad2","41",""
"<IDF>/components/esp_driver_dma/src/esp_async_memcpy.c","False","True","1186","32","0e36b14c347e5a4df38ae3db27b8285a7922bb227f9037fdcaeb5bde8864ff44","8",""
"<IDF>/components/esp_driver_dma/src/esp_dma_utils.c","False","True","7692","160","015b3e2c80dccd93564255a2f8d5d195aa317a5c5a98b1188942dd133b9ae2ce","24",""
"<IDF>/components/esp_driver_dma/src/gdma.c","False","True","43776","1043","979c685f4c30bcea8032c29b383b95205f62b6db1ce028336065962d988a8c8c","52",""
"<IDF>/components/esp_driver_dma/src/gdma_link.c","False","True","17658","392","5a9aae04f08f28647316e57f71d3bbd384631ff080a8211fb0e57d96b3e7c742","32",""
"<IDF>/components/esp_driver_gpio/src/dedic_gpio.c","False","True","18859","439","e831116e615e0ad9f93e393edd7504a9a789085a3ba60855c47b56bf850d1b36","45",""
"<IDF>/components/esp_driver_gpio/src/gpio.c","False","True","41152","1145","639e8129fa8a7a836d183621f10022690cc2233cfad50ffe40393f78d4be79e3","117","486:IRAM_ATTR;511:IRAM_ATTR;808:IRAM_ATTR;821:IRAM_ATTR"
"<IDF>/components/esp_driver_gpio/src/gpio_glitch_filter_ops.c","False","True","876","30","3853e726a2ceb7e58951867be981375e2fd2d2fe8473c038ff205ed769c20c62","6",""
"<IDF>/components/esp_driver_gpio/src/gpio_pin_glitch_filter.c","False","True","4332","123","ffda5d3f0a6cc27c1407be7cce8afdb977a0f021c39a8e7eae38169a6bbc7de2","18",""
"<IDF>/components/esp_driver_gpio/src/rtc_io.c","False","True","11160","322","69eb41edcf2d5de9149f1f1fd2ef2cd3bdd3d03c83732746d486c1672afe21cc","40",""
"<IDF>/components/esp_driver_gptimer/src/gptimer.c","False","True","19095","474","4773ad0edaa2f5104a098220e2f8b0bd256bef8af5d9ad73cf41b1d405ac9913","36",""
"<IDF>/components/esp_driver_gptimer/src/gptimer_common.c","False","True","6926","181","90043354c2e496b016a733d4f473b0701280272de85b2a460f1536bf3e4e9084","14",""
"<IDF>/components/esp_driver_i2c/i2c_common.c","False","True","17548","454","a57eb701b0fc1b60aae03ff8f7ba329e238bf2fe4c20a97014e9626756230237","59",""
"<IDF>/components/esp_driver_i2c/i2c_master.c","False","True","70616","1537","be43373418027a500a356eda62eb128c235cab1e92d2067f34b70a36dca0569c","99",""
"<IDF>/components/esp_driver_i2c/i2c_slave.c","False","True","20101","488","64a9e45855b60fae7797db2675bda3c9a3afe8b76537d6789251c1c3af29e6de","44","34:IRAM_ATTR;64:IRAM_ATTR;91:IRAM_ATTR;111:IRAM_ATTR;149:IRAM_ATTR"
"<IDF>/components/esp_driver_i2s/i2s_common.c","False","True","64055","1596","1728238e257a29020297c13b5fe41dd7de03488f77d43b87160ca211cbee0641","123",""
"<IDF>/components/esp_driver_i2s/i2s_pdm.c","False","True","35803","717","dcf4df0b8f95aae1a081580c91d2c2b9e51618eb1e74c2b20d0a6db265754a41","113",""
"<IDF>/components/esp_driver_i2s/i2s_platform.c","False","True","4337","123","9220c239df7591fd3f66569f69bd2285fee90058c18c5922e678939cbe8907d4","7",""
"<IDF>/components/esp_driver_i2s/i2s_std.c","False","True","22826","486","9de11ef35ab71553d40d288098f9bf2ab50aabd4b2610616855e97081857dc90","72",""
"<IDF>/components/esp_driver_i2s/i2s_tdm.c","False","True","22613","470","47e9bd5a4b50c29422641fece714a0967a03a084bbe0de1ee42ce7abd19a4e04","68",""
"<IDF>/components/esp_driver_ledc/src/ledc.c","False","True","89493","1907","9a460c63375c4c08dc93adadfa62f0ce1b6a03123cfee56ba950d4825427f958","170","166:IRAM_ATTR;263:IRAM_ATTR;1208:IRAM_ATTR;1215:IRAM_ATTR"
"<IDF>/components/esp_driver_rmt/src/rmt_common.c","False","True","16079","370","5e77bea127623229be39e545cffcdf894ee98a207d0768ee31f4ff14b942ea08","30",""
"<IDF>/components/esp_driver_rmt/src/rmt_encoder.c","False","True","663","25","afa3454848af20f2aa5d60a301aa46c72137b758a38bc56faee9a9edd0eb0f3f","4",""
"<IDF>/components/esp_driver_rmt/src/rmt_encoder_bytes.c","False","True","6806","179","8f0dc1e996d3452c4bf71337d01448e04900859e526cd0fe3fe851822266a893","6",""
"<IDF>/components/esp_driver_rmt/src/rmt_encoder_copy.c","False","True","5099","138","f0945d4e9cbd75c45b0f26c60387ad29a3737c6610b33b51cd19bfcddee59184","5",""
"<IDF>/components/esp_driver_rmt/src/rmt_encoder_simple.c","False","True","9972","222","1f553171adee78300dd96f84aea84473ace9dcc2bde3212ef1022e797ae4e3ac","7",""
"<IDF>/components/esp_driver_rmt/src/rmt_rx.c","False","True","40980","863","aec2a013c671d49a57f88cf6ca210105e7e4678a66dd1cef52df10d6caad1e39","66",""
"<IDF>/components/esp_driver_rmt/src/rmt_tx.c","False","True","53828","1170","50cc432ff0e5fe356b2c6b7fe2cca6ed5cbeef08bfaca400688d8c6e78a60298","84",""
"<IDF>/components/esp_driver_sd_intf/sd_host.c","False","True","2741","103","30297d1ca65cc5cffaf71391cc0ccb1ec44e1d1a898629724af8ce2d71f568d2","11",""
"<IDF>/components/esp_driver_sdm/src/sdm.c","False","True","16982","446","f830862b05fe2131a0c2d70807e9a8c961d2084cc828d6c62bb00da5f3751b0b","56",""
"<IDF>/components/esp_driver_sdspi/src/sdspi_crc.c","False","True","2615","45","3cd042e8706ba7d306094289ac2ed70b2315d297c3851ab381d02a7bca840e62","3",""
"<IDF>/components/esp_driver_sdspi/src/sdspi_host.c","False","True","37155","1060","ef28e3a97fe3567a066927f758bde54399f8356319603b7888c430983c807548","38",""
"<IDF>/components/esp_driver_sdspi/src/sdspi_transaction.c","False","True","7959","185","847f42f69daca6f6b12ced7c3d3764a57f2ded3330f01d7d8762293329e6dd11","21",""
"<IDF>/components/esp_driver_spi/src/gpspi/spi_common.c","False","True","48060","1146","1985e8675205f29cdfaab5af9bbc3fb9f72bf5190afe1d9d0c0107122aa42c5a","84","43:IRAM_ATTR"
"<IDF>/components/esp_driver_spi/src/gpspi/spi_master.c","False","True","83950","1901","df9ddfcc2e1dbeda7b24e2519c7854b12575db436b1493094ef1c080dc78d27b","106","137:IRAM_ATTR;143:IRAM_ATTR"
"<IDF>/components/esp_driver_spi/src/gpspi/spi_slave.c","False","True","30285","744","a024a5822852cc5453728bb9dae029bfa1621b2ae253c667a620a4f42194e92b","73","43:IRAM_ATTR;49:IRAM_ATTR"
"<IDF>/components/esp_driver_spi/src/gpspi/spi_slave_hd.c","False","True","36916","908","3054b4962f39626f2ba6a828b455c35b19c56bc82b32fb6703d239e2fb091e23","49","25:IRAM_ATTR"
"<IDF>/components/esp_driver_tsens/src/temperature_sensor.c","False","True","17134","397","ffaa15d768d3d53766d221842ffdb0b90647e127b6915b9c5e12ce8f715e679c","59","87:IRAM_ATTR;322:IRAM_ATTR"
"<IDF>/components/esp_driver_twai/esp_twai.c","False","True","7361","166","0e1463115ddeb2be28da96cb9fffb69c45ce1f6fa67dc966fbb00c3983d94a79","29",""
"<IDF>/components/esp_driver_twai/esp_twai_onchip.c","False","True","38326","786","38a97b9fb626b299d8555f5f54cab8d64c15eaf003d9268987d058b04afe262f","84",""
"<IDF>/components/esp_driver_uart/src/uart.c","False","True","115222","2396","3ffe4fa34a6f16e7a607fb94a861b8110d52b5b874842b7c0cd20f1332bc6dfb","183","45:IRAM_ATTR"
"<IDF>/components/esp_driver_uart/src/uart_vfs.c","False","True","33206","1162","28492a44ce811ef1ecf208dcff9569ce02e4e511c716e074355a98b5855f7ea8","17",""
"<IDF>/components/esp_driver_uart/src/uart_wakeup.c","False","True","7254","183","85aaf3e3ca40311e21de625b6d36ebaf5ab93a9afa37ce61cc586fff4df65040","13",""
"<IDF>/components/esp_driver_uart/src/uhci.c","False","True","28229","619","71fb09a7ce50c87fa1c9f8ea917aeb352b8fc8ae837d6a8c2655ddc9d346c08e","81","185:DRAM_STR"
"<IDF>/components/esp_driver_usb_serial_jtag/src/usb_serial_jtag.c","False","True","17917","392","99d5b7f49e5fdb49c301f690c4a63ec67f7dde931597c1fc110250ca1b02a8b5","25",""
"<IDF>/components/esp_driver_usb_serial_jtag/src/usb_serial_jtag_connection_monitor.c","False","True","4033","96","1149f3581991beebf1ffd6e81f28dc0e1d29bace3506d59b3668e32273e42d76","12","38:IRAM_ATTR"
"<IDF>/components/esp_eth/src/esp_eth.c","False","True","29484","593","18fdd9f972b77f466cdd709d8426d7cdd995586b844717f605f34c735eae631c","106",""
"<IDF>/components/esp_eth/src/esp_eth_netif_glue.c","False","True","9607","237","0ef560284afd2ccee7620dc57171153e1941e5f5c51a4f0fbc494484cf7d0508","29",""
"<IDF>/components/esp_eth/src/phy/esp_eth_phy_802_3.c","False","True","26471","696","22b69560e4365cb91634f244ac030ee3d813229fd16c07a8aeb5f62f419b32a7","82",""
"<IDF>/components/esp_event/default_event_loop.c","False","True","4314","133","14b682e59295e76ac63f7c18ef0ce0953d18c06137bf6a8b0de70cfa31b3b445","4",""
"<IDF>/components/esp_event/esp_event.c","False","True","40364","1106","b58743483fc06f5eb4ef6817928ed04a5390ce9737277241a80ce9199f28e94c","41",""
"<IDF>/components/esp_event/esp_event_private.c","False","True","1979","57","872d09cab5dc30dd9dd4d04554461281c331d2f6ec802979d6e29f93146f84da","3",""
"<IDF>/components/esp_gdbstub/src/gdbstub.c","False","True","41608","1261","486d6cc9939866232d7f6dca9bcb6cd74f3aaf1002bec3f076911b0e142fd35f","74",""
"<IDF>/components/esp_gdbstub/src/gdbstub_transport.c","False","True","2765","126","af08681e486a98e6459468e70e7d600d590990e845aeab39f86f66ed9912508a","5",""
"<IDF>/components/esp_gdbstub/src/packet.c","False","True","4836","183","d9b8c51ddbd0c4579baa10347abd32e7e90e2db16edabca9805327b4481a6db1","2",""
"<IDF>/components/esp_gdbstub/src/port/riscv/gdbstub_riscv.c","False","True","19767","499","2fab40e2eac602e6926289a6e78a51cee2dd65523767db7933bef2f14216848f","202",""
"<IDF>/components/esp_gdbstub/src/port/riscv/rv_decode.c","False","True","6960","182","3d82ca4b4ec64f1c5201854d9e0b9caf161e5a74bb1b468a4fc90a900063c92e","4",""
"<IDF>/components/esp_gdbstub/src/port/riscv/target_xml.c","False","True","5318","116","a27b862c8cdec67b6e27559888b119bae1a69ca8d12cbfb738015351ca2764b2","103",""
"<IDF>/components/esp_hal_ana_conv/adc_hal.c","False","True","11239","313","6791b22944c8c5c5083d6f0c978ef1d964c99459fd7f5fa4e31203a2d7cf3644","7",""
"<IDF>/components/esp_hal_ana_conv/adc_hal_common.c","False","True","6528","199","d3a8aa576516a7e5dbe1c2aa15e95a0286b114193d8dd358a0c28ed585307008","5",""
"<IDF>/components/esp_hal_ana_conv/adc_oneshot_hal.c","False","True","7580","209","bcf117a38036fd133327d13794bbc2d18b514e9e151c1eb1e064d3e8601bfcc4","19",""
"<IDF>/components/esp_hal_ana_conv/esp32c3/adc_periph.c","False","True","511","19","c064af66736e367393c7c4da1e8ff6662d8a97a7278390084d015f0fbd769067","1",""
"<IDF>/components/esp_hal_ana_conv/esp32c3/temperature_sensor_periph.c","False","True","510","16","dbf7a6e00f210c5b8ceb0f19bb7db4718d30ffd33359a20a59c1ad938052cba0","1",""
"<IDF>/components/esp_hal_ana_conv/temperature_sensor_hal.c","False","True","3360","82","b940384e71726714d19d800f0b48cce9513649c03de39cfe3b0ca96c1ead8232","7",""
"<IDF>/components/esp_hal_clock/esp32c3/clk_tree_hal.c","False","True","2627","92","0a7ddc94b9007b5b51c3a730d96d6d5ed87181a08728a042a86c458e9ffabd59","6",""
"<IDF>/components/esp_hal_dma/esp32c3/gdma_periph.c","False","True","797","28","ae03050abccecb6fb3256fc1e4f731289a41ce43bb922783f6a732437a4e2eaf","1",""
"<IDF>/components/esp_hal_dma/gdma_hal_ahb_v1.c","False","True","8033","210","26a134af03b1285f40ce4a7d3e51418e7cb8a855d8890ee791adc42d9a58af08","4",""
"<IDF>/components/esp_hal_dma/gdma_hal_top.c","False","True","4259","127","d662932addb5e2f02c3943ce30e5bbcb15bce37a610cf161a441518195826fcb","2",""
"<IDF>/components/esp_hal_gpio/esp32c3/dedic_gpio_periph.c","False","True","1103","36","b63af9162db0bddd7b909b45e15eda8b4224b0a687212b23233f4d2a9c8ca33e","2",""
"<IDF>/components/esp_hal_gpio/esp32c3/sdm_periph.c","False","True","684","28","f983434cb871c86294365933f3bd68611ff5767abdea12809d2e3632653f4d44","3",""
"<IDF>/components/esp_hal_gpio/gpio_hal.c","False","True","3255","93","c9e7d345da185ccf16dc227e36d51d2b003d7df083ba5762c2d4d4ba7315a373","5",""
"<IDF>/components/esp_hal_gpio/sdm_hal.c","False","True","677","25","abbb003400734c95e16a4fbc4583d1d82c9ed2a7f77dc1b20c01e7ac08e79ef3","2",""
"<IDF>/components/esp_hal_gpspi/esp32c3/spi_periph.c","False","True","1960","62","43c89974cbc239d931e8c00620f206906f0447693a3e49fd5a6d76360d259f9f","1",""
"<IDF>/components/esp_hal_gpspi/spi_hal.c","False","True","2239","71","553c6054bb8afc3bb2c7233d1fab34152581dc36c56aee115d29fa2529f9c6b7","3",""
"<IDF>/components/esp_hal_gpspi/spi_hal_iram.c","False","True","11060","297","597dae7a65d2b459c90e0e2613c6e1316c2ec9e40ad481bfcc7584a1d75e3db8","9",""
"<IDF>/components/esp_hal_gpspi/spi_slave_hal.c","False","True","1057","33","9f0c05cbdc05ba81d733a76f9318d7edc12ee9fb374b46ce6b10f583105c4bf6","3",""
"<IDF>/components/esp_hal_gpspi/spi_slave_hal_iram.c","False","True","3440","113","031d6429172c8db1009d8d42d94e24b47175d180a9d3b891365b01a159b2b03b","3",""
"<IDF>/components/esp_hal_gpspi/spi_slave_hd_hal.c","False","True","8791","272","891217d4596134cf546675637f15d1598a7ad3bbe95aae05592f2c752e3a032a","9",""
"<IDF>/components/esp_hal_i2c/esp32c3/i2c_periph.c","False","True","620","22","c346d8a39b356d2816d7643fb788c749bd88fdfabc169be0cfee0ce4bd8952a1","3",""
"<IDF>/components/esp_hal_i2c/i2c_hal.c","False","True","4048","102","66cc4c12bed9d7e85f3ad8352f97668e6deae4b099d271e6c1be35288f6e3db9","3",""
"<IDF>/components/esp_hal_i2c/i2c_hal_iram.c","False","True","1920","45","ee65c80e1432339958f792aa7513afbecc95c9b52b2e8852e88291b015824f26","1",""
"<IDF>/components/esp_hal_i2s/esp32c3/i2s_periph.c","False","True","988","34","5711213979ed0c2375b7fc8c2ccefc4380557957789819c63ad504b093b77bde","2",""
"<IDF>/components/esp_hal_i2s/i2s_hal.c","False","True","19402","405","0845ba3b2fab547d08e08c688739a78810e9a3336c4880bbf2ec850f481b4e0d","3",""
"<IDF>/components/esp_hal_ledc/esp32c3/ledc_periph.c","False","True","378","17","5dcbb568ce784c50359805d18d18275d92d704433b2b63d62df570f9098affd4","2",""
"<IDF>/components/esp_hal_ledc/ledc_hal.c","False","True","2813","78","e75bfa091ff1b6bf4334f7fc21703af15bbc21a0fdf4859d718f92ad92b767ae","2",""
"<IDF>/components/esp_hal_ledc/ledc_hal_iram.c","False","True","2916","77","f9788b8b7341667951c0f4a315de13ea1a61fcca479ac57b7f6c23d866788d26","3",""
"<IDF>/components/esp_hal_mspi/spi_flash_encrypt_hal_iram.c","False","True","1765","61","7c4569c66607435ece01bd482224622d2ddb30965800c20c4e071c1c70567a61","2",""
"<IDF>/components/esp_hal_mspi/spi_flash_hal.c","False","True","6279","167","ecd217e6869c4c1e029dec9fd2478c1a279b749de93359341f7cdfba66859008","9",""
"<IDF>/components/esp_hal_mspi/spi_flash_hal_gpspi.c","False","True","1116","35","c3917b6c31c650bc8b09d425da8b412daf830631cc05d0f5f42e089bbed4b45f","1",""
"<IDF>/components/esp_hal_mspi/spi_flash_hal_iram.c","False","True","8175","216","3f431311a36fd5369c1a3b94ccddd68842b36871e84f7a2852a91b783f3f1211","4",""
"<IDF>/components/esp_hal_pmu/brownout_hal.c","False","True","801","22","ac7a09be2ce39b2df2a16f9330906fbe91ede284e77575ab517e3a781293dbbe","2",""
"<IDF>/components/esp_hal_pmu/esp32c3/rtc_cntl_hal.c","False","True","2209","76","1bfefd9da597eb414a6796187bf7c59d807dff5af815abc42a4d6708617c7fa9","6","65:IRAM_ATTR"
"<IDF>/components/esp_hal_rmt/esp32c3/rmt_periph.c","False","True","784","32","acffc9bd38a51aa0b7386a474b345526ca30b1daabd524144fb6e219f9a26009","2",""
"<IDF>/components/esp_hal_rmt/rmt_hal.c","False","True","2033","48","1e881609bb83860624adcec58930ab5cc1872f101ceec9b4facf4c05baf2e452","3",""
"<IDF>/components/esp_hal_security/aes_hal.c","False","True","3066","131","85aaf41c03061265a5c0226efb502d47b77a873f5b2c946195017dba6bbb3e5f","3",""
"<IDF>/components/esp_hal_security/ds_hal.c","False","True","1295","64","9d8c097d933721051bbeb3ef7b2fab7fc823f7a434a134c542e3677611bcb3b4","5",""
"<IDF>/components/esp_hal_security/hmac_hal.c","False","True","2375","100","f0d0da70f13ec854d6fb21dbd642c51610b796b0eb3577b023680b22508b4ac2","8",""
"<IDF>/components/esp_hal_security/mpi_hal.c","False","True","2498","121","fb98609305c8610596461b5292301c5dc92c2ded9758e3109758a44b339494db","3",""
"<IDF>/components/esp_hal_security/sha_hal.c","False","True","3646","151","aa428c315bcc3dc6c9554b29d87d63e361f3b90007843cfced88db9cc0c485ac","4",""
"<IDF>/components/esp_hal_timg/esp32c3/timer_periph.c","False","True","624","24","82b21185ce82cafc37b6376508f63dc4db14bd4bc8bcc0f3b5e5a42ed3434696","3",""
"<IDF>/components/esp_hal_timg/timer_hal.c","False","True","2437","58","60135084c1a3de6490cb0b47ec17b530d286e0f43dd834e3fdc7ae1bc0e316be","3",""
"<IDF>/components/esp_hal_twai/esp32c3/twai_periph.c","False","True","552","21","d58d06ede038515b12b9eb831eca001433f604cfcb02ff0b4b3197b9f643566d","4",""
"<IDF>/components/esp_hal_twai/twai_hal_v1.c","False","True","21296","470","45a1c5eb697c284a961292c447aff7b3a7f874de5ec0154a9f5a8f3609d5d60e","11",""
"<IDF>/components/esp_hal_uart/esp32c3/uart_periph.c","False","True","3259","106","8b1578e825f8fa0b4086dc00cca48048a66c1a761f922005587a3dadb0832baf","1",""
"<IDF>/components/esp_hal_uart/uart_hal.c","False","True","4903","162","fa351d21e37b918b45d4c2f8510c1aa7b5bcc23b22b8d93eaa46d4db92b95f2e","1",""
"<IDF>/components/esp_hal_uart/uart_hal_iram.c","False","True","1084","41","b8957b20aa7d386d3676f06f4c91e93e12019375ef31e5e2de6957ed7d51ddc6","1",""
"<IDF>/components/esp_hal_uart/uhci_hal.c","False","True","433","20","eb8dda2c20a0ce818ac02e4c6d4b6c48b4c1ac773361f5c676b042a8a2cbcbb2","2",""
"<IDF>/components/esp_hal_usb/usb_serial_jtag_hal.c","False","True","798","28","04940dc0618a9927f0bc4632a2a67fb60fa59fb8f17165ba5ac904fa5c4a71e7","2",""
"<IDF>/components/esp_hal_wdt/esp32c3/mwdt_periph.c","False","True","127","5","ffd3894ca53715eb832e29d0d76804cb2f52f50b15f32ed9621a6886657e9a2c","0",""
"<IDF>/components/esp_hal_wdt/wdt_hal_iram.c","False","True","6798","203","35facbc1938e20c36944ddcd64a99efbbc532fc30438a2b2942f4bb415a9a532","3",""
"<IDF>/components/esp_hal_wdt/xt_wdt_hal.c","False","True","2382","78","f7a96ac063e89d242f3e7bc7091a7ec2d0b94b1beb17cf6c4a99b71b06cbbfcd","4",""
"<IDF>/components/esp_hid/src/esp_hid_common.c","False","True","18575","508","0f6e4b1540288adf1e5b202df7a39cae249c6cb5a8671a18c76a0f3ccc7114c7","65",""
"<IDF>/components/esp_hid/src/esp_hidd.c","False","True","4214","147","c1621ca81bc8b4cf94892d9d41f8a3bfb1df239833b32c27128c7a5c41c75408","5",""
"<IDF>/components/esp_hid/src/esp_hidh.c","False","True","28573","960","a9111abf125219b442fb95eadd648e2923d14c98aed054cb51af4b0429b27d2e","30",""
"<IDF>/components/esp_http_client/esp_http_client.c","False","True","87839","2162","589f4958f7a11c92e904f562ad3cb364d14d14b54ef03f90a00cf1f52d830406","233",""
"<IDF>/components/esp_http_client/lib/http_auth.c","False","True","8051","251","1f72fc9a41db95f68fa6d9fa83f078a973ed7a09d43c5dc5c868fb3cd28c5688","41",""
"<IDF>/components/esp_http_client/lib/http_header.c","False","True","6794","243","9e2a49b627aa121a31127c74f5834c30ac98865583d8e4f5613dc813c345f836","14",""
"<IDF>/components/esp_http_client/lib/http_utils.c","False","True","4446","161","4c4bf4b3ecd93cb873b7c72fa8758b120f9b5e7db5f49cda44b3d1b6bc256e14","11",""
"<IDF>/components/esp_http_server/src/httpd_main.c","False","True","20727","602","5760264b63218a5576284d05a1964bc8c42d304a58ad11e181d71608d8bca67c","50",""
"<IDF>/components/esp_http_server/src/httpd_parse.c","False","True","46637","1266","5234fd5fc3b566532bf79a6c787664d5077d0aa03001a2d63c0999f063282e90","82",""
"<IDF>/components/esp_http_server/src/httpd_sess.c","False","True","15280","520","96fb619e14b097e2f485db8cf3372e8768117d68cfefc5f7ee036804caf2f904","18",""
"<IDF>/components/esp_http_server/src/httpd_txrx.c","False","True","28029","838","f11d9887a9f8c1c3e21416b82b3d43e050d60c5876aae06b2481cca389b4aef7","74",""
"<IDF>/components/esp_http_server/src/httpd_uri.c","False","True","14581","373","94317d636a672ca42456088291957a4b7bbc4028b7ff4160f024f8bdf7463811","21",""
"<IDF>/components/esp_http_server/src/httpd_ws.c","False","True","23912","632","50bc91f7389b40828ab949bac11481d28545a4da2d87d0b1ee99ec0d04645fd3","71",""
"<IDF>/components/esp_http_server/src/util/ctrl_sock.c","False","True","2829","106","cdc8e547e78986a614bbb6fb59e8914e7f8785ccd08e259374808b45e1ccfde7","9",""
"<IDF>/components/esp_https_ota/src/esp_https_ota.c","False","True","43394","1067","9f8b6149f2f5903943a7e3e33c00a4ac311ef60a684a09bc730d5d90f500165e","97",""
"<IDF>/components/esp_https_server/src/https_server.c","False","True","16586","463","39975d1e6ef42136e6f3cc97f48eb48d8d053676ed4a4167f852fe8b49233a9d","26",""
"<IDF>/components/esp_hw_support/adc_share_hw_ctrl.c","False","True","7502","239","427b8c4a2f7518d14ea7c7952075c69c5781887a0a9be6d5ff92b8bcabf47329","24","100:IRAM_ATTR;118:IRAM_ATTR"
"<IDF>/components/esp_hw_support/clk_ctrl_os.c","False","True","1822","66","aa7ddaac237d62f498c3e9a96f4ec7c051a7e0f236b259ed6d6d8074192a8919","4","49:IRAM_ATTR;61:IRAM_ATTR"
"<IDF>/components/esp_hw_support/clk_utils.c","False","True","2810","72","cf7fcae05e1ea1fb63a736657a205795a86ccee48e98abb29f0e26491064bcac","8",""
"<IDF>/components/esp_hw_support/cpu.c","False","True","8247","239","54d826087f05a8ed7358780b8d21fbbb7da2a0f964727654668ad66736e75ccf","17","196:DRAM_ATTR"
"<IDF>/components/esp_hw_support/esp_clk.c","False","True","7670","224","fc63bfa30b22acfa4f725fec89ea66c392cfefb5a560d819216ca6a871678de8","14","31:IRAM_ATTR;72:IRAM_ATTR;81:IRAM_ATTR;86:IRAM_ATTR;97:IRAM_ATTR"
"<IDF>/components/esp_hw_support/esp_clock_output.c","False","True","10753","251","c6a51aef6a6a5621bd68e4c0fa79a755f6459ab8f4cd7431a11ae753287a336d","29",""
"<IDF>/components/esp_hw_support/esp_gpio_reserve.c","False","True","802","30","863eed3485d8835e7508859a6f3479c7b7ec7215092f3c6764ce9bb73f76db40","4",""
"<IDF>/components/esp_hw_support/esp_memory_utils.c","False","True","2918","97","beb139f9696b3d637ff9df401224bf2533b6e6dce72557370357931c4c63995e","6",""
"<IDF>/components/esp_hw_support/heap_align_hw.c","False","True","4239","116","58a75fa388b9bd46a0e7df52ada0d61ba5ff2cdc9c54cf9b493972c2042926fd","7","22:IRAM_ATTR"
"<IDF>/components/esp_hw_support/hw_random.c","False","True","4342","112","f92f0aa2ce215b9f546ec23cb609d270c3bd9b877e851fd7c8baca769e445f57","9","50:IRAM_ATTR"
"<IDF>/components/esp_hw_support/intr_alloc.c","False","True","40664","1096","5935f00894c174d588d9be2e044ada5e3066dbb57e4b0e8542ef9b3e9ef18a9c","76","35:IRAM_ATTR"
"<IDF>/components/esp_hw_support/lowpower/port/esp32c3/sleep_cpu.c","False","True","2985","112","d3e3e12336a203db455c13af27c0f78b90c86456f92ccd8b2785671fd2b76ecf","16","48:DRAM_ATTR;82:IRAM_ATTR"
"<IDF>/components/esp_hw_support/mac_addr.c","False","True","13434","430","777be8deb9367987e79b59731fa017b5f055edc7dc775962e76001a4f9e0e93f","25",""
"<IDF>/components/esp_hw_support/mspi_timing_tuning/mspi_timing_tuning.c","False","True","28289","712","7844990dcc2f3ef8d3a5f93171113c2f41bfe05af2272dcb4108f38c0bdb39ed","34",""
"<IDF>/components/esp_hw_support/periph_ctrl.c","False","True","8209","278","7216063360d2625a297c09bb0acd488932fef85fbff2ce5edf2a180bf3762eca","10","98:IRAM_ATTR;118:IRAM_ATTR;172:IRAM_ATTR;202:IRAM_ATTR;228:IRAM_ATTR;247:IRAM_ATTR;263:IRAM_ATTR"
"<IDF>/components/esp_hw_support/port/esp32c3/adc2_init_cal.c","False","True","1399","36","e0baf8dbdebd8290041cdda3d46edee8eda2c7d88ae8b3e558799e24666fde25","5",""
"<IDF>/components/esp_hw_support/port/esp32c3/chip_info.c","False","True","490","18","5c7719ce20b13592430a8af9d51fcdd7046f23015172e408452e13b5d4b2a94d","2",""
"<IDF>/components/esp_hw_support/port/esp32c3/cpu_region_protect.c","False","True","4603","108","d96e0290cdcda6635799449d530c58acd923d5669fc153e95239235d404fa47d","21",""
"<IDF>/components/esp_hw_support/port/esp32c3/esp_clk_tree.c","False","True","3948","123","9a3320b382b02b3070fcb1bf0301c0e28e5190ed555ec0b1aa3bec6b3255f35e","15",""
"<IDF>/components/esp_hw_support/port/esp32c3/esp_cpu_intr.c","False","True","684","22","5817e17472b3fce15216921bb9ebfa42de4203907d9a67bf9e6c6b1ad726749c","2",""
"<IDF>/components/esp_hw_support/port/esp32c3/esp_memprot.c","False","True","32995","870","e9b5c00dffcd94b0a084d0a2a2a25bcd4ccd7240c2c0b34064970c626e173fc5","40",""
"<IDF>/components/esp_hw_support/port/esp32c3/io_mux.c","False","True","292","13","d9f8d4f1102c4883047d7995ec44b2c3210f39fd3ace3d538fa81cec6f2f3bf7","1",""
"<IDF>/components/esp_hw_support/port/esp32c3/rtc_clk.c","False","True","12212","413","d3b28398943db9e9f81877feafe15ef22001701068cf7dd83855b7f3b53c22fd","16",""
"<IDF>/components/esp_hw_support/port/esp32c3/rtc_clk_init.c","False","True","3158","81","539d06b0905cc29afa57944fa03ba59bb2260212c4e71f3a28d8b558d4af0548","12",""
"<IDF>/components/esp_hw_support/port/esp32c3/rtc_init.c","False","True","13381","289","afa6c5823788b61d5813253a4b52ed0fdd80e793685d5759776a40452be53c6e","19",""
"<IDF>/components/esp_hw_support/port/esp32c3/rtc_sleep.c","False","True","16698","369","47120ff6efc5ae24ccc6c77f77851322090720ab710b951a86a63649ff893a22","57","31:DRAM_ATTR;357:IRAM_ATTR"
"<IDF>/components/esp_hw_support/port/esp32c3/rtc_time.c","False","True","8648","209","502ec2c5a209502dbc83d07978afa122b929979569997ee1a52e8aad27faf02c","10",""
"<IDF>/components/esp_hw_support/port/esp32c3/sar_periph_ctrl.c","False","True","4887","170","6b225e67082692b954d08eec224384f8e793829b188e94149b41e304c4ba7c9e","13",""
"<IDF>/components/esp_hw_support/port/esp32c3/systimer.c","False","True","493","22","144d6ef377179ebe87c59d47ce52124f33df515828f62ea05d92c6e45aa78799","1",""
"<IDF>/components/esp_hw_support/port/esp_clk_tree_common.c","False","True","14708","392","3cbc6a5fbcca99bb5213940ec6844c5388f85738719c53c08c903378623fcf57","25","321:IRAM_ATTR;365:IRAM_ATTR"
"<IDF>/components/esp_hw_support/port/esp_memprot_conv.c","False","True","1985","63","10da6f31af2c326398397f109daea345770ab063cbcfd6cadc31fb28076ed917","14",""
"<IDF>/components/esp_hw_support/power_supply/brownout.c","False","True","4115","144","82b330dbfcbc061b57ad39d9f61932fa55fab67de3c40182966dfd666dab9d60","24","44:IRAM_ATTR"
"<IDF>/components/esp_hw_support/regi2c_ctrl.c","False","True","3789","139","1cc5da9556e4bb7e79137fb1ed8eb7ab0c8e9fb5776c2fa03b29b9eb5556491b","12","77:DRAM_ATTR;79:IRAM_ATTR;86:IRAM_ATTR;127:DRAM_ATTR;129:IRAM_ATTR;134:IRAM_ATTR"
"<IDF>/components/esp_hw_support/revision.c","False","True","491","16","1c96a6a64edee5e8aac7e6c1eb91b2875342930745538921759cd16bc12f08a8","2",""
"<IDF>/components/esp_hw_support/rtc_module.c","False","True","6915","216","cb41b14ae3470c02fbaf9994c48a7205c086f42ffca79955786feba2b9e0c46e","19","50:DRAM_ATTR;51:DRAM_ATTR;52:DRAM_ATTR;69:DRAM_ATTR;71:DRAM_ATTR;74:IRAM_ATTR;194:IRAM_ATTR;206:IRAM_ATTR"
"<IDF>/components/esp_hw_support/sar_tsens_ctrl.c","False","True","3631","115","32f317f7ad98097c1ae9929b5f56bc84fc2c4f8726c31d2caaa89f90630dc281","13",""
"<IDF>/components/esp_hw_support/sleep_console.c","False","True","1858","51","0a6c1a3c89a5bff8c5e538b1c88d3944a0e9cc6f463c69774c687376692704e0","4",""
"<IDF>/components/esp_hw_support/sleep_event.c","False","True","3357","92","847cfdde73d34d1c17e452b09a4d53b164da082a95f8f3871d3cac916bb517e5","11","75:IRAM_ATTR"
"<IDF>/components/esp_hw_support/sleep_gpio.c","False","True","11187","281","1357b729a1efcab1cf8eac51da12a982bb411fd4fa1dd6a685edb43eb70e02bb","24","46:DRAM_ATTR;174:IRAM_ATTR"
"<IDF>/components/esp_hw_support/sleep_modem.c","False","True","13005","395","5e4504b1195d3a823fbe272e4f73744455bcd6199d79f8d79d395d2529a358ac","12","45:DRAM_ATTR;46:DRAM_ATTR;174:IRAM_ATTR;233:IRAM_ATTR;356:IRAM_ATTR;376:IRAM_ATTR;386:IRAM_ATTR"
"<IDF>/components/esp_hw_support/sleep_modes.c","False","True","110407","2952","c7147d9794e3746c0d5a8a1112544572901cd704659082f59d2bc4019d77e857","158","581:DRAM_STR"
"<IDF>/components/esp_hw_support/sleep_mspi.c","False","True","1135","29","33b85f647e38de6ddb9c31e4584cea3f2c7b4a5646241ff14c4112d07df73ca7","4",""
"<IDF>/components/esp_hw_support/sleep_uart.c","False","True","5478","152","0f44bfa578be9aab18795bbc3b1951ee88b9ea33e0ab4742b7d0d808f9ed9841","10",""
"<IDF>/components/esp_hw_support/sleep_usb.c","False","True","1695","53","612802b8fe0c2c259aef809de47e7982e6bed28c09b6ef5098f4d98bc2630fa5","5",""
"<IDF>/components/esp_hw_support/sleep_wake_stub.c","False","True","3060","105","d7e923f38c6d474ab8877ea74d507c7297d2d05c5134f57cdc3f6612a7d4ee12","19",""
"<IDF>/components/esp_hw_support/spi_bus_lock.c","False","True","36791","893","a36b3db9ccbbdbca2f74d3b6869327b87249604e4f1c4805f2185fa5021ef16c","21","22:IRAM_ATTR;28:IRAM_ATTR;283:IRAM_ATTR;288:IRAM_ATTR;299:IRAM_ATTR;321:IRAM_ATTR;332:IRAM_ATTR;412:IRAM_ATTR;449:IRAM_ATTR;569:IRAM_ATTR;686:IRAM_ATTR;691:IRAM_ATTR;703:IRAM_ATTR;709:IRAM_ATTR;724:IRAM_ATTR;752:IRAM_ATTR;788:IRAM_ATTR"
"<IDF>/components/esp_hw_support/spi_share_hw_ctrl.c","False","True","2155","63","dd761b1ce7b177f215f2da4cdeec8818e045d865c39569f5c91fab82402bbedf","7",""
"<IDF>/components/esp_lcd/i2c/esp_lcd_panel_io_i2c.c","False","True","9430","219","a6c38001dfa155ca106af7e0d1f9dbc8cc8e03a774c8c8fffa0114c546cbfb7a","23",""
"<IDF>/components/esp_lcd/spi/esp_lcd_panel_io_spi.c","False","True","21396","447","87a846c4462b85115bbb23600f0c19225f9a443dd7b655a9772d1de90efde26c","36","419:IRAM_ATTR"
"<IDF>/components/esp_lcd/src/esp_lcd_common.c","False","True","2810","80","fc84ee7f9d7d5a256a17f25bbed8cace2a86687439b6ec62dcd9620258fc333d","5",""
"<IDF>/components/esp_lcd/src/esp_lcd_panel_io.c","False","True","1723","43","4f7baee920846fd240d1fdda4df710591f564898611be8a889ca52d98eb030c0","11",""
"<IDF>/components/esp_lcd/src/esp_lcd_panel_ops.c","False","True","4866","97","66d60ab0ea47984e686f5c48be97704c10c4f020e9d21cf77fbaf93d0b49b46c","29",""
"<IDF>/components/esp_lcd/src/esp_lcd_panel_ssd1306.c","False","True","11303","280","ca1feb03446223b631c1ba99a91b903d30b40f76795119854d9f282712d2a6c5","34",""
"<IDF>/components/esp_lcd/src/esp_lcd_panel_st7789.c","False","True","12557","334","2418cb23c139d273b5abee78799a1b1db6d22b88e67d8729f58a98fa7bc3bfd8","37",""
"<IDF>/components/esp_libc/src/abort.c","False","True","1090","39","0fc3ff7fd00dfe422966b29a2ef536cec60f7159fb34b2a96a04d9ad0b3f7ae5","7",""
"<IDF>/components/esp_libc/src/assert.c","False","True","2630","97","e71e50475591359aae2a6ca611562bae14249ba64b0afaa83ded741b392fbd7a","11",""
"<IDF>/components/esp_libc/src/getentropy.c","False","True","634","36","d67706459938abf40302af2a809d8755bc9f82003c099037227171e143e332e2","0",""
"<IDF>/components/esp_libc/src/heap.c","False","True","3471","143","c9375ac32c28762bf809f08f3b6fa3eeded17e17dcd6f506c4a03c640703aad0","6",""
"<IDF>/components/esp_libc/src/init.c","False","True","641","30","715e1c17e00b37443a376d4d541ff19e69d596c8e6437c3f332e7e42d478cfd1","5",""
"<IDF>/components/esp_libc/src/locks.c","False","True","16382","434","724db9717157895bd9749431a243d54659c6ef808d9052762b2752cf9f31bd46","21","20:IRAM_ATTR"
"<IDF>/components/esp_libc/src/picolibc/bufio_setvbuf.c","False","True","983","39","18d2e5a457212994adae505f5674c208ab49b5b459c22b3f2bbbd3465c23bc23","0",""
"<IDF>/components/esp_libc/src/picolibc/errno.c","False","True","619","22","7e51910e749e1027b97e1b900ab834b6fe5515598764a0a381adb83fcb3d72ca","1",""
"<IDF>/components/esp_libc/src/picolibc/fopencookie.c","False","True","1549","64","4b09017d560382cd26a26a20d7c6293e5b4b621a58fe7ee9566890ea9735e362","3",""
"<IDF>/components/esp_libc/src/picolibc/getreent.c","False","True","506","19","4976770b2cd75002f5e4807e6a24aa15a4ebb60c11f8bc009ee529b93f98e067","1",""
"<IDF>/components/esp_libc/src/picolibc/open_memstream.c","False","True","2852","128","b487610c57d4bc575546ec540ae56d23ef6f76bad7e080e2d98c851f52e56414","0",""
"<IDF>/components/esp_libc/src/picolibc/picolibc_init.c","False","True","5906","178","0062be588abcf15bbe62d6308c1f64aa22c626ac8eaf88628c2ffe83e67e55cf","9",""
"<IDF>/components/esp_libc/src/picolibc/rand.c","False","True","629","22","42e66882e6f13492a0f34001fdacf0cae3b4e8dd31c52fe39e686221bba66079","0",""
"<IDF>/components/esp_libc/src/poll.c","False","True","2244","87","93e55d432c0ebc7f01609dc7cff2335799b20919f04a23837fe8b7f681d20497","0",""
"<IDF>/components/esp_libc/src/port/esp_time_impl.c","False","True","3566","110","3e5b56e328e6d7a27a9df3710fafa13d336804c16f03916c71e7fc4cdfc3a860","10",""
"<IDF>/components/esp_libc/src/port/riscv/memcpy.c","False","True","5396","152","b5ac19f60e7237bdc4dcb35874d17ef0d9367ff4ef2d606b4bd2e1a7d057ffd9","42",""
"<IDF>/components/esp_libc/src/port/riscv/memmove.c","False","True","6725","150","03564a048f91c7269a7abef845e06b63fcd36763ab4ed045f483c20c920de6bc","52",""
"<IDF>/components/esp_libc/src/port/riscv/strcmp.S","False","True","3973","195","ba5c9161e53a10efd3023f91047e0bc841d5b81eeeb36fc0f29beaf9d421df35","1",""
"<IDF>/components/esp_libc/src/port/riscv/strcpy.c","False","True","2796","106","fcacbace0d302abcab2df6817e823e7a723221c0b72554878e3299ba844f31ba","0",""
"<IDF>/components/esp_libc/src/pthread.c","False","True","1096","41","70fdc906c4dffd6f5c474a7c4b451f52191a2ed107c28779931399d724ac0ba0","4",""
"<IDF>/components/esp_libc/src/random.c","False","True","930","35","7279e2e4ade67e8c9639d3f775e3c37a1edabc4e5a1adf6b39a00589ac2d5734","6",""
"<IDF>/components/esp_libc/src/realpath.c","False","True","4511","142","2b096df5ca293fca4c7af81e3dc82d48db6566a9c287a3ad8be55e7f14ae15ad","3",""
"<IDF>/components/esp_libc/src/reent_syscalls.c","False","True","2727","79","708856b9a040d0188f80319d4e15e73bf0971081d1905f7ebee67d2e4d5180fb","16",""
"<IDF>/components/esp_libc/src/scandir.c","False","True","2561","82","928d757127d1d619a111eb9b5cb332c933b72b142634dc52d18a2f109a2b0bd4","9",""
"<IDF>/components/esp_libc/src/stdatomic.c","False","True","4023","119","1b92e83c6c86d72e8440144f9b6d0db06b4570646691fad70ddebc873132283e","8",""
"<IDF>/components/esp_libc/src/string/memcmp.c","False","True","1468","58","ff08eeb1a1a420f31bcb8b303f322b91cee03a590d34cb25310fd6810de5c5b3","1",""
"<IDF>/components/esp_libc/src/string/strncmp.c","False","True","1599","62","64a420379f96940d1c7db6e206a15d79a7642c7fde8474ae028f5d2eb2b38ab0","1",""
"<IDF>/components/esp_libc/src/string/strncpy.c","False","True","1481","56","d67cc57bdd72fa01375acc2546a15a35157f2ec05744b67b0c2855aaea8409f5","1",""
"<IDF>/components/esp_libc/src/syscalls.c","False","True","3292","170","8db2c11ead5cb64dc522c369fe714b81f283b23da3e068b3ec167e06d59d3ecd","1","136:IRAM_ATTR;145:IRAM_ATTR"
"<IDF>/components/esp_libc/src/sysconf.c","False","True","1047","53","f3ae5f1d03b71dd32db787e4095b1e25f1bafad6bb79fd29537414a111d1caa0","6",""
"<IDF>/components/esp_libc/src/termios.c","False","True","822","46","390a52d0583d2df07b2c18ddd279cda0b95c4a23c577eb11b38f6e85259370a7","1",""
"<IDF>/components/esp_libc/src/time.c","False","True","9965","319","968aba64c47a4a93cfc954fb3d5a3a0fb39526ac445b13ca3be15285e1330e7e","10",""
"<IDF>/components/esp_local_ctrl/proto-c/esp_local_ctrl.pb-c.c","False","True","31719","942","c9e5e3ccf881f8c5fbba7b924fcd92f2d2a869f35d5e761452f2e84d08926866","80",""
"<IDF>/components/esp_local_ctrl/src/esp_local_ctrl.c","False","True","17527","464","a4d48ab62785142e43fee0b57c96d2379638b8dff15a805a2f5dc7986b4dfe11","39",""
"<IDF>/components/esp_local_ctrl/src/esp_local_ctrl_handler.c","False","True","11499","302","59c149dceb918e5d7d9e72b9ce088b624842075c3b702f2e97201e551aa31619","19",""
"<IDF>/components/esp_local_ctrl/src/esp_local_ctrl_transport_httpd.c","False","True","4693","151","e56f47c6495ba60359e99b7d84dcb49cce6aea31f234009b4bd6290f3cc3bf51","30",""
"<IDF>/components/esp_mm/esp_cache_msync.c","False","True","6880","196","c9f689db88712f156256a80611f75dd6fc17a0dff24fdb5a59f56b91850075ad","33",""
"<IDF>/components/esp_mm/esp_cache_utils.c","False","True","3443","114","446ac587af41126b0f57286f5a048b98d629b8947ec83fe3f12f95d7fc18e813","12",""
"<IDF>/components/esp_mm/esp_mmu_map.c","False","True","36656","920","0c620918f6654ef0ae0296977082bcf0a34e744784da75bb7405649b47a19450","84","49:DRAM_ATTR;343:IRAM_ATTR;379:IRAM_ATTR;389:IRAM_ATTR;399:IRAM_ATTR;440:IRAM_ATTR;637:IRAM_ATTR;755:IRAM_ATTR"
"<IDF>/components/esp_mm/port/esp32c3/ext_mem_layout.c","False","True","852","25","712609a27f8175d57b81addac6f1508fa481812d132cd8ddab6bf5e7bd12e1d9","3",""
"<IDF>/components/esp_netif/esp_netif_defaults.c","False","True","1342","39","25a88f7e96822a057d9e8af5ff2383ec6e66f69be442d95a80474278330ec29a","1",""
"<IDF>/components/esp_netif/esp_netif_handlers.c","False","True","5177","127","ddde04886cae7a9d96dd9773ce0eae290ac901375c31ec41c362cf12f5eaa6eb","24",""
"<IDF>/components/esp_netif/esp_netif_objects.c","False","True","3155","115","f7d5de59ae1c2e7c791fe00b55b6aa8c0b47a0711f41e4f36012cadb74e5c345","12",""
"<IDF>/components/esp_netif/lwip/esp_netif_lwip.c","False","True","108224","3020","c7fb9d080581b4abbc741e089d31e5a67bcb7695aa7e63800778ba263cfa216c","179",""
"<IDF>/components/esp_netif/lwip/esp_netif_lwip_defaults.c","False","True","2576","76","aa1c00e887703e3c0c505d493a71c26db5a03023b512aa36aa79f7b336943ac8","5",""
"<IDF>/components/esp_netif/lwip/esp_netif_sntp.c","False","True","6371","202","240f0f4e2254be3f66e7dce831e80d8267a9c9da93d14dd4070de74e36a77746","18",""
"<IDF>/components/esp_netif/lwip/netif/esp_pbuf_ref.c","False","True","1899","65","4955d19a0f292321fa4c898fcf278dd3cf9018fd22e5a80dfd267d6b7f0c193e","3",""
"<IDF>/components/esp_netif/lwip/netif/ethernetif.c","False","True","5919","187","55eaf0e8ac766a72dfc4c29202796ddaa50fe3ca616b8f4ea96441094f970459","14",""
"<IDF>/components/esp_netif/lwip/netif/wlanif.c","False","True","7113","256","0e02a9c328e5a4b08d89793b0a11a878fc02be9de007592f0e95ee2048d8f714","15",""
"<IDF>/components/esp_partition/partition.c","False","True","28590","795","b2fd338f42d964368aff0cf6cffb728317cf7ff077989975b49cf3257b457f70","40",""
"<IDF>/components/esp_partition/partition_target.c","False","True","8008","240","af0cfae3d9257f5a3e94535911039cad6c99c6fce9bf921d1ec2e2e2df0a55c5","11",""
"<IDF>/components/esp_phy/esp32c3/phy_init_data.c","False","True","2665","130","5b034cce9b4aa38a2d60fdc8fb6294acd303ba395e717fcebfd95c3dc0b8df4b","4",""
"<IDF>/components/esp_phy/src/btbb_init.c","False","True","3831","95","4cb263d09f2d1a75b139e4c73245692930586a3d1964dc339462afdc6dc6cc71","14",""
"<IDF>/components/esp_phy/src/lib_printf.c","False","True","1488","62","52d4882bd01dd0ddfddd097f86f0951b53683ed8d4c6d624a2b5f74d1db622b9","5",""
"<IDF>/components/esp_phy/src/phy_common.c","False","True","11976","385","e4b032ab681be3e70d576bb19eb2ef52ffd339e864c26a77696e4e6590399e1c","34","157:DRAM_ATTR;159:IRAM_ATTR"
"<IDF>/components/esp_phy/src/phy_init.c","False","True","45155","1249","17d39bb3058a2d3f9a0bb1340a8296c31543bda73d4cfb853558b4aa405aceb1","170","82:DRAM_ATTR;95:DRAM_ATTR;189:DRAM_ATTR;195:IRAM_ATTR;238:IRAM_ATTR;250:IRAM_ATTR;285:IRAM_ATTR;290:IRAM_ATTR;313:IRAM_ATTR;453:IRAM_ATTR;579:IRAM_ATTR;597:IRAM_ATTR"
"<IDF>/components/esp_phy/src/phy_override.c","False","True","3277","119","19bcf4b33bdf34484c1807e358b2fa4e2968996c48554a90416c910effa28ea1","6","51:IRAM_ATTR;56:IRAM_ATTR;78:IRAM_ATTR"
"<IDF>/components/esp_pm/pm_impl.c","False","True","42762","1163","7ebc552a91f69f39feecbf1775aaff316da882718715c2ef1de5c9b22ed3a4e1","69","359:IRAM_ATTR;372:IRAM_ATTR;415:IRAM_ATTR;547:IRAM_ATTR;561:IRAM_ATTR;605:IRAM_ATTR;653:IRAM_ATTR;742:IRAM_ATTR;766:IRAM_ATTR;809:IRAM_ATTR;823:IRAM_ATTR;841:IRAM_ATTR;1078:IRAM_ATTR;1140:IRAM_ATTR;1152:IRAM_ATTR"
"<IDF>/components/esp_pm/pm_locks.c","False","True","7977","275","19832cfeeebf504dceb28de03271c3ed92bfe520b36d68d9f912d8b2bc4ee1ba","29","96:IRAM_ATTR;122:IRAM_ATTR"
"<IDF>/components/esp_pm/pm_trace.c","False","True","2824","81","cbc0041b4bd6b0d0d43a64ced2ca83bd303e5ac7d42a0f360d714ce5b3ec0cfc","7","31:DRAM_ATTR;73:IRAM_ATTR;78:IRAM_ATTR"
"<IDF>/components/esp_psram/system_layer/esp_psram_mspi.c","False","True","1557","50","cbe910cf4c422949eeb39e117f2599e98ef7a884219de5dabc33cc1f9ec3974a","11","38:IRAM_ATTR"
"<IDF>/components/esp_ringbuf/ringbuf.c","False","True","70997","1542","36a9a92f0f0c79f04ea34d01244b069111a208a9ef7f586c9d0c4d974d412e84","30",""
"<IDF>/components/esp_rom/patches/esp_rom_crc.c","False","True","16918","229","397b081446e5450ca606656ded3cda5f6a31b522b27e1bc331b2f62f4695e2d6","1",""
"<IDF>/components/esp_rom/patches/esp_rom_efuse.c","False","True","977","31","62dc26bb6dddd5a6ba510ccdd64bb96f4af6aeb1c56ba85e9592edb4a563d929","2",""
"<IDF>/components/esp_rom/patches/esp_rom_gpio.c","False","True","1068","32","45214491565b44d21c770f5fa949575dafb703f99488459f31fe8c865a99b71f","5","15:IRAM_ATTR"
"<IDF>/components/esp_rom/patches/esp_rom_print.c","False","True","8619","296","45d5a100244a8d4c58ca866edab80c62bd32d4c51560570fcd7af1d6a4573c9e","8",""
"<IDF>/components/esp_rom/patches/esp_rom_serial_output.c","False","True","1588","56","e339a4f2356f42677c455e7ad0ac2f3902797f5ee29e7e26213a522656e70c36","6","20:IRAM_ATTR;34:IRAM_ATTR;51:IRAM_ATTR"
"<IDF>/components/esp_rom/patches/esp_rom_spiflash.c","False","True","34805","835","3c925bf5858edc6465bf6f76c980dd8ca6dbc7bf58f4925dc68d79b7801e1657","20",""
"<IDF>/components/esp_rom/patches/esp_rom_sys.c","False","True","5414","178","2cc497cbca66bd223b7c530200ad772d9c650d47b3d869dbafc231ef63aa813c","7",""
"<IDF>/components/esp_rom/patches/esp_rom_systimer.c","False","True","2748","84","d6bd90fcbeda35e87c13eabb5489b5f2393e99ffd518404ff1cab6f67332f0ef","4",""
"<IDF>/components/esp_security/src/esp_crypto_lock.c","False","True","5808","221","7a26e7318ce75be88b246c3f0bd60ffc7f57e6b557d212ff2e27f26bb0a6d057","2",""
"<IDF>/components/esp_security/src/esp_crypto_periph_clk.c","False","True","3720","161","d87fb49a4e3e38df12cd1ff237c5d81d6fc01727426ac184d0014a3a83c87716","13",""
"<IDF>/components/esp_security/src/esp_ds.c","False","True","15256","504","17dcef36644b15e3d94a3b32d5a51b6900a771cfeb9c70b45bbed669d06a7b2d","27",""
"<IDF>/components/esp_security/src/esp_hmac.c","False","True","9603","308","d7d667764736d8352ea0f9392cd198f1f5dd2b6892c12bbcba703edd706754ae","25",""
"<IDF>/components/esp_security/src/init.c","False","True","4978","142","dcea9910e43b3145936d36aece0667f48b97a906068e9508a4c12138e980c3c2","19",""
"<IDF>/components/esp_stdio/stdio_simple.c","False","True","574","18","742dbe58751664d6b40067b00dbd897f2ad31593872c47453f06f78673939cf8","5",""
"<IDF>/components/esp_stdio/stdio_syscalls_simple.c","False","True","2906","97","8fa4cfaa95d24fd1a26c337c92d38a6888683ccadd4340b1f78d9fa8d18163be","7",""
"<IDF>/components/esp_stdio/stdio_vfs.c","False","True","8214","273","0bc74d75e68c87de34e27511bdfaa7f7e4ced4dffac161a8538f1647f2d8ef24","17",""
"<IDF>/components/esp_system/crosscore_int.c","False","True","4901","148","e6ab6d1296ebc1b37383f6e2f1660d5e24f559d6377c29f2f68992a9c58c579b","12",""
"<IDF>/components/esp_system/esp_err.c","False","True","1815","50","259e49d5056d5eeef2ae34b395385fe84f285d32f860bbc3712767d58936c870","10",""
"<IDF>/components/esp_system/esp_ipc.c","False","True","7829","207","913b0d469c248019c65e69352867a9692fbf7c778d34d6a085789b85edc09679","10","32:DRAM_ATTR;33:DRAM_ATTR"
"<IDF>/components/esp_system/esp_system.c","False","True","1582","57","6a26c684a21abc8384c8b64e114c2590ad8eb9fbb30bf2b0abb737fd5b85b0d2","4",""
"<IDF>/components/esp_system/freertos_hooks.c","False","True","4362","151","ab317a73bc6f9988cc3de6d92ef18a06afe0ffe33800af93d76ff691c6de6e0c","7",""
"<IDF>/components/esp_system/hw_stack_guard.c","False","True","3025","95","44452282dd7342fb55673916b58cb899296dd6bd402a480fa61465e5d5508d65","8",""
"<IDF>/components/esp_system/int_wdt.c","False","True","7198","188","568a4e1d3606742434c3f56279e49de761fc279e5052e5196026339a68086244","24",""
"<IDF>/components/esp_system/panic.c","False","True","16306","490","2b2f3a1446bee787204bd0c64440162b305223a78dfcfef717b85d6fddfe947a","45","77:DRAM_ATTR;259:IRAM_ATTR"
"<IDF>/components/esp_system/port/arch/riscv/debug_helpers.c","False","True","2467","70","cbf88fcb223d327933dc07ff86c39ed670e9ad55dcb5fc203ee627462195b84e","13",""
"<IDF>/components/esp_system/port/arch/riscv/debug_stubs.c","False","True","1100","33","f8198f1c4793ae7ae508a6bbf8194ac00ba84aa03751c25d16eb16f1fe06c060","6",""
"<IDF>/components/esp_system/port/arch/riscv/expression_with_stack.c","False","True","3490","95","dc5c1dd61565842f0f6dbd8d0af3b10e9601ba5736a09d30582cccdfcc24f603","10",""
"<IDF>/components/esp_system/port/arch/riscv/panic_arch.c","False","True","12814","382","5afcf697c2001945f6100f9c45bdb018c430872154ac60d39041c5b8768211e6","107",""
"<IDF>/components/esp_system/port/cpu_start.c","False","True","37696","1009","ce34c0ab86c7da9c53fb84fbdc74665663ae2f3bfcf0721ceec55426d39afbc6","105","201:IRAM_ATTR;357:IRAM_ATTR;390:IRAM_ATTR;439:IRAM_ATTR;447:IRAM_ATTR;475:IRAM_ATTR;486:IRAM_ATTR;560:IRAM_ATTR;594:IRAM_ATTR;661:IRAM_ATTR;965:IRAM_ATTR"
"<IDF>/components/esp_system/port/esp_system_chip.c","False","True","2538","88","5e45c0fe7d7aa74c6362db0a9b593865e1faa4d1c7860b2c44a0c6ae2b81fbeb","13",""
"<IDF>/components/esp_system/port/image_process.c","False","True","8532","247","16d0b2e65b9e623d24397c7052558b6784826b3c95a122d9a4364bcb50f4ea98","37",""
"<IDF>/components/esp_system/port/panic_handler.c","False","True","11469","313","f987e7ce6abfd0f223f185650d7adc0e963f7e5ab2f013139b5b3ac66123d683","21","266:IRAM_ATTR;283:IRAM_ATTR;296:IRAM_ATTR"
"<IDF>/components/esp_system/port/soc/esp32c3/apb_backup_dma.c","False","True","1057","40","9d72c2267e8081080e87a8ab82ff49654bdcfc3b6da1ef52a582366c9eae68ca","6",""
"<IDF>/components/esp_system/port/soc/esp32c3/cache_err_int.c","False","True","7601","198","402f441dee107c9cce0f2c9818fe1f8322e5e1f6b694361a01f87a47174ff2b8","20",""
"<IDF>/components/esp_system/port/soc/esp32c3/clk.c","False","True","14644","327","3282074ca65c55e459bbd8011bf4a8955992a64c13e0610dae34ac5d86b60b65","23",""
"<IDF>/components/esp_system/port/soc/esp32c3/reset_reason.c","False","True","3689","116","57557d46d6a1759199fab5a65c16563b5988142a915afd4461f91f6c685843d9","4",""
"<IDF>/components/esp_system/port/soc/esp32c3/system_internal.c","False","True","4617","116","43ed5b729b9d637d0745700a3e61d113c0fac5f8e6987d8a5ef5e7d64c2a835e","21",""
"<IDF>/components/esp_system/stack_check.c","False","True","658","31","f0e525577ee558e22237f9bae59c1b9dbf5e0b699855b82bb413cc2d0a4bebe2","8","28:DRAM_STR"
"<IDF>/components/esp_system/startup.c","False","True","6875","201","4e6ab3e3139030e68687b0cabf29fa6d36232dc62f60842c80f1d7d01756ad51","17",""
"<IDF>/components/esp_system/startup_funcs.c","False","True","4385","146","480647f1251d185ba37d79114b7c2761d390c1d500576ae313afce136841156e","26",""
"<IDF>/components/esp_system/system_time.c","False","True","765","32","c6bac380b20e1d1f0bb64f4f4aa2219d29bcfef302cd1ab8877b1487e2d9b62b","7",""
"<IDF>/components/esp_system/task_wdt/task_wdt.c","False","True","30061","825","d0624bbb25514891615306043892cb0a5c4764557b585e584cc1d8f7a6af5ac6","62","40:IRAM_ATTR"
"<IDF>/components/esp_system/task_wdt/task_wdt_impl_timergroup.c","False","True","8710","250","ac662fe5913cf95c3f8ab90247db0828bac23c92f84a5a40ffa63dc6ab11f50f","17","35:IRAM_ATTR"
"<IDF>/components/esp_system/ubsan.c","False","True","10350","311","1f5c7dd5135230c0d3fdf5c72edbbf0b343a511615dbf5384b6f9d5679bc6d1c","5",""
"<IDF>/components/esp_system/xt_wdt.c","False","True","2629","95","d644d8575416501d63c804a7f0a04f18cc095325a2f14a1c356c2ad1357905a9","17",""
"<IDF>/components/esp_timer/src/esp_timer.c","False","True","26299","776","8353fab5dffb3e3bd570301e658ef139d190f6d211aac787e4365afa358b4a13","41",""
"<IDF>/components/esp_timer/src/esp_timer_impl_common.c","False","True","2220","71","3812b9a869fa41737e9335c1e3810285dec70e9782347eda4b5c79159ff363ae","7",""
"<IDF>/components/esp_timer/src/esp_timer_impl_systimer.c","False","True","9940","250","b74d2cbac127eeaee33b79a37505f824ac5be23ca6e24c2f6d136f69800a6c16","25",""
"<IDF>/components/esp_timer/src/esp_timer_init.c","False","True","898","35","70d3682842274b5c49e1046dcf323bfb233f20bdb7806fc9498d554b8a961837","3",""
"<IDF>/components/esp_timer/src/ets_timer_legacy.c","False","True","3740","115","cdde10900900c338463fbc7610b4b4f0804253b80598678f4961cd1a3d43e454","17",""
"<IDF>/components/esp_timer/src/system_time.c","False","True","1308","47","5f08dcb37b6752719ad1d84cdc3c8a18780c247269f052b419561efc4e06fe31","10",""
"<IDF>/components/esp_wifi/esp32c3/esp_adapter.c","False","True","20908","701","472f901b9493e71c72157e379e6d9e2a1c1b457992fef820f4ec3775ef2a0511","37","62:IRAM_ATTR;67:IRAM_ATTR;72:IRAM_ATTR;77:IRAM_ATTR;141:IRAM_ATTR;196:IRAM_ATTR;201:IRAM_ATTR;220:IRAM_ATTR;263:IRAM_ATTR;282:IRAM_ATTR;289:IRAM_ATTR;296:IRAM_ATTR;306:IRAM_ATTR;313:IRAM_ATTR;335:IRAM_ATTR;340:IRAM_ATTR;345:IRAM_ATTR;406:IRAM_ATTR;424:IRAM_ATTR;442:IRAM_ATTR;474:IRAM_ATTR;564:IRAM_ATTR"
"<IDF>/components/esp_wifi/regulatory/esp_wifi_regulatory.c","False","True","67106","1403","20d5204c099db8e4075cc3d11d3c3a14e33638670a7c58ab392cd653f36d93d6","370",""
"<IDF>/components/esp_wifi/src/lib_printf.c","False","True","2398","106","49c2ea1c354bda22bab6a0d46b44f9193269e222015883c484e39cbd28763159","10",""
"<IDF>/components/esp_wifi/src/mesh_event.c","False","True","901","23","c52a1d4c7ee3961f889fee3f4465c51f8135a3cba2a5d0137865e13548357016","1",""
"<IDF>/components/esp_wifi/src/smartconfig.c","False","True","2152","69","51c7946e32df33b05aff6d5dbf59bc6f624bfae78be8d8239f73ac852df2bc4a","11",""
"<IDF>/components/esp_wifi/src/smartconfig_ack.c","False","True","8966","240","3b131c090531eab41186492861704417bd8a4b2eee64580a39d3a0c0e1d87f18","20",""
"<IDF>/components/esp_wifi/src/wifi_default.c","False","True","17127","530","d8dbb33692c1cec4cc4f2c3b9b86ad7d7b6d4e6f464a7eaa0fa126754f5a8466","21",""
"<IDF>/components/esp_wifi/src/wifi_default_ap.c","False","True","1814","47","9fd2ec56354cda21781853107b0192239e1a69deabadb5aa7f434be88caa86c8","5",""
"<IDF>/components/esp_wifi/src/wifi_init.c","False","True","23735","767","58c6e32674d8575f86486117dfdecf98411656d4f18abb4c85cdacc7c5f72c36","65",""
"<IDF>/components/esp_wifi/src/wifi_netif.c","False","True","5366","183","9721944d88d75cfb2ce3d2775a555d6c9b3bc705f270d38c7f654dcf82b19f1a","10",""
"<IDF>/components/fatfs/diskio/diskio.c","False","True","4098","133","80a5e9dab76adb1b921e45b2ec6e4cf7e67ce26e96088379f64f2dc1b44b923c","4",""
"<IDF>/components/fatfs/diskio/diskio_rawflash.c","False","True","4149","140","d5d9be38cdbd2d257d75cf037473a21762d05d28ef542dd312fd32ff6e9a446f","13",""
"<IDF>/components/fatfs/diskio/diskio_sdmmc.c","False","True","4372","157","451bbf612c5d1d3b08f62f36ef695b96cfd369e946fdde290a688a6621d88649","12",""
"<IDF>/components/fatfs/diskio/diskio_wl.c","False","True","3510","118","547545e3e5cb1f82f97a63aaaaccc8c27f6e2751dd797948b60dcf4f55cfb9fd","14",""
"<IDF>/components/fatfs/port/freertos/ffsystem.c","False","True","6699","220","0963cedf5c4ef45bdb6a52fc210e0be735bafc462025ee37fa20c184d1fadffc","9",""
"<IDF>/components/fatfs/src/ff.c","False","True","258483","7131","423182ac8ae4079a114dfdbd27fae4e2a973cc97a4a4db506751e7bac0c21a03","27",""
"<IDF>/components/fatfs/src/ffunicode.c","False","True","1974995","15593","892b9a0f4e4c4c4525000dae8fac012c784f1183de53753632959a36b28bdfdf","1",""
"<IDF>/components/fatfs/vfs/vfs_fat.c","False","True","49228","1594","cff7f3b711a464824656915f4bc6cf5c2a3ecc9f4eb5fec4fb3107e6a047d6ac","73",""
"<IDF>/components/fatfs/vfs/vfs_fat_sdmmc.c","False","True","16584","547","744f821748c58b4d95bafa6dd94263b58bd578f42b0edb20e4eb38c5ab4b86c7","44",""
"<IDF>/components/fatfs/vfs/vfs_fat_spiflash.c","False","True","16209","432","069eb80b749c45fc2729cce898de4ac13855b3517034707b8190f3304a2791ff","49",""
"<IDF>/components/freertos/FreeRTOS-Kernel/event_groups.c","False","True","35398","851","7ab07993ed0a0f46169f1ac01db7a3dd790b2c6253f532988f52aceab71c9bf9","5",""
"<IDF>/components/freertos/FreeRTOS-Kernel/list.c","False","True","10504","230","c54ecad822452a95b987ea202f70783202095d31b4705d67aacec23c16971a65","2",""
"<IDF>/components/freertos/FreeRTOS-Kernel/portable/riscv/port.c","False","True","36892","905","812592a95588ca0045f97864f37d3bfafc5f2d8a18ec511b002326444acef36e","45","260:DRAM_ATTR"
"<IDF>/components/freertos/FreeRTOS-Kernel/portable/riscv/portasm.S","False","True","33887","860","31f8d4b045c9182dfbb117ca7892217a3e3481b923a2a89ec96fcddb6bc91a46","9",""
"<IDF>/components/freertos/FreeRTOS-Kernel/queue.c","False","True","143713","3421","b37c27ee5151d6c342d56737699e199dd6532248e7d8f5da3824b4679a21f8c5","5",""
"<IDF>/components/freertos/FreeRTOS-Kernel/stream_buffer.c","False","True","67197","1508","d91dde9d6a8297230035ba9a9eaf716f3e1225c3f3e9473c8052343b8aaa0f04","4",""
"<IDF>/components/freertos/FreeRTOS-Kernel/tasks.c","False","True","279438","6483","8e02bca581de35d3ea446752e84f5d71ff90ef818d3b3a7a03865dfc95f3c7b6","15",""
"<IDF>/components/freertos/FreeRTOS-Kernel/timers.c","False","True","55460","1213","045f336c44fba855b88a6e93fe8147e574e75422ed7c1f0b46abfdcedf307df2","7",""
"<IDF>/components/freertos/app_startup.c","False","True","8042","209","9f3ae1b71307ad21e5716a5957619f47422f10d33d88e274c0f1b595c046794b","26",""
"<IDF>/components/freertos/esp_additions/idf_additions.c","False","True","17832","447","456e3e7f340e186358cc05d9959b936da1c33cf6120354f1030b69e07cea9322","16",""
"<IDF>/components/freertos/esp_additions/idf_additions_event_groups.c","False","True","2689","79","648798c925dfa3cb3c9aa33066b2a8f408ff572a68b5c36a3000afac738013d5","5",""
"<IDF>/components/freertos/heap_idf.c","False","True","3608","108","dfba4b9596e280843a7bb14f5d5516038a0d634faabb9c11cc9ba869efb59101","4",""
"<IDF>/components/freertos/port_common.c","False","True","4138","105","5879d7169702a0063b62579bfe8cd99d9a61942efd5576180b7c0228c7955af9","5",""
"<IDF>/components/freertos/port_systick.c","False","True","9579","246","337517b3b0a1836b5d1b0c8384a9992c04a8f45af6006023fccc013e959c0a97","13",""
"<IDF>/components/hal/cache_hal.c","False","True","9884","326","512cb5f5eb513a31c84c63bbab19381ae9c83c8a0d749eac00c6442eac719b15","10",""
"<IDF>/components/hal/color_hal.c","False","True","1192","43","3a297c7529fee94e320a690a7ccccbfeacb4c44f6dc81c23ac4fccbe572b04d7","2",""
"<IDF>/components/hal/efuse_hal.c","False","True","1968","78","b73b8946370a4815391f90067c2a760466c60b68e67eb69fa725c14668430fda","5","23:IRAM_ATTR;28:IRAM_ATTR;33:IRAM_ATTR;38:IRAM_ATTR;43:IRAM_ATTR;48:IRAM_ATTR"
"<IDF>/components/hal/esp32c3/efuse_hal.c","False","True","3166","97","ae808bbb7d94ac04fc66c0c4efefed5084d7184d447343375c3bc909e09faa53","5","17:IRAM_ATTR;22:IRAM_ATTR"
"<IDF>/components/hal/hal_utils.c","False","True","7203","194","39259ba10fc4c03547edb001cee36a73f22a55d16d54dac86159858feacee6df","2",""
"<IDF>/components/hal/mmu_hal.c","False","True","5765","186","8d3ba8536fa6d04e28e64e672ba8ddbd5bbd6c6fd32f4f3a6f77181d09ab2c43","8",""
"<IDF>/components/hal/systimer_hal.c","False","True","7570","206","878c334bd3dce07c6f493f3e84ac1a1a4da8817ca8ee57a1d2ff097600965865","6",""
"<IDF>/components/heap/heap_caps.c","False","True","19614","631","80f0d16846fd0ce9748736fce35b7ed847f9d8cf2d1f3f69f7c947f14a085393","14",""
"<IDF>/components/heap/heap_caps_base.c","False","True","14749","342","c606ef854b43289641a9aaba1563cb21b2b2691844ad27d4c80d15557b081939","10",""
"<IDF>/components/heap/heap_caps_init.c","False","True","13775","332","e6ea260ca9e35ba67667206c9896dc19858fe55ff6e7d95a80d9d637f6d0e3b1","13",""
"<IDF>/components/heap/multi_heap.c","False","True","14441","484","e9a61ae252353ba9095bb97a922db49c164111a3c1afb97f0a967996d0b15045","22",""
"<IDF>/components/heap/port/esp32c3/memory_layout.c","False","True","5763","108","328b0e36b42c92b0da43bf6494166f1220ead9c016d2d02af6b93c766ef16eee","8",""
"<IDF>/components/heap/port/memory_layout_utils.c","False","True","8098","189","c6e917eacf30c1d4a6d5d7243432b8eef1d732153575be759a011d6f740d12e7","18",""
"<IDF>/components/heap/tlsf/tlsf.c","False","True","23710","733","ca8f8c1941e0e34a4b127a7d2bd7c77e66ad39d02450111087f32b552b2f3628","30",""
"<IDF>/components/http_parser/http_parser.c","False","True","74527","2494","bc5750d936bdb1ca6064f65ec31f66578c9fee2a691ac298081fbc73a668be34","16",""
"<IDF>/components/log/src/buffer/log_buffers.c","False","True","6825","158","8bfbfe1437d99ce0f4a5bbb85a832a9fc96d4b282faf3da7399e1cb788fa942f","7",""
"<IDF>/components/log/src/log.c","False","True","3222","91","e2001e32e7516b99102be387b072b0a9dae6ad446d827a96d1d2161e3d7b2d32","15",""
"<IDF>/components/log/src/log_format_text.c","False","True","2807","77","7dd9d1e9d697912927e89db6bb8c7ed699cfe23100a1943f40a56107ae53030d","29",""
"<IDF>/components/log/src/log_level/log_level.c","False","True","1330","55","75bd3d331d60d3b526e53bb1411e1e9fdd92420b2a14e88f7ed7fe086507bb2b","3",""
"<IDF>/components/log/src/log_level/tag_log_level/cache/log_binary_heap.c","False","True","7073","195","ede0c0169783ad6e4a01eebfdef20e687069e4007dcde712f701e6f6387ec45f","6",""
"<IDF>/components/log/src/log_level/tag_log_level/linked_list/log_linked_list.c","False","True","4128","115","2933119f6e91f84742f634d74c9aaa403fb239b22e190eacd95c500dae695ac9","4",""
"<IDF>/components/log/src/log_level/tag_log_level/tag_log_level.c","False","True","2986","114","97155b5355de4dce9f60e0930d42aff70372d766f5a050dcfc5e932218086166","7",""
"<IDF>/components/log/src/log_print.c","False","True","450","19","f5a176f3db2e3c21fddf8d818e953b2837f62672733fd16143fc4440b6571fa0","3",""
"<IDF>/components/log/src/log_timestamp_common.c","False","True","4220","131","dbe9fd95391ac99a78a6017c926f2ef79746c9e33c35c0df3c40976ee75ffede","8",""
"<IDF>/components/log/src/os/log_lock.c","False","True","1577","51","9eca952bcc582a726ccd065e5d09fbe6b48bb6f128593f22a417a93fe1ed8049","5",""
"<IDF>/components/log/src/os/log_timestamp.c","False","True","1248","37","2c18c25c627cb2a30660647535f7a14f643982c501f1316cd26fa1e7b9990328","6",""
"<IDF>/components/log/src/os/log_write.c","False","True","1274","44","72c8f8f109597feee6b7e1a09701d2d29f0429195450fa65b70e7ae599e14bf1","5",""
"<IDF>/components/log/src/os/util.c","False","True","737","27","83c5debb7403db14f0d099d7a56326162cae3b371989f9ce03024ecfeb7f51b1","5",""
"<IDF>/components/log/src/util.c","False","True","615","23","4f316456f97d33a0780e5f247b1ff94b3800ef468e6cbc8ac47fa732b0bd792d","3",""
"<IDF>/components/lwip/apps/dhcpserver/dhcpserver.c","False","True","59529","1831","961f7bd3f828cf9411d57833bd8049deb399bc811c64b1eed3a33a095a32138c","67",""
"<IDF>/components/lwip/apps/ping/ping_sock.c","False","True","15012","417","c07bac9808f4533fcfc41b7e56a13a539dd452914fcb0d3a333e6d6ec92bb20e","35",""
"<IDF>/components/lwip/apps/sntp/sntp.c","False","True","8478","276","d783936fdc879b2200bf03ffae45da4c928847791da95bcdac65d0ca6c72b5a0","18",""
"<IDF>/components/lwip/lwip/src/api/api_lib.c","False","True","45635","1375","6e8b775e55100db0cb25e2e35f71c1cf97047345c67d7ecf41a5431e3e8683c3","49",""
"<IDF>/components/lwip/lwip/src/api/api_msg.c","False","True","73547","2260","f9f3138f42d10b2dd6a2850266ac995381bca7c705f1634c5d583441310c46fa","76",""
"<IDF>/components/lwip/lwip/src/api/err.c","False","True","4700","115","570cbe5044ed46c537e5281cee2accb249b6b3c6421bf74135848cdbc33bab0b","22",""
"<IDF>/components/lwip/lwip/src/api/if_api.c","False","True","3493","102","90c5606dba157f91a590e936bda16135b867bb86d656b8e86e65f4f6d63357d8","5",""
"<IDF>/components/lwip/lwip/src/api/netbuf.c","False","True","7400","250","ac3fa6a731611343e2ca34be52d8d21a07981950f67817f1c70204f269cc53a1","14",""
"<IDF>/components/lwip/lwip/src/api/netdb.c","False","True","18103","547","7eff40a67f98c6eba9d95a89714d1e5d99215c4dbabafd56968049f203a094f1","17",""
"<IDF>/components/lwip/lwip/src/api/netifapi.c","False","True","12019","380","efd2d2556c978adb6364a5aa6628d7d35843d4969ee730fa86bc25d07926e57a","5",""
"<IDF>/components/lwip/lwip/src/api/sockets.c","False","True","143760","4242","1415a0e0f8a403e5ba663e53e0f375e51b41e0984e1af7e454f57170a8f1e106","215",""
"<IDF>/components/lwip/lwip/src/api/tcpip.c","False","True","21642","706","96a509bbf46b83a41ae063c0cdc41c9e2c88fa5970b036286c70ce421f9f42a1","36",""
"<IDF>/components/lwip/lwip/src/apps/netbiosns/netbiosns.c","False","True","19088","533","1bbb3a41f7a8e64456b9908d9767c4494b24107740cced912621bdfe0d40a75c","19",""
"<IDF>/components/lwip/lwip/src/apps/sntp/sntp.c","False","True","30815","949","865f8d9063d9acd872f40fa8d9414850c4bacc9efb78a66e8d671edcc991d965","46",""
"<IDF>/components/lwip/lwip/src/core/def.c","False","True","7664","263","453f8edf970d75081789c56af39d5b30ea0b0d0779592e911491630933dea27b","2",""
"<IDF>/components/lwip/lwip/src/core/dns.c","False","True","60936","1844","9e6bf2b02900e8643930414499eb99570f85bfb4830b3494075945ae029a22dd","55",""
"<IDF>/components/lwip/lwip/src/core/inet_chksum.c","False","True","20007","608","46c0a094463ae27b6a0daedcb4c07e14ee62cbf365cd58dd36470539e2bc0ef9","11",""
"<IDF>/components/lwip/lwip/src/core/init.c","False","True","16911","389","855da32574ea8af6074369186f057971616086b9dd1a10dd6182af378b78f03b","98",""
"<IDF>/components/lwip/lwip/src/core/ip.c","False","True","4876","167","aadd79d9ba3b13decdac92d43e7fdfe17415e5527f09a8276114b77eb037ce48","3",""
"<IDF>/components/lwip/lwip/src/core/ipv4/autoip.c","False","True","12857","380","7586620a57feb352e2df97d3fe1eded3eb8e792e2eb5ea1ef3aa20fd1bfd8c33","37",""
"<IDF>/components/lwip/lwip/src/core/ipv4/dhcp.c","False","True","81293","2083","faa3ce9245b45d932e14fad3ff3de04121ad04040ccb5fc7060ea312a93bf426","184",""
"<IDF>/components/lwip/lwip/src/core/ipv4/etharp.c","False","True","49097","1259","592d2bb3bdaea84ebb1a54d5d02493f4aaa222dd705151166161c962739efe5a","106",""
"<IDF>/components/lwip/lwip/src/core/ipv4/icmp.c","False","True","14924","407","16d243ddd8dfafdefc9ba07161f1f4123bd676847485b8bdddaf4bd3b20dc815","31",""
"<IDF>/components/lwip/lwip/src/core/ipv4/igmp.c","False","True","29427","840","3cf9093c74e42c615d4ab064524c5d17b87459e10b5bf0127410417792f908a8","63",""
"<IDF>/components/lwip/lwip/src/core/ipv4/ip4.c","False","True","44655","1216","4bae5a977e3385c7667e2046e3f1fe13e36c27cecb78a1e32bae93eeeecd904c","130",""
"<IDF>/components/lwip/lwip/src/core/ipv4/ip4_addr.c","False","True","9012","323","ce153b850d018c9bd8ecb66da7afa124734a52485c32926ce15dc54950690ab6","4",""
"<IDF>/components/lwip/lwip/src/core/ipv4/ip4_frag.c","False","True","32372","932","9e7b96f85188804cc3b6492e5f9cd7f4ed3bbbd251bace49707e34f74cab6b30","45",""
"<IDF>/components/lwip/lwip/src/core/ipv4/ip4_napt.c","False","True","32061","1089","779af5b31db7950fa6181d267b3cdaf5fe1faca7ccef690996bc7e82e494b990","84",""
"<IDF>/components/lwip/lwip/src/core/ipv6/dhcp6.c","False","True","29033","826","5de82f66c11050bce7e7af6276d7f574d1db9005b45390b6ef77927a87e4f797","66",""
"<IDF>/components/lwip/lwip/src/core/ipv6/ethip6.c","False","True","4383","123","ea73b39759b87ab77e4cfc523129eca172c78f6e59bfe0eb5767a9a911fbbe05","11",""
"<IDF>/components/lwip/lwip/src/core/ipv6/icmp6.c","False","True","14860","430","5a7a6a998328ed81154c08da4819789e5c437d424929e8b687f66e626bb9b0fe","18",""
"<IDF>/components/lwip/lwip/src/core/ipv6/inet6.c","False","True","2094","53","3e16b2cdc011389e661f704a00e66da94580ecebe7fb63294e2853149c7708e1","3",""
"<IDF>/components/lwip/lwip/src/core/ipv6/ip6.c","False","True","56764","1520","18e6f2b3b74ddad6d33f7dc17a5744ce032f9f0ac5dc1db10c2b85a8daf69c89","144",""
"<IDF>/components/lwip/lwip/src/core/ipv6/ip6_addr.c","False","True","10605","355","8ace022aadcc391223bd3652689f9e9ab5f0a3c15960654bb8f9022963b0a845","6",""
"<IDF>/components/lwip/lwip/src/core/ipv6/ip6_frag.c","False","True","32734","901","ec455ba39becc27f78d957581844fe5cba08bef6d84cb09b5df38a4fc424b35c","36",""
"<IDF>/components/lwip/lwip/src/core/ipv6/mld6.c","False","True","20324","667","2b7f8a201e6936df7425273ef245d97d7f6fe0c6e1727e5289207d4019a6e94a","14",""
"<IDF>/components/lwip/lwip/src/core/ipv6/nd6.c","False","True","97793","2744","014c6dc9ad53228cfdb0d0cad99e338ec53e883f7b1755c52a7ab6f1279634a3","37",""
"<IDF>/components/lwip/lwip/src/core/mem.c","False","True","36031","1017","23644c0a3fdd12a75247ecb6870c908f03a6816507cefd23157cb1ee9e9cc125","66",""
"<IDF>/components/lwip/lwip/src/core/memp.c","False","True","12686","473","db63141131ade8c4f5c78cd9a7f28b0ce1a5cc4ffff392a27d2df4b835820225","36",""
"<IDF>/components/lwip/lwip/src/core/netif.c","False","True","55742","1863","bbc6a548f0d62772d3c26ad27a736621086d3fd46ed74f4a75fd675e33adec81","92",""
"<IDF>/components/lwip/lwip/src/core/pbuf.c","False","True","52859","1545","951b1723eb1f919ca5cb408f19b00fcb9d464948a126631217ec96412dd1cc77","90",""
"<IDF>/components/lwip/lwip/src/core/raw.c","False","True","21570","673","6ad002c136ec65b5efcdec896cb3980de9410e16576829510970c266f1af0d87","21",""
"<IDF>/components/lwip/lwip/src/core/stats.c","False","True","6838","180","aa5604efe49a5dcb939502d0c9f5426215abee36a1b3efa47673ad4d57ab1879","97",""
"<IDF>/components/lwip/lwip/src/core/sys.c","False","True","5949","148","a3a60f22adac27bd7a1595836906a8e5d910986275414dd709cbb70fe3522976","2",""
"<IDF>/components/lwip/lwip/src/core/tcp.c","False","True","90865","2737","982acb23f0c13de6b586e165b89439319bab9776e07cc0eaee970c753e853fe1","200",""
"<IDF>/components/lwip/lwip/src/core/tcp_in.c","False","True","87906","2230","bf70fc1dd98a14a00061fced87178418c2b82f3aeb91e26c35b73b6f82aaaf2d","187",""
"<IDF>/components/lwip/lwip/src/core/tcp_out.c","False","True","81436","2257","f31f0eef0c9aba4402ebff73b6d99a560b1d7ec219b4e0e5791996c41a832308","192",""
"<IDF>/components/lwip/lwip/src/core/timeouts.c","False","True","13979","464","c002f0130966c570e9f174c0a9cd24e55ea32c1870b8737ffceac254cc7661bb","26",""
"<IDF>/components/lwip/lwip/src/core/udp.c","False","True","46158","1333","31f29127c70ff0bdff6f7f8ac100c56da87f178d3803977f67c22193820b41e6","105",""
"<IDF>/components/lwip/lwip/src/netif/bridgeif.c","False","True","19925","563","21a6a45358fc41fe4ae7a7b18bcc5d65d2beae49fbefacfc1422ada7916b6056","29",""
"<IDF>/components/lwip/lwip/src/netif/bridgeif_fdb.c","False","True","7119","212","b13d45ebfdf0674192b98e16cc1c523a0fb9e0d7e9377d48fc87437f2bd18fe0","9",""
"<IDF>/components/lwip/lwip/src/netif/ethernet.c","False","True","12259","329","3cecace1ce4b8d9dfe348de7de9ce118cb8ffd4592707f9324eb0efe749ca636","38",""
"<IDF>/components/lwip/lwip/src/netif/ppp/auth.c","False","True","67602","2513","23c682853ec349ce305ea2a957a92bfcf26b328a97165a7938a5095890a18de7","167",""
"<IDF>/components/lwip/lwip/src/netif/ppp/ccp.c","False","True","49947","1740","024c26e153caeaed367d7c8bdda6831a45919e096622f280deeeb9597893093d","161",""
"<IDF>/components/lwip/lwip/src/netif/ppp/chap-md5.c","False","True","4179","126","9de2c2f1576ac901dd0727974af4e7156770aaaa59fc71f0f28c2ee2521ed3b9","8",""
"<IDF>/components/lwip/lwip/src/netif/ppp/chap-new.c","False","True","19799","677","257054db7d01a60bcc433a1d155f0414a2a4bd9fdad1d63315e2c47e02f1ad07","42",""
"<IDF>/components/lwip/lwip/src/netif/ppp/chap_ms.c","False","True","33979","962","63e29aefafe8c0a834b7dfbb9bde6eaaa9257cd2df251aeb568f743de4704c76","42",""
"<IDF>/components/lwip/lwip/src/netif/ppp/demand.c","False","True","13642","465","d976c032aef40d4a40c4e9721e36c847402b05a51759ae80461c4923eed3377c","11",""
"<IDF>/components/lwip/lwip/src/netif/ppp/eap.c","False","True","64975","2441","e8e82486c815290d3de63e240106eef4284227cfdf17d739be262e4f352a3af7","178",""
"<IDF>/components/lwip/lwip/src/netif/ppp/ecp.c","False","True","5860","191","c7fa5c71a4f10998c99ca285e8e4bc5dd7d2fbf447459d2f8b089b0b5ad41c20","11",""
"<IDF>/components/lwip/lwip/src/netif/ppp/eui64.c","False","True","2139","56","0e8e53a1e5e01d52f158cb950fee4c5d4ac74235eedb599b964cd0d7d4d29ac7","4",""
"<IDF>/components/lwip/lwip/src/netif/ppp/fsm.c","False","True","20729","799","14e6e02a5f03136c60b9143707a7ee9d675de349f856a749c79b4ade76cd9498","20",""
"<IDF>/components/lwip/lwip/src/netif/ppp/ipcp.c","False","True","65855","2418","6264321ec0cd560c79a398b45e4ddfffffc961953f7be089fe259c6521e04374","154",""
"<IDF>/components/lwip/lwip/src/netif/ppp/ipv6cp.c","False","True","43237","1533","0d2c6c8a28495bd43a5bcbe749f3287ec229152b3d2288efb130205aff373bd6","95",""
"<IDF>/components/lwip/lwip/src/netif/ppp/lcp.c","False","True","76478","2794","69a798c056fe6625dc7f5fac474fb128d846674831404a5aeaf3382a8f301742","157",""
"<IDF>/components/lwip/lwip/src/netif/ppp/magic.c","False","True","10301","286","775768610651bae2eddfc9eda09341f2041f89846f5a2b1d47064a7c575acc3f","4",""
"<IDF>/components/lwip/lwip/src/netif/ppp/mppe.c","False","True","12314","412","4573055968e2755babf0c5727390762a1795e4305cbb59a6eb3c1a28905fc23a","27",""
"<IDF>/components/lwip/lwip/src/netif/ppp/multilink.c","False","True","14661","609","4ff636d77636b8b79dc9fdbd30b65ab88590dd034050a507438ced539b35a4c3","48",""
"<IDF>/components/lwip/lwip/src/netif/ppp/polarssl/arc4.c","False","True","3169","101","5c44af9dedba0d2b710841bf19d39074d9a2c80c3dab3e771107eb37559a1c2f","2",""
"<IDF>/components/lwip/lwip/src/netif/ppp/polarssl/des.c","False","True","16855","422","1acf2cef48c441a79158da33688c32ea63a19bce303c60309e694ab29ff3b842","2",""
"<IDF>/components/lwip/lwip/src/netif/ppp/polarssl/md4.c","False","True","8369","281","7df9017870b595e65bc8633f6eb46189d3c974d33b5c81017f3ad3d6dac8d612","2",""
"<IDF>/components/lwip/lwip/src/netif/ppp/polarssl/md5.c","False","True","9414","300","0186e89d32c5e9a98db5322b884055991414b766c9e83a5a0fa33a19e8213d4d","2",""
"<IDF>/components/lwip/lwip/src/netif/ppp/polarssl/sha1.c","False","True","9889","335","70f66c0770bb141317e1bf7aa4e90660a32afe368c1a677215f05ceef2eb01cd","2",""
"<IDF>/components/lwip/lwip/src/netif/ppp/ppp.c","False","True","50994","1666","8032cf45879dfcd6506714ae7dbf092ff1bbec03a4a4ee79b79ae658a5d2c753","202",""
"<IDF>/components/lwip/lwip/src/netif/ppp/pppapi.c","False","True","14019","427","2e860b832e1f2a1d590b4e867c8ebd756c36bd5d7002325799c74d61fc5a9c85","7",""
"<IDF>/components/lwip/lwip/src/netif/ppp/pppcrypt.c","False","True","2379","66","e572da7dd70c6070cc2811e0422d0de3fcfad399e34884cc7bd0ac3e35dbfd3d","3",""
"<IDF>/components/lwip/lwip/src/netif/ppp/pppoe.c","False","True","39544","1217","a4dc2096e51bf14b56d445d94b78a1cce3d1fd78a77f53ef6ceff701bab9c13a","94",""
"<IDF>/components/lwip/lwip/src/netif/ppp/pppol2tp.c","False","True","41905","1171","73c4551cf1672b5ac39c12aac8facb1ea0b989b086f53dcf6ea059ad0838f0ae","60",""
"<IDF>/components/lwip/lwip/src/netif/ppp/pppos.c","False","True","32591","940","dc38f6ae7206bc346f0056e41b9532047ca4b069d442df76de7d003d08d8052f","42",""
"<IDF>/components/lwip/lwip/src/netif/ppp/upap.c","False","True","18096","679","b17a977cd0b2098cfc2af9ebe78f9a62a6a3e8b380809a625bc90be376e86564","45",""
"<IDF>/components/lwip/lwip/src/netif/ppp/utils.c","False","True","21891","957","6ad4e034adbde8e54bd3e2a47b361e2e9593f77e3f61ac249beabdf4916be731","46",""
"<IDF>/components/lwip/lwip/src/netif/ppp/vj.c","False","True","20599","685","cbf40c02e40a364430805b6dbd9bec0179963095ce799af52a1c63267f6eeeaf","23",""
"<IDF>/components/lwip/lwip/src/netif/slipif.c","False","True","16647","558","7b4ae811c17bc72888eb457edd82652807e4e92b56212312e5dad04565e3e4e4","30",""
"<IDF>/components/lwip/port/acd_dhcp_check.c","False","True","4435","139","0f8b6a4050d00e57187616f61e4c176d30f45cf74852a098f34291624c8d8bdb","12",""
"<IDF>/components/lwip/port/debug/lwip_debug.c","False","True","7007","208","88fcadef108add7ec66cf4df5c98d32125a6604d82bc8331dd34322458142400","89",""
"<IDF>/components/lwip/port/esp32xx/vfs_lwip.c","False","True","4551","142","63eb19fcac4114b1fca76073b9686d5285bbef3d1d2a580324fc09a3715f5b37","9",""
"<IDF>/components/lwip/port/freertos/sys_arch.c","False","True","15443","592","c10025b237b4a8029db2b6ac240acce49d496020f04e18d3003a3268ca180827","45",""
"<IDF>/components/lwip/port/hooks/lwip_default_hooks.c","False","True","11193","323","072f5374a579767adf254b839905219463c290a69850cba801abb15d4023ecc3","14",""
"<IDF>/components/lwip/port/hooks/tcp_isn_default.c","False","True","7439","198","a396e9b29aa5dc2ca8231869126908cca7b882952df53502ab8ae5a16ba0e880","7",""
"<IDF>/components/lwip/port/if_index.c","False","True","369","17","755b6b66392c682abbd24c803a7115b2309360b2461ba25b3429c46c7a7923b6","1",""
"<IDF>/components/lwip/port/sockets_ext.c","False","True","4140","108","c8a5118244d4ec0925049ec145fa6d76204ab42c85a5fcab7b16512c3802b23a","12",""
"<IDF>/components/mbedtls/esp_crt_bundle/esp_crt_bundle.c","False","True","21995","594","5efb7440442b8f450b6cf41736e0e577f6a7e9bfa2ff054af1728129db75db10","46",""
"<IDF>/components/mbedtls/mbedtls/library/debug.c","False","True","9176","285","82012de0dbbfd05948973903a285015af236299770324debd03c09316a75c84b","19",""
"<IDF>/components/mbedtls/mbedtls/library/error.c","False","True","23303","505","9fd5c0cfb57cfcdde2d934ec95c4f4bbfe65b0c3fca93a14f4914102b510bc58","144",""
"<IDF>/components/mbedtls/mbedtls/library/mbedtls_config.c","False","True","1578","38","1d0f07f42190830d1a14160b8ddeffe3d8d2a885881e60fb7beca089b799ca0c","4",""
"<IDF>/components/mbedtls/mbedtls/library/mps_reader.c","False","True","19958","538","a8ce5f98369fdeb020a3a947c710d14f1a90cf9c22fe7bc7b1c0d93eee14ea1a","35",""
"<IDF>/components/mbedtls/mbedtls/library/mps_trace.c","False","True","2384","112","27643fab26fea15ccac50e7f9d9ea2e0e241fc98b664c3e1df74a72709a7b8d1","19",""
"<IDF>/components/mbedtls/mbedtls/library/pkcs7.c","False","True","23507","772","2ce8ce920d09ad93a0d9ffddfcf1d59bdd493b3e0a37d413025c689442d72c46","11",""
"<IDF>/components/mbedtls/mbedtls/library/ssl_cache.c","False","True","11207","409","0e78790c045dc725fffa7ad1b313b991fc3fac42c1082144e087d9d515547798","4",""
"<IDF>/components/mbedtls/mbedtls/library/ssl_ciphersuites.c","False","True","40223","996","a4893866ff888d6e74ea65c81f1928d1e11a1cba6669bd512f369754183875ec","84",""
"<IDF>/components/mbedtls/mbedtls/library/ssl_client.c","False","True","35559","1015","ccf99479a02534192003f2cb707bed1f5ae3df2f42c9fa00d4c78c26fd43d552","36",""
"<IDF>/components/mbedtls/mbedtls/library/ssl_cookie.c","False","True","7071","251","174764417484880481155d5a30040153f86ecd69829a0559c6c0e15ed71b8793","8",""
"<IDF>/components/mbedtls/mbedtls/library/ssl_debug_helpers_generated.c","False","True","9543","243","66e1b01853603fb2643d80aabcbd5d78ad603f57945cec63ab57f39bdf323527","88",""
"<IDF>/components/mbedtls/mbedtls/library/ssl_msg.c","False","True","231859","6275","a649812c0fff02ec38b1f9794223a95dea31b2a3c4d0f39458e72b06281a9c52","416",""
"<IDF>/components/mbedtls/mbedtls/library/ssl_ticket.c","False","True","13572","453","77bdce18b613eeb95ec301acb220a911f8783910354561aace91d32edb56d76c","5",""
"<IDF>/components/mbedtls/mbedtls/library/ssl_tls.c","False","True","307833","9019","0db160de866d75e97692b57e7deb6871df8937fbaf7d87af1ebe6045075290f3","255",""
"<IDF>/components/mbedtls/mbedtls/library/ssl_tls12_client.c","False","True","112735","3047","b5f66f183413ad26bda526734283caa0519f1a9912ddeaa3179808405efe8c7d","202",""
"<IDF>/components/mbedtls/mbedtls/library/ssl_tls12_server.c","False","True","128794","3542","38c16cdf6cdecf05a645f0c14788ac04e502f4dd06a907c5745dfe92c8fed114","241",""
"<IDF>/components/mbedtls/mbedtls/library/ssl_tls13_client.c","False","True","111112","3184","2dfbe0d2a937cb5c009e4daba7806569898976ac66ac76c7010a31165d7c00ef","137",""
"<IDF>/components/mbedtls/mbedtls/library/ssl_tls13_generic.c","False","True","61928","1734","2b0f840dafacd72935470e8616ea77a021f25cc7d447685154773f2ee85fe10e","91",""
"<IDF>/components/mbedtls/mbedtls/library/ssl_tls13_keys.c","False","True","66065","1860","6e7bc6d6e3dea42be170adce7b1b38aaee9c3201c80c0fe3deab0f754278d735","79",""
"<IDF>/components/mbedtls/mbedtls/library/ssl_tls13_server.c","False","True","130987","3600","d7a2beca2b72dd66ddf06356eaa06ebac543a4855fda98280c16d9f6c097bb86","204",""
"<IDF>/components/mbedtls/mbedtls/library/timing.c","False","True","1612","76","656b647b2d2cdb977bd86c3496ea7db3d7e974e39076b75ebf7ca5a15d67a5d3","2",""
"<IDF>/components/mbedtls/mbedtls/library/version.c","False","True","567","30","14d6ba61448534d6e21f900472071df0d0eb9715956d4061fc0bf67cb5a99fd2","2",""
"<IDF>/components/mbedtls/mbedtls/library/version_features.c","False","True","9566","244","c6f2465c5ae7c59db7f236d6d47abb0c384279085b728488fe01ddd25a5d31eb","68",""
"<IDF>/components/mbedtls/mbedtls/library/x509.c","False","True","61298","1848","7cc217349ce93f8b6c7d30247f95000086d274e571076d871a933c440e3d9f7d","77",""
"<IDF>/components/mbedtls/mbedtls/library/x509_create.c","False","True","25732","747","c933470570ba1d38fd8d33e66652552ab64e9aba84a5e57e39af4f2c8a5347a9","36",""
"<IDF>/components/mbedtls/mbedtls/library/x509_crl.c","False","True","21336","701","98c4c8444afb9c3458ceafa04237b7590c33502031c380d7515b76adeb2fbd52","21",""
"<IDF>/components/mbedtls/mbedtls/library/x509_crt.c","False","True","106332","3273","b0315bb11ec2a6f62e0955cfe98afd8da5680a8590aad5395b280087ced4243d","54",""
"<IDF>/components/mbedtls/mbedtls/library/x509_csr.c","False","True","20322","633","61637642081d723a0df234ff41eb4f4b3a61e0ea85a2bebdba8332ceac5d3528","22",""
"<IDF>/components/mbedtls/mbedtls/library/x509_oid.c","False","True","22998","603","342da76a66393185f7878d5224ee72c983fe369d8db1e71a1fc1e8e507860d99","144",""
"<IDF>/components/mbedtls/mbedtls/library/x509write.c","False","True","7078","171","7decefcd6a75fd7e80d68b913262583dd76ce6901b7d0ecabd97f203da74acf8","10",""
"<IDF>/components/mbedtls/mbedtls/library/x509write_crt.c","False","True","24057","637","d6fac9d93aad081a615d2e74afcb102d1deefbc1d238e873c1621eff60bb0482","14",""
"<IDF>/components/mbedtls/mbedtls/library/x509write_csr.c","False","True","10527","317","f3cc6cf890d00241ebbf38e379b8c4f2ba5a61ccd68eefb8ce34c6fcc92b8a9b","13",""
"<IDF>/components/mbedtls/mbedtls/tf-psa-crypto/core/psa_crypto.c","False","True","343539","9805","8cc3426ace5d504b10e2bf947197f27db49d6cf1828aa1ce8dc988890b560855","50",""
"<IDF>/components/mbedtls/mbedtls/tf-psa-crypto/core/psa_crypto_client.c","False","True","470","22","f36346de121de74d710c78019e80f4d2094287ecbe4c091a2dc448c99e2a6ee7","3",""
"<IDF>/components/mbedtls/mbedtls/tf-psa-crypto/core/psa_crypto_driver_wrappers_no_static.c","False","True","9610","269","eccdda8e9b7db2d37b1c49a95362b572b109fca79657aac4ccb4992973777df9","16",""
"<IDF>/components/mbedtls/mbedtls/tf-psa-crypto/core/psa_crypto_random.c","False","True","6241","168","6ed7da3e1dbb313f192eb63032973cfd67b59a92a2ede8f6843d4657456fc493","6",""
"<IDF>/components/mbedtls/mbedtls/tf-psa-crypto/core/psa_crypto_slot_management.c","False","True","37176","998","35963124b1c821d92076ac8a889025430569de783bee8862e556332f63113016","23",""
"<IDF>/components/mbedtls/mbedtls/tf-psa-crypto/core/psa_crypto_storage.c","False","True","13945","400","055844916eef1eadb9e5d749af9f5ad20f9ef59d6aeeb02d42e0b5ac64ce444b","9",""
"<IDF>/components/mbedtls/mbedtls/tf-psa-crypto/core/psa_its_file.c","False","True","7589","254","8fb38067ef0a695fbcd5664499f3bd3dcea290dbc84e7ae5ca36da68f0a23629","13",""
"<IDF>/components/mbedtls/mbedtls/tf-psa-crypto/core/psa_util.c","False","True","10551","295","5f3cec1e01f2d3d8161adb767f68dbbc0796719a82fba30c072604125109b555","1",""
"<IDF>/components/mbedtls/mbedtls/tf-psa-crypto/core/tf_psa_crypto_config.c","False","True","2905","70","260f2b7d9f9abb4bfaa8270e7fe6ed85a02228e7e51d568c7d7f380f53755461","6",""
"<IDF>/components/mbedtls/mbedtls/tf-psa-crypto/core/tf_psa_crypto_version.c","False","True","606","28","4b0c299f4b99b6af8aa34b0598ded5521119b9d2df7b0bfdf05ab51fcbbb9f5f","2",""
"<IDF>/components/mbedtls/mbedtls/tf-psa-crypto/drivers/builtin/src/aes.c","False","True","79133","2236","287fe270952db6090a0a4f62ae266edee214c90feef62d1625b569c9c5fe8c0e","52",""
"<IDF>/components/mbedtls/mbedtls/tf-psa-crypto/drivers/builtin/src/aesce.c","False","True","21307","624","b04faf85765a218146e4b2fa3d180a72f95a8f85331ef054f537285ab72c7594","36",""
"<IDF>/components/mbedtls/mbedtls/tf-psa-crypto/drivers/builtin/src/aesni.c","False","True","34460","846","283453a3c3dbe4cb05c603bca8c8401b7e61265ecbe56d5ed83347ee18cf4269","289",""
"<IDF>/components/mbedtls/mbedtls/tf-psa-crypto/drivers/builtin/src/aria.c","False","True","35806","966","268d1b33ac8d9c8abb3f8b87470e2656a02ce30ca8eed1e6941bc5c7171b913d","23",""
"<IDF>/components/mbedtls/mbedtls/tf-psa-crypto/drivers/builtin/src/bignum.c","False","True","72843","2647","c9892768939a5a63c1eced50711964d4efc280e711c1bc707505070b7eee3691","62",""
"<IDF>/components/mbedtls/mbedtls/tf-psa-crypto/drivers/builtin/src/bignum_core.c","False","True","44029","1242","4bd7d0689d4c908d02fe11a0236dc55a1f7b8b9dad5b10547a7e01134c426109","10",""
"<IDF>/components/mbedtls/mbedtls/tf-psa-crypto/drivers/builtin/src/bignum_mod.c","False","True","11921","394","1b28ab8ac8c538abe17588309a04636f4a591136d5b1f62b2cf07f28c515bfab","9",""
"<IDF>/components/mbedtls/mbedtls/tf-psa-crypto/drivers/builtin/src/bignum_mod_raw.c","False","True","9641","276","b74789d4f2d89f011004428da5662cf977e85be2e285677cd74812c71bbc3799","9",""
"<IDF>/components/mbedtls/mbedtls/tf-psa-crypto/drivers/builtin/src/block_cipher.c","False","True","6820","207","721aa03c8cb9711bf6757160eb4fea47938cb17e83ca52c7d9ac54818dc712e8","5",""
"<IDF>/components/mbedtls/mbedtls/tf-psa-crypto/drivers/builtin/src/camellia.c","False","True","35912","1055","94e2d7388c83e1dee3ffd7158473e3f17287314c46548696eca9c03453fa032f","24",""
"<IDF>/components/mbedtls/mbedtls/tf-psa-crypto/drivers/builtin/src/ccm.c","False","True","24516","773","b6e2523bd1ae6f41149f9c7d200896961a7ba3c46d110a859832530389e394bf","13",""
"<IDF>/components/mbedtls/mbedtls/tf-psa-crypto/drivers/builtin/src/chacha20.c","False","True","18132","514","1a4f56835be5653253cb7574c94bb6f0738ea4d816721a5822fde62ce3e0531f","12",""
"<IDF>/components/mbedtls/mbedtls/tf-psa-crypto/drivers/builtin/src/chacha20_neon.c","False","True","9613","259","ce648abc8654bcb1369834fd5c9c380b59346330da7c4aacc162e1ef09172b3a","6",""
"<IDF>/components/mbedtls/mbedtls/tf-psa-crypto/drivers/builtin/src/chachapoly.c","False","True","14940","474","60d47addb242dda44ad0a2bd52db3be15598e9a839889b966bebdcc77a5f1a0c","13",""
"<IDF>/components/mbedtls/mbedtls/tf-psa-crypto/drivers/builtin/src/cipher.c","False","True","39668","1126","4917d2f23b632476c6b7159701e26ea9f6d14c45a68c77ab4a6ece014258b5a3","14",""
"<IDF>/components/mbedtls/mbedtls/tf-psa-crypto/drivers/builtin/src/cipher_wrap.c","False","True","56025","1937","0b8b35e8d1f6e262b08c361c851efa9f25d9c3021f7b9dda055d5b799281a88d","81",""
"<IDF>/components/mbedtls/mbedtls/tf-psa-crypto/drivers/builtin/src/cmac.c","False","True","29484","911","79b66af5e2047bf83ae80a79856bce0f8912c1dc8c40487f2719cbeabe470e57","28",""
"<IDF>/components/mbedtls/mbedtls/tf-psa-crypto/drivers/builtin/src/ctr_drbg.c","False","True","33639","1017","872652ce72482e4d8c868bb7e727dc0eb7fd67060b5d1e51d195e68b6fba48df","15",""
"<IDF>/components/mbedtls/mbedtls/tf-psa-crypto/drivers/builtin/src/ecdsa.c","False","True","26490","826","b28c797e288ae6a089ffbabcb2a9a2ce7595e85a371c1b04d9c549b6d84e0c2d","8",""
"<IDF>/components/mbedtls/mbedtls/tf-psa-crypto/drivers/builtin/src/ecjpake.c","False","True","42964","1206","d34186d31bfdb2a981392f1a5914e3968a3daca5dda5a8fe0311d0ebcefc04cc","15",""
"<IDF>/components/mbedtls/mbedtls/tf-psa-crypto/drivers/builtin/src/ecp.c","False","True","114060","3519","1217a66a35833e6c42b22c9c96d547f7600420c38e3aca864b078f12ea806639","40",""
"<IDF>/components/mbedtls/mbedtls/tf-psa-crypto/drivers/builtin/src/ecp_curves.c","False","True","261725","4355","4dad7feb8ed338bc533ca4fe4615d62ed9b64ced4ea990b802595d60d34a2ba2","7",""
"<IDF>/components/mbedtls/mbedtls/tf-psa-crypto/drivers/builtin/src/ecp_curves_new.c","False","True","278701","4772","1ee657390c16ddd947cef53502f04225bfa4544edb34b3384779229aae970612","10",""
"<IDF>/components/mbedtls/mbedtls/tf-psa-crypto/drivers/builtin/src/entropy.c","False","True","18867","677","e2a041e335fa84fe592ec63dbd7233c9c2c9ed6c86a7e82fdfe00f4ca8dea34a","16",""
"<IDF>/components/mbedtls/mbedtls/tf-psa-crypto/drivers/builtin/src/entropy_poll.c","False","True","2981","89","3c514400a85b05aaecff4e803d826d76a1b867d21a81a0ecf8297007e44fadf1","8",""
"<IDF>/components/mbedtls/mbedtls/tf-psa-crypto/drivers/builtin/src/gcm.c","False","True","45345","1314","7cfb834da6fc0a2057678dc02504e644fb04319f01b7a95ca88c8c65d62e6e2f","28",""
"<IDF>/components/mbedtls/mbedtls/tf-psa-crypto/drivers/builtin/src/hmac_drbg.c","False","True","19836","639","8511b705153ac8e148e2dd0039ce9a623f27d984c63634a05ef1f12ad394b731","13",""
"<IDF>/components/mbedtls/mbedtls/tf-psa-crypto/drivers/builtin/src/md5.c","False","True","12876","419","afe20beb6ff5807c290a4d4a902b3330c5215fd72ff7a340b28c43c674cf604a","16",""
"<IDF>/components/mbedtls/mbedtls/tf-psa-crypto/drivers/builtin/src/poly1305.c","False","True","14903","488","99c9af014082b845b0cfaa72933012c0edf44c264ee7a4452be757b5c0f73fce","10",""
"<IDF>/components/mbedtls/mbedtls/tf-psa-crypto/drivers/builtin/src/psa_crypto_aead.c","False","True","23448","648","542306b0f549884e4b752c1fdcdcb8f302c4ca552607478165818448bf021186","10",""
"<IDF>/components/mbedtls/mbedtls/tf-psa-crypto/drivers/builtin/src/psa_crypto_cipher.c","False","True","26008","752","da0e175264e5b69c7f5e3f9a5e3422e23f609b65c50d6ca1a569cc08ae3e6a52","7",""
"<IDF>/components/mbedtls/mbedtls/tf-psa-crypto/drivers/builtin/src/psa_crypto_ecp.c","False","True","31697","911","15ab3ccd71b1abe071be40c0b6990f33d491834700050f148db8145af4fabc1c","7",""
"<IDF>/components/mbedtls/mbedtls/tf-psa-crypto/drivers/builtin/src/psa_crypto_ffdh.c","False","True","36543","781","cccd1650f34c72469cbcfa511aeebab0099016e701bb397dacf0f40f05c2d42e","6",""
"<IDF>/components/mbedtls/mbedtls/tf-psa-crypto/drivers/builtin/src/psa_crypto_hash.c","False","True","14893","458","12e27ef14e1a06b29a31fc2ffbe038dad4c1c319f3c5eca069d155fb87e9cc43","3",""
"<IDF>/components/mbedtls/mbedtls/tf-psa-crypto/drivers/builtin/src/psa_crypto_mac.c","False","True","15664","495","6cb43826a22b23e58363288793b977eb52b70417cdc8a331d7c31a9f1409e630","5",""
"<IDF>/components/mbedtls/mbedtls/tf-psa-crypto/drivers/builtin/src/psa_crypto_pake.c","False","True","21046","568","448356c3e049e0404f4d0e99ddaee8bc1c5b62b34dc2bfba1fc22818332ea5a0","5",""
"<IDF>/components/mbedtls/mbedtls/tf-psa-crypto/drivers/builtin/src/psa_crypto_rsa.c","False","True","26787","699","5ed8c2eb8dd0bf92624b9be17e68b81a5317cb9ac5839c9f5e4c1638cc77cef9","9",""
"<IDF>/components/mbedtls/mbedtls/tf-psa-crypto/drivers/builtin/src/psa_crypto_xof.c","False","True","3879","149","bb5a35ff2047dd5203bf51a9f2df38b8941b8dfbfdb18deee4385fffc800bac7","3",""
"<IDF>/components/mbedtls/mbedtls/tf-psa-crypto/drivers/builtin/src/psa_util_internal.c","False","True","9404","282","9b737bd5a16d7fc10308fe9e726c4f69cfb0da4af8fe34e118818ec132a6c35f","2",""
"<IDF>/components/mbedtls/mbedtls/tf-psa-crypto/drivers/builtin/src/ripemd160.c","False","True","16585","482","78b95b519086467cbd6d450b20539cd767f1b1a41af54b21ed0a6c14e5f0b568","17",""
"<IDF>/components/mbedtls/mbedtls/tf-psa-crypto/drivers/builtin/src/rsa.c","False","True","85718","2716","9270356697212de89b5622ced722707d270f2956dcce396ec7d05912bae0006e","56",""
"<IDF>/components/mbedtls/mbedtls/tf-psa-crypto/drivers/builtin/src/rsa_alt_helpers.c","False","True","8568","294","72fc77d8890af57940ff08b342bff6e05699c015ded22ab688a4ec13269888dc","5",""
"<IDF>/components/mbedtls/mbedtls/tf-psa-crypto/drivers/builtin/src/sha1.c","False","True","14570","473","330bf1e926b1b38b459fb42ffbcfdd24585cb9b5cc6dc7a105ca0683fb80c979","12",""
"<IDF>/components/mbedtls/mbedtls/tf-psa-crypto/drivers/builtin/src/sha256.c","False","True","30529","956","39b4bf9a6bb766418ed8745bb8a36b7bb76b23cd619931f4f4ec9ca18fb47785","27",""
"<IDF>/components/mbedtls/mbedtls/tf-psa-crypto/drivers/builtin/src/sha3.c","False","True","29387","951","25922e36d0fe1f015cee2e4bcdcc71d3eda195d10cd1fde29fdf3ff2f414c9a9","34",""
"<IDF>/components/mbedtls/mbedtls/tf-psa-crypto/drivers/builtin/src/sha512.c","False","True","38071","1089","cd6cd055154e627d1d740d3dcf547cd1a888888abd9660040a1033cace06c3a1","43",""
"<IDF>/components/mbedtls/mbedtls/tf-psa-crypto/drivers/everest/library/Hacl_Curve25519_joined.c","False","True","1607","50","6a54672e2db45409757bde57014d46de8359adb8c4485595bc98f0a3eb1f8cbb","6",""
"<IDF>/components/mbedtls/mbedtls/tf-psa-crypto/drivers/everest/library/x25519.c","False","True","1909","52","7e8b6bfea1033c9e61051c80ee11b38ced565b9cd0db2a912b768011d5bd0e14","3",""
"<IDF>/components/mbedtls/mbedtls/tf-psa-crypto/drivers/p256-m/p256-m/p256-m.c","False","True","44450","1514","d6a1bf063cf2d4b34a1b1d44cded8c20b98ae58aa80d3430554232018f32ea26","44",""
"<IDF>/components/mbedtls/mbedtls/tf-psa-crypto/drivers/p256-m/p256-m_driver_entrypoints.c","False","True","10765","312","13235aa92fc54b0139fba621ad604febde4f1658be951179f8aac1dd8d790e7c","5",""
"<IDF>/components/mbedtls/mbedtls/tf-psa-crypto/drivers/pqcp/src/psa_crypto_mldsa.c","False","True","430","15","eab2eb4b511cd79454f75039ce8cb91d9acd7a4134f8c20a72cd48e75954e4ff","2",""
"<IDF>/components/mbedtls/mbedtls/tf-psa-crypto/drivers/pqcp/src/wrap_mldsa_native.c","False","True","1394","40","1486318b0795016c5523f081ce9fdc78e2e2d0debd1a46b7ce7e50543ef6df7d","2",""
"<IDF>/components/mbedtls/mbedtls/tf-psa-crypto/extras/lmots.c","False","True","27364","768","8a980f234dbf4551c6ec4f03671432bf6cfb99ea9847740b006cbfed99c9613a","7",""
"<IDF>/components/mbedtls/mbedtls/tf-psa-crypto/extras/lms.c","False","True","27043","772","52a4fbb02c39948fec757e63c4d94ebc0a7483fcecb6a326799259b954776c47","8",""
"<IDF>/components/mbedtls/mbedtls/tf-psa-crypto/extras/md.c","False","True","34399","1182","4b9ca8d64a8ec6695b97452923ecb00d1c06c3fadc8af78dfc5bec8d78d5b145","29",""
"<IDF>/components/mbedtls/mbedtls/tf-psa-crypto/extras/nist_kw.c","False","True","15474","458","a1681a2ee735e9a4983518ca12bedf6db34077524893951ca545a9cd7db54e3f","8",""
"<IDF>/components/mbedtls/mbedtls/tf-psa-crypto/extras/pk.c","False","True","50166","1464","a90d90b0d5a815e833a8d04925d121628e5f3be6b4fdd5db6466068e459cbad0","10",""
"<IDF>/components/mbedtls/mbedtls/tf-psa-crypto/extras/pk_ecc.c","False","True","6119","169","12068a5960fbc38bb1b299c4e6a5096e3355e6e3424afdc98eb0e5f3274f2858","5",""
"<IDF>/components/mbedtls/mbedtls/tf-psa-crypto/extras/pk_rsa.c","False","True","3592","106","3ab4e6d4e415ffc3121567eeaaae820a12c0e24d16e9973bf17b86e01922113e","4",""
"<IDF>/components/mbedtls/mbedtls/tf-psa-crypto/extras/pk_wrap.c","False","True","22596","667","704726b2a8f6cbddb9b13c03e2b64a17a8abc4d3c831e590e1aad1a42a368fd7","19",""
"<IDF>/components/mbedtls/mbedtls/tf-psa-crypto/extras/pkparse.c","False","True","43403","1351","40db1c4498f0c40903c56a3c51cf3440a0ba9f518679a1dd45b0087d4c3646d5","15",""
"<IDF>/components/mbedtls/mbedtls/tf-psa-crypto/extras/pkwrite.c","False","True","19414","574","89d65c01af115e5fb22ab80c8256ab0dfa7df00a043202a025540d8618814766","20",""
"<IDF>/components/mbedtls/mbedtls/tf-psa-crypto/platform/memory_buffer_alloc.c","False","True","19348","745","3bd9aabfcc4ada2c819fc463892c5ab6a115fa6efd08d3dc3b9f88cceb90e820","43",""
"<IDF>/components/mbedtls/mbedtls/tf-psa-crypto/platform/platform.c","False","True","10363","362","fe8a7a9a65757c411fc41095b4beca8762fed0b39c8779424209df2a37b53597","6",""
"<IDF>/components/mbedtls/mbedtls/tf-psa-crypto/platform/platform_util.c","False","True","13698","428","3ac0410f1dfd5a471591af1ab25e44968157916541c21536203963d9863f1f0d","16",""
"<IDF>/components/mbedtls/mbedtls/tf-psa-crypto/platform/threading.c","False","True","9656","311","c1adef2f628b180a5ad8ebdca23ecfddd19da6bbc4b2098cbb32049a3cdd5806","2",""
"<IDF>/components/mbedtls/mbedtls/tf-psa-crypto/utilities/asn1parse.c","False","True","12143","483","df5fa28e52117ef2a6f1f12d7d027d70722da0438af2e4539f927b3760fdf826","6",""
"<IDF>/components/mbedtls/mbedtls/tf-psa-crypto/utilities/asn1write.c","False","True","13924","465","a77356332a75a01189f89e271918bdab24f03624f045944f445a77532525f930","6",""
"<IDF>/components/mbedtls/mbedtls/tf-psa-crypto/utilities/base64.c","False","True","9771","322","5a8eb4e03e548aa95e33e14b92b2d663347d93a5ea338d9ed74f67aee437a42a","13",""
"<IDF>/components/mbedtls/mbedtls/tf-psa-crypto/utilities/constant_time.c","False","True","9023","247","648ae7e7110274fd25f65d314a646befe392f7e0e2eedca5aca1f25d4a67104b","12",""
"<IDF>/components/mbedtls/mbedtls/tf-psa-crypto/utilities/oid.c","False","True","16431","469","38273109a91124a8f06bfc0e5443f6cca5eec2aa95a2de69893ae5cb34800d7a","78",""
"<IDF>/components/mbedtls/mbedtls/tf-psa-crypto/utilities/pem.c","False","True","12409","458","f4e77f6d8d42138bb7da2162304eaa8e01507e061185ebfca13fc6baea193bc4","15",""
"<IDF>/components/mbedtls/mbedtls/tf-psa-crypto/utilities/pkcs5.c","False","True","14897","475","69eecd8c05b073dda5ca49bf9b8b4589185e0b924622d3ff55229a8c5f47abbe","23",""
"<IDF>/components/mbedtls/port/aes/dma/esp_aes_dma_core.c","False","True","54906","1363","34ae8fe3522dd4c4f243b56a51aa1ab0e2e6813e439697c4783a0dfee1fdb5a4","69","96:IRAM_ATTR;943:DRAM_ATTR;944:DRAM_ATTR;945:DRAM_ATTR;946:DRAM_ATTR"
"<IDF>/components/mbedtls/port/aes/dma/esp_aes_gdma_impl.c","False","True","602","23","4b963561ff62db9015435a6ad283e584527a9f85faa441c019aba9b1b1e55aee","3",""
"<IDF>/components/mbedtls/port/aes/esp_aes.c","False","True","24309","754","a5cda4f7fac40401982657d35df6c87641754c5c0b1060bad65f26791463c055","19",""
"<IDF>/components/mbedtls/port/aes/esp_aes_common.c","False","True","3593","108","615e5c1bfc4c1649e48cabe96c6f327d88ce5cca3df940b2fe43c2fd1e17bfa6","8",""
"<IDF>/components/mbedtls/port/aes/esp_aes_gcm.c","False","True","22308","728","4c8fdad51b499de88eb5775eaec656f1f5d626de88adaf0a3cb74ad495e26c62","25",""
"<IDF>/components/mbedtls/port/aes/esp_aes_xts.c","False","True","9419","282","679b0c69f36a38e6a9c6c408586488d7b63581ed383960759b19a7e67e28f10b","2",""
"<IDF>/components/mbedtls/port/bignum/bignum_alt.c","False","True","7750","228","cf381dadda47db5097a5fb905bb637f2534de289f8ae0779672e63cad3c1756a","5",""
"<IDF>/components/mbedtls/port/bignum/esp_bignum.c","False","True","21674","672","05a03eb3a08b53e262c2fb95a30e242d63ff44de2d65a1f1f5bc64be0dd70d37","20","193:IRAM_ATTR"
"<IDF>/components/mbedtls/port/crypto_shared_gdma/esp_crypto_shared_gdma.c","False","True","8044","233","db1589a1baf1425a3e248f24fd738a4cf755da192706758df130817575d6a8a1","17",""
"<IDF>/components/mbedtls/port/esp_hardware.c","False","True","950","34","effd278d84d61486da10afaeafd5e11eb72edddfaaa1881b9f983efc28c1b040","2",""
"<IDF>/components/mbedtls/port/esp_hmac_pbkdf2.c","False","True","3911","125","221bcc2d6ee6bf4e3351a414c72279d62281323bef3faf5b274add5fe1a8b627","6",""
"<IDF>/components/mbedtls/port/esp_mem.c","False","True","1240","41","18cf447521dd47b141bc23e7c8e1ba78cf9ce543522c82cb65a0b44de1f73d45","1",""
"<IDF>/components/mbedtls/port/esp_platform_time.c","False","True","594","25","5b1c10e6aabd54ae17b9c5f2419ff678df6c7c9f7fba80d066bf178610284f28","2",""
"<IDF>/components/mbedtls/port/esp_psa_crypto_init.c","False","True","972","34","3903ebec3dc6ad4d9ef7e2cdd260074d7147884fa5b32dfd791889eb675ee1e1","5",""
"<IDF>/components/mbedtls/port/esp_timing.c","False","True","2406","93","b93409a38e0a967401d56b349e1b3f949c2dbb9303b3b02a0278bed1313206cd","1",""
"<IDF>/components/mbedtls/port/mbedtls_debug.c","False","True","2198","86","9d27a9b6db90a86e959aa98a665d1e7baee09ea1a173aa36a568a0ed70bf5811","11",""
"<IDF>/components/mbedtls/port/net_sockets.c","False","True","12679","460","d130fd61aa2400dae0587574cf964860afa162ea9f9ce3236dd9175edf87b21f","2",""
"<IDF>/components/mbedtls/port/psa_crypto_storage/esp_psa_its.c","False","True","13452","453","559890eb5bff37e5442684e723d4d88395b3485da94fe9b197d4de128909da92","23",""
"<IDF>/components/mbedtls/port/psa_driver/esp_aes/psa_crypto_driver_esp_aes.c","False","True","23799","645","08c68295a3a8b0f8bf12c009fe37a7e56690dc80be218a531aee143f48099e31","17",""
"<IDF>/components/mbedtls/port/psa_driver/esp_aes/psa_crypto_driver_esp_aes_gcm.c","False","True","11039","299","9862bd148cc9dafcb743cc2197c4563431f3ab6aa8883d41b0830b459e86da94","5",""
"<IDF>/components/mbedtls/port/psa_driver/esp_mac/psa_crypto_driver_esp_cmac.c","False","True","13280","402","7acf7e9e608560a08babd5c1ad56f3794d347856b1c22b9cb6a94fe8e10f4ac2","5",""
"<IDF>/components/mbedtls/port/psa_driver/esp_mac/psa_crypto_driver_esp_hmac_opaque.c","False","True","15242","433","1d9999f37d9a74e3777ccaa70c4edafff07292a15af12c04251453aa8e2e61fd","17",""
"<IDF>/components/mbedtls/port/psa_driver/esp_mac/psa_crypto_driver_esp_hmac_transparent.c","False","True","12739","375","c509b0c7f27f31ae7ba1dd766af76c3bc0825705f80d927b834ef0043f8b2c3a","6",""
"<IDF>/components/mbedtls/port/psa_driver/esp_md/psa_crypto_driver_esp_md5.c","False","True","2766","101","a36ef0e9d6f8642d1a6aeac2b59703e11f4d589611929732ff3183a152cef677","1",""
"<IDF>/components/mbedtls/port/psa_driver/esp_rsa_ds/psa_crypto_driver_esp_rsa_ds.c","False","True","33042","920","9725de66b0ce8ff8ebb5dfc259b31f32046fac4ee05f2b284b1955e102657671","20",""
"<IDF>/components/mbedtls/port/psa_driver/esp_rsa_ds/psa_crypto_driver_esp_rsa_ds_utilities.c","False","True","15246","497","2b0e6babc26c7e8640310cda24e924d136ac5b0db482ff292fa7090bad00490c","11",""
"<IDF>/components/mbedtls/port/psa_driver/esp_sha/core/psa_crypto_driver_esp_sha1.c","False","True","12011","440","246aa28d9563bd27df7b9745a8608b32e5210db45500a89b2f303f27c7eef5d4","7",""
"<IDF>/components/mbedtls/port/psa_driver/esp_sha/core/psa_crypto_driver_esp_sha256.c","False","True","7404","274","0f6bea9591c317c68a4ae6963f33dd6e77f79b20213470d331b69351600e0b0a","7",""
"<IDF>/components/mbedtls/port/psa_driver/esp_sha/core/psa_crypto_driver_esp_sha512.c","False","True","8469","302","5458fcb3d054eedef0c86a4f2a7016129098610a3c7422e69d9e2f5f34915e61","8",""
"<IDF>/components/mbedtls/port/psa_driver/esp_sha/psa_crypto_driver_esp_sha.c","False","True","14781","356","5f8afbbd2b50f394a57f1dbb353837c1f0ec2e887f5678d3148260c46086cdd8","12",""
"<IDF>/components/mbedtls/port/sha/core/esp_sha_gdma_impl.c","False","True","350","13","0c59866de53b6e7dc03e9f7e87faee58817caa8643a472efdfc52c2e241e5039","2",""
"<IDF>/components/mbedtls/port/sha/core/sha.c","False","True","12591","381","23c11d9191e80e3cc9e2c1c870ef6a5b9e08f704177e487b79dcf9597cc58041","32","151:DRAM_ATTR;152:DRAM_ATTR"
"<IDF>/components/mbedtls/port/sha/esp_sha.c","False","True","3213","124","93dddf662d5310f13d835f3f650d61bda0ff91e0cd2ad18dfb815b82b801d550","14",""
"<IDF>/components/nvs_flash/src/nvs_api.cpp","False","True","26405","929","0a5c9389503c32c8d86d79eb7c0538724a9fe9cde7a155762b2a9d962dba4b6e","86",""
"<IDF>/components/nvs_flash/src/nvs_bootloader.c","False","True","35279","742","d56357949794c7281b7a26ea792e9c0d257714c1c7a14fa961b85dfead92c78a","54",""
"<IDF>/components/nvs_flash/src/nvs_bootloader_aes.c","False","True","5356","145","9ca25b8592276a9123a1c8a3d9a5805d6a916b826ba90a2b35a0b223fc33c884","16",""
"<IDF>/components/nvs_flash/src/nvs_bootloader_xts_aes.c","False","True","10288","298","87e3bd422e0a09b46328742d6d58bbf3cf784a3809de7e0853b3f64642ea873a","14",""
"<IDF>/components/nvs_flash/src/nvs_cxx_api.cpp","False","True","1738","70","67c9f02418c24f78a07b6d50d4e6fd82d982d12fe40d3c9d1a39f23675db0ee3","5",""
"<IDF>/components/nvs_flash/src/nvs_encrypted_partition.cpp","False","True","3746","120","558ad1a1a40bd90af22501c1dd4c1f89c592b8275644b43cd11bd669eab77df6","4",""
"<IDF>/components/nvs_flash/src/nvs_handle_locked.cpp","False","True","2229","83","98606d2c34d04b337b93b795911e132fa83ac9a7b558de7412a18906804aa1fa","1",""
"<IDF>/components/nvs_flash/src/nvs_handle_simple.cpp","False","True","4668","162","35bb34cd11094cef7855159a3d99a2c49d8fc5dd558da6609d89f8bea010ef23","2",""
"<IDF>/components/nvs_flash/src/nvs_item_hash_list.cpp","False","True","3186","114","4d1ea88641597c5c7740e0705c540c10082bdc321828f2f016e702543b62ace3","2",""
"<IDF>/components/nvs_flash/src/nvs_page.cpp","False","True","41594","1305","b6c1dd565c41479e9ad7d7b5caf296c4621b1b93e6b6eb048e0cd562c5a559c7","31",""
"<IDF>/components/nvs_flash/src/nvs_pagemanager.cpp","False","True","7984","251","9df12076d1673104fbf3da7605c4c1a9be7117088a5d0a4238637dc280ecd154","1",""
"<IDF>/components/nvs_flash/src/nvs_partition.cpp","False","True","7962","261","995cf866604aad142f637ca1f2ad17ba1d97a6e33324606a69347f7ffd92cc1a","18",""
"<IDF>/components/nvs_flash/src/nvs_partition_lookup.cpp","False","True","3294","117","1bd456f98daa0c07f8e9b463db2f5f1c0b2d3e08848e881ef76009c665c2d12a","3",""
"<IDF>/components/nvs_flash/src/nvs_partition_manager.cpp","False","True","6510","249","21ec3fade25aecbb755de33420b36548f9a126dbba2022641fe46424b2b0b3aa","4",""
"<IDF>/components/nvs_flash/src/nvs_platform.cpp","False","True","1097","50","efd5a42be95ec349c2d16ecc6befe8750e858a311a6bc3d573089baa5ebbedf1","2",""
"<IDF>/components/nvs_flash/src/nvs_storage.cpp","False","True","42199","1140","45586163442c7dd9870cbb03da4560fa39151545c70267a7de0a0e7490b92f2e","8",""
"<IDF>/components/nvs_flash/src/nvs_types.cpp","False","True","6427","156","dfb26c433b5876344389258434bcfb90140a52b3c666604e2d52dc9c9a0a4062","15",""
"<IDF>/components/nvs_sec_provider/nvs_sec_provider.c","False","True","9936","300","25bc77605b64e3f868345e4be177bf9b660a2bab4efdef38933e294dcfa267ed","28",""
"<IDF>/components/protobuf-c/protobuf-c/protobuf-c/protobuf-c.c","False","True","100468","3672","ceee362e520b64e443574720391250168dbefec6bbd520befd5a620953193a97","24",""
"<IDF>/components/protocomm/proto-c/constants.pb-c.c","False","True","1424","49","b4ef98a36832c75640080d261238671d81a52325077b41c74b2c9d308fc37572","29",""
"<IDF>/components/protocomm/proto-c/sec0.pb-c.c","False","True","9286","293","6f50d2398266e52afbb7d3f03d2658c78c693975d1b70727d560e6c3dbfeed2d","27",""
"<IDF>/components/protocomm/proto-c/sec1.pb-c.c","False","True","16744","549","781b8871242f7db68839ca1c6e3e7fa5c903a57b989ecfc0c8b8fb142e0fec5b","49",""
"<IDF>/components/protocomm/proto-c/sec2.pb-c.c","False","True","17719","574","5f0f6594763eb216b44ef5321ad44196854570621935762a5bafa3559814e3ef","51",""
"<IDF>/components/protocomm/proto-c/session.pb-c.c","False","True","4836","162","af42aa04631416fa8932d54de3f16d69bc5725c84c3eef5f24a7eb5dd5668a18","22",""
"<IDF>/components/protocomm/src/common/protocomm.c","False","True","13566","440","b124eec500d8bd1bcff7217e60bc704697184faaec4db7ce7657d27fdcceb8cf","24",""
"<IDF>/components/protocomm/src/crypto/srp6a/esp_srp.c","False","True","28389","851","876521ddf8673585a16ecf5e409b64454b41451c4655fd506fd0fdf1b52c336d","65",""
"<IDF>/components/protocomm/src/crypto/srp6a/esp_srp_mpi.c","False","True","3785","162","d2360be2ad23e47c2b617ad63632e557400b7f81a0c8bdc658d8ca2a1e04a378","8",""
"<IDF>/components/protocomm/src/security/security2.c","False","True","22829","655","d74bfcefe865f32b95076f648f8961de4df9fb5d0962a386072cd87013204904","75",""
"<IDF>/components/protocomm/src/transports/protocomm_console.c","False","True","6018","224","559bcadb44a428c104624040a1426ec559b4b2ee552aec5c72767eb0547cb2df","16",""
"<IDF>/components/protocomm/src/transports/protocomm_httpd.c","False","True","11413","319","b84619a8080f174eecd27541c1f36662edd5e015a09a3df97632a83c43145cc3","37",""
"<IDF>/components/pthread/pthread.c","False","True","29356","997","0439e627d52c021a28011bb88056d9b06eb6da47c19bcf9065cd57742e8971e7","44",""
"<IDF>/components/pthread/pthread_cond_var.c","False","True","7667","272","4499d8fc9640036a7c2a33fd3576f99e52ef57eff9a0000f91af4775031fc507","15",""
"<IDF>/components/pthread/pthread_local_storage.c","False","True","8887","261","2b6d2192ca018c48548cb75ad148212715dc881af03e4b9e3ada8d5bb8ef0d43","8",""
"<IDF>/components/pthread/pthread_rwlock.c","False","True","10755","405","13f3026a21601471eb88a83e7f5190ce32055acd8f49826608dfc465ae453302","12",""
"<IDF>/components/pthread/pthread_semaphore.c","False","True","4629","177","76ec08cc137c0da77a6c66e7c17c3579781b73b212dd0f67d5c64772524c574d","3",""
"<IDF>/components/riscv/instruction_decode.c","False","True","846","30","753f0a4506be81eec18cc1892445fb2786bcfabb6a8094621ec7cee28e1501c6","1",""
"<IDF>/components/riscv/interrupt.c","False","True","2470","90","010ac3e40168df71791a12420abc6b9e900e1550e32a602ff523cf9b01f6bbd3","23",""
"<IDF>/components/riscv/interrupt_intc.c","False","True","834","40","4849aff56d9bec980bc3f924c9ae8563f90f34a464c2cd19457ef167b3880f99","3",""
"<IDF>/components/riscv/rv_utils.c","False","True","438","21","690283967028102755feba2da3d339deb6fceb28e187c249d3b6d509cf65e84d","3",""
"<IDF>/components/riscv/vectors.S","False","True","17892","540","a8230dc0bf152922000f76e95efb3348bd7bc092ca307c6a957cd428ac3775a9","8",""
"<IDF>/components/riscv/vectors_intc.S","False","True","4137","90","a86028f11e38e98f66413d3fc74874d9eff89882f71140eb13abc1653aa72512","4",""
"<IDF>/components/rt/FreeRTOS_POSIX_mqueue.c","False","True","30359","924","ead7f15e3621f30e9a4e59b63070c63a723d4fc4ba66729e6927b54f4dc94464","4",""
"<IDF>/components/rt/FreeRTOS_POSIX_utils.c","False","True","8211","249","fe3f360b85317bf5a8415b537ab10d2cedf848c475cf0597dba36436a36873ce","2",""
"<IDF>/components/sdmmc/sd_pwr_ctrl/sd_pwr_ctrl.c","False","True","605","23","ff44c8ba40f0571e2c9e5f511dee732249d830ce85ff3886e084d94b29b6a4df","8",""
"<IDF>/components/sdmmc/sdmmc_blockdev.c","False","True","4901","144","bc61230c3d7aea11d3d3e684c8b5521c2c907cdfa1543494da15f42125740081","3",""
"<IDF>/components/sdmmc/sdmmc_cmd.c","False","True","33000","936","537f533d8a526dca326d924ebbabeba391e727974d8db44d2b65da1044b77134","51",""
"<IDF>/components/sdmmc/sdmmc_common.c","False","True","17114","472","7f4d4e009d40ad2a821628d3db82baee7a3555a5f08927150ccb4fdfd61d693f","66",""
"<IDF>/components/sdmmc/sdmmc_init.c","False","True","7029","193","c896870902de935755578c496dc3cfca28658b04b7255238d1293d8e04b7eb3d","12",""
"<IDF>/components/sdmmc/sdmmc_io.c","False","True","26170","746","f57c6cb94fbc864f1b09dc8ccb6afca74398da0858efa8d9bf583cc2bb49d261","42",""
"<IDF>/components/sdmmc/sdmmc_mmc.c","False","True","11677","307","2bd9fd8a21a0431e907a1e0e3e83fc9b0ab02089f0b34e781a75f2c5a6b681b8","22",""
"<IDF>/components/sdmmc/sdmmc_sd.c","False","True","29103","785","880b2834da7019a92aec010e9c010038255c1ed18c04f0530909902907f9f8b8","87",""
"<IDF>/components/soc/dport_access_common.c","False","True","521","18","2c8a11559fea5d5855b5d5ac2ab024a38f70e62d7501f1defc7ee8a6faa4d3cf","1",""
"<IDF>/components/soc/esp32c3/gpio_periph.c","False","True","1706","62","caf95cd11adf0d6b7574e61da39c3f8843ca9768ff20021266062f364ed7eb60","4",""
"<IDF>/components/soc/esp32c3/interrupts.c","False","True","1757","72","a2b26d6a8aa8c816fd3f70250e43ce5a3364e2bcc988fb1c695c9b3380f3139f","63",""
"<IDF>/components/soc/esp32c3/mpi_periph.c","False","True","508","21","f4d255712f48f0b90de03637d5c3740cd2ba71ac4bc464cd10c7796990d0675e","2",""
"<IDF>/components/soc/esp32c3/power_supply_periph.c","False","True","271","11","194cd5171d045c83dad4b1df56d55e0023ece3546bb7727f28c71bed53bfd787","1",""
"<IDF>/components/soc/lldesc.c","False","True","1531","55","9f9c65bf808f1eb4f5f0b812b57a1ff3d5b09e6673c526e1c74d86c06b1bd0ac","1",""
"<IDF>/components/spi_flash/cache_utils.c","False","True","32846","908","84bdffe3610caf48cbf7b98294acdb809c3a35a7b4e5dfce6e8669d971f1956e","50","88:IRAM_ATTR;124:IRAM_ATTR;194:IRAM_ATTR;240:IRAM_ATTR;253:IRAM_ATTR;294:IRAM_ATTR;301:IRAM_ATTR;308:IRAM_ATTR;316:IRAM_ATTR;327:IRAM_ATTR;340:IRAM_ATTR;349:IRAM_ATTR;357:IRAM_ATTR;364:IRAM_ATTR;390:IRAM_ATTR;433:IRAM_ATTR;452:IRAM_ATTR;619:IRAM_ATTR;651:IRAM_ATTR;681:IRAM_ATTR;700:IRAM_ATTR;869:IRAM_ATTR"
"<IDF>/components/spi_flash/esp_flash_api.c","False","True","57118","1612","b3d35dde1d5296ef6fa0ec6a1e7fb0f38d3e4e4d7f9dcf68b7322892304ebbd8","60","34:DRAM_ATTR;164:DRAM_ATTR;171:DRAM_ATTR;179:DRAM_ATTR;194:DRAM_ATTR;455:IRAM_ATTR;641:IRAM_ATTR;789:IRAM_ATTR;1219:IRAM_ATTR;1553:IRAM_ATTR"
"<IDF>/components/spi_flash/esp_flash_spi_init.c","False","True","23770","668","71744aba2387c911ae207e6eb92117f3eba661ba072123437d4e3db0a8cc0427","47","166:IRAM_ATTR;460:DRAM_ATTR;462:DRAM_ATTR"
"<IDF>/components/spi_flash/flash_brownout_hook.c","False","True","922","39","82757e319f14d101503a70e84310de9ead7245c8b97537d2e774b3df8ca932fb","3",""
"<IDF>/components/spi_flash/flash_mmap.c","False","True","14103","435","26a1c760f7014ab36127867cea0ed7fbacecb3a67a1cb798eec570f7d1b92494","24","295:IRAM_ATTR;318:IRAM_ATTR"
"<IDF>/components/spi_flash/flash_ops.c","False","True","10139","325","990851374736ca137f5584e2e9233f41657918dfabbfb74780c9cd7f61887789","41","84:DRAM_ATTR;89:DRAM_ATTR;96:IRAM_ATTR;101:IRAM_ATTR;125:IRAM_ATTR;130:IRAM_ATTR;145:IRAM_ATTR;180:IRAM_ATTR;193:IRAM_ATTR;210:IRAM_ATTR;309:IRAM_ATTR"
"<IDF>/components/spi_flash/memspi_host_driver.c","False","True","11716","306","650f9c7247fd08a94743958a03c4b31543acebb998861b4ef0ee49363ad2d038","14","22:DRAM_ATTR"
"<IDF>/components/spi_flash/spi_flash_blockdev.c","False","True","4025","125","08fc48286222753a27405ee5a285b69e5761f47a36eefca1f55ac9afd7d93e5e","4",""
"<IDF>/components/spi_flash/spi_flash_chip_boya.c","False","True","2789","79","df67b2a35e6744dadd3c201054132c0dddd6f8e3fbb9eb0583f5440956665af8","4",""
"<IDF>/components/spi_flash/spi_flash_chip_drivers.c","False","True","4212","117","6892caa7ad3936d01fdf345d88c6874ff75ee7b8f0785440fb2cd8b8e1d25596","28",""
"<IDF>/components/spi_flash/spi_flash_chip_gd.c","False","True","6553","184","f3d8b3f4664c2abc2e72971fd6d5fd4485807538ff0c079ce4ef6ac360e2b87f","6",""
"<IDF>/components/spi_flash/spi_flash_chip_generic.c","False","True","35338","910","1f8f47d4c751aeb1e2650fd6822d4bf38bdc21dd8720568d4550396f4182fb7e","14","32:DRAM_ATTR;41:DRAM_ATTR;51:DRAM_ATTR;53:DRAM_ATTR;56:DRAM_ATTR;77:DRAM_ATTR"
"<IDF>/components/spi_flash/spi_flash_chip_issi.c","False","True","3656","103","c48769c5dac544f31ae3d13da5bf1b1bea55e81ece21df1c7ad652b6b75f9493","4",""
"<IDF>/components/spi_flash/spi_flash_chip_mxic.c","False","True","3832","108","c97409aa9e557c9dab693be777b59a4f608db8d04583045a83c3578c20c80861","5",""
"<IDF>/components/spi_flash/spi_flash_chip_mxic_opi.c","False","True","16089","431","66a14a661c58966294924adae26c7188dbec836af8b8559b331e1f089919c9ab","10",""
"<IDF>/components/spi_flash/spi_flash_chip_th.c","False","True","2727","78","93ecd42ccc02104bf44279b39db7145e707b9c6fc101a72aaea461d7fe360d29","3",""
"<IDF>/components/spi_flash/spi_flash_chip_winbond.c","False","True","10346","284","535461e5e9a10acebccf67106fc03ee365998c0e0e2f412294db0b5f04011f74","6",""
"<IDF>/components/spi_flash/spi_flash_os_func_app.c","False","True","15771","465","1794b780c45f499c882e174f05591d4d05ac1cfc482478099e83b8b58e9f0d40","18","71:IRAM_ATTR;76:IRAM_ATTR;82:IRAM_ATTR;95:IRAM_ATTR;115:IRAM_ATTR;162:IRAM_ATTR;285:DRAM_ATTR;288:DRAM_ATTR;431:IRAM_ATTR;446:IRAM_ATTR;453:IRAM_ATTR;461:IRAM_ATTR"
"<IDF>/components/spi_flash/spi_flash_os_func_noos.c","False","True","1973","82","67ff30546e0cdc846af5e1dce5d34a34090f43c1636d072d33fd3b6b3ccc4e93","10","20:IRAM_ATTR;37:IRAM_ATTR;66:DRAM_ATTR"
"<IDF>/components/spi_flash/spi_flash_wrap.c","False","True","5697","175","fd37cec0e958638b4eb4a9b5c2fe3e51d8b20992b1dd91c286a85f8f9d57491b","15",""
"<IDF>/components/spiffs/esp_spiffs.c","False","True","29996","954","fea0e2aeb347de3fa8e6dda04cfd0780d6ce59875a2681246535b67b7eb68342","43",""
"<IDF>/components/spiffs/spiffs/src/spiffs_cache.c","False","True","10352","319","614b8137dd27810fcfbe1ad7f5562a43190c70a346460730450abe2036b65400","18",""
"<IDF>/components/spiffs/spiffs/src/spiffs_check.c","False","True","46349","1008","30040c827c492feb368a87697ffdb79441b3ce550caa4df17b655f5e69f2f044","121",""
"<IDF>/components/spiffs/spiffs/src/spiffs_gc.c","False","True","26346","606","96b7fa0ac2d19c8775c184f1fcab134df99a81abedf698532a1eaa3e1eeaeb2b","94",""
"<IDF>/components/spiffs/spiffs/src/spiffs_hydrogen.c","False","True","44097","1495","634f29ed25d07ab817e72fcff4841dd4257fea69d648a7daa65093175ee44e6d","137",""
"<IDF>/components/spiffs/spiffs/src/spiffs_nucleus.c","False","True","91532","2376","b31da6432e825e2aeee4ee733687655cba5aba8890430f090a3dfc3b6c257556","261",""
"<IDF>/components/spiffs/spiffs_api.c","False","True","2646","84","e066c1e6f94e851db9774796a91157fdcd099a585202bab4233f713ad88faa31","29",""
"<IDF>/components/tcp_transport/transport.c","False","True","9162","338","227df93c0b3ceb5268f1b67a1666af04674882d09a8ac9657af26bd53b7ba8bc","5",""
"<IDF>/components/tcp_transport/transport_internal.c","False","True","1154","37","82f89323659685192aafcbef97981600d06ef5dae07e29b03e20fae6e86a0791","2",""
"<IDF>/components/tcp_transport/transport_socks_proxy.c","False","True","8165","224","3291e44187066c4314b0c3d7cf11286e0aae0555250500d0e0cc3c0cea66a45a","22",""
"<IDF>/components/tcp_transport/transport_ssl.c","False","True","22415","643","c629965fb7b7f1999c420e763e0fb2a78860f1e2c93cd729982cdda4735420d7","26",""
"<IDF>/components/tcp_transport/transport_ws.c","False","True","45963","1210","e2bf54f4f09e392fcd95853028f3278fa1968b695025d7417112cf54fd25e965","113",""
"<IDF>/components/unity/port/esp/unity_utils_memory_esp.c","False","True","1267","40","063048559328bc5d471e2a396ac4e87f369db9a0dfd287a5ae1a3230d5dd4aaf","5",""
"<IDF>/components/unity/unity/src/unity.c","False","True","81955","2475","4ad6b6ef0f3d0b333958067448f11e567d1a6b39031bf8efbeaf671152af2ec7","54",""
"<IDF>/components/unity/unity_compat.c","False","True","624","28","14e5c49aae8958f34f37f58877c311efc9d0ed4e336afce97c5a4a976f239081","1",""
"<IDF>/components/unity/unity_port_esp32.c","False","True","3253","107","7bfd5df2704916f0dc9aad89a6accaf6badece8426c078c0ae5915dc7ea80c59","6",""
"<IDF>/components/unity/unity_runner.c","False","True","9854","336","6e81a6f87f564beb6927bcca63785de44532735c67bdaf6928e948c406b5e520","33",""
"<IDF>/components/unity/unity_utils_cache.c","False","True","770","27","4c4ef6a85c502c1a7498c6f7e5081dd6869834a571b219b320116ccc57b8f06b","6","14:IRAM_ATTR"
"<IDF>/components/unity/unity_utils_freertos.c","False","True","3216","86","266815655fdd0418f41e181c7787b4aad1a4189c3a732830229c820589c894f6","12",""
"<IDF>/components/unity/unity_utils_memory.c","False","True","1322","48","9857a5349f890f7125c20954c5a735ce648594cae9e9a538b869d4e5ef3a2ed6","7",""
"<IDF>/components/vfs/nullfs.c","False","True","8361","330","afee3be04473028d96aaea9d3f9781a1b82b676fc84658438e2354a7a775c66a","15",""
"<IDF>/components/vfs/vfs.c","False","True","27483","905","ac0fbba723a91c0b323907ef0b94740245d65f1b319f5219e206c25968bcaa91","44",""
"<IDF>/components/vfs/vfs_calls.c","False","True","33485","991","1a8222c489bf53f7d5f4a9012d363b98ad0c16bd30372db4bb2b1c1f106a9a55","79",""
"<IDF>/components/vfs/vfs_eventfd.c","False","True","14226","467","4211981484e4b0dc47de1fe8cca077d1b00a6a19b216e0596419585637e32411","7",""
"<IDF>/components/vfs/vfs_semihost.c","False","True","14392","518","ab9dcd030610e9753702aa41b0b78ec7d9553e9dbb0dbd71ffeea245a6a69462","36",""
"<IDF>/components/wear_levelling/BDL_Access.cpp","False","True","1926","63","b39c061c12229329a06d7d14e96f2c8778260f358c0d32559b30cb30b80b621c","9",""
"<IDF>/components/wear_levelling/Partition.cpp","False","True","1590","58","ae596d0bd295d9e48186421a3bfd349be6a14e4d2c6ec6877b127aae3d6dfe1f","9",""
"<IDF>/components/wear_levelling/SPI_Flash.cpp","False","True","2794","80","513789f243388d2f9d93c9c29740653134167bd3777f56c25f8b190485f48478","27",""
"<IDF>/components/wear_levelling/WL_Ext_Perf.cpp","False","True","7655","185","e75e2d707abba7d332335ceca71d343c05823b4978aec0fe1d9ff25e14e3ac2e","12",""
"<IDF>/components/wear_levelling/WL_Ext_Safe.cpp","False","True","7663","181","3744ac75713d88450485db4c298072c90a894396e37d46033a5fad50b3addac7","12",""
"<IDF>/components/wear_levelling/WL_Flash.cpp","False","True","30238","629","db9571113edab1462459ed48ce90fe56841bd3e5e2722dbc301c1cb439796079","99",""
"<IDF>/components/wear_levelling/crc32.cpp","False","True","320","12","f28cdcb06ea1ddf985e02b24a3839f13b80ac286bc9a731a7230d642719799c4","2",""
"<IDF>/components/wear_levelling/wear_levelling.cpp","False","True","9218","290","c14ed84f8bcc0a68644dee0b52493b0a93993b64662cce5275a52e51bf0242dd","22",""
"<IDF>/components/wear_levelling/wl_blockdev.cpp","False","True","8139","249","dbef4afc9341463c509bfed0218cc8dfcfd85c6fe471b841066e914693e963ee","13",""
"<IDF>/components/wpa_supplicant/esp_supplicant/src/crypto/crypto_mbedtls-bignum.c","False","True","18203","636","774408d0f94613efcfd2d3c30f06331a5ee3ae65ee230f5275e1a3961ed17aa5","12",""
"<IDF>/components/wpa_supplicant/esp_supplicant/src/crypto/crypto_mbedtls-ec.c","False","True","110074","3216","c4e93a51e6d906c7de446520fdd4959a009ca8484e93126d31df01837b886892","108",""
"<IDF>/components/wpa_supplicant/esp_supplicant/src/crypto/crypto_mbedtls-rsa.c","False","True","15584","486","7c5f25cc336c0125feffe3611f0f5f74f915a6c57b174075d694c333958007df","45",""
"<IDF>/components/wpa_supplicant/esp_supplicant/src/crypto/crypto_mbedtls.c","False","True","43344","1423","6903a88055ce1e2648d6cad972ba03071a02fa0ccd4ff8f929c8dbdb4a0cd969","84",""
"<IDF>/components/wpa_supplicant/esp_supplicant/src/crypto/fastpsk.c","False","True","12869","339","1d2f14058a860d6c9b437e2951d89c1607698ce90a4761b1bff7870a893ce486","6",""
"<IDF>/components/wpa_supplicant/esp_supplicant/src/esp_common.c","False","True","27090","870","b7d71d79433efec22fc5dec0fd2932e37b45f9a5d6ac67bdd18a99710b1f96d9","50",""
"<IDF>/components/wpa_supplicant/esp_supplicant/src/esp_eap_client.c","False","True","39828","1389","944b4fd0ffac87f4a402e07f3f6c5e0abbe59fd37de045fb205fa8595d27199e","101",""
"<IDF>/components/wpa_supplicant/esp_supplicant/src/esp_hostap.c","False","True","20205","606","220d956a0b6a29a550a70da70216c1e7bb0c10c2d23bd886b0f4761aab10b41e","30",""
"<IDF>/components/wpa_supplicant/esp_supplicant/src/esp_owe.c","False","True","906","38","4fd7608e5d781cf19824bbdfb8f4eb9a757700fd744ae1b8499f42ac34794d06","3",""
"<IDF>/components/wpa_supplicant/esp_supplicant/src/esp_wpa2_api_port.c","False","True","3302","115","8a6a1c38c8d8fdb1b738fa785cac8c392bdb324106c6326fcb17dcec09faa1a7","1",""
"<IDF>/components/wpa_supplicant/esp_supplicant/src/esp_wpa3.c","False","True","27210","864","4242287275cc3328248076f87744a9b91ca06b74268b967164165dac5da0041f","59",""
"<IDF>/components/wpa_supplicant/esp_supplicant/src/esp_wpa_main.c","False","True","16436","557","bdff2bd9b4cd74a5af91fca4921106edc0aa0fa0c9bb121422c8c0134c21d330","47",""
"<IDF>/components/wpa_supplicant/esp_supplicant/src/esp_wpas_glue.c","False","True","5701","197","76eab4233a2265305c1ef051f5af5b3d5aa6bec1a77ef83ebd735687bc35f495","10",""
"<IDF>/components/wpa_supplicant/esp_supplicant/src/esp_wps.c","False","True","56547","1808","ff042b05914e73e36be9e85950b7081c0ad1973fc1ce0f530a4c19c34b244f2e","134",""
"<IDF>/components/wpa_supplicant/port/eloop.c","False","True","28141","977","cca0717be2139816ce139a98a882b1b88a7571e2eb99280fbe9c9e840ff1d487","48",""
"<IDF>/components/wpa_supplicant/port/os_xtensa.c","False","True","1870","68","34a859b74e4dddded92502c68d2db8bef39be83eda150d3818c06e040a14faa6","4",""
"<IDF>/components/wpa_supplicant/src/ap/ap_config.c","False","True","7980","302","7e8f8271d4a521c2ac73250e2820d91758b9eea9a05109ebec63369eadbaeaa7","23",""
"<IDF>/components/wpa_supplicant/src/ap/comeback_token.c","False","True","4012","142","0b8a68dd5a4fdac5487c469fa1ec1aae4d88cb0e8b4174c093f243201b774383","10",""
"<IDF>/components/wpa_supplicant/src/ap/ieee802_11.c","False","True","25232","806","508ff94e0eeca8050d592042176e3dfa4b68c4ba92a7b6d70c53b8990f78e98d","52",""
"<IDF>/components/wpa_supplicant/src/ap/ieee802_1x.c","False","True","12869","481","77dae4d2711a89398eef1766c4013307cc65929b9a5e98e2613a6419c0c5d307","37",""
"<IDF>/components/wpa_supplicant/src/ap/pmksa_cache_auth.c","False","True","12273","441","41cb66c5607b429c093cdea379c12bba261ffeba3424e88159808f29f3c9321e","21",""
"<IDF>/components/wpa_supplicant/src/ap/sta_info.c","False","True","7924","297","437f9af04b8309220d0a4e74d8da225af38de34ca5473196bf18df38c7c23dec","25",""
"<IDF>/components/wpa_supplicant/src/ap/wpa_auth.c","False","True","94396","2880","d494dc5adf03167ae1b0c24829c7bdef236a0b1f3443f09838efe09ed2af42a5","177",""
"<IDF>/components/wpa_supplicant/src/ap/wpa_auth_ie.c","False","True","22501","849","0f3f4c12a363f07f33dbef75b075307d67e8d3f1f7bf7936a6c930d116e4384b","40",""
"<IDF>/components/wpa_supplicant/src/common/dragonfly.c","False","True","7059","249","91ad973beeb9ca614c3de97d5b482ba7cd8b54a61dda67e8b0e54403f7a80596","7",""
"<IDF>/components/wpa_supplicant/src/common/ieee802_11_common.c","False","True","12809","506","66ac002aeb486134c3214d12dfd4e7ff2d1023d4af4532b8146a141590914aae","26",""
"<IDF>/components/wpa_supplicant/src/common/sae.c","False","True","72819","2423","266a250a28fc0f74c84a94e10be41e974913e31b6007df08c432212070c2fd62","168",""
"<IDF>/components/wpa_supplicant/src/common/wpa_common.c","False","True","49485","1795","ce151160e139f0f359a17459fcea40785ffd54022efdb1bfa5653446d09cc82c","117",""
"<IDF>/components/wpa_supplicant/src/crypto/aes-ccm.c","False","True","5289","214","d68a45e549a8d33a88ffa45e2af785e32c7d80695a2d87babf41da46bf4fe8e7","10",""
"<IDF>/components/wpa_supplicant/src/crypto/aes-gcm.c","False","True","6949","327","5087d7cf658b340c19db452311e4cb0def477ba19b1883ede4e1d6b2e85b29a9","7",""
"<IDF>/components/wpa_supplicant/src/crypto/aes-siv.c","False","True","4364","208","9024730226fd68b8a48f42a554ed39a54cc544aae34d5ceb745154eeca21f438","5",""
"<IDF>/components/wpa_supplicant/src/crypto/aes-unwrap.c","False","True","1898","80","60725311bea6dee3bb94f38b839a254f3db179e2f55a46cdfab9b7035a70a46e","4",""
"<IDF>/components/wpa_supplicant/src/crypto/aes-wrap.c","False","True","1731","76","e97d85327f92e9bf67dae138c219e90e98a692d1aa862ff8a36d0fa0d660dd04","4",""
"<IDF>/components/wpa_supplicant/src/crypto/ccmp.c","False","True","9165","364","ff9f2538ac1087d4aa81aa45e9211be29ec93ab4547c53f6e34fc9998ca6b98f","21",""
"<IDF>/components/wpa_supplicant/src/crypto/crypto_ops.c","False","True","1895","53","54c55c147fb66b16799ccdaa2d0bdff4331c58a3614ad744ea3a05bb9723816e","10",""
"<IDF>/components/wpa_supplicant/src/crypto/des-internal.c","False","True","15686","494","b1a85bd6177109848b3073ad0ded3219187d0eae63b19f8ced3d841244a8e4ab","4",""
"<IDF>/components/wpa_supplicant/src/crypto/dh_group5.c","False","True","847","41","1341ac6467719e343f1bd566603475f760f35b7bb2fd2ee565bea894c0266e25","4",""
"<IDF>/components/wpa_supplicant/src/crypto/dh_groups.c","False","True","56984","1276","75c3b655bf4f2aea68f108f54716bcc53671c2033394b398021e06670638ab5a","10",""
"<IDF>/components/wpa_supplicant/src/crypto/md4-internal.c","False","True","8372","275","6bb650e806666f9c34577711f7d6262157b19abe9364c5539189239ed87aac46","3",""
"<IDF>/components/wpa_supplicant/src/crypto/ms_funcs.c","False","True","17076","531","61448b34bd5d32011b43d7b28ecb251a786a5a682b51fdac6a7d183f6af99fef","5",""
"<IDF>/components/wpa_supplicant/src/crypto/rc4.c","False","True","1063","54","a3f7ea21d69e5a12fb5c098f4a8ca931d8d735c61e91885144dffdc4ecd3844f","3",""
"<IDF>/components/wpa_supplicant/src/crypto/sha1-prf.c","False","True","1687","67","846e595a6674759d33712d6db103b2721852db2a88b3990573e946412d089026","4",""
"<IDF>/components/wpa_supplicant/src/crypto/sha1-tlsprf.c","False","True","2852","101","e18d3cca5d19294ecab2cdce238e06c5923bad8292bc592c163e3c517813427b","4",""
"<IDF>/components/wpa_supplicant/src/crypto/sha1-tprf.c","False","True","1860","72","a12f676e6e9aa35a8e3cbc014a97bd10e5a05487e30565442d31539b9412e8bd","4",""
"<IDF>/components/wpa_supplicant/src/crypto/sha256-kdf.c","False","True","2222","87","2e1f019ebd559441b5e0cc5df963c79d53657f14dd4531b2a44950022b27264c","4",""
"<IDF>/components/wpa_supplicant/src/crypto/sha256-prf.c","False","True","3026","108","72efe064825c3dec66d8debab25ccfea4473db520465931140cb05fc0d13c97a","4",""
"<IDF>/components/wpa_supplicant/src/crypto/sha256-tlsprf.c","False","True","1921","71","c6037af2afa8bd9f2ed1d39ef1035e0b7db5ffe7970165785d3d65ee96bbbae2","3",""
"<IDF>/components/wpa_supplicant/src/crypto/sha384-prf.c","False","True","3038","108","b0e5f64290db81d172eac2f889b103c9220cbefee0b967266b70756088b66686","4",""
"<IDF>/components/wpa_supplicant/src/crypto/sha384-tlsprf.c","False","True","1926","71","9372b8630a30488b2ae6e350e81ef9292cb687f4705bfc981420935e0c3c178e","3",""
"<IDF>/components/wpa_supplicant/src/crypto/tls_internal.c","False","True","20012","805","5edb3f695bfabc4118f1847e2898e7907c919fa9fa0960bddb5af49f7eb2887f","25",""
"<IDF>/components/wpa_supplicant/src/eap_common/eap_wsc_common.c","False","True","835","33","569e37e07ddc9317ca2efa3d3de7be5ee7519a1c98de2ab998e6c8dd2476b5a3","9",""
"<IDF>/components/wpa_supplicant/src/eap_peer/chap.c","False","True","539","28","7528b78057dd8a3f1fa8f02ad9b0cc8d12fed7f5d98a5244c2ffe70895d1e2c1","4",""
"<IDF>/components/wpa_supplicant/src/eap_peer/eap.c","False","True","27587","996","da9b5f934abf6dd13ca8ffacb7e6a6dd5626e73a68ef8aaa676284846aa7ca4a","43",""
"<IDF>/components/wpa_supplicant/src/eap_peer/eap_common.c","False","True","5811","205","f867de213649314802f79135dc18df537978d3c9f19509c126abae558c3d6502","11",""
"<IDF>/components/wpa_supplicant/src/eap_peer/eap_fast.c","False","True","50475","1807","525048b2eb470e7cd4a4e70d80586e59c63b45af3e81ec227ecdf9913a8b3862","198",""
"<IDF>/components/wpa_supplicant/src/eap_peer/eap_fast_common.c","False","True","7664","270","6c2923df3f67500199a6b277be75459e2317214cd127a14c30a8162cb65bc98f","56",""
"<IDF>/components/wpa_supplicant/src/eap_peer/eap_fast_pac.c","False","True","22320","932","79ce6eed2d46d71f48e7540534e27e6ab028ae8cd6be544092ee7c60ffef8d89","72",""
"<IDF>/components/wpa_supplicant/src/eap_peer/eap_mschapv2.c","False","True","25445","864","671349c4a03f46540020366fce96cf0b954b37ecb664991c801b5c8a7a2973c0","84",""
"<IDF>/components/wpa_supplicant/src/eap_peer/eap_peap.c","False","True","43369","1492","e6f4d90e94ae43c93a8e5944ba9018befbc59c755292194868540eb103a07fc1","180",""
"<IDF>/components/wpa_supplicant/src/eap_peer/eap_peap_common.c","False","True","1941","90","e9ee5104a2b0db723b80dc30a2b37f866cf4a6e3c1d579221a74fb638d3c1044","4",""
"<IDF>/components/wpa_supplicant/src/eap_peer/eap_tls.c","False","True","8045","318","bccbd13c1f5ab24c142d1fe8dbc89e16714bcba925a94226ce89c091c097fd1d","27",""
"<IDF>/components/wpa_supplicant/src/eap_peer/eap_tls_common.c","False","True","33721","1089","0c95724af7740a42dedd980415e51ae95f7d8726811aabaf3b6571a60db56d6c","75",""
"<IDF>/components/wpa_supplicant/src/eap_peer/eap_ttls.c","False","True","50485","1821","4cdd259ec10a14998ade3227101b3a125497579a4b1c162685dbab23b9a1b873","183",""
"<IDF>/components/wpa_supplicant/src/eap_peer/mschapv2.c","False","True","3686","123","06083fb4805a3bdc10017ba4ff338e0d1bfce9e8801bfe33178983a068bf5f9c","14",""
"<IDF>/components/wpa_supplicant/src/rsn_supp/pmksa_cache.c","False","True","17649","529","1fb133ff8118500fdb515f90a72b32961edd2dacb4025e6c89935f1b160984ae","38",""
"<IDF>/components/wpa_supplicant/src/rsn_supp/wpa.c","False","True","119503","3501","efa6a7744cc76b614962ca1798a3b80dc2332b99730a9da6a63748c2fdd40a1c","327",""
"<IDF>/components/wpa_supplicant/src/rsn_supp/wpa_ie.c","False","True","11280","348","9e7cbae1731f2346f00fccc90115b6537591cc15565b4b63b174c642973d88d5","14",""
"<IDF>/components/wpa_supplicant/src/tls/asn1.c","False","True","14892","650","60d697630ae92f3020d1dee75ccfdc9f31db8abfd276127ad9b755a3fe699270","36",""
"<IDF>/components/wpa_supplicant/src/tls/bignum.c","False","True","5717","224","2efa2e8bf6d25b12ce6f79ec1be068103099cf75c67a69d0a851dec0bcb1494c","11",""
"<IDF>/components/wpa_supplicant/src/tls/pkcs1.c","False","True","8525","339","2f7443932c8ae73abb0aa9a2463355efbf117882eb76b4e50e4e0dc4e9ee1d34","40",""
"<IDF>/components/wpa_supplicant/src/tls/pkcs5.c","False","True","16258","628","45891855ecd619dafc38f1cdf1d9c8b5cf9e3e88429511cefa00b22d168bc975","56",""
"<IDF>/components/wpa_supplicant/src/tls/pkcs8.c","False","True","4662","168","9704f2f4e4282d3eed3f3e6fbccb385121a48b098ee0a4430e8c2d11c213a694","24",""
"<IDF>/components/wpa_supplicant/src/tls/rsa.c","False","True","9015","366","c992e7271dfa89e5aaeb03b6346fbb9c0d66293b9eb72f1425fb5cdeb56be0d2","13",""
"<IDF>/components/wpa_supplicant/src/tls/tlsv1_client.c","False","True","25704","928","b02e0d665922b8d2c06755488df2fcda8672e2947ff2da73e8ac8dad3553cdef","70",""
"<IDF>/components/wpa_supplicant/src/tls/tlsv1_client_ocsp.c","False","True","22467","759","306193c9684a986dacaa86fd8e2b450b3355592c799c0fd7f6c368aceeea3ce7","84",""
"<IDF>/components/wpa_supplicant/src/tls/tlsv1_client_read.c","False","True","42732","1567","6b7f5113d7e80852fdd35d69e9072db27c4cf42f95a75a8228ad5cb53dc2fd44","180",""
"<IDF>/components/wpa_supplicant/src/tls/tlsv1_client_write.c","False","True","26983","1007","2d538ccd3add17e0f6ad133e01018ee009ddc845fbadff8979c0d1fbe37cd5bb","69",""
"<IDF>/components/wpa_supplicant/src/tls/tlsv1_common.c","False","True","15669","527","2a83d76a8e4de80088b26159b70681af74bb7c1b57cd9e0569e7eb5ff6017798","32",""
"<IDF>/components/wpa_supplicant/src/tls/tlsv1_cred.c","False","True","31441","1212","832e481675fe42090a8a757b144dc1ee97b8ccebc46e297a76cdd782efaea8d2","122",""
"<IDF>/components/wpa_supplicant/src/tls/tlsv1_record.c","False","True","14219","485","f937812d1ae528dd2df1924cc1cf1fc0adb6cd691671a3377cf4d2e75915b5ab","63",""
"<IDF>/components/wpa_supplicant/src/tls/x509v3.c","False","True","58618","2295","5a56a48ccb11842c9c0405fc521a179a3bb98a258759b1a0a52d3e80e76325e9","221",""
"<IDF>/components/wpa_supplicant/src/utils/base64.c","False","True","4667","196","199afe8080d0cb8161cd04f5c8f4bd7c9bd4d888dced7eca2c39f297c959ee75","5",""
"<IDF>/components/wpa_supplicant/src/utils/bitfield.c","False","True","1493","89","844a04d2e7aed6032650fe40454aec07449bae61d94ea981a60a53d98cab2a48","3",""
"<IDF>/components/wpa_supplicant/src/utils/common.c","False","True","11405","598","c29143560095dd7c622fcf47fd814d0a32bf610b4c78d879a7f96614af6a8a9e","4",""
"<IDF>/components/wpa_supplicant/src/utils/ext_password.c","False","True","2435","114","2373fe51034878cb6a0b6d0cf8321b931ca4c982bac23fc38d0fc89ddc5c55fd","5",""
"<IDF>/components/wpa_supplicant/src/utils/json.c","False","True","14870","655","477127e6dab10b178a3a45f207a819ee9e680c80d915ceb26bf69bf10183d18b","45",""
"<IDF>/components/wpa_supplicant/src/utils/uuid.c","False","True","1374","71","c3c1b00b14d3ab6c0c8cc4345b33ce2036153a1abf839bdbc0edccba66cfc381","5",""
"<IDF>/components/wpa_supplicant/src/utils/wpa_debug.c","False","True","3170","115","e318f345d2a5f7e01ad278bd8cc1138f41e01445a9a98387000406e1204f96e0","15",""
"<IDF>/components/wpa_supplicant/src/utils/wpabuf.c","False","True","7493","313","c67af4e5de7b4426a7e849ace658261bd85648cdccb8665165cd3152f383438e","9",""
"<IDF>/components/wpa_supplicant/src/wps/wps.c","False","True","21555","751","f48331123bf9333a9d538b2e3ba0f88f92a87ebba35c0412cf229c8637c33f23","33",""
"<IDF>/components/wpa_supplicant/src/wps/wps_attr_build.c","False","True","14691","529","9ffe2fd228aef615f482a0fb6d2a0a804602c0df519c748dc03802976ec7d4f1","57",""
"<IDF>/components/wpa_supplicant/src/wps/wps_attr_parse.c","False","True","16707","674","959eea61dee0380ddd78ae4e3cf301a4527cfc5a98ae344f59ddb5225c5f48a8","117",""
"<IDF>/components/wpa_supplicant/src/wps/wps_attr_process.c","False","True","7684","283","7b17f38dd8f1042085a66a8685ef010b8c27c505537ae9d007b5327f1549498e","43",""
"<IDF>/components/wpa_supplicant/src/wps/wps_common.c","False","True","22917","927","a683c0f2769de11444a2a1421c623c4edfca7a42230ffad260747812cd9e9591","77",""
"<IDF>/components/wpa_supplicant/src/wps/wps_dev_attr.c","False","True","11601","446","f1984d39b4ef31727173dd4b92d2b1086bfc0e3d9c67522872fcc39a36bfc35b","33",""
"<IDF>/components/wpa_supplicant/src/wps/wps_enrollee.c","False","True","46387","1687","d782c9670414bf93c48f6eb97fc7f6fa56d742ec127b7125de9a15e68988d018","177",""
"broken204/Adafruit_SH110X.cpp","True","False","9610","250","cfa784d532d7e5cb6d13daaf8d7e05fda2330ed7ca961e7b2e494c9b22e01f8a","2",""
"broken204/Adafruit_SSD1327.cpp","True","False","11836","314","ba75754ebf05166c450ce91e97d756563aa75a59ad6bff55afa9d4395dca1340","2",""
"esp8266/arduino-esp8266audio-webradio/ESP8266AudioWebRadio/ESP8266AudioWebRadio.ino","True","False","16073","423","52d562819ee59d6e1c093ec98b1c85b182756febeea2e765264e2abf082c2e43","75","64:PROGMEM;83:PROGMEM"
"esp8266/rtos-sdk-native/components/esp_http_server/include/esp_http_server.h","True","False","48380","1231","9e012cc3e2fc7b435738ab61d005b13113e86b5ec8fe4d329b42765684830fd9","11",""
"esp8266/rtos-sdk-native/components/esp_http_server/include/http_server.h","True","False","126","2","a8f45776e18ab46db310bf68a87a4629fe452933bbff9fef888518d50c2242b8","1",""
"esp8266/rtos-sdk-native/components/esp_http_server/include/httpd_trace.h","True","False","1944","39","4fce5bc7dc4d353f08c7bec695ffa0267a00d5150b1fcd83654f8bdc1f164c2a","1",""
"esp8266/rtos-sdk-native/components/esp_http_server/include/web_trace_lwip_hook.h","True","False","767","13","ee8b06eed3f7d8e435836bf301d2d242d40a3bef0522a9501afc7d6cd5368e4b","0",""
"esp8266/rtos-sdk-native/components/esp_http_server/src/esp_httpd_priv.h","True","False","20392","550","cfd9984bf652467ab93f82af7d0e3515462f5725c12d8b9b943c0d8c7bb815e6","3",""
"esp8266/rtos-sdk-native/components/esp_http_server/src/httpd_main.c","True","False","13254","423","03d5316002b281f71ad1e30e0033c6d7559e17c1068d6bc3c4719ebaebb78cd5","33",""
"esp8266/rtos-sdk-native/components/esp_http_server/src/httpd_parse.c","True","False","29823","902","fd8fdd39a73fe7fcde2915ad1f7da26416f2dea543101e40c42ed252b9407732","46",""
"esp8266/rtos-sdk-native/components/esp_http_server/src/httpd_sess.c","True","False","13188","429","bdb9837191ca5a9e27874eb72d7a14e429fba9d17bab2314f7e0b49a2b250b0e","13",""
"esp8266/rtos-sdk-native/components/esp_http_server/src/httpd_trace.c","True","False","7646","182","0da00c61534a84ce0f8ee4b57bd5cc3bb73ec834d0bc9985b7300fcc79b064c6","14",""
"esp8266/rtos-sdk-native/components/esp_http_server/src/httpd_txrx.c","True","False","20359","600","5ea6ed739a3dcb8da0cde5f76f160ed1c7833f3db2add230f70260092951e5f7","54",""
"esp8266/rtos-sdk-native/components/esp_http_server/src/httpd_uri.c","True","False","9153","247","fb7d3461ee4d9e3ef2eee44097d5699c32c6f96a1da3a9c082b52be2d7047781","18",""
"esp8266/rtos-sdk-native/components/esp_http_server/src/httpd_ws.c","True","False","17171","458","d8423c4a32a24ec214f220b193d10d5ff0d5ab9b719b57e53c7d37422da568f0","44",""
"esp8266/rtos-sdk-native/components/esp_http_server/src/port/esp8266/osal.h","True","False","1722","64","b6f879fdc4d375760f10e84ec81a1e31d9ea1d300a382b540f16d84a07da6074","1",""
"esp8266/rtos-sdk-native/components/esp_http_server/src/util/ctrl_sock.c","True","False","2043","77","fd9712d387cb83d409c2ab7f7668015598a1c38c1395184ba97dbb64c037d0e2","3",""
"esp8266/rtos-sdk-native/components/esp_http_server/src/util/ctrl_sock.h","True","False","3519","99","e9080e00132ce2deaf800b6a86faf48fc3e6369c9dc9d8ceb47210c8bead2633","1",""
"esp8266/rtos-sdk-native/components/helix_codecs/Arduino.h","True","False","728","20","74081af8a49941c581fc1d4f2bb915eae83c2076e3d820489c546742e953531e","5","12:PROGMEM;13:PROGMEM"
"esp8266/rtos-sdk-native/components/helix_codecs/CodecMemoryArena.cpp","True","False","9511","262","081b0103b54e4068deb3261c9bf1beb23cb3ac7fd63be96ce0acca961fbec9b9","27",""
"esp8266/rtos-sdk-native/components/helix_codecs/codec_arena_native.h","True","False","337","12","cd099fb150c2dd3e0bffe99235b208da96ef70f14d38c4d34269341677b90824","0",""
"esp8266/rtos-sdk-native/components/helix_codecs/codec_bridge.cpp","True","False","39379","1028","4a74ed5b5103732632ff40d9c3e1c40faa46483ea91cb9417a03d15c8451d559","59",""
"esp8266/rtos-sdk-native/components/helix_codecs/codec_bridge.h","True","False","4686","104","c352fa6f6c588ba9426755e65a476516b94feb9b6f18d50abdf0409677569437","1",""
"esp8266/rtos-sdk-native/components/helix_codecs/native_heap_diag.c","True","False","1913","44","0824a802cab7cbee9dd985697cd75b48cf21c45b2bd57b7915a40af94002e3e2","5",""
"esp8266/rtos-sdk-native/components/helix_codecs/native_heap_diag.h","True","False","394","12","6a82d8b772e17af879cc1e8d78f0d9ed859a870a0a1f26795b9d54d2bad854b9","1",""
"esp8266/rtos-sdk-native/components/libmad8266/pgmspace.h","True","False","775","27","907fad30afa3dc2485aa9a623572ef69798a1095978d526a46b528fd833017ae","0","9:PROGMEM;10:PROGMEM"
"esp8266/rtos-sdk-native/components/libmad8266/upstream/libmad/D.dat.h","True","False","28857","641","62b1c17f9e169407de6a87a514ad4db1564b353a5e656a9c2d361e60bcbf0ad8","0",""
"esp8266/rtos-sdk-native/components/libmad8266/upstream/libmad/bit.c","True","False","7870","242","6566fe1db10d60a5f42af880dcb074ced975ec95fdbe41c6acc617623bd7fc24","4","44:PROGMEM"
"esp8266/rtos-sdk-native/components/libmad8266/upstream/libmad/bit.h","True","False","1692","47","e566055c108aeda60cf707f78211481b2691f374ad93c1dfa7cdc1c6b8a04b1a","0",""
"esp8266/rtos-sdk-native/components/libmad8266/upstream/libmad/config.h","True","False","4282","150","67cf9f1bf7fc9a4401df2a09e0fa5c6f54df5ebc36ae22cfdd86379e25233f56","8",""
"esp8266/rtos-sdk-native/components/libmad8266/upstream/libmad/decoder.c","True","False","15049","590","5ebcf5486b182577a8756c009b26c84cba9c1c1078d9bbd9d3f5a1b61ac14e14","7",""
"esp8266/rtos-sdk-native/components/libmad8266/upstream/libmad/decoder.h","True","False","3322","91","6f662a645e390f7d28675bce31f2a1e01c999395be8ce2cce0c80d050650b7eb","3",""
"esp8266/rtos-sdk-native/components/libmad8266/upstream/libmad/fixed.c","True","False","2002","83","9b21e8ef21bcc4579db3576271e06e36e6d3281ee551dee5794f9af85a41bb5d","4",""
"esp8266/rtos-sdk-native/components/libmad8266/upstream/libmad/fixed.h","True","False","14095","498","08092fe8da8c40eb57516033d5e2dec2ca96b32110b0d03fda410bb0dc85c81b","151",""
"esp8266/rtos-sdk-native/components/libmad8266/upstream/libmad/frame.c","True","False","14026","516","0900cee83963f292640024b21ca95d77c712386b6606caae64bc8b89a685daec","8","38:PROGMEM;65:PROGMEM"
"esp8266/rtos-sdk-native/components/libmad8266/upstream/libmad/frame.h","True","False","4590","128","0845fda0fdcadf63a1433242db21cd0eac03ca41a8a453c2aef005622c6c03a9","3",""
"esp8266/rtos-sdk-native/components/libmad8266/upstream/libmad/global.h","True","False","1726","59","feaac641a15cc8cb3d75802c2af2bfe58a89888d27952123fa648bfaae7b9fcf","2",""
"esp8266/rtos-sdk-native/components/libmad8266/upstream/libmad/huffman.c","True","False","81731","3110","8d3b05177d52bdfa9d7cdd2eb9f4ba6508d344d4fbbd482eb344f9c2d6b1a466","4","54:PROGMEM;94:PROGMEM;130:PROGMEM;135:PROGMEM;147:PROGMEM;169:PROGMEM;191:PROGMEM;225:PROGMEM;263:PROGMEM;350:PROGMEM;428:PROGMEM;513:PROGMEM;585:PROGMEM;723:PROGMEM;859:PROGMEM;987:PROGMEM;1513:PROGMEM;2021:PROGMEM;2555:PROGMEM;3075:PROGMEM;3077:PROGMEM"
"esp8266/rtos-sdk-native/components/libmad8266/upstream/libmad/huffman.h","True","False","2007","69","f1518bf4f5c2f71065ff7f3fb7b0705e4ec24d0ceeb3429455c60c81efe58481","0",""
"esp8266/rtos-sdk-native/components/libmad8266/upstream/libmad/imdct_s.dat.h","True","False","2706","68","80cc1b06d1c53e31096dfa813e991bdbbe92f8a9cd0f168c02746d4f4425d893","0",""
"esp8266/rtos-sdk-native/components/libmad8266/upstream/libmad/layer3.c","True","False","88243","2781","ff7bb1fa385d260f6a9bd8f0b0bf7ca406f187ed9dbfe24a1bdf1b6442bb5775","21","100:PROGMEM;112:PROGMEM;149:PROGMEM;155:PROGMEM;161:PROGMEM;167:PROGMEM;174:PROGMEM;181:PROGMEM;188:PROGMEM;196:PROGMEM;204:PROGMEM;216:PROGMEM;222:PROGMEM;230:PROGMEM;237:PROGMEM;244:PROGMEM;251:PROGMEM;259:PROGMEM;267:PROGMEM;282:PROGMEM;291:PROGMEM;303:PROGMEM;315:PROGMEM;332:PROGMEM;345:PROGMEM;355:PROGMEM;376:PROGMEM;387:PROGMEM;406:PROGMEM;417:PROGMEM;451:PROGMEM;471:PROGMEM;493:PROGMEM;1717:PROGMEM;1766:PROGMEM"
"esp8266/rtos-sdk-native/components/libmad8266/upstream/libmad/layer3.h","True","False","1072","30","783efdcad6a660a96a3d0d5fdc66e5366d26820b98081b9f7e21e36f9922b54f","2",""
"esp8266/rtos-sdk-native/components/libmad8266/upstream/libmad/mad.h","True","False","29435","974","3930efbd131339b10c38f0d95e4c42114ca8bd2a4fa4c499facda482df379497","158",""
"esp8266/rtos-sdk-native/components/libmad8266/upstream/libmad/qc_table.dat.h","True","False","4087","95","b74d2b776e7fcb647ec4f743eb4caf732292500028f0aaa3e085788afbb45f08","0",""
"esp8266/rtos-sdk-native/components/libmad8266/upstream/libmad/rq_table.dat.h","True","False","478220","8747","aecf2819508e47a45587ba009fc7918d51edbefbffc6037c239d84158e28affe","0",""
"esp8266/rtos-sdk-native/components/libmad8266/upstream/libmad/sf_table.dat.h","True","False","6926","106","4189f3710f40699f2083fec4e27827928f0c0bb9dc3819525adc619a2c208721","0",""
"esp8266/rtos-sdk-native/components/libmad8266/upstream/libmad/stream.c","True","False","5161","160","1890309f735f5544a277d8dbd5e336442d5f6eba03d2066b2030a5bdb1f14438","27",""
"esp8266/rtos-sdk-native/components/libmad8266/upstream/libmad/stream.h","True","False","4508","108","da4f337b0c4b6387936bfb8bf8ff0ec5ac00483b2acff33048672eb996a90934","1",""
"esp8266/rtos-sdk-native/components/libmad8266/upstream/libmad/synth.c","True","False","32006","929","d0f70a9572e5be4a7811d7fb9b921a2d2c0861480459084666856fe76c0bd5a4","9","563:PROGMEM"
"esp8266/rtos-sdk-native/components/libmad8266/upstream/libmad/synth.h","True","False","2286","71","165766caa0b7dce731694f4b894f3a824f2eff4ed9fd3492688edb280e0f0142","2",""
"esp8266/rtos-sdk-native/components/libmad8266/upstream/libmad/timer.c","True","False","12041","480","ea3972bc3f0cf0aa77c47f3cc2d4ef21bf1197bab538584f85cd9fc1a600c366","4",""
"esp8266/rtos-sdk-native/components/libmad8266/upstream/libmad/timer.h","True","False","3068","100","a016ff9462292eed7644809c0b72d1ec9133d4cfe15aaf2c21ad9c1eea3f7782","0",""
"esp8266/rtos-sdk-native/components/libmad8266/upstream/libmad/version.c","True","False","2662","91","762306edd7770c59767b6c8d01ea5c5fbbf971e67f72a4a4d77988496d3fc4af","29",""
"esp8266/rtos-sdk-native/components/libmad8266/upstream/libmad/version.h","True","False","1662","47","46e1364e2b828902bd387873e4b4ef7119cafb21d27281e2e89c49c51bd0b5c1","6",""
"esp8266/rtos-sdk-native/components/opus_decoder/asm/lx106/bands-blocks/upstream/celt/bands.c.s","True","False","435397","9982","63e5f161a3b392dfefb3cb7c741c807f32326dc4ea88eed0a67963e238cb769e","24",""
"esp8266/rtos-sdk-native/components/opus_decoder/asm/lx106/bands-blocks/upstream/celt/vq.c.s","True","False","134767","3043","dd3c15d103016b8782b8d0927bf87b62bbb63e461af4ef9f4b012aba52604c02","11",""
"esp8266/rtos-sdk-native/components/opus_decoder/asm/lx106/bands-cache-reuse/upstream/celt/bands.c.s","True","False","436359","10006","e0d76793618d16503d506974b12174201134439fb824e2c28dc86f77cd98f8c9","24",""
"esp8266/rtos-sdk-native/components/opus_decoder/asm/lx106/bands-combined/upstream/celt/bands.c.s","True","False","435733","9990","b532a62d8d78c60533cfb4e16e647d4ebfbdd1f5d5810fbea5e1210e36ac2da8","24",""
"esp8266/rtos-sdk-native/components/opus_decoder/asm/lx106/bands-folding8/upstream/celt/bands.c.s","True","False","437494","10056","e987389961b8622b36fc5ec2108bdc5efaf5d973643c9b974c2955c86ed0ef0a","25",""
"esp8266/rtos-sdk-native/components/opus_decoder/asm/lx106/bands-fused/upstream/celt/vq.c.s","True","False","135463","3071","9f0063fafda9c3dc32e89f0700114009e4e1c71d6eb608ffc5dd95bd7b7bc84d","11",""
"esp8266/rtos-sdk-native/components/opus_decoder/asm/lx106/bands-inner4/upstream/celt/vq.c.s","True","False","134684","3042","0527eeded9ef492dc663d971fefb8c489264140ace9b642893bcc80d922bdf53","11",""
"esp8266/rtos-sdk-native/components/opus_decoder/asm/lx106/bands-intensity/upstream/celt/bands.c.s","True","False","435246","9975","a965de322d7dfb60b9fc87401274bde2e728ab1e9568fa18ce5151b795eaf5e3","24",""
"esp8266/rtos-sdk-native/components/opus_decoder/asm/lx106/bands-layout128/upstream/celt/bands.c.s","True","False","436378","10005","c5ab034417564fc0a50a393841361186a609d333557137ffd55e8aa002d7334c","24",""
"esp8266/rtos-sdk-native/components/opus_decoder/asm/lx106/bands-layout32/upstream/celt/bands.c.s","True","False","436376","10005","2ec33147a8f04784bae895a24fada0a5a030a395f84924337d8f294b44aa5af4","24",""
"esp8266/rtos-sdk-native/components/opus_decoder/asm/lx106/bands-logp/upstream/celt/entdec.c.s","True","False","81448","1552","15fec20e5d734b068a70e2a02c1fef7974db5a15d4cb820760039f2bc6732bd0","18",""
"esp8266/rtos-sdk-native/components/opus_decoder/asm/lx106/bands-partition-decode/upstream/celt/bands.c.s","True","False","439405","10005","7b991439beb374ed5ae1ec21bdd2fca6e04ea096646c7a9a3d32fbc1ad2a9da1","24",""
"esp8266/rtos-sdk-native/components/opus_decoder/asm/lx106/bands-pulse-lookup/upstream/celt/bands.c.s","True","False","465285","11617","7d0d48f238620e68f29e73d1f5bb98108bfae3c818b9e6105a2009d0ec0cbf1d","26",""
"esp8266/rtos-sdk-native/components/opus_decoder/asm/lx106/bands-pulse-lookup/upstream/celt/modes.c.s","True","False","80794","6120","f088335eaae039f235dd08fcfa340b90f6f2e8e229827172e087718ba0c59aa7","22",""
"esp8266/rtos-sdk-native/components/opus_decoder/asm/lx106/bands-pvq-addx/upstream/celt/cwrs.c.s","True","False","57115","2151","2217211d3a3ad041fb50cf5d071577cd76295fec5d79cae97391072b2827aa30","7",""
"esp8266/rtos-sdk-native/components/opus_decoder/asm/lx106/bands-small-div-inline/upstream/celt/entdec.c.s","True","False","85742","1746","8f3ee78fb77ecdc37fd119dda1f56f9854511b088b6b6ab5ef8d05850a3f0e21","19",""
"esp8266/rtos-sdk-native/components/opus_decoder/asm/lx106/bands-small-div-tail/upstream/celt/entdec.c.s","True","False","85972","1753","08dc8804d9ef27a7c0730315ad949bce3e2f12b099ad047ef02f80999b31d104","20",""
"esp8266/rtos-sdk-native/components/opus_decoder/asm/lx106/bands-small-div/upstream/celt/entdec.c.s","True","False","86028","1751","4fd3900c54fee8e27415a1104dff07c206b4ddd50bfd1f15a0c8c4896842d696","20",""
"esp8266/rtos-sdk-native/components/opus_decoder/asm/lx106/bands-tell-bits1/upstream/celt/bands.c.s","True","False","437298","10028","8836a62bb6d09779af19fcad6e742d42316b812dede34f3185ae1e2f48d9fe6e","24",""
"esp8266/rtos-sdk-native/components/opus_decoder/asm/lx106/bands-tell-inline/upstream/celt/bands.c.s","True","False","436135","10001","dc3aca2b04ecfc63e4a9b3ab502a2559a88a2651a9b5b53fea272936255c2cf5","24",""
"esp8266/rtos-sdk-native/components/opus_decoder/asm/lx106/bands-tell-inline/upstream/celt/entcode.c.s","True","False","10282","183","5596f73af4f21afefed77288009aab8f346019d91249b35100166a166b13443a","5",""
"esp8266/rtos-sdk-native/components/opus_decoder/asm/lx106/bands-tell-intensity/upstream/celt/bands.c.s","True","False","436471","10009","2d178c74cb1958b46833d8c7e1fd74ea306b227ca811bb6c3e76631a2a159b0f","24",""
"esp8266/rtos-sdk-native/components/opus_decoder/asm/lx106/bands-tell-update/upstream/celt/bands.c.s","True","False","437555","10036","013b93c86d60d75cfc62020829ecd883ead77d29685fd3dd1369a0596b8e9bca","24",""
"esp8266/rtos-sdk-native/components/opus_decoder/asm/lx106/bands-update-fast/upstream/celt/bands.c.s","True","False","436330","10002","95a5348cfaee38e93a0acb21ab549e071ee672b2d363ddaf23d867023478e3c0","24",""
"esp8266/rtos-sdk-native/components/opus_decoder/asm/lx106/gcc/upstream/celt/bands.c.s","True","False","434910","9967","0a5986e669f2dd24d2beff59a53003e652f7a7756be77bb9925c0584c90820e0","24",""
"esp8266/rtos-sdk-native/components/opus_decoder/asm/lx106/gcc/upstream/celt/celt.c.s","True","False","51861","1101","6bbec6b53cd4a59e57c03c576e3a335a800c50188bbe06228875632b567bedbf","28",""
"esp8266/rtos-sdk-native/components/opus_decoder/asm/lx106/gcc/upstream/celt/celt_decoder.c.s","True","False","253148","5644","6a8d1e9e2dbd6c15af5a8adedf3aff634d76b86b2890f46b9c1cfb5a21c15473","14",""
"esp8266/rtos-sdk-native/components/opus_decoder/asm/lx106/gcc/upstream/celt/celt_lpc.c.s","True","False","102035","2317","4593457f1660e60fd1c3f2d9cc0de70766698ed26faec606b5451da87d6f7ca9","7",""
"esp8266/rtos-sdk-native/components/opus_decoder/asm/lx106/gcc/upstream/celt/cwrs.c.s","True","False","54923","2148","16eef76dfc482104ca6efb0d2a41f5ba3c0edf9129e5cbc85dc9e6e7b3436afd","7",""
"esp8266/rtos-sdk-native/components/opus_decoder/asm/lx106/gcc/upstream/celt/entcode.c.s","True","False","10135","179","227d301b0c9b2a4c44110ce1a2345626f496ea3d2a217683e7415f4c3b01ae93","5",""
"esp8266/rtos-sdk-native/components/opus_decoder/asm/lx106/gcc/upstream/celt/entdec.c.s","True","False","81882","1556","99c8008bab054aed6d6209fd8253e61d91c6a851675992f2f8871bba015f15a6","18",""
"esp8266/rtos-sdk-native/components/opus_decoder/asm/lx106/gcc/upstream/celt/entenc.c.s","True","False","97298","1953","49c73820ce189c5af462742397f1e80521509fd3533fdf1ab57a3b8997ff4e96","14",""
"esp8266/rtos-sdk-native/components/opus_decoder/asm/lx106/gcc/upstream/celt/kiss_fft.c.s","True","False","137440","2486","cc1e27dc7d00af4d07d74fccee431ffadc93df8e0bbc4b94df657b96ddf11795","175",""
"esp8266/rtos-sdk-native/components/opus_decoder/asm/lx106/gcc/upstream/celt/laplace.c.s","True","False","32398","715","f4dd1bb3039887e90f86f34ed280d59f17a688e03d365891d1e4f98dc9e39c66","7",""
"esp8266/rtos-sdk-native/components/opus_decoder/asm/lx106/gcc/upstream/celt/mathops.c.s","True","False","44883","1014","18765e9d9b5c24c3be061bd921d09e3d384c164cdf509af47319321bebe9f5ec","8",""
"esp8266/rtos-sdk-native/components/opus_decoder/asm/lx106/gcc/upstream/celt/mdct.c.s","True","False","72068","1372","fe36255422bd9864de647aa27b57968de0aa68d867aabf72204ae9617ab5e5ac","59",""
"esp8266/rtos-sdk-native/components/opus_decoder/asm/lx106/gcc/upstream/celt/modes.c.s","True","False","80654","6116","a0d2df0abc716197160707e31758973e9464e0c3c95b0f554b815c04a3bd84bf","22",""
"esp8266/rtos-sdk-native/components/opus_decoder/asm/lx106/gcc/upstream/celt/pitch.c.s","True","False","133402","3066","5271485884441f450e16fab1506d2b25f16e8635d0f4de6ccad73f0d56ae2f83","30",""
"esp8266/rtos-sdk-native/components/opus_decoder/asm/lx106/gcc/upstream/celt/quant_bands.c.s","True","False","125138","2951","3588fd138209d427000b7afb1bc4ec020b6e9feb04397d2aa6eb369875c1e0ff","16",""
"esp8266/rtos-sdk-native/components/opus_decoder/asm/lx106/gcc/upstream/celt/rate.c.s","True","False","78898","1704","73cd1d9c30ff80d137395d9a892dd62c485b0f41587414a2f68611b43e2d3c53","5",""
"esp8266/rtos-sdk-native/components/opus_decoder/asm/lx106/gcc/upstream/celt/vq.c.s","True","False","133783","3013","2184504d1bfd0cf22660dcf6bac46aef8710011e5a0a84c3bf59aa952208a6be","11",""
"esp8266/rtos-sdk-native/components/opus_decoder/asm/lx106/gcc/upstream/silk/A2NLSF.c.s","True","False","105672","2223","82ebecd0e7a1d434f38a9aa2f2a0e63b45c99555709f798f8a44cd123de3b4d5","4",""
"esp8266/rtos-sdk-native/components/opus_decoder/asm/lx106/gcc/upstream/silk/CNG.c.s","True","False","130723","1993","e23830abe0184230a78269d1f468ef77e16bb7817d9a5b874740731025457ead","5",""
"esp8266/rtos-sdk-native/components/opus_decoder/asm/lx106/gcc/upstream/silk/HP_variable_cutoff.c.s","True","False","18490","306","78074674776882da7915dc73ffc0efc4cf8e29a2260fd46e85fb51f4ab525d59","5",""
"esp8266/rtos-sdk-native/components/opus_decoder/asm/lx106/gcc/upstream/silk/LPC_analysis_filter.c.s","True","False","17221","271","2a91f371bb2d806807da5772740851dc3b7c8a098a93381bf848a0f04777a65c","4",""
"esp8266/rtos-sdk-native/components/opus_decoder/asm/lx106/gcc/upstream/silk/LPC_fit.c.s","True","False","18148","347","aa69b427719497373103fd6235145a74e36d22c3aeca794989e539af9af1e47b","4",""
"esp8266/rtos-sdk-native/components/opus_decoder/asm/lx106/gcc/upstream/silk/LPC_inv_pred_gain.c.s","True","False","33613","754","f584c6507ec031009d4677e37f8f180269fd2fb302172f970df8cb34b08aa133","4",""
"esp8266/rtos-sdk-native/components/opus_decoder/asm/lx106/gcc/upstream/silk/LP_variable_cutoff.c.s","True","False","31961","524","e00555838d09449acafa71dcf86eea619d23cd41355b0664564d76bc5f4b8352","4",""
"esp8266/rtos-sdk-native/components/opus_decoder/asm/lx106/gcc/upstream/silk/NLSF2A.c.s","True","False","83496","1560","bbf244af6596de447dfd97be8725db5d89e47f890ff6e2ebf031640af7476fb8","6",""
"esp8266/rtos-sdk-native/components/opus_decoder/asm/lx106/gcc/upstream/silk/NLSF_VQ.c.s","True","False","14363","233","fc58532c40b64e284863862dc6cdf23146997c18545ad1ee7bed52c643a7c16d","5",""
"esp8266/rtos-sdk-native/components/opus_decoder/asm/lx106/gcc/upstream/silk/NLSF_VQ_weights_laroia.c.s","True","False","17171","285","be7b23149aaee6bb0dff0e22d7ae3b61a7f03234c9708882042c8bcdde9d5659","4",""
"esp8266/rtos-sdk-native/components/opus_decoder/asm/lx106/gcc/upstream/silk/NLSF_decode.c.s","True","False","17615","302","bd4c3c0bbf4453a8d94dd8b953266446beee9d6218598a16ba2901c8a5de7713","4",""
"esp8266/rtos-sdk-native/components/opus_decoder/asm/lx106/gcc/upstream/silk/NLSF_del_dec_quant.c.s","True","False","97737","1472","66b38c523b545d0368bbfd6b1f13a0c1649611c2ba50852ab8ed72197ffd1211","5",""
"esp8266/rtos-sdk-native/components/opus_decoder/asm/lx106/gcc/upstream/silk/NLSF_encode.c.s","True","False","33414","614","1e99e3774210c25e0452571b9502b3f83fedafeefe6f6a94ca8d492778d15dbb","4",""
"esp8266/rtos-sdk-native/components/opus_decoder/asm/lx106/gcc/upstream/silk/NLSF_stabilize.c.s","True","False","26314","469","bec1766ffe66eb63a80818dd5b551d8eea12887e58136352f5f5e0cb112d2adb","4",""
"esp8266/rtos-sdk-native/components/opus_decoder/asm/lx106/gcc/upstream/silk/NLSF_unpack.c.s","True","False","14084","201","e41fa4a402661ea22decd485a39599c6529adc9624ad5e0a59497fcd2c4885f9","5",""
"esp8266/rtos-sdk-native/components/opus_decoder/asm/lx106/gcc/upstream/silk/PLC.c.s","True","False","143303","2419","8bfb998d8cc44ad96076d59ade4252a2398531715ec737ff0fb055043d371b8e","21",""
"esp8266/rtos-sdk-native/components/opus_decoder/asm/lx106/gcc/upstream/silk/VQ_WMat_EC.c.s","True","False","37003","528","164fa07fa764777e42f1939e4ae4118eb26d8a79e324065d35762f80065d2837","5",""
"esp8266/rtos-sdk-native/components/opus_decoder/asm/lx106/gcc/upstream/silk/ana_filt_bank_1.c.s","True","False","15227","247","b1802cea4e76c205787198235b6f1c34e5098aa8fc98a374ba7b4b0ec1e067c0","4",""
"esp8266/rtos-sdk-native/components/opus_decoder/asm/lx106/gcc/upstream/silk/biquad_alt.c.s","True","False","42499","669","3f0a6996f0c8fac247592f18e946f6403b701835fd6686637773ea0c58a98531","6",""
"esp8266/rtos-sdk-native/components/opus_decoder/asm/lx106/gcc/upstream/silk/bwexpander.c.s","True","False","11619","178","f5d871126d68e04eeff99b2868b7c973b0f520cadba493d3f07947ba624e2289","5",""
"esp8266/rtos-sdk-native/components/opus_decoder/asm/lx106/gcc/upstream/silk/bwexpander_32.c.s","True","False","12309","200","76a50f3abee7678bfe6662451fb85945bb15fca4122f405884ed298bff1cedb4","4",""
"esp8266/rtos-sdk-native/components/opus_decoder/asm/lx106/gcc/upstream/silk/check_control_input.c.s","True","False","18995","328","eafa0ced7e6d2695932d37642a4846005cf5b0b668f779214f943d8abb4b3c02","5",""
"esp8266/rtos-sdk-native/components/opus_decoder/asm/lx106/gcc/upstream/silk/code_signs.c.s","True","False","43790","788","9cffb4dee95c7edd50fc729c3388bb712d4924fa2ca63d6ba1427a893920800d","5",""
"esp8266/rtos-sdk-native/components/opus_decoder/asm/lx106/gcc/upstream/silk/control_SNR.c.s","True","False","17145","677","1ab167d5c7c45916a6e3023f4233fc01569b23cffd2e4461e6bab37cfb55b5b7","7",""
"esp8266/rtos-sdk-native/components/opus_decoder/asm/lx106/gcc/upstream/silk/control_audio_bandwidth.c.s","True","False","19728","321","3e4a38c3095798071bfefb3c92d35454e7f86bb8639234357ce64ec0101b6212","5",""
"esp8266/rtos-sdk-native/components/opus_decoder/asm/lx106/gcc/upstream/silk/control_codec.c.s","True","False","69096","1059","d68d835ce715aaef076c277290a7d05b00094f6ff94b35ac992c34444700e6e8","7",""
"esp8266/rtos-sdk-native/components/opus_decoder/asm/lx106/gcc/upstream/silk/debug.c.s","True","False","7251","105","7f2ca415192c2a1665ba288301b6c1ba7f093359e5ca5bc7d9b8531f925710f2","3",""
"esp8266/rtos-sdk-native/components/opus_decoder/asm/lx106/gcc/upstream/silk/dec_API.c.s","True","False","98403","1769","1d979738a9c951f504054777196213af29f3a67984af3a70837f6c0d06dd4b46","8",""
"esp8266/rtos-sdk-native/components/opus_decoder/asm/lx106/gcc/upstream/silk/decode_core.c.s","True","False","113743","1913","f0b2c7a3d2fb4503b37689702f563a9c3bf144f2b960d9407058676823568a8f","22",""
"esp8266/rtos-sdk-native/components/opus_decoder/asm/lx106/gcc/upstream/silk/decode_frame.c.s","True","False","19136","346","15c5e20c5851b75547e8e6e8b30dcb6894001a40e224a228ad4cbc124390993f","4",""
"esp8266/rtos-sdk-native/components/opus_decoder/asm/lx106/gcc/upstream/silk/decode_indices.c.s","True","False","32663","520","747891e53d67ed24a0245d4e1417ee78d237879e38f01eb83051a7738fb8271a","5",""
"esp8266/rtos-sdk-native/components/opus_decoder/asm/lx106/gcc/upstream/silk/decode_parameters.c.s","True","False","48690","689","b76361f121eb782d8f5d7c12a34093a861fa83598abc4cebfd5f0f5a48240abc","5",""
"esp8266/rtos-sdk-native/components/opus_decoder/asm/lx106/gcc/upstream/silk/decode_pitch.c.s","True","False","16549","284","0492c9d2190fad4b81539649e37d380f97d40f7c330422e680bdd0b0c63b954d","6",""
"esp8266/rtos-sdk-native/components/opus_decoder/asm/lx106/gcc/upstream/silk/decode_pulses.c.s","True","False","21023","391","5e009507ed3ebee2cab641d53ab5a76c1cc4f68075973cf3a04d32d1b192b70c","4",""
"esp8266/rtos-sdk-native/components/opus_decoder/asm/lx106/gcc/upstream/silk/decoder_set_fs.c.s","True","False","18536","328","65d492fe6f728252996b48fff2538dbeafa2b6ccf8ba9c81db60036e1e0e7923","5",""
"esp8266/rtos-sdk-native/components/opus_decoder/asm/lx106/gcc/upstream/silk/encode_indices.c.s","True","False","37975","639","9cf277b3dd3458272f5e92314bcdc94e65c8f397fa564991b47196ff86e4b40c","5",""
"esp8266/rtos-sdk-native/components/opus_decoder/asm/lx106/gcc/upstream/silk/encode_pulses.c.s","True","False","48358","962","7dadaf6c011fe0b993c0be5b83cdc46c443f406ab995b53db32ae3652c8f9ade","4",""
"esp8266/rtos-sdk-native/components/opus_decoder/asm/lx106/gcc/upstream/silk/fixed/LTP_analysis_filter_FIX.c.s","True","False","20864","320","c0f5d7b6fdae733f44625c2ce4eba1650be6070a347f7ab3e111b4d8772ad4ba","5",""
"esp8266/rtos-sdk-native/components/opus_decoder/asm/lx106/gcc/upstream/silk/fixed/LTP_scale_ctrl_FIX.c.s","True","False","15764","229","f6abaeb6bbfae2a82a6a97ac76bf4c75c91ba2cda3b43fdad0825c8c393714ba","5",""
"esp8266/rtos-sdk-native/components/opus_decoder/asm/lx106/gcc/upstream/silk/fixed/apply_sine_window_FIX.c.s","True","False","19938","325","967c16d6b1b2e72f468c360f811bce12440cc2d58ef39fb63ca3da9d75ad5773","5",""
"esp8266/rtos-sdk-native/components/opus_decoder/asm/lx106/gcc/upstream/silk/fixed/autocorr_FIX.c.s","True","False","9838","155","3caa0448f605e483f2a27a4adf89f29eb02db9f91a6f43746cb1d4a41653ced0","5",""
"esp8266/rtos-sdk-native/components/opus_decoder/asm/lx106/gcc/upstream/silk/fixed/burg_modified_FIX.c.s","True","False","127544","2133","2ee1d45429bbce799e339f8784c9df60ed4ad55d49e4571f728997eac5ec078f","4",""
"esp8266/rtos-sdk-native/components/opus_decoder/asm/lx106/gcc/upstream/silk/fixed/corrMatrix_FIX.c.s","True","False","32816","605","f57ca960c37089d24a158dfd2a007bf7ecca73400575a2ed3fbc05762bed30dc","6",""
"esp8266/rtos-sdk-native/components/opus_decoder/asm/lx106/gcc/upstream/silk/fixed/find_LPC_FIX.c.s","True","False","25842","429","beea29eaa136594c555f33fc47fac9ddb971e2facb323ef07414d1cae0bd943b","5",""
"esp8266/rtos-sdk-native/components/opus_decoder/asm/lx106/gcc/upstream/silk/fixed/find_LTP_FIX.c.s","True","False","25768","385","0d39ef54aa080675eba474f4089f45db52cd5604252a694c9d7166daf3bf753b","6",""
"esp8266/rtos-sdk-native/components/opus_decoder/asm/lx106/gcc/upstream/silk/fixed/find_pred_coefs_FIX.c.s","True","False","71634","1205","a879cf4d66ef97fac2b039484d0c16d904ca86963d17c4b251df89d1a30a1d36","6",""
"esp8266/rtos-sdk-native/components/opus_decoder/asm/lx106/gcc/upstream/silk/fixed/k2a_FIX.c.s","True","False","13724","224","3145f956a040620a7237dd973c870d715f82b992390234750aee6633d435c286","5",""
"esp8266/rtos-sdk-native/components/opus_decoder/asm/lx106/gcc/upstream/silk/fixed/k2a_Q16_FIX.c.s","True","False","15170","257","5dba3a832736b7203c31790def6fc2973cdce3d211285e0dd29714f8f817f4e7","5",""
"esp8266/rtos-sdk-native/components/opus_decoder/asm/lx106/gcc/upstream/silk/fixed/process_gains_FIX.c.s","True","False","42220","658","685ebb0786680e33701d7f00aa5eb9e69a4dea2430bbca7e1463000153c428e9","5",""
"esp8266/rtos-sdk-native/components/opus_decoder/asm/lx106/gcc/upstream/silk/fixed/regularize_correlations_FIX.c.s","True","False","10764","153","fecc32822a730a1511a1ff403a14a8d65efa2c1734340939359d3e27d9c75941","5",""
"esp8266/rtos-sdk-native/components/opus_decoder/asm/lx106/gcc/upstream/silk/fixed/residual_energy16_FIX.c.s","True","False","50316","904","a73c65e58513132b67f41ac51a0e7fd21a26e4e9b846765d70169d825afb906f","5",""
"esp8266/rtos-sdk-native/components/opus_decoder/asm/lx106/gcc/upstream/silk/fixed/residual_energy_FIX.c.s","True","False","19634","334","d44b310a57a52f5ee9f191162cab94982c9c12eb99e2816f5e7cd86b9efb19d1","4",""
"esp8266/rtos-sdk-native/components/opus_decoder/asm/lx106/gcc/upstream/silk/fixed/schur64_FIX.c.s","True","False","24833","456","5bf6019222a30f22206092658f5a28a2eac457a4f77df608ee2166a017400336","4",""
"esp8266/rtos-sdk-native/components/opus_decoder/asm/lx106/gcc/upstream/silk/fixed/schur_FIX.c.s","True","False","21078","385","4f28c774bf61876b830377bbbddcf4877d5a9e6c1fdcad43ab84be7a3c2a38fd","4",""
"esp8266/rtos-sdk-native/components/opus_decoder/asm/lx106/gcc/upstream/silk/fixed/vector_ops_FIX.c.s","True","False","19108","325","78bd992ae4ac9f0d5ca5392d09711f2e4c27d4e17e58280024fd5bc1c685ee2c","8",""
"esp8266/rtos-sdk-native/components/opus_decoder/asm/lx106/gcc/upstream/silk/fixed/warped_autocorrelation_FIX.c.s","True","False","30372","491","918a94d056574c11b92950240be7c62e7cef70fdba41440a46eba1b00da3457e","4",""
"esp8266/rtos-sdk-native/components/opus_decoder/asm/lx106/gcc/upstream/silk/gain_quant.c.s","True","False","28470","538","840e65945cdc3cc8f28e00387da43b20061a9a600f458859aed3a9f328cecf9f","6",""
"esp8266/rtos-sdk-native/components/opus_decoder/asm/lx106/gcc/upstream/silk/init_decoder.c.s","True","False","14615","256","50c51ce51e87588e37d45e5d9f32efc7560f2511aa0efc9fea812f489ec44c85","5",""
"esp8266/rtos-sdk-native/components/opus_decoder/asm/lx106/gcc/upstream/silk/inner_prod_aligned.c.s","True","False","9968","154","abdeb5ac1b5d94827d86bb9dc9c55ab6e7abe476c1d017faa8fde0197627e38b","5",""
"esp8266/rtos-sdk-native/components/opus_decoder/asm/lx106/gcc/upstream/silk/interpolate.c.s","True","False","9855","152","decaa86d3da4cd33fc4b3462ab090e0e46fb3789d2069d69c9d3d51bc82f8e40","5",""
"esp8266/rtos-sdk-native/components/opus_decoder/asm/lx106/gcc/upstream/silk/lin2log.c.s","True","False","10887","198","fdd1e83e7ad3aa050cc7c5338497bb84da746e3c78de82434d5efb5f8665362b","5",""
"esp8266/rtos-sdk-native/components/opus_decoder/asm/lx106/gcc/upstream/silk/log2lin.c.s","True","False","10589","175","57b7d01ceb213745c95ce8e0c8d11d1aba5643ad4f5a1ef2c0e29697a7e024cd","4",""
"esp8266/rtos-sdk-native/components/opus_decoder/asm/lx106/gcc/upstream/silk/pitch_est_tables.c.s","True","False","10908","388","b3253a44ca7c8048fce2d73d3c4917f25b8b12392222ddf877390b3c186ec36f","10",""
"esp8266/rtos-sdk-native/components/opus_decoder/asm/lx106/gcc/upstream/silk/process_NLSFs.c.s","True","False","28805","486","7fc7d087a940535171c314171007e705336651cb816d25f990fda67e9367d872","5",""
"esp8266/rtos-sdk-native/components/opus_decoder/asm/lx106/gcc/upstream/silk/quant_LTP_gains.c.s","True","False","25721","452","be12ee607548dc206ab36c689efe67e318675e4769059a0e579feefdcce14a18","6",""
"esp8266/rtos-sdk-native/components/opus_decoder/asm/lx106/gcc/upstream/silk/resampler.c.s","True","False","41079","780","452d84433e55f84ecb5484c8f577f070bb820cd2ff53a75c37d6ef02092cb655","7",""
"esp8266/rtos-sdk-native/components/opus_decoder/asm/lx106/gcc/upstream/silk/resampler_down2.c.s","True","False","14050","230","699066bb5e60f5e6e0bf3c19fbaf2782e4bbaefc20b1b6a682c62e8a2e083530","5",""
"esp8266/rtos-sdk-native/components/opus_decoder/asm/lx106/gcc/upstream/silk/resampler_down2_3.c.s","True","False","26479","409","c02993b100bf51ebfd0960dfd86189811d6bb3ac0e81ce6a12aab0012065fdf2","4",""
"esp8266/rtos-sdk-native/components/opus_decoder/asm/lx106/gcc/upstream/silk/resampler_private_AR2.c.s","True","False","11634","179","ff2b8b1ef2176a334c629f94953460297893233d45938aae7d0c5beebcf48a87","5",""
"esp8266/rtos-sdk-native/components/opus_decoder/asm/lx106/gcc/upstream/silk/resampler_private_IIR_FIR.c.s","True","False","23704","362","b53109943e447c892c39eb6f4e16d6e8e4ca49c542764185bee08e52850f0ed8","28",""
"esp8266/rtos-sdk-native/components/opus_decoder/asm/lx106/gcc/upstream/silk/resampler_private_down_FIR.c.s","True","False","162162","1823","95ce61e61c1f14061b0a347400ce6d8a2eb1237575654a9f1dc5bbd5c9d7b27c","4",""
"esp8266/rtos-sdk-native/components/opus_decoder/asm/lx106/gcc/upstream/silk/resampler_private_up2_HQ.c.s","True","False","39972","641","136e6eec713722694b8f62f080e7abd3f0e712252410d8f89f591b0c4d0e8f72","5",""
"esp8266/rtos-sdk-native/components/opus_decoder/asm/lx106/gcc/upstream/silk/resampler_rom.c.s","True","False","11091","330","d6548bcaa0a282062d0e183711633038ca492f2e0758a65aaf4716d86d2b5dea","11",""
"esp8266/rtos-sdk-native/components/opus_decoder/asm/lx106/gcc/upstream/silk/shell_coder.c.s","True","False","55253","1000","abe4abec214b1545e72757b97bbcf8d448934479cd1cb97934f410e643f4df5d","5",""
"esp8266/rtos-sdk-native/components/opus_decoder/asm/lx106/gcc/upstream/silk/sigm_Q15.c.s","True","False","12468","222","aca7320991bd69b8735f70731199f18740d91c38928aabbc7038e116a7dfe200","7",""
"esp8266/rtos-sdk-native/components/opus_decoder/asm/lx106/gcc/upstream/silk/sort.c.s","True","False","26732","521","973d274cc5f0cf92d2f00c4adc60c9be15fa0156fe241a947a9a8673f5cfb310","7",""
"esp8266/rtos-sdk-native/components/opus_decoder/asm/lx106/gcc/upstream/silk/stereo_LR_to_MS.c.s","True","False","80539","1416","ca3d685712860dae64d17252693722049cc19d0691818e7e2b6e439f2a9b81a1","5",""
"esp8266/rtos-sdk-native/components/opus_decoder/asm/lx106/gcc/upstream/silk/stereo_MS_to_LR.c.s","True","False","29342","473","2c6c14d6e76d5f59bf6aab0b85c620408105d551ef8f0c478a23d6bc6a107892","5",""
"esp8266/rtos-sdk-native/components/opus_decoder/asm/lx106/gcc/upstream/silk/stereo_decode_pred.c.s","True","False","19308","325","6adcaaca27ce0eb70d06d66d5269f2c86d97dfbc6336c8509759d4ee9e509657","6",""
"esp8266/rtos-sdk-native/components/opus_decoder/asm/lx106/gcc/upstream/silk/stereo_encode_pred.c.s","True","False","13465","241","09b4aafd1cb117846eca0b5c2f63df7d0122dd1cc39338647dd780dbfd8c09c2","6",""
"esp8266/rtos-sdk-native/components/opus_decoder/asm/lx106/gcc/upstream/silk/stereo_find_predictor.c.s","True","False","34358","685","5a15a689ae9351033a279467a252008b2518f41366da6f44a11e82c675393f60","5",""
"esp8266/rtos-sdk-native/components/opus_decoder/asm/lx106/gcc/upstream/silk/stereo_quant_pred.c.s","True","False","18229","305","96bfd144f96f1f100a022c7bd2a384a515931fde58f44beba162b961cb07bd29","5",""
"esp8266/rtos-sdk-native/components/opus_decoder/asm/lx106/gcc/upstream/silk/sum_sqr_shift.c.s","True","False","15075","258","abbfbec6a23d57d01a6337a407f4984c664a3fbfd8f46bc881e73dcb988b75e6","4",""
"esp8266/rtos-sdk-native/components/opus_decoder/asm/lx106/gcc/upstream/silk/table_LSF_cos.c.s","True","False","9222","240","150156905bb33df4b1af2c565341351161f30ae15358cc557e3c08f0f917b009","4",""
"esp8266/rtos-sdk-native/components/opus_decoder/asm/lx106/gcc/upstream/silk/tables_LTP.c.s","True","False","15151","667","608b6b508edc59330e3e1c7e28f2f424c909eb52f71db3f6653a4f17313fa93d","21",""
"esp8266/rtos-sdk-native/components/opus_decoder/asm/lx106/gcc/upstream/silk/tables_NLSF_CB_NB_MB.c.s","True","False","21046","1212","c223cffec32bf6f46101b56c70dabb0993c861cf74f2587c7580a4ae94208512","12",""
"esp8266/rtos-sdk-native/components/opus_decoder/asm/lx106/gcc/upstream/silk/tables_NLSF_CB_WB.c.s","True","False","26617","1710","6c98d05b81f6b7185d757019a2ac341a8d119553e3e0227463a072b3fcbe37a0","12",""
"esp8266/rtos-sdk-native/components/opus_decoder/asm/lx106/gcc/upstream/silk/tables_gain.c.s","True","False","8255","182","7fbfe52d1cff9969d24fe2150e4bc6cd4f80661d072a3a69d7d731b6996238b9","5",""
"esp8266/rtos-sdk-native/components/opus_decoder/asm/lx106/gcc/upstream/silk/tables_other.c.s","True","False","12840","365","e4fb42d0f2b0a886ac4a71f1bcaea89460f4712120d2f2182e173dee51d0eb71","24",""
"esp8266/rtos-sdk-native/components/opus_decoder/asm/lx106/gcc/upstream/silk/tables_pitch_lag.c.s","True","False","9666","254","d30f2a7e0277b8df2142f5d897ecb6997c3a1a7abafb997507b71fcbb497430a","9",""
"esp8266/rtos-sdk-native/components/opus_decoder/asm/lx106/gcc/upstream/silk/tables_pulses_per_block.c.s","True","False","20161","1220","31545a234abde684ee735541841f04f057568944f1d2dfddaab49e8b87334109","14",""
"esp8266/rtos-sdk-native/components/opus_decoder/asm/lx106/gcc/upstream/src/opus.c.s","True","False","56322","1380","dfb8bab524e5b82ada2c9720dbfd8bf0bd54ed4432e086bfd2ca388f100ff6c2","7",""
"esp8266/rtos-sdk-native/components/opus_decoder/asm/lx106/gcc/upstream/src/opus_decoder.c.s","True","False","193519","4332","85b4ac0607a6709491812e92bdf1b286d9de7fb877766a6ec85ab7836731e303","33",""
"esp8266/rtos-sdk-native/components/opus_decoder/asm/lx106/hoisted/upstream/celt/vq.c.s","True","False","134248","3019","d571c0c17ac6a38ecff61a1a8b16d2dff543e7cae1e4af7a1afb78263d0e313b","11",""
"esp8266/rtos-sdk-native/components/opus_decoder/asm/lx106/optimized/upstream/celt/entdec.c.s","True","False","77034","1496","b3df9012638fe63891326e7bd122dc77f33ddcff4b008a9e8e704126fb6f49fa","18",""
"esp8266/rtos-sdk-native/components/opus_decoder/native_opus.c","True","False","13714","289","95813f214545bea5a28975774285f709213ed9bf3b1d8398630e827429a1c9e7","20",""
"esp8266/rtos-sdk-native/components/opus_decoder/native_opus.h","True","False","4794","119","4499626b555cdad2bbf9ec3cd02b92a00ac0a516a3722f1ffe1aff8632901bcd","2",""
"esp8266/rtos-sdk-native/components/opus_decoder/ogg_opus_demux.c","True","False","10424","247","c8ceb61e50264b99a25b303c93c9a18042d7877b37e2895fa6d6a0fb086acbaf","4",""
"esp8266/rtos-sdk-native/components/opus_decoder/ogg_opus_demux.h","True","False","4750","117","8b72f2511023dc1bc9cb8da170d8f7bf73465e447f0dd07567f82c4222992702","1",""
"esp8266/rtos-sdk-native/components/opus_decoder/opus_entropy_iram.lf","True","False","669","12","92ba8f675d1a08b31468a2b6b3059534660e5351eff360f408ac6724b4083493","0",""
"esp8266/rtos-sdk-native/components/opus_decoder/opus_fir_word.h","True","False","766","21","377d39f22415606cc655e66fd446a46dd1e1221a0b3552ab58cf263f568598f4","2",""
"esp8266/rtos-sdk-native/components/opus_decoder/opus_function_profile.c","True","False","2607","61","89767dca469942dc68c9f57609538b5d472fe3d9791b85a8638c3026d592913c","1",""
"esp8266/rtos-sdk-native/components/opus_decoder/opus_function_profile.h","True","False","1240","34","befc45e13c16f6149ec89d6466e4185b0225900035055b7983ba0e3c237110d9","1",""
"esp8266/rtos-sdk-native/components/opus_decoder/opus_function_wrappers.c","True","False","3043","38","2c285bd98fc02fea0d1d94b7ea844b95cb0f3b58c0bfcad617cf9bea3778f91a","11",""
"esp8266/rtos-sdk-native/components/opus_decoder/opus_memory.c","True","False","7971","201","c5376df7ccf2adba2aca7e439b0d9c8db91ea3be7828ff5857734bdc2438236c","2",""
"esp8266/rtos-sdk-native/components/opus_decoder/opus_memory.h","True","False","8993","183","7128adaea06af61948292513b8ebc2d70267552605eb694e5aac5ed630ed4c1b","13",""
"esp8266/rtos-sdk-native/components/opus_decoder/opus_pvq_iram.lf","True","False","370","8","64120365be422ad5a70186f124c38dace42340376affd63e1d35b713baf6d53c","0",""
"esp8266/rtos-sdk-native/components/opus_decoder/opus_rotation.h","True","False","1187","26","1faef7726051ee2ead5165fc10156a139f10ee4e76a79f5e5cbfc6eb00652978","1",""
"esp8266/rtos-sdk-native/components/opus_decoder/opus_rotation_lx106.S","True","False","1783","59","1350daf8fdc898ab100d4eae67b5bb2e383c5c2a63c2a4a2581764374a131afa","2",""
"esp8266/rtos-sdk-native/components/opus_decoder/opus_stage_profile.c","True","False","1302","33","ea160448803d61317ff9c3e928d8ab699b2c914ae97c2a57c3a764eb9079fcf5","4",""
"esp8266/rtos-sdk-native/components/opus_decoder/opus_stage_profile.h","True","False","1927","54","10690a2f8f87630e1cad904b25fd81919acc42b93e832e24a582bae66b0dc446","2",""
"esp8266/rtos-sdk-native/components/opus_decoder/upstream/celt/_kiss_fft_guts.h","True","False","6192","182","43578f37345e81b12b269865c83bde93b0b2a5bccb3a1e2acafb7542b9e0ed9a","5",""
"esp8266/rtos-sdk-native/components/opus_decoder/upstream/celt/arch.h","True","False","8824","293","9601aec0df3e9c373888193b1026cf1b31005f554af068fe4127d5d895571064","15",""
"esp8266/rtos-sdk-native/components/opus_decoder/upstream/celt/bands.c","True","False","54769","1721","25da7421ed192a70e221769d5b9c96f6a21c0b4636d797fb70bbc345e502ad7b","11",""
"esp8266/rtos-sdk-native/components/opus_decoder/upstream/celt/bands.h","True","False","5669","127","e9d4974f443327f35cf789a565ae62aed39240f2346cde7ccaf5bc589c647981","5",""
"esp8266/rtos-sdk-native/components/opus_decoder/upstream/celt/celt.c","True","False","9418","316","6d9efce37490eaaf884516b9c1a0692070517a0f045e2cc2d35967e613507fb0","29",""
"esp8266/rtos-sdk-native/components/opus_decoder/upstream/celt/celt.h","True","False","8290","252","e77e9a62dc4ac716d9eda5263ed1d2674429df5d82365ae8dd55f21aebc8c0b2","8",""
"esp8266/rtos-sdk-native/components/opus_decoder/upstream/celt/celt_decoder.c","True","False","55342","1667","8463cf9cf7ba61a8ce880ef6177d4584f1a723efb59d6b6fc7b91167f37a37cf","18",""
"esp8266/rtos-sdk-native/components/opus_decoder/upstream/celt/celt_lpc.c","True","False","13255","431","c401bbc518af9e6e5a75165ae47f7a267c117b224e1d4b534032a5cdf5da0d82","7",""
"esp8266/rtos-sdk-native/components/opus_decoder/upstream/celt/celt_lpc.h","True","False","2292","66","d61b04516d71ca7841e1f87d4c496226d1327b3f73a16e657cab11904a2bb882","3",""
"esp8266/rtos-sdk-native/components/opus_decoder/upstream/celt/config.h","True","False","69","2","ecf4ad36020440bc0f329e4ee2bf0b2fa0490d463939805aafe00bb4fe3eaf0a","1",""
"esp8266/rtos-sdk-native/components/opus_decoder/upstream/celt/cpu_support.h","True","False","2506","72","5b6c5765395ced79b94ba6714a14052e4fcc9a5ab2755a0c2f5d8f7ff50227f9","4",""
"esp8266/rtos-sdk-native/components/opus_decoder/upstream/celt/cwrs.c","True","False","28971","715","b814305df352dfff25c05a0ff01802828d8ea25ea3f65d346fafeeebc7464d86","5",""
"esp8266/rtos-sdk-native/components/opus_decoder/upstream/celt/cwrs.h","True","False","1933","48","477c3e2f39d442964b81f2a7472c446809484ff74214014eaf98da41fca35158","4",""
"esp8266/rtos-sdk-native/components/opus_decoder/upstream/celt/ecintrin.h","True","False","3770","91","7d5993e268f74a9849951c40ce01daaa632a4f7ee9cb2dc2b186809accaac665","3",""
"esp8266/rtos-sdk-native/components/opus_decoder/upstream/celt/entcode.c","True","False","5848","153","2fcbc1ba1d8ed18cdc259bc7747310fde7325f11bb7db2e03787abd69167fb9c","3",""
"esp8266/rtos-sdk-native/components/opus_decoder/upstream/celt/entcode.h","True","False","5574","152","0ad44477c22348435a6848bd223862779768fec38dbd297b7bafa77a4514b97c","3",""
"esp8266/rtos-sdk-native/components/opus_decoder/upstream/celt/entdec.c","True","False","9410","290","cb8dac2404cc60ac7ba277f8e3fa9ff10836c396895fe25331a298249c820389","6",""
"esp8266/rtos-sdk-native/components/opus_decoder/upstream/celt/entdec.h","True","False","5458","110","48f0699ff2a42e934209f2e6bcf9df34304c95cf4f5efebe1a46a219ae741bf2","1",""
"esp8266/rtos-sdk-native/components/opus_decoder/upstream/celt/entenc.c","True","False","10165","305","0aa28b04a3bae65d4d1edf9d89680f4499ff4569c3de633fe62c66f12996a5d6","5",""
"esp8266/rtos-sdk-native/components/opus_decoder/upstream/celt/entenc.h","True","False","6024","119","181b51b4f4fb117baadf8f07f1f3cb6ab5c33626bf014ae2a19430fc24410b25","1",""
"esp8266/rtos-sdk-native/components/opus_decoder/upstream/celt/fixed_debug.h","True","False","23490","836","3d2e8df803225fb4da2440ad4417f774f2fc66287112b30c71608d730de7deb5","66",""
"esp8266/rtos-sdk-native/components/opus_decoder/upstream/celt/fixed_generic.h","True","False","8737","188","bcc2c3cd0d8cd691a2b09af92756c3d8d845aa175ea7b6dca6c8ddc2b32b64e3","1",""
"esp8266/rtos-sdk-native/components/opus_decoder/upstream/celt/float_cast.h","True","False","5541","152","c9fc5637177cfa7cd2f886f3a8b4b6712256dec7f075115441ea425ee071c6ae","3",""
"esp8266/rtos-sdk-native/components/opus_decoder/upstream/celt/kiss_fft.c","True","False","18245","617","c3130fe3f1b78a0fbfb9b5483211681e419fdaed17911548509dfe926c71e551","8",""
"esp8266/rtos-sdk-native/components/opus_decoder/upstream/celt/kiss_fft.h","True","False","6920","210","f7a03ea6b505e319a6ba895b2c83cf62b51168a0a6d7ae7f5ebc2f3d2ce3d1c0","5",""
"esp8266/rtos-sdk-native/components/opus_decoder/upstream/celt/laplace.c","True","False","6487","235","c24df48600c69dffc80ea090a4143571d40fa6e29211c38c634f167a141536f4","7",""
"esp8266/rtos-sdk-native/components/opus_decoder/upstream/celt/laplace.h","True","False","2406","57","272da1987c4ac956110089c5515c7de548aeb7115a1d3e623e17333b2a7465f7","2",""
"esp8266/rtos-sdk-native/components/opus_decoder/upstream/celt/mathops.c","True","False","7032","209","cf5acce35b51257d1ab27189ee77083c74aee08372d8d12cc45e140d8b8e9dba","2",""
"esp8266/rtos-sdk-native/components/opus_decoder/upstream/celt/mathops.h","True","False","8717","306","a4284a22310fba4e4d4e9d93d11578ccf926e4838c8a3e1e2aee1042db0ac6f3","4",""
"esp8266/rtos-sdk-native/components/opus_decoder/upstream/celt/mdct.c","True","False","12359","368","1fa3d752301fb3c055f2494a7345ffcc78f0b7b3a59c08aa85b5ce741b2a6a74","8",""
"esp8266/rtos-sdk-native/components/opus_decoder/upstream/celt/mdct.h","True","False","4888","112","271ee5a406965e5e59f1f1afcea8b49c0d43ddd1d06676ab70d41cc07c96631f","4",""
"esp8266/rtos-sdk-native/components/opus_decoder/upstream/celt/mfrngcod.h","True","False","2280","48","20825cc6a0827b3961ea23dbf252f8a8dac2122e3546492988175a5b36d84a7b","1",""
"esp8266/rtos-sdk-native/components/opus_decoder/upstream/celt/modes.c","True","False","14434","445","c7c9896d4e769fd0e226d2ce961ad70896904fde674897f1670fbf0dde8334a8","10",""
"esp8266/rtos-sdk-native/components/opus_decoder/upstream/celt/modes.h","True","False","2512","75","0af901fc570ec207f5ceecd2b577fadecf1ffb71ce8455ef9055b5c6f2cfeb58","6",""
"esp8266/rtos-sdk-native/components/opus_decoder/upstream/celt/opus.h","True","False","30","1","65a62ac9a984bb6f7a008717edf6df727ecfe1a69e249ce0a2e6e4dbdff2b351","1",""
"esp8266/rtos-sdk-native/components/opus_decoder/upstream/celt/opus_custom.h","True","False","37","1","775ad921cea29ac54fc72a7e4f91cdf557149c57574cb79d73a76f64e4112588","1",""
"esp8266/rtos-sdk-native/components/opus_decoder/upstream/celt/opus_defines.h","True","False","38","1","457171004ec12a31c7b1b70356d883c8d8756431b6594fa17e5de18f3b745d2c","1",""
"esp8266/rtos-sdk-native/components/opus_decoder/upstream/celt/opus_multistream.h","True","False","42","1","78fa83deedae0488b132472bc8ec4efec91f98b4b8054a1fae9de74d3e28f421","1",""
"esp8266/rtos-sdk-native/components/opus_decoder/upstream/celt/opus_projection.h","True","False","41","1","cbf39747bfa0cfcfb16a39228f1e11f07e4515bed953d8a351faa6fa39b16ca2","1",""
"esp8266/rtos-sdk-native/components/opus_decoder/upstream/celt/opus_types.h","True","False","36","1","81848a9e7ca13b951952e7c5b6855fe306549f6e760d2ee9cbf89cb1d65d554c","1",""
"esp8266/rtos-sdk-native/components/opus_decoder/upstream/celt/os_support.h","True","False","3792","109","975e4f50b7c00bbee084aff24ab46c862305e2420604fd8f183d4d1ced12f51d","4",""
"esp8266/rtos-sdk-native/components/opus_decoder/upstream/celt/pitch.c","True","False","15810","563","ce9e20bf111ad93f58408c4516ce5f8d0f842ac37b06a31db82fd1267a084ca6","7",""
"esp8266/rtos-sdk-native/components/opus_decoder/upstream/celt/pitch.h","True","False","6455","203","bb88e06f6768722add06bb44b4bf2211a0caaed1daf8060ecb1ddbe98d680984","5",""
"esp8266/rtos-sdk-native/components/opus_decoder/upstream/celt/quant_bands.c","True","False","19276","563","2bab2e98ce84632ab2828fd57489b01bcb6aab94130f18b991edb57b2d15dcec","8",""
"esp8266/rtos-sdk-native/components/opus_decoder/upstream/celt/quant_bands.h","True","False","3040","66","2d6b46389486143ab1438ae8b7107610b4dd00c6b1a483ad43371f37eb7e3560","5",""
"esp8266/rtos-sdk-native/components/opus_decoder/upstream/celt/rate.c","True","False","22143","646","324a2e914822dcba726272122c82b040f6d0d957e1287e1da86dbdef760e7274","7",""
"esp8266/rtos-sdk-native/components/opus_decoder/upstream/celt/rate.h","True","False","3385","101","4b2fc6e67e0d540924560e895c2d454da9cf26c9d142b80d51180d2c786c836c","2",""
"esp8266/rtos-sdk-native/components/opus_decoder/upstream/celt/stack_alloc.h","True","False","7070","201","4d867537d7c4f13923e6a473faf9bf4863c6bd510e04e1104cec723eb9bbdfc8","7",""
"esp8266/rtos-sdk-native/components/opus_decoder/upstream/celt/static_modes_fixed.h","True","False","33711","892","ae38e63dba3b33becb1e79b4102505be08e608563c06f9f3258d1a85a459053f","3",""
"esp8266/rtos-sdk-native/components/opus_decoder/upstream/celt/static_modes_float.h","True","False","51807","888","bb2a30bf9d78107ce13b3e573baec908bde6eca27cc2ba091dcc98e7a8182a17","3",""
"esp8266/rtos-sdk-native/components/opus_decoder/upstream/celt/vq.c","True","False","13523","453","58631f21ca9b3e0b2c4b7be0acbb43943348127722967c30ed3e18f193321cce","15",""
"esp8266/rtos-sdk-native/components/opus_decoder/upstream/celt/vq.h","True","False","3188","79","1270782318965660346ebafb6f5e9ef00291853bdfc5bb97173ba5325b91ef86","4",""
"esp8266/rtos-sdk-native/components/opus_decoder/upstream/include/config.h","True","False","7524","254","35b3e0e1ec0869e2b9ba6822045e6542977f53176bbc2a689732095adf305072","8",""
"esp8266/rtos-sdk-native/components/opus_decoder/upstream/include/opus.h","True","False","55722","1099","eaa5669afd474e6dba6917d52cdad32bea8653f31c94e187d2fc1c3c640610ca","3",""
"esp8266/rtos-sdk-native/components/opus_decoder/upstream/include/opus_custom.h","True","False","15190","343","526bf7770dfd0c82cbbbc2b89b09758e5fe44567de3edad905e7f0f70e681b1c","2",""
"esp8266/rtos-sdk-native/components/opus_decoder/upstream/include/opus_defines.h","True","False","37510","830","927373ef41502eda937e08fcabe17b92a7b1f5aca16f81cd5a03b017bcf69119","3",""
"esp8266/rtos-sdk-native/components/opus_decoder/upstream/include/opus_multistream.h","True","False","34200","660","0279c7626ea259c7f52035ec73d60ae2af6e02393991a9dcdcaffe11e0755782","2",""
"esp8266/rtos-sdk-native/components/opus_decoder/upstream/include/opus_projection.h","True","False","28808","568","ec600ceb8fa655d0dcbe44bc5c6eb62d12612c7c24831e73aee26daa84501bd2","2",""
"esp8266/rtos-sdk-native/components/opus_decoder/upstream/include/opus_types.h","True","False","5323","166","e7c71855cee349876cae8bc6c755542e90302614ebfc339f21f32beab07adb11","0",""
"esp8266/rtos-sdk-native/components/opus_decoder/upstream/silk/A2NLSF.c","True","False","11021","267","e6db83c2b2397820d528d142eef60729d90761baee96abd6061bc8c807a4d4d9","3",""
"esp8266/rtos-sdk-native/components/opus_decoder/upstream/silk/API.h","True","False","8347","156","b23f8305c7888b0ad4b0e5d6b0819d3732a89fac3eb88b989e0116c4112bc07d","7",""
"esp8266/rtos-sdk-native/components/opus_decoder/upstream/silk/CNG.c","True","False","10286","192","994bc6a99c50425ec0974fd00a5b46fc45af7fd249084997810ebc202b3b3138","3",""
"esp8266/rtos-sdk-native/components/opus_decoder/upstream/silk/HP_variable_cutoff.c","True","False","4061","77","3154283402a858cc61f810a68b05b4909f8fb8dc5a24088c8d79a9c632aaebbc","4",""
"esp8266/rtos-sdk-native/components/opus_decoder/upstream/silk/Inlines.h","True","False","7502","188","4964bc1ec32e5b9a7ad36a02f592e81617e2459f5a553e9a1928acdf6b5c9c21","1",""
"esp8266/rtos-sdk-native/components/opus_decoder/upstream/silk/LPC_analysis_filter.c","True","False","5121","111","4fd73b4524bc988c01543465ca1c38198ded3e61ec0af7054367dcadcb07cd7a","3",""
"esp8266/rtos-sdk-native/components/opus_decoder/upstream/silk/LPC_fit.c","True","False","4119","82","0014f3827ec5602e12bc76d2381fc516802d2e7db5f110c33c49bd05094ad0fa","2",""
"esp8266/rtos-sdk-native/components/opus_decoder/upstream/silk/LPC_inv_pred_gain.c","True","False","6297","141","258a738f73151af2c50f745fb832f6ab908ac9ebb18d3aff0f9624923f68be8b","3",""
"esp8266/rtos-sdk-native/components/opus_decoder/upstream/silk/LP_variable_cutoff.c","True","False","6682","135","25c61a7423da653a5e1b535b051aef2d4bad510ddd73814540fd78cc17813761","2",""
"esp8266/rtos-sdk-native/components/opus_decoder/upstream/silk/MacroCount.h","True","False","21474","710","bf3ccef3950e0834adabe56a90dd58f2ab4be0cd639009645a52e8ffb92eaf85","1",""
"esp8266/rtos-sdk-native/components/opus_decoder/upstream/silk/MacroDebug.h","True","False","34526","945","d9b2762ad8ac152438de41708f8736f7477936af0b2ee8a85ade968288eab744","54",""
"esp8266/rtos-sdk-native/components/opus_decoder/upstream/silk/NLSF2A.c","True","False","6498","141","68720632ec65563886b402c914f558bd3a12b76dfe5727ca5293ef864a362a1c","3",""
"esp8266/rtos-sdk-native/components/opus_decoder/upstream/silk/NLSF_VQ.c","True","False","4046","76","60e18f6a17797704f3e87e0d972fdc775d5f00661ea86234e03e4edc2fcb0612","2",""
"esp8266/rtos-sdk-native/components/opus_decoder/upstream/silk/NLSF_VQ_weights_laroia.c","True","False","4012","80","96e5d1a06dc774223089cf1cedc9d78701a99acdfdbe16690ba87c9073d33e8f","3",""
"esp8266/rtos-sdk-native/components/opus_decoder/upstream/silk/NLSF_decode.c","True","False","4854","93","45f86971269837b5f15415bafa3ff7f448a959a9dde808314939841587a6fe2d","2",""
"esp8266/rtos-sdk-native/components/opus_decoder/upstream/silk/NLSF_del_dec_quant.c","True","False","12106","215","1a28b736502268747ba0af6051f2fa717ed5d6a80a88b5c9b4591f9ae21eb0c0","2",""
"esp8266/rtos-sdk-native/components/opus_decoder/upstream/silk/NLSF_encode.c","True","False","6248","124","6201ac9075867e2c25d81ad736d1ec1259c1ac6ba606ea8bdbd2f146936546db","3",""
"esp8266/rtos-sdk-native/components/opus_decoder/upstream/silk/NLSF_stabilize.c","True","False","6484","142","861c267a621b1910deaa1df77332feb3243ae5326c004cc59aef6394c714b11f","2",""
"esp8266/rtos-sdk-native/components/opus_decoder/upstream/silk/NLSF_unpack.c","True","False","2999","55","46d3cf3a86720a9252465ff3b0075ef0867d0785d1a503fa09449b631f327cbf","2",""
"esp8266/rtos-sdk-native/components/opus_decoder/upstream/silk/NSQ.h","True","False","4389","101","4232ebd8f493bc36b4e45a906f802326de0859092c58f689068b724cc3eeee08","2",""
"esp8266/rtos-sdk-native/components/opus_decoder/upstream/silk/PLC.c","True","False","24264","529","5a11c53cacfe74d11b28c404954e2a4a572af8266ce9cde928641d1c6001d746","7",""
"esp8266/rtos-sdk-native/components/opus_decoder/upstream/silk/PLC.h","True","False","3405","65","6d1c1cf42ab7a1a704a10782163d2cfaf616a1cee1378605238c9fb4c4532c9c","1",""
"esp8266/rtos-sdk-native/components/opus_decoder/upstream/silk/SigProc_FIX.h","True","False","39902","643","09b00afb73e4ee7181601a1b5f5f549f17a2ccf333a5f14761e5a87d0c68efb7","14",""
"esp8266/rtos-sdk-native/components/opus_decoder/upstream/silk/VQ_WMat_EC.c","True","False","7265","131","fbc495010673dac4bab58c6befa747d5f32b3c996f797b60c37c1fe348da3ee7","2",""
"esp8266/rtos-sdk-native/components/opus_decoder/upstream/silk/ana_filt_bank_1.c","True","False","3839","74","6684b9d638f470e14b08968f23d4b8c4c655a0d5bda928d21242073706695099","2",""
"esp8266/rtos-sdk-native/components/opus_decoder/upstream/silk/arch.h","True","False","27","1","86428073f2dd6e82df64e659e006490a2b9ff31d3d815556e88263790a297638","1",""
"esp8266/rtos-sdk-native/components/opus_decoder/upstream/silk/biquad_alt.c","True","False","7002","121","c5b864665e2e214ba66145fd807cdce89062e9d15a1fb7d3468b67d7e152b22c","2",""
"esp8266/rtos-sdk-native/components/opus_decoder/upstream/silk/bwexpander.c","True","False","2806","51","29a44aca9d54644ee9f54df8b061e721397440746cbdde1ba5e02ea46afa194d","2",""
"esp8266/rtos-sdk-native/components/opus_decoder/upstream/silk/bwexpander_32.c","True","False","2621","51","7146f44fee1460b15c71584312bcf81ca15ce098aeeb445c44863586e991392a","2",""
"esp8266/rtos-sdk-native/components/opus_decoder/upstream/silk/celt_lpc.h","True","False","31","1","829b860922b4ba07cfcb36176aa66b0d3d695a4ee9b45ce045a77a6037abdf09","1",""
"esp8266/rtos-sdk-native/components/opus_decoder/upstream/silk/check_control_input.c","True","False","5040","106","5c37425d919528dab9ba89e9dad6a542f5c380c89085209e9abd6048707b49b9","4",""
"esp8266/rtos-sdk-native/components/opus_decoder/upstream/silk/code_signs.c","True","False","5664","115","c517b4e4bdb652ba78d4b10f66d22fe1d206953975ff73bbb117b7a3e64ed84e","2",""
"esp8266/rtos-sdk-native/components/opus_decoder/upstream/silk/config.h","True","False","32","1","91fb0381ef8653c956848fd18cf7be385a2473994dbe7cbf2c59b909edd2f9fb","1",""
"esp8266/rtos-sdk-native/components/opus_decoder/upstream/silk/control.h","True","False","6648","161","2e79e6cc80f1da5104888216b510b951f109b8e1c4891114b1e9ba7167d394b4","2",""
"esp8266/rtos-sdk-native/components/opus_decoder/upstream/silk/control_SNR.c","True","False","5555","113","48a8c8571384e437759a45938909d138b1baf2e565dbf2061360aec3534b64df","3",""
"esp8266/rtos-sdk-native/components/opus_decoder/upstream/silk/control_audio_bandwidth.c","True","False","6046","132","66549e2ce0507b6732ab35b9f357e227d670f4d6ae4ef2279d9f3bc9f318b140","3",""
"esp8266/rtos-sdk-native/components/opus_decoder/upstream/silk/control_codec.c","True","False","21009","423","b57e6b4a3156becbf0783923f66dbc6237bde3841553d8cb59ec84061345acfa","6",""
"esp8266/rtos-sdk-native/components/opus_decoder/upstream/silk/cpu_support.h","True","False","34","1","39501d6c7ed840fdca89978a0c8c8f36427b4aed2fd982ab53b1c05e2d3711a2","1",""
"esp8266/rtos-sdk-native/components/opus_decoder/upstream/silk/debug.c","True","False","7111","174","5b103cf5fc429ce47b2978980af30d71ca7570c22ca411a0d1f848d566099289","27",""
"esp8266/rtos-sdk-native/components/opus_decoder/upstream/silk/debug.h","True","False","13261","267","7fb52f625df3be031774e9c994770d28d139ba7d650fd8d24307b3b466b59fe5","3",""
"esp8266/rtos-sdk-native/components/opus_decoder/upstream/silk/dec_API.c","True","False","22959","501","1694d6151aaa5bfa9a677c393b471aaab374f2814537d6ae437b93b34fea21b5","8",""
"esp8266/rtos-sdk-native/components/opus_decoder/upstream/silk/decode_core.c","True","False","13986","272","2b472da4b892bf70d85e8836f91cc6bd89aab6d52a4a6d4b8066613f8a2679d0","3",""
"esp8266/rtos-sdk-native/components/opus_decoder/upstream/silk/decode_frame.c","True","False","7950","177","73a77226b49340e01d3bdcb248bc187c673dab1074e3fbb2e1940d0a648d8343","5",""
"esp8266/rtos-sdk-native/components/opus_decoder/upstream/silk/decode_indices.c","True","False","7392","151","12933b904c66a41dbdf2c18f759ea3b42374d0b123976c8df41267f47480cfa3","2",""
"esp8266/rtos-sdk-native/components/opus_decoder/upstream/silk/decode_parameters.c","True","False","5637","115","12c03d3a17d92ec4f6ed8a2a8e6c083c175d21e0a70b232b3ec167af01eb03f6","2",""
"esp8266/rtos-sdk-native/components/opus_decoder/upstream/silk/decode_pitch.c","True","False","3789","77","9cfea5a95b6fc5836e3f0b8de30665225fd5409e3ab9698669b93d7448d6760f","3",""
"esp8266/rtos-sdk-native/components/opus_decoder/upstream/silk/decode_pulses.c","True","False","5708","115","a318196beb4731d6a33ea31a5de1a9c137c27f73fadf253488647bd29a1bb0d3","2",""
"esp8266/rtos-sdk-native/components/opus_decoder/upstream/silk/decoder_set_fs.c","True","False","5071","108","685635190632f76fb58c587e195213283e3735d9b133d9e31b1fe4b667fcfe26","2",""
"esp8266/rtos-sdk-native/components/opus_decoder/upstream/silk/define.h","True","False","10161","235","fe9248abd9e24bcdd0c225631a8ea94bcad90fad0248385eb10941a0d642ccb3","3",""
"esp8266/rtos-sdk-native/components/opus_decoder/upstream/silk/ecintrin.h","True","False","31","1","53bf1851890badbfddb9f6e7f02e49ad8276d6f59e9afd4b3dadd5b1c0c3f235","1",""
"esp8266/rtos-sdk-native/components/opus_decoder/upstream/silk/encode_indices.c","True","False","9536","181","6a9e6259e4c7a5d528a3262cc8a4e07d800d93ba84f3b65945fe972c87607091","2",""
"esp8266/rtos-sdk-native/components/opus_decoder/upstream/silk/encode_pulses.c","True","False","9040","206","797cacf9524de04cd140cb48a6b7a325f96f4bda59d05a6bc3c6023f42bf8668","3",""
"esp8266/rtos-sdk-native/components/opus_decoder/upstream/silk/entdec.h","True","False","29","1","7ad04714d4483d31165a92c33740bc670d120d4da25864e2da9bf776d0ef2cd1","1",""
"esp8266/rtos-sdk-native/components/opus_decoder/upstream/silk/entenc.h","True","False","29","1","c93a15d69f3b851173f610bd7f6f5afe2213c7158d5af6f9efaf3207ec2dba0d","1",""
"esp8266/rtos-sdk-native/components/opus_decoder/upstream/silk/errors.h","True","False","3738","98","c79a6c0f886588ecfd07cfa908a714b57e26848830ab2a368a539f043ffcc3b2","1",""
"esp8266/rtos-sdk-native/components/opus_decoder/upstream/silk/fixed/LTP_analysis_filter_FIX.c","True","False","4815","90","9bd31238859df7265f4e1f7334cc0c045b2119a08215629f6caef0012c9e534d","2",""
"esp8266/rtos-sdk-native/components/opus_decoder/upstream/silk/fixed/LTP_scale_ctrl_FIX.c","True","False","3381","58","a09f0a6d5a7e7115f8168f67a5aaa56a5e943059fbe07c2b007b76223603eabe","2",""
"esp8266/rtos-sdk-native/components/opus_decoder/upstream/silk/fixed/PLC.h","True","False","21","1","842863b7ad42ca884be8afcbf1c42f1c062fa51c30751101571999d9a03ea453","1",""
"esp8266/rtos-sdk-native/components/opus_decoder/upstream/silk/fixed/SigProc_FIX.h","True","False","29","1","65b15c394a5a68b384356775350f3ee53a3321bacc7c95c8e488937a07032bcd","1",""
"esp8266/rtos-sdk-native/components/opus_decoder/upstream/silk/fixed/apply_sine_window_FIX.c","True","False","5017","101","6b71394e32592b6e508419599dc41e41257f1e18a20cc4d81a2f51c66ddc3969","2",""
"esp8266/rtos-sdk-native/components/opus_decoder/upstream/silk/fixed/autocorr_FIX.c","True","False","2768","48","9116b4675f090fff69402d7f6f441eea3401587e3715d148f603a7c5421b5a95","3",""
"esp8266/rtos-sdk-native/components/opus_decoder/upstream/silk/fixed/burg_modified_FIX.c","True","False","17029","280","e3bfb228f8aa14d08a4f636a15736e939f52d9894a7e856be5c7de2c3acf8157","5",""
"esp8266/rtos-sdk-native/components/opus_decoder/upstream/silk/fixed/celt_lpc.h","True","False","34","1","857eafeb3eb5d822abb8360ea704ba7070625fa7321f97d723bf4605b2587061","1",""
"esp8266/rtos-sdk-native/components/opus_decoder/upstream/silk/fixed/config.h","True","False","35","1","bdfb42b9453aa26e381f1ea364ffa377a104a5c2163aeee7a1ab52c59982aa30","1",""
"esp8266/rtos-sdk-native/components/opus_decoder/upstream/silk/fixed/control.h","True","False","25","1","c50b441278fc0b4858545d218b1f4c30aaa702e91af1952721b144bed12e56b8","1",""
"esp8266/rtos-sdk-native/components/opus_decoder/upstream/silk/fixed/corrMatrix_FIX.c","True","False","8480","150","40a7df20591bd48a4979f4fb5c880a995e7c270dba5e78c56644e7c54e24f10c","2",""
"esp8266/rtos-sdk-native/components/opus_decoder/upstream/silk/fixed/debug.h","True","False","23","1","06691d3655f008193a60e3dbbe09d4d52b1c4eafb2123c0b5384e571f54fe566","1",""
"esp8266/rtos-sdk-native/components/opus_decoder/upstream/silk/fixed/define.h","True","False","24","1","ac5dc5f656af456a07ef4a4c18795a73399c3f7cadd58045871d90ab124e5174","1",""
"esp8266/rtos-sdk-native/components/opus_decoder/upstream/silk/fixed/entdec.h","True","False","32","1","19e78cff9f1f2248a048f6b618b8d4376e905f2532c6abe80426c9cb48dc7ba4","1",""
"esp8266/rtos-sdk-native/components/opus_decoder/upstream/silk/fixed/entenc.h","True","False","32","1","b71bf0ea3005c4b61f43e9d43d8277bacbeabffda1708f499d850e2048e7641a","1",""
"esp8266/rtos-sdk-native/components/opus_decoder/upstream/silk/fixed/find_LPC_FIX.c","True","False","7507","151","cfb7f3ccf6c02822dae31c81b4b920ea3085766542636ff0263461a5c5c8639a","4",""
"esp8266/rtos-sdk-native/components/opus_decoder/upstream/silk/fixed/find_LTP_FIX.c","True","False","5516","99","34c5da090978203dc185e3cc6961e071cfc371e068c8538dd0c5c0ad79c6946c","3",""
"esp8266/rtos-sdk-native/components/opus_decoder/upstream/silk/fixed/find_pred_coefs_FIX.c","True","False","7758","146","299a127efcc4a5af0f1d82bbb19f9aa1899ba6a21bc9466285dc860349f681a2","3",""
"esp8266/rtos-sdk-native/components/opus_decoder/upstream/silk/fixed/k2a_FIX.c","True","False","2724","54","5ceca5aed6997dd9696932465e04f1031b3cfadc4b292caf84fecf3d2ac951be","2",""
"esp8266/rtos-sdk-native/components/opus_decoder/upstream/silk/fixed/k2a_Q16_FIX.c","True","False","2671","54","c167ea8e9370249d9ae7f2598662341b9b889c142a82b94c8bcd4932202834ec","2",""
"esp8266/rtos-sdk-native/components/opus_decoder/upstream/silk/fixed/main.h","True","False","22","1","8a225b4904f8fd033c6f386664af8a58f5960439c7db18094ca44b8aa86f09d6","1",""
"esp8266/rtos-sdk-native/components/opus_decoder/upstream/silk/fixed/main_FIX.h","True","False","19459","244","7627d537f1a7df7b6312d2f6d29bd217f05a20f0d78618716a5ee59daf588826","9",""
"esp8266/rtos-sdk-native/components/opus_decoder/upstream/silk/fixed/pitch.h","True","False","31","1","281118043b15b0c678a6a4ce6458b187e20eeee05a62f17c7a2bf65137f79d63","1",""
"esp8266/rtos-sdk-native/components/opus_decoder/upstream/silk/fixed/pitch_est_defines.h","True","False","35","1","57a617764c0dedfd9fa3d0e4a7c781052e15599ccb1ba2725435bee4ab18324f","1",""
"esp8266/rtos-sdk-native/components/opus_decoder/upstream/silk/fixed/process_gains_FIX.c","True","False","6707","117","c17e975c6ec63436b0f9d4a272d3d349d0216cc1bafc5bfbfe86d8a42ce34a19","3",""
"esp8266/rtos-sdk-native/components/opus_decoder/upstream/silk/fixed/regularize_correlations_FIX.c","True","False","2668","47","efb2c261411d2904e45a3ddfc878f9dc7e3f60ed7192600abbb168b7a113a77c","2",""
"esp8266/rtos-sdk-native/components/opus_decoder/upstream/silk/fixed/residual_energy16_FIX.c","True","False","4935","103","4033fba4fe6f520e9676614007c752a15ecc2817872c41e39552b7246e8bcd5f","2",""
"esp8266/rtos-sdk-native/components/opus_decoder/upstream/silk/fixed/residual_energy_FIX.c","True","False","5482","98","0906cbf832d91662b131bfc5e91b5561b02622840eab00cdb1ab9dc6db145c63","3",""
"esp8266/rtos-sdk-native/components/opus_decoder/upstream/silk/fixed/schur64_FIX.c","True","False","4082","93","7104490a76697f488b10196df7d4a221bb2555aa8e9c4ef8f7fff7caf67b272d","2",""
"esp8266/rtos-sdk-native/components/opus_decoder/upstream/silk/fixed/schur_FIX.c","True","False","4549","107","67e664ddd35d7ecc476b3504736673f3e53c8a758e2016ec6f4c708005dd4472","2",""
"esp8266/rtos-sdk-native/components/opus_decoder/upstream/silk/fixed/stack_alloc.h","True","False","37","1","628c80426be8306e0f008253289fe15d1ec6db965cd76df95f5480433273528a","1",""
"esp8266/rtos-sdk-native/components/opus_decoder/upstream/silk/fixed/structs.h","True","False","25","1","377a438396be2903563ffda618e7b5f76f69a120748d5f6796891b32787df202","1",""
"esp8266/rtos-sdk-native/components/opus_decoder/upstream/silk/fixed/structs_FIX.h","True","False","5268","116","4363c6f33bd8bc3b1a15a813e2df54de66e9a8f3edf92d8011ae6dca8f29ab84","4",""
"esp8266/rtos-sdk-native/components/opus_decoder/upstream/silk/fixed/tuning_parameters.h","True","False","35","1","8481d85cd416b5f8fd311d19786892327127c0c655b3631c15bd2db76df57e40","1",""
"esp8266/rtos-sdk-native/components/opus_decoder/upstream/silk/fixed/typedef.h","True","False","25","1","218795c99c6464d9570d21aadb469b329227a62a4c88f4dff7c6de9e625580e1","1",""
"esp8266/rtos-sdk-native/components/opus_decoder/upstream/silk/fixed/vector_ops_FIX.c","True","False","4864","102","4bb92719d3cfa84370860cc9cbff16f6c09929ef5554b35b8bf6ad6f0212b291","3",""
"esp8266/rtos-sdk-native/components/opus_decoder/upstream/silk/fixed/warped_autocorrelation_FIX.c","True","False","4850","92","9087968cfcac9fc4301c874abbb00502f69c9aa8aab2891427840f5c0ddf66fa","3",""
"esp8266/rtos-sdk-native/components/opus_decoder/upstream/silk/gain_quant.c","True","False","7065","142","31945c255c1b18f76c506ebc24f062bbcc76923bd92ffe778f31f312950a4ddb","2",""
"esp8266/rtos-sdk-native/components/opus_decoder/upstream/silk/init_decoder.c","True","False","3618","98","0c69ffbdf213f745146d136401201c6971a77d676317a3dfc2af3f9360cfc089","5",""
"esp8266/rtos-sdk-native/components/opus_decoder/upstream/silk/inner_prod_aligned.c","True","False","2493","47","9a042e535a0cb734ba0df041303aedb96ffd9c222e19d2c9603860e7ea64a1ab","2",""
"esp8266/rtos-sdk-native/components/opus_decoder/upstream/silk/interpolate.c","True","False","2647","51","b98f9fa2774316dd1284c728e5418622dd1515ba5aaf001a6f639aa13cd72e4c","2",""
"esp8266/rtos-sdk-native/components/opus_decoder/upstream/silk/lin2log.c","True","False","2261","46","9ad21efe038bd644874093190895cf6b78994793754e304aadac10ff3de414df","2",""
"esp8266/rtos-sdk-native/components/opus_decoder/upstream/silk/log2lin.c","True","False","2689","58","41822b1fdc5d58448a8ab4c5d9c9423f891d020c4a050a392d769610fc461174","2",""
"esp8266/rtos-sdk-native/components/opus_decoder/upstream/silk/macros.h","True","False","6566","151","938ef5bacb2993ddd8d4462836d04da737d595c266e07e6f4f7c7e7e28133800","9",""
"esp8266/rtos-sdk-native/components/opus_decoder/upstream/silk/main.h","True","False","33520","486","553a24aa5eaee60550de62f3c69a595b5b50817f671fd4093f069570063f7bb0","11",""
"esp8266/rtos-sdk-native/components/opus_decoder/upstream/silk/main_FIX.h","True","False","29","1","9df760a57cb5bebdcf9d04818bd6f83787f1866d84234c731960c7e8cf3aefb0","1",""
"esp8266/rtos-sdk-native/components/opus_decoder/upstream/silk/opus.h","True","False","30","1","65a62ac9a984bb6f7a008717edf6df727ecfe1a69e249ce0a2e6e4dbdff2b351","1",""
"esp8266/rtos-sdk-native/components/opus_decoder/upstream/silk/opus_custom.h","True","False","37","1","775ad921cea29ac54fc72a7e4f91cdf557149c57574cb79d73a76f64e4112588","1",""
"esp8266/rtos-sdk-native/components/opus_decoder/upstream/silk/opus_defines.h","True","False","38","1","457171004ec12a31c7b1b70356d883c8d8756431b6594fa17e5de18f3b745d2c","1",""
"esp8266/rtos-sdk-native/components/opus_decoder/upstream/silk/opus_multistream.h","True","False","42","1","78fa83deedae0488b132472bc8ec4efec91f98b4b8054a1fae9de74d3e28f421","1",""
"esp8266/rtos-sdk-native/components/opus_decoder/upstream/silk/opus_projection.h","True","False","41","1","cbf39747bfa0cfcfb16a39228f1e11f07e4515bed953d8a351faa6fa39b16ca2","1",""
"esp8266/rtos-sdk-native/components/opus_decoder/upstream/silk/opus_types.h","True","False","36","1","81848a9e7ca13b951952e7c5b6855fe306549f6e760d2ee9cbf89cb1d65d554c","1",""
"esp8266/rtos-sdk-native/components/opus_decoder/upstream/silk/os_support.h","True","False","33","1","f9a8a6cfcc468f1a32a933271aedca76d01e498be0b9b1be5367abe0119b9cf3","1",""
"esp8266/rtos-sdk-native/components/opus_decoder/upstream/silk/pitch_est_defines.h","True","False","4149","88","64a134f64c4a40fdc2f4f669267731d193fd2daabb157062b5ac471ee0296cfb","1",""
"esp8266/rtos-sdk-native/components/opus_decoder/upstream/silk/pitch_est_tables.c","True","False","3683","99","2daf02c32fedd5beb4aa4e490e112cdcdceca79d2cc3da90000081c7f6ab3289","3",""
"esp8266/rtos-sdk-native/components/opus_decoder/upstream/silk/process_NLSFs.c","True","False","5549","107","260fcf165d0c2bc173f235331109e7ef893b65ef29b728737332d41a7cee9076","2",""
"esp8266/rtos-sdk-native/components/opus_decoder/upstream/silk/quant_LTP_gains.c","True","False","7473","132","d20d7f34e929ed93bd37920af8bd8e7929e1e7abcc88fd4428c2bee7010ac8a7","3",""
"esp8266/rtos-sdk-native/components/opus_decoder/upstream/silk/resampler.c","True","False","10141","215","2534e849d2d0a03bf05e9a1f58e323d11a1fed9ce7b5d3e298bf3da1ee782c41","2",""
"esp8266/rtos-sdk-native/components/opus_decoder/upstream/silk/resampler_down2.c","True","False","3544","74","f3a032a10221f0ed67ff1f6287022a14a4280ab2df506a4f0a1d6da8506f81a6","3",""
"esp8266/rtos-sdk-native/components/opus_decoder/upstream/silk/resampler_down2_3.c","True","False","4863","103","5b86f7bde4acddaadb079400f3c9e72aa6728b593fd8f79a62f30e0d8216fd27","4",""
"esp8266/rtos-sdk-native/components/opus_decoder/upstream/silk/resampler_private.h","True","False","4641","88","27636d5dc05d29d9b8d387dbd31589501408b945a9981367ae41da98ceafadb3","4",""
"esp8266/rtos-sdk-native/components/opus_decoder/upstream/silk/resampler_private_AR2.c","True","False","2715","55","60c7ebdaf9289eedbd8a01ee01320bc6a833d9285c323dcc1945efc1aa44c076","3",""
"esp8266/rtos-sdk-native/components/opus_decoder/upstream/silk/resampler_private_IIR_FIR.c","True","False","6574","129","79130539a0c667ec636ff27b2df2192f66591670678d951a8cb81986c806d9ea","5",""
"esp8266/rtos-sdk-native/components/opus_decoder/upstream/silk/resampler_private_down_FIR.c","True","False","11086","194","7706ac65b0ed233f4cafd02b365e2ef5e0cd823715b727bb8d84a022a58c88ed","4",""
"esp8266/rtos-sdk-native/components/opus_decoder/upstream/silk/resampler_private_up2_HQ.c","True","False","5475","113","00a331dbbc0f35570c5a364178337750d876ccffbdc8d0d261ba8810f2b1610c","3",""
"esp8266/rtos-sdk-native/components/opus_decoder/upstream/silk/resampler_rom.c","True","False","5023","100","9fe7d9cc3272de9ae5bec954a49a017a290d9dd99c3550db1c2f2c2b85f95a95","2",""
"esp8266/rtos-sdk-native/components/opus_decoder/upstream/silk/resampler_rom.h","True","False","3362","68","3d0bd44de6f331f730d2cc72710edbe95d4dfeeec8c1e08aae85b9dd36b1d4b1","3",""
"esp8266/rtos-sdk-native/components/opus_decoder/upstream/silk/resampler_structs.h","True","False","2675","60","7fc59318d11891d6e3849c65d2df3481431f581242e675cbdf94a13a242ba540","1",""
"esp8266/rtos-sdk-native/components/opus_decoder/upstream/silk/shell_coder.c","True","False","7864","151","c01ee130fc19d8624a49b5bf0fec2ebf21d3be50dd7c47ae2283dedeacde8a0d","2",""
"esp8266/rtos-sdk-native/components/opus_decoder/upstream/silk/sigm_Q15.c","True","False","3235","76","8e1b77022c0f37005231b4b09109edb27ca8c22917186a9000528c18bdaef8fa","2",""
"esp8266/rtos-sdk-native/components/opus_decoder/upstream/silk/sort.c","True","False","6414","154","a387ec06f063d423e775960428fd8f73e21b1bdf247f74802aa8336738e185d5","2",""
"esp8266/rtos-sdk-native/components/opus_decoder/upstream/silk/stack_alloc.h","True","False","34","1","a4312e84685286e086ba355b71db65e9cb8478008562dea695e77dfb6a8eb239","1",""
"esp8266/rtos-sdk-native/components/opus_decoder/upstream/silk/stereo_LR_to_MS.c","True","False","12705","229","fb9161f2cf3514df2df444c350410949e1d2cf438642efba4dece0d90361e34f","3",""
"esp8266/rtos-sdk-native/components/opus_decoder/upstream/silk/stereo_MS_to_LR.c","True","False","4979","85","7cd98931a7a620458c0f738db4a6b5c35b14a3865246c938a941737428444869","2",""
"esp8266/rtos-sdk-native/components/opus_decoder/upstream/silk/stereo_decode_pred.c","True","False","3485","73","6f44428ac434003bdf33f6391b6548e4d98af377f66f58911d21f87157daf884","2",""
"esp8266/rtos-sdk-native/components/opus_decoder/upstream/silk/stereo_encode_pred.c","True","False","2942","62","fbb6345d2a0525dd3fc42e5ecde9146d9eb619d9f9962c328b6f3c986bd82367","2",""
"esp8266/rtos-sdk-native/components/opus_decoder/upstream/silk/stereo_find_predictor.c","True","False","4448","79","fe30dd6786ea64d88308925ea3494945f1eab4e46be556f0308fa64cbd878e59","2",""
"esp8266/rtos-sdk-native/components/opus_decoder/upstream/silk/stereo_quant_pred.c","True","False","3472","73","9740d133ef3cc79dc6de50fa07bcdf4b84034c6f161df1600a3b663782bbc8bc","2",""
"esp8266/rtos-sdk-native/components/opus_decoder/upstream/silk/structs.h","True","False","22256","363","5898723329c9afee18145f072089d8dbfcf3990d33b6738b0a017ba51dd24400","12",""
"esp8266/rtos-sdk-native/components/opus_decoder/upstream/silk/structs_FIX.h","True","False","32","1","37828e183f14c7d30e81940905e042fc71fb08d85bec44400308f293ce4e2e61","1",""
"esp8266/rtos-sdk-native/components/opus_decoder/upstream/silk/sum_sqr_shift.c","True","False","3868","83","905c453cca136a9b889aa0ac22a788b7bf2ccc2590ed9ede946926189e528d3b","2",""
"esp8266/rtos-sdk-native/components/opus_decoder/upstream/silk/table_LSF_cos.c","True","False","4256","70","2ea595cffc321cb23db8fa7b3ab87d50ad09673db6a4ba7c01f419789aacdb6c","2",""
"esp8266/rtos-sdk-native/components/opus_decoder/upstream/silk/tables.h","True","False","7292","114","d629fe3ed8aa2e3ac7615abf07c26fc9adf647c6fcdf57641e3068bb9a5dcc0a","3",""
"esp8266/rtos-sdk-native/components/opus_decoder/upstream/silk/tables_LTP.c","True","False","7721","294","39077be732904319507253a61385154ee733cf2836b8b1ccb540f8062d682fad","2",""
"esp8266/rtos-sdk-native/components/opus_decoder/upstream/silk/tables_NLSF_CB_NB_MB.c","True","False","10975","195","696dc60c0f93c174d0d825cbb56fa65a7ca527f3e818cdb8cff092a8f38c90df","2",""
"esp8266/rtos-sdk-native/components/opus_decoder/upstream/silk/tables_NLSF_CB_WB.c","True","False","14728","234","e1369605bf9bfadff328fd99a81e53a73a004e20c0c239a8c9af642559916519","2",""
"esp8266/rtos-sdk-native/components/opus_decoder/upstream/silk/tables_gain.c","True","False","2577","63","3f3b1ea2c77237079f560559c84122a148a32dfe9901b6131593b8d06e7a3b82","3",""
"esp8266/rtos-sdk-native/components/opus_decoder/upstream/silk/tables_other.c","True","False","4902","124","fb0483f8b0bd8c4c482db7272e88dc320b2d5538586f63f892cd08e5fd681e75","5",""
"esp8266/rtos-sdk-native/components/opus_decoder/upstream/silk/tables_pitch_lag.c","True","False","3132","69","bfa63f8a270f5e964ac3673bdd736e3ed6ad314b06caf507c7508d678410aaf8","2",""
"esp8266/rtos-sdk-native/components/opus_decoder/upstream/silk/tables_pulses_per_block.c","True","False","11682","264","192e27eac415a82add568661157c0184cd7e1a25b08e24cd9424a95051d0396d","2",""
"esp8266/rtos-sdk-native/components/opus_decoder/upstream/silk/tuning_parameters.h","True","False","6346","155","63b526acfb8b539d9a8de13e8f0320cd07d5728501c8427baa59464bf4fb9046","1",""
"esp8266/rtos-sdk-native/components/opus_decoder/upstream/silk/typedef.h","True","False","3588","81","13fb7eea10db08e1ea4c6e99d9396ba653346ce266836898ff4164c1d76e99c4","4",""
"esp8266/rtos-sdk-native/components/opus_decoder/upstream/src/API.h","True","False","26","1","ee18dbc43f976ae443c0fd68a8037354d1faf6995363f7c21aa68a2e91e87516","1",""
"esp8266/rtos-sdk-native/components/opus_decoder/upstream/src/arch.h","True","False","27","1","86428073f2dd6e82df64e659e006490a2b9ff31d3d815556e88263790a297638","1",""
"esp8266/rtos-sdk-native/components/opus_decoder/upstream/src/celt.h","True","False","27","1","753d55987641ebfddc15a3e856ce2711f5834cb8e7ec301338ce512a574aa55b","1",""
"esp8266/rtos-sdk-native/components/opus_decoder/upstream/src/config.h","True","False","32","1","91fb0381ef8653c956848fd18cf7be385a2473994dbe7cbf2c59b909edd2f9fb","1",""
"esp8266/rtos-sdk-native/components/opus_decoder/upstream/src/cpu_support.h","True","False","34","1","39501d6c7ed840fdca89978a0c8c8f36427b4aed2fd982ab53b1c05e2d3711a2","1",""
"esp8266/rtos-sdk-native/components/opus_decoder/upstream/src/define.h","True","False","29","1","5886c0655a2016a38565019d552b3fcc2b450fde475f1885ecb0255ed8604ca1","1",""
"esp8266/rtos-sdk-native/components/opus_decoder/upstream/src/entdec.h","True","False","29","1","7ad04714d4483d31165a92c33740bc670d120d4da25864e2da9bf776d0ef2cd1","1",""
"esp8266/rtos-sdk-native/components/opus_decoder/upstream/src/float_cast.h","True","False","33","1","e06dff6ed28565b034054d59376f1498ebc1694ccb9aa7b2da4c6ae583108004","1",""
"esp8266/rtos-sdk-native/components/opus_decoder/upstream/src/mathops.h","True","False","30","1","66aa9d3b4f7196a2e8b2f8cef24e9f6a1b4e8699e5e34864569a7557c9808152","1",""
"esp8266/rtos-sdk-native/components/opus_decoder/upstream/src/modes.h","True","False","28","1","b88044503e0715ff664a56ce0d13971204f03bc9c9b56f6bd2d5a5e3b7fff8df","1",""
"esp8266/rtos-sdk-native/components/opus_decoder/upstream/src/opus.c","True","False","10408","362","dd8c74e2621603bb09cf59481dd7426d5cc89dd78a6358188efb7f630d5957fc","3",""
"esp8266/rtos-sdk-native/components/opus_decoder/upstream/src/opus.h","True","False","30","1","65a62ac9a984bb6f7a008717edf6df727ecfe1a69e249ce0a2e6e4dbdff2b351","1",""
"esp8266/rtos-sdk-native/components/opus_decoder/upstream/src/opus_custom.h","True","False","37","1","775ad921cea29ac54fc72a7e4f91cdf557149c57574cb79d73a76f64e4112588","1",""
"esp8266/rtos-sdk-native/components/opus_decoder/upstream/src/opus_decoder.c","True","False","51902","1642","969729ec70ac5da83d7b14a775c522524f669222b345b808925664f87dc77b29","21",""
"esp8266/rtos-sdk-native/components/opus_decoder/upstream/src/opus_defines.h","True","False","38","1","457171004ec12a31c7b1b70356d883c8d8756431b6594fa17e5de18f3b745d2c","1",""
"esp8266/rtos-sdk-native/components/opus_decoder/upstream/src/opus_multistream.h","True","False","42","1","78fa83deedae0488b132472bc8ec4efec91f98b4b8054a1fae9de74d3e28f421","1",""
"esp8266/rtos-sdk-native/components/opus_decoder/upstream/src/opus_private.h","True","False","8043","223","b8f1c8e65261f3fe13670b02730d70d2ed05da26671a80c4e780f6d17cf27711","3",""
"esp8266/rtos-sdk-native/components/opus_decoder/upstream/src/opus_projection.h","True","False","41","1","cbf39747bfa0cfcfb16a39228f1e11f07e4515bed953d8a351faa6fa39b16ca2","1",""
"esp8266/rtos-sdk-native/components/opus_decoder/upstream/src/opus_types.h","True","False","36","1","81848a9e7ca13b951952e7c5b6855fe306549f6e760d2ee9cbf89cb1d65d554c","1",""
"esp8266/rtos-sdk-native/components/opus_decoder/upstream/src/os_support.h","True","False","33","1","f9a8a6cfcc468f1a32a933271aedca76d01e498be0b9b1be5367abe0119b9cf3","1",""
"esp8266/rtos-sdk-native/components/opus_decoder/upstream/src/stack_alloc.h","True","False","34","1","a4312e84685286e086ba355b71db65e9cb8478008562dea695e77dfb6a8eb239","1",""
"esp8266/rtos-sdk-native/components/opus_decoder/upstream/src/structs.h","True","False","30","1","6678e3ad957ae598765ae28474b0a69c04455c48aaad8582a9435f8fcf0378cc","1",""
"esp8266/rtos-sdk-native/main/app_main.c","True","False","6502","168","1a903f8177f15c04eef2b1c79c13553617e7ffae73281b11d22bec2974e77ba6","41",""
"esp8266/rtos-sdk-native/main/audio_gain_led.inc","True","False","1832","37","2d9d24de877cafe24775f10bddac7c2a9127a1bae2ee5bc2ccbc81d365b73779","0",""
"esp8266/rtos-sdk-native/main/audio_output_benchmark.c","True","False","12380","316","2f00932e543c67a287e153fdca51f159bc4c23b4e0d58fa886689899a050b4d5","34",""
"esp8266/rtos-sdk-native/main/audio_pcm_queue.c","True","False","10094","258","2d0fa8b45772ea68cf81f828b2667814723bdd756fce763df6d824f4be9d6146","6",""
"esp8266/rtos-sdk-native/main/audio_pcm_queue.h","True","False","2541","54","964a1b3a2cca959d844a5243079dfa91d3ae5a1c5899a1b10366292736014e0c","3",""
"esp8266/rtos-sdk-native/main/audio_profile_wrappers.cpp","True","False","15115","395","37f724f3047cd9321be43cea4c724cc3c3956892ff5f2683fd37ab070f787833","69",""
"esp8266/rtos-sdk-native/main/audio_quiet_window.h","True","False","1151","28","93b1dc841bddcbfeb415bc7ebc69acdce34f873a2b0212146e46709676b2c4c1","0",""
"esp8266/rtos-sdk-native/main/audio_service.c","True","False","68801","1604","b380a997bb05dfb4be277b20e0a06d662f8a3450068ff9f4cccb6b53923fadab","105",""
"esp8266/rtos-sdk-native/main/audio_service.h","True","False","1659","48","fcba49b96cb637cdeadaab895f15a6293d76bba0aee9f6fef125b8764da6eae8","1",""
"esp8266/rtos-sdk-native/main/audio_stage_profile.inc","True","False","4190","89","52a1b7725496cb8f05604e5013677b8b3c40dd2892fd0045f193864a603e7053","5",""
"esp8266/rtos-sdk-native/main/audio_web_pause.inc","True","False","3390","91","4fa574505be30922add039c60244b5f58010611d5249e28b2c8389f3bf6647df","1",""
"esp8266/rtos-sdk-native/main/board_config.h","True","False","978","31","356ca9f64e558adf8fb601aa1f86c7cec79965065d86fa46f2e963d994a0d757","0",""
"esp8266/rtos-sdk-native/main/codec_ram_benchmark.cpp","True","False","20603","488","b44219edb79c39fad1fa90c2ae93f0855bb06c7027de518b1dc16a7a5dead6e8","74",""
"esp8266/rtos-sdk-native/main/display_service.c","True","False","14866","369","f350fd675168866d350833a4fd23c32fac422c40815ac8c6a7d35edd99f67ca8","25",""
"esp8266/rtos-sdk-native/main/display_service.h","True","False","80","5","395b13642083a80c6e06a7119f69290ac7d2a66627f0fb129a97590b074e9521","1",""
"esp8266/rtos-sdk-native/main/esp8266_nodac_i2s.c","True","False","20558","519","4666e7fc0254535572941b428910a570fe1fd4b854450f307e53f73e4a3f7fea","22","105:IRAM_ATTR;118:IRAM_ATTR"
"esp8266/rtos-sdk-native/main/esp8266_nodac_i2s.h","True","False","3100","63","6791674008eeb9f4ead7918f910b760f25a887fbad03350ceec2dd58eed67b84","3",""
"esp8266/rtos-sdk-native/main/file_replace.h","True","False","1123","32","3d604f8e3536de398a8cc889838a66e77284af2feef80cf286412106f82e1b1f","2",""
"esp8266/rtos-sdk-native/main/helix_timing_benchmark.cpp","True","False","6460","109","521e9717e0a72db9855f89e780fc42a0cb0c4a3d570b57066e4dd493630a02b5","14",""
"esp8266/rtos-sdk-native/main/http_stream_protocol.c","True","False","16129","384","c7554bdc0c6402b607487218adb28edd97462328173c4b863d1cf3d86e33a99a","17",""
"esp8266/rtos-sdk-native/main/http_stream_protocol.h","True","False","2986","73","1eaa0e107752ad86778adec9c0e438bad980ef1eca80631d56048b8a39e45370","0",""
"esp8266/rtos-sdk-native/main/input_service.c","True","False","7693","215","f4e7d3b9ff0a4f15e14fab619f62b03582166536d6cbd5a47856f0848d431aa8","18","39:IRAM_ATTR;52:IRAM_ATTR;65:IRAM_ATTR"
"esp8266/rtos-sdk-native/main/input_service.h","True","False","205","8","dc4ba21a585a8ddb428842f22549acb8f128f5711b84d6a0b481ff96262ef4af","2",""
"esp8266/rtos-sdk-native/main/json_text.h","True","False","1632","43","b28fb86e00d40638d0b79759dc93828e1ef895e316f69685b4e81b096977b0f5","0",""
"esp8266/rtos-sdk-native/main/memory_profile.c","True","False","8876","198","022965f71b23cc5fc4005717d6d4f8cc6aadd96126dcc593912ebf99c4551a5b","35",""
"esp8266/rtos-sdk-native/main/memory_profile.h","True","False","697","18","74618b70ef99ea0196cb5f0034bd80880e3ca7518e1b13fdf8c8658dd1b5cc4a","0",""
"esp8266/rtos-sdk-native/main/memory_tcp_snapshot.h","True","False","1618","35","abf2c59a0ff974e4630b46d404e8c8a6a5a56374a83ad2003ae55154edc46753","1",""
"esp8266/rtos-sdk-native/main/native_audio_normalizer.cpp","True","False","752","24","25ef1449a6576f160ecd443761c0af9ac5d691a60dbcdd873f18311f0ae4b36c","5",""
"esp8266/rtos-sdk-native/main/native_audio_normalizer.h","True","False","546","20","91f1575da23031d653380aa9be76638722514b47b12302d42b11f5f19b3e1d33","1",""
"esp8266/rtos-sdk-native/main/native_audio_output.c","True","False","54382","1400","820a7d8129199f9606539885f1812ffc70fcac6c41fafa46849340434bed911c","70","227:IRAM_ATTR;237:IRAM_ATTR;249:IRAM_ATTR;288:IRAM_ATTR;296:IRAM_ATTR;302:IRAM_ATTR;319:IRAM_ATTR;701:IRAM_ATTR"
"esp8266/rtos-sdk-native/main/native_audio_output.h","True","False","1293","32","f312ad526cd5b6aadee684b4ddfcaeffaaab38a1e947cbaad129a00b982e4dc1","1",""
"esp8266/rtos-sdk-native/main/native_state.c","True","False","5774","172","66bbb5cbf65ff07e54cc677adf35f12427aae4e33139455f64a694f884fa56e9","12",""
"esp8266/rtos-sdk-native/main/native_state.h","True","False","1964","62","28e02703230ba971e6f005e1174c0dcd3341740e924f3bcdc2aec976a0eb0940","2",""
"esp8266/rtos-sdk-native/main/network_benchmark.inc","True","False","20547","379","89c16baa6ccc381e54c8714bef8bbec4aaf02a917de5b537d307a28b3379b6a7","40",""
"esp8266/rtos-sdk-native/main/network_service.c","True","False","13930","340","92c38f9844ec99e2219a2479feb15c28af5a11d90c614415b467dc54460a73d5","39",""
"esp8266/rtos-sdk-native/main/network_service.h","True","False","232","10","f3e01e10bbbaf3018009c573707970713b020f023a93455606f125bbb2d057a3","1",""
"esp8266/rtos-sdk-native/main/nodac_buffer_state.h","True","False","2375","72","d995619faaad59be3ccce35423dba0712f7cfcc8fb76b6b7391fcbd2a8f53d79","0",""
"esp8266/rtos-sdk-native/main/opus_benchmark.cpp","True","False","15592","338","f02d7f1dd614f7ff816d2218c9f4609e68c1409012e57fbde45c31537bdf9f80","21",""
"esp8266/rtos-sdk-native/main/opus_benchmark.h","True","False","2261","64","7046fdfe1aa5af86f08d31c3bafa506b93db4768afc4b6fe6d1244bd1ae5b4fe","1",""
"esp8266/rtos-sdk-native/main/opus_division_benchmark.inc","True","False","5104","98","605c1ab13a3bd57653a4393546f60f04b150cdd14efac3ad0d11ea71515444f1","6",""
"esp8266/rtos-sdk-native/main/pdm32_iram.lf","True","False","370","8","c834522fcee90cc6d35e8e6db9ad4bdcd974af4a23aaafdc771ae64a09600df6","0",""
"esp8266/rtos-sdk-native/main/pdm_clock_resampler.h","True","False","1770","35","e9252a8c9df99bda54cbd85dd3f97e16b53bbaed1c4a012be65c2a41c08007b4","0",""
"esp8266/rtos-sdk-native/main/persistent_settings.c","True","False","9398","236","d001ac645b0295d4cecc7e0770fd1eec1ced5b4be316397fecbb5744f37dc2d2","24",""
"esp8266/rtos-sdk-native/main/persistent_settings.h","True","False","1941","53","1c77dafc5c841f96a9bcee5c86cbcc469fd931ee08028e044cc9d5ca97f8cf23","1",""
"esp8266/rtos-sdk-native/main/playlist_service.c","True","False","15931","421","6123659a5909fa24389943c9a34339adddb60721c134eb034d0f94c724e34943","29",""
"esp8266/rtos-sdk-native/main/playlist_service.h","True","False","1555","38","ae62874b7600eac0dd8e2d9561e15a1e734427ab88183c274a4f8b08f6799161","3",""
"esp8266/rtos-sdk-native/main/playlist_web_cache.c","True","False","5663","137","84b48ff1bdde4a1320900bee9cb1e97b652c223e8c0798a5376c68cb59609aaa","16",""
"esp8266/rtos-sdk-native/main/playlist_web_cache.h","True","False","758","17","99da5776e2b22a634d9ab16edf3e0ca0df7068ebf7f65f0b41aba406827c2858","1",""
"esp8266/rtos-sdk-native/main/radio_control.c","True","False","8646","238","b6354b9d184fbac31780e16288150ca5883f837cdda8c3aa0061f40d14624ef0","20",""
"esp8266/rtos-sdk-native/main/radio_control.h","True","False","629","19","2c12c2da7affe0d6b49828925f5490125ef45a35da4efa8fe6a9aefa2d4f13e5","2",""
"esp8266/rtos-sdk-native/main/rc_pdm.h","True","False","2375","66","968a1583d793cf40c716396c54bb00c5bc9d3149de5a51e71a9aa6f8a345ce61","0",""
"esp8266/rtos-sdk-native/main/rc_pdm_feedback.h","True","False","6546","134","695f6088348b71cf6e74cf0ac28b4aa62877892a731650543b034d38bce5293d","0",""
"esp8266/rtos-sdk-native/main/sdk_rx_diag.c","True","False","2048","61","50d8927bf2fa31e525257a4b5c26094402f04ecf236a3deeee34f7f4a3533b06","3",""
"esp8266/rtos-sdk-native/main/sdk_rx_diag.h","True","False","1821","55","1b184ab02365e6e69d5a9705f16280ccf62eebc281a81f46d62d5aaeac325d2a","1",""
"esp8266/rtos-sdk-native/main/small_gzip.c","True","False","5017","115","1953b095d856e06a63f757c5cced86ae3babde180d5cebcd523d43dfab8fdfaa","1",""
"esp8266/rtos-sdk-native/main/small_gzip.h","True","False","900","23","8d683f4f0ff0f16b04c085a6468a87a9040ceeaba706b82355872d4fde7fc2b1","0",""
"esp8266/rtos-sdk-native/main/spi_pdm_config.h","True","False","2242","52","ed3f01d3c63582c91817735d5442f988a7cb90f0695418ca4dfd5c7868541856","3",""
"esp8266/rtos-sdk-native/main/spiffs_log.c","True","False","7205","193","c8b82e82e58699c25d363849617b9f332ef74494b401d35c677faa9bafb9fbdc","8",""
"esp8266/rtos-sdk-native/main/spiffs_log.h","True","False","1002","34","a461ac212aaba7a9b3e68c3ac955b26a0a0b02ad061e4b2ca91ada49a92a88a4","2",""
"esp8266/rtos-sdk-native/main/status_led.c","True","False","4902","126","d2b0dd644aeb586b01fbacd5ac7a3fdbd8d591240ff1cc9cdd0bcebd3cfdcf41","8",""
"esp8266/rtos-sdk-native/main/status_led.h","True","False","469","15","0b8c8392700350b466cba511a83aa802f7d092af4a4e3c55851e22847db05afa","2",""
"esp8266/rtos-sdk-native/main/storage_service.c","True","False","1724","45","c58928596501a66971d0a21266cbb74a167cd2117e0803d79f7750b702de80e2","23",""
"esp8266/rtos-sdk-native/main/storage_service.h","True","False","205","9","dec9510d6d5871a57f51c9ac4c4c1cc15b2d28bb5fc1de2266e8de227c0e13e5","4",""
"esp8266/rtos-sdk-native/main/stream_input_buffer.h","True","False","2702","66","3cb53cf5fe8e6e5bdacae4466fc304ff1b1dafa5f6c19497d433efb312b4da5a","0",""
"esp8266/rtos-sdk-native/main/stream_input_refill.inc","True","False","2321","51","e77f3ab3fbbba9827b601267ffe79a51e79ae7dc020b2ab6e63614c1389984ac","0",""
"esp8266/rtos-sdk-native/main/stream_read_wait.h","True","False","1815","32","d4af3379abbeedd928b067dcaa56c9eebec8e6cac7d8bf16e47857edba9787c5","0",""
"esp8266/rtos-sdk-native/main/time_service.c","True","False","2731","80","43770735eeec55226e24f3c97f7eb5f87a26aa9151682255709a7ae6b4523b0c","11",""
"esp8266/rtos-sdk-native/main/time_service.h","True","False","194","8","6636cb3db6ddcc270f425401285c3f26ecf6bb315db3f3d3d9122acda95333bb","1",""
"esp8266/rtos-sdk-native/main/volume_scale.h","True","False","883","22","178a27019eda3ad4acefbd0bd059a8d758e9490da63abcb3014f263ba7f8885e","0",""
"esp8266/rtos-sdk-native/main/web_audio_pause_config.h","True","False","437","12","9b246559eff7be512b683cd162325390eaf502d052437fe86edfbd603e6b94d2","0",""
"esp8266/rtos-sdk-native/main/web_connection_close.inc","True","False","1769","45","f53931d785a75b23ff387cded698eb7da9b178372da98134dc4e699183d48a04","0",""
"esp8266/rtos-sdk-native/main/web_encoding.h","True","False","2453","58","24c2d19a92ea3e44fca097a317cfd1d97abc43b59453cca0fc3b845bada684c1","1",""
"esp8266/rtos-sdk-native/main/web_multipart.h","True","False","4818","124","a8ee555275ade964d7c307b8b58aef0642990f6bce5b65f96e77de8c3b0784ce","8",""
"esp8266/rtos-sdk-native/main/web_pages_bridge.cpp","True","False","399","10","a854dfe4b3d70da0927ad73cf8fec3b5c5c387123c40570d3788c1c5d423ea56","5","3:PROGMEM"
"esp8266/rtos-sdk-native/main/web_pages_bridge.h","True","False","216","13","bd05b306306552faae972cb3544b464aa0db061525f85b110e24f7cc3feb1703","1",""
"esp8266/rtos-sdk-native/main/web_service.c","True","False","75035","1672","94fed544f365ad30b259c99127f27479c02abb4887948809f9b70557ed583b71","427",""
"esp8266/rtos-sdk-native/main/web_service.h","True","False","575","17","7cfe1035932e6964631a6c31fdb37e444fde89744e18a84334b3b3904ee49adb","2",""
"esp8266/rtos-sdk-native/main/web_spiffs_log.inc","True","False","2057","37","bb9594f49f742382ffe705f56ab13e57eeeb695f62625fd200f6e2791a2db901","15",""
"esp8266/rtos-sdk-native/main/web_upload.c","True","False","13981","328","e3d1c7164d1243b0692f34b87e02afa3caf91b369f9385745cafaa0750012aa1","83",""
"esp8266/rtos-sdk-native/main/web_upload.h","True","False","215","6","0acc8e34b3c9e816883dbc7c22b28abcaeec8ab3b7e71cb4fb988e4d8a81da5c","1",""
"examples/mqttoptions.h","True","False","614","24","fe981f77500658887b9097fca6d6f63b906328c9d7925b5d1373df5c1bd48ad1","4",""
"examples/myoptions.h","True","False","11411","188","3f0efa8c206bce9f43dab8fc64e65e043d05b451cf19529453d1bbf68e3666e4","0",""
"examples/mytheme.h","True","False","4839","54","76adab7c2321e79af5f5a865dc10685be321de6a303e9e4a18e60c5e101b059d","0",""
"examples/plugins/backlightControls/backlightcontrols.cpp","True","False","1319","46","7060a96f2103eecc3a55eff701b2cdaa0954bf3069f97d57bc94491c6915eef4","6",""
"examples/plugins/backlightControls/backlightcontrols.h","True","False","522","23","730eef5fa3a695ac426462f6589501497a0e4fba020403ac1d15d0df7aeb3517","1",""
"examples/plugins/backlightcontrols.ino","True","False","1379","43","239d9241c4bce1529fb9b08470300313860253914805fcfcf39d5a5c39b0077c","0",""
"examples/plugins/deepSleep/deepsleep.cpp","True","False","2540","54","06e730d5e46b59ecb3b57ef72426a8d321c6dd5e154601c6ee102559dd4a86fb","7",""
"examples/plugins/deepSleep/deepsleep.h","True","False","474","23","4078cefe373afe6f156df20f53ece2afb8bdd9bb3813898863955d8d7dc83075","1",""
"examples/plugins/deepsleep.ino","True","False","2756","47","21281ff1560150532235ec08c80ba5a30c94dd3d21ef60edbfebb3ef1401f50c","2",""
"examples/plugins/helloWorld/helloworld.cpp","True","False","1241","62","e5bf27a842d65c7b6f8f52f56e7e8e732cecc9b5cb80dcdad11dd0d5702ee18f","14",""
"examples/plugins/helloWorld/helloworld.h","True","False","707","31","219162ff1a5473268775fbb7fd57a7397e710f8c03321df9887c384c9f71513e","1",""
"firmware/development/esp8266-opus-allocation-byte-candidate-v1/patches.s","True","False","889","23","c68cd16c69ead2a9e08f56937fddb07aa724b9be35c81ff61651331a7783e96b","2",""
"firmware/development/esp8266-opus-allocation-decode-candidate-v1/patches.s","True","False","53406","2010","3af05accec68324113ffbabad6d1ca4ac178e5267e0f309f0a40dfcbecd096d2","1",""
"firmware/development/esp8266-opus-asm-library/fixtures/opus_board_fixtures.h","True","False","46136","495","1d4d44c44828a77c3f0c13b7cbbcf790297e2c7392467b51024dd88ed3370796","0",""
"firmware/development/esp8266-opus-bits-fifth-candidate-v1/patches.s","True","False","813","26","e8e92330a021a43a9b7691a656197684f55aae5cf188baac76a908e5433120f1","2",""
"firmware/development/esp8266-opus-bits-fourth-candidate-v1/patches.s","True","False","903","26","e2a16a14ad6bc24d5bb8cf3402267ef10e6c4a99b1d169e0d7e000b5b254849f","1",""
"firmware/development/esp8266-opus-division-micro-v2/census/opus_division_fixtures.h","True","False","98554","1555","d64cead088f392f3538d06173a7a4fe34aee04efe682bea9f862c640f16112ae","0",""
"firmware/development/esp8266-opus-ebands-final-candidate-v2/patches.s","True","False","1888","78","6d17fc902617d293ed9cdb1c252b902b418b381d8930bc3ceb7cac0acceee0ce","7",""
"firmware/development/esp8266-opus-ebands-more-candidate-v1/patches.s","True","False","1366","54","f2d86b95631a9462309e001b1374d1700dea383bfb41a92b2e7d68387484e5b1","4",""
"firmware/development/esp8266-opus-ebands-pair-candidate-v1/patches.s","True","False","973","31","65e53fbd6387be64a8892a308f754b3cde782ada801bb7979ef326616b280969","2",""
"firmware/development/esp8266-opus-ebands-quant-candidate-v1/patches.s","True","False","653","15","9c41960691fd430b3838f176afc1d5d1b0dde47843f44af85fe37be8ec388aeb","1",""
"firmware/development/esp8266-opus-ebands-src-candidate-v2/patches.s","True","False","824","24","6a04b232e146d61503217b8a94895c79bf3b070b0625caec9bfb229d147b3340","1",""
"firmware/development/esp8266-opus-ebands-u16-aligned-candidate-v1/patches.s","True","False","3034","123","218aed8e07b3d4835ef8d6872a0cb1151cd0aae45e27db4909b24c0553c47e1a","7",""
"firmware/development/esp8266-opus-ebands-u16-candidate-v1/patches.s","True","False","2664","116","30264a57641d811eddce05c3a6366361523fa938ee4cd1b011016afb7130a001","7",""
"firmware/development/esp8266-opus-ec-bits-candidate-v1/patches.s","True","False","960","26","33828ffba2b3edd831b2de1688419bba5172cd786a4980cee75f99c7b4f2c253","1",""
"firmware/development/esp8266-opus-endpoint-cost-candidate-v1/patches.s","True","False","1214","38","447c9ea2186e134e96997d57d8d39c0b94bddf3b1d5a9ccd5ec470e014930c9b","8",""
"firmware/development/esp8266-opus-fft-load3-candidate-v1/patches.s","True","False","608","12","7a51373cd5042300c957b15c2d55e0ae284d86c3762e890834c42b76fe2b2151","1",""
"firmware/development/esp8266-opus-fft-schedule-candidate-v1/patches.s","True","False","780","17","dedf8fbb6a7314532edd0e21537179c11640cdf7190b4bb79b5fd0144c252080","1",""
"firmware/development/esp8266-opus-frozen-reloads-candidate-v1/patches.s","True","False","2193","59","ec87c2664af7414a4e26cc86b1caba7398abb76c6581f728066c87a98553a1eb","8",""
"firmware/development/esp8266-opus-mdct-bitrev-pair-candidate-v1/patches.s","True","False","820","20","28e74895e0c56b4dfb9e5ca5f6d2c618ff3381c2cbc6d59770353f9ec17e5960","1",""
"firmware/development/esp8266-opus-mdct-half-candidate-v1/patches.s","True","False","1719","70","cfaecdd5ca2f4236cc7f039fa210f0e2d21debb04223e7881f5e096837f3fec7","5",""
"firmware/development/esp8266-opus-mdct-mul16-candidate-v1/patches.s","True","False","2939","101","471d47e78bd8bc6821f19c232f6d2e66bb492ddb52372b224b6cd8a6f4a72807","16",""
"firmware/development/esp8266-opus-mdct-post-pair-candidate-v1/patches.s","True","False","2782","121","12ba1a180eb8c219bea0db383607ed8b70476849e0616408dd02b4798b164dcf","1",""
"firmware/development/esp8266-opus-mdct-three-pair-candidate-v1/patches.s","True","False","2370","85","1b425b8e7f404664ba598ce59fd8c1f036646d29a9564f8b9468afe4b24e6749","1",""
"firmware/development/esp8266-opus-micro-bundle-candidate-v1/patches.s","True","False","4339","140","4d6878ecbd68dee30a11e49580fce6dac7aa4e48680c760c5ac534f64b3a89d3","18",""
"firmware/development/esp8266-opus-partition-frozen-candidate-v1/patches.s","True","False","50154","1810","38efbfbd79e28b2ab41fa66d99f3c7179b43bfb31417597931d97c92d7950309","1",""
"firmware/development/esp8266-opus-partition-points-candidate-v1/patches.s","True","False","1041","28","09afaa84cc406008a1830063ff0591696cb1b875d6baa0346629a13e94ac6ebe","5",""
"firmware/development/esp8266-opus-pvq-a4-word-candidate-v1/patches.s","True","False","772","26","0ebef92e2c8d9728c17a877410284734d61c78602b29d62c8f950dfaf1c01f06","3",""
"firmware/development/esp8266-opus-pvq-byte-phase-candidate-v1/patches.s","True","False","1561","53","72fdbe9b1db604fbbbf5607919d7ae036aaf21360133da05078ad7f3f9fcb6d2","7",""
"firmware/development/esp8266-opus-pvq-byte-word-candidate-v1/patches.s","True","False","1142","44","30bc0c05f49f7e6dc4b7fc56dd819ba6e0edaf83041e13f074cda22ab72deb22","6",""
"firmware/development/esp8266-opus-pvq-dim-pointer-candidate-v1/patches.s","True","False","2995","133","f13993f91db8bbbc6635ca2b88a6a802f59b2f3c397ed259ce199ee6694cc7dd","1",""
"firmware/development/esp8266-opus-pvq-endpoint-word-candidate-v1/patches.s","True","False","1023","33","307922ab59db59ce4ab713f85f51ee34fdffc4bc92375a98cb8cecaf2d15b7cc","4",""
"firmware/development/esp8266-opus-pvq-exp2-table32-candidate-v1/patches.s","True","False","893","19","2cd28ad2ee621a48cb91f3a52f58b1c248b13db88c6cbbe59f1b738c2fd50b9a","4",""
"firmware/development/esp8266-opus-pvq-exp2-word-candidate-v1/patches.s","True","False","869","25","0d164399b559e1d4174a358ec1de97dc356280d2a5afe52b5d6a1b0f088cbedc","2",""
"firmware/development/esp8266-opus-pvq-index-half-candidate-v1/patches.s","True","False","985","29","d3413ff885faa9db61d5a734c07998990021990fc4facb27fdaa2e1798688b30","3",""
"firmware/development/esp8266-opus-pvq-index-word-candidate-v2/patches.s","True","False","1009","30","a78e3c6fef83b81e851720b178c80c8456f1df74adf0ee2e688cb9edc5c26b87","3",""
"firmware/development/esp8266-opus-pvq-logn-word-candidate-v1/patches.s","True","False","870","25","29e4e46f7951956898e9c31926d0028f38086468ac65e452d4d30aaa9d43794e","2",""
"firmware/development/esp8266-opus-pvq-qn-table-candidate-v1/patches.s","True","False","1141","27","687fecbb550bed715e393cfe9d27252594d4c01dcd3bfad9f26f86dbeba9e57b","3",""
"firmware/development/esp8266-opus-pvq-row-loop-candidate-v1/patches.s","True","False","888","23","ba889855bc660c23d8749c09b73f79ff49f50cc6d971700166d1a81ebd3f8377","1",""
"firmware/development/esp8266-opus-pvq-row-word-candidate-v1/patches.s","True","False","721","24","2468374f5c362265f538237473bb957b1023a8c4438117874314543fedbb2f4f","2",""
"firmware/development/esp8266-opus-quant-decode-candidate-v2/patches.s","True","False","182559","6750","db849ebc086155822a61e0df8063be2767aacae8187d2704516af4c097426f31","1",""
"firmware/development/esp8266-opus-quant-flags-candidate-v1/patches.s","True","False","3172","113","ed60772ee63be2fbfe86cae53d5586e345126c3a5517cfd573dc6f33a091eef2","18",""
"firmware/development/esp8266-opus-quant-locals-candidate-v1/patches.s","True","False","3769","144","d6ea5b0e22de64fcad6434073821244fe54402f6cc04081756d15fe94ea5ff5c","23",""
"idf/components/audio_level_led/audio_level_led.c","True","True","4436","133","b68a436d1b38a6f3e0a67de2899a581eb89ca543ce9a2239af3aa7b84b186646","14",""
"idf/components/audio_level_led/audio_level_led.h","True","False","394","19","f1bc4bdd6e01eea6c286fdea037da9813de4197f458778c85759da2882c36751","2",""
"idf/components/custom_codec_support/Arduino.h","True","False","1501","52","613e2c4aae1d1a604703286460dfe90d80c1dd1baf6ac936785b28db8219cd33","7","18:PROGMEM;19:PROGMEM"
"idf/components/custom_legacy_codecs/custom_legacy_adapter.cpp","True","True","13369","355","ba51f55c7efa62f0ff356501d102fcf013c48b81c5838a3c8bff95537e4be648","20",""
"idf/components/custom_legacy_codecs/custom_legacy_adapter.h","True","False","1782","59","b02ff63c039feeaca56f0655591cfb44329b6f8913740efe99111ea110918ed7","1",""
"idf/components/native_audio_settings/native_audio_settings.c","True","True","10646","250","dc1401126dd5a5e69ceccaf5f901b8175b0892dba0a9e5f17152bf584647c536","34",""
"idf/components/native_audio_settings/native_audio_settings.h","True","False","1468","34","21d0492056a4f52a2d065918d975bc461db677fe82fb739eaacd6b3786ce19c7","1",""
"idf/esp32-cyd2usb-minimal/main/compat/idf5_legacy_dac_backend.cpp","True","False","2662","80","62f81a6103ac402ff893ad3788c5f88e8aff392fc52b99a0dd6dbfe3d84d830a","11",""
"idf/esp32-cyd2usb-minimal/main/compat/idf6_i2s_compat.cpp","True","False","12543","332","2db20f8f8502fd1b66fe507de44bff63ee059d877eb48fd4e58e2a7bd5ceee93","13",""
"idf/esp32-cyd2usb-minimal/main/compat/idf6_i2s_compat.h","True","False","2365","84","af1d44caf882d8713f74f51bb59f33fef3c399e0630e765d20e5bcc710906df2","5",""
"idf/esp32-cyd2usb-native/main/app_main.c","True","False","4106","113","cf1ab456b30637cdb312f9a4b18e37fd6ac329c9e50f18b42149551c5d9519f7","24",""
"idf/esp32-cyd2usb-native/main/audio_service.c","True","False","21174","540","c914a21cd55635c296dc3a3e751c10acb9a6f174ec6e6e8c31786f969f92606c","71",""
"idf/esp32-cyd2usb-native/main/audio_service.h","True","False","384","17","1a7cc3fe71a257df6e72ddb6de17043aa39bfaabf53a39c330e1bc5d7951f063","2",""
"idf/esp32-cyd2usb-native/main/board_config.h","True","False","902","29","83707b2cbc66fedc565c7e94815e0dca82aabdfc627249e6458d03594cecb8d7","1",""
"idf/esp32-cyd2usb-native/main/compat/idf5_legacy_dac_backend.cpp","True","False","2602","79","84701c5244fced985fe5761353f1aa10cba51cfb58f91cad5cff2dc6a2253b53","11",""
"idf/esp32-cyd2usb-native/main/compat/idf6_i2s_compat.h","True","False","2361","83","8f986ad61957513a31906824bb40492e7d91c7d933354dcbdf1599865e559812","4",""
"idf/esp32-cyd2usb-native/main/cyd_display.c","True","False","8728","197","ec0e84b798d88ac3a7d8995956a2687ee29d0e8ec70173615c84b698d43210bb","37",""
"idf/esp32-cyd2usb-native/main/cyd_display.h","True","False","1377","42","75726839982c12d746b52046831488247991b0626f75a347feebe4d347cfb75e","4",""
"idf/esp32-cyd2usb-native/main/native_audio_output.c","True","False","22420","597","8d06f020f01a88558c30e29d2b093556b42c37ef3272e750483ee040d26f052f","38",""
"idf/esp32-cyd2usb-native/main/native_audio_output.h","True","False","684","18","3e04dc4e1f04b1379523ed4c1cd873b00d44ef60934c4332da7b3fd84ce3e768","1",""
"idf/esp32-cyd2usb-native/main/native_state.c","True","False","1150","35","7e853224ed877a2f8e60d2935103640dce59fa25c350526ae23d098f824b6722","3",""
"idf/esp32-cyd2usb-native/main/native_state.h","True","False","830","32","26a88aa64b185983df5c6bd968c1ed42089c1b1f400f7a196fa82b1bd017c357","2",""
"idf/esp32-cyd2usb-native/main/network_service.c","True","False","6468","154","977723603095f89bcbf5f40f860d41e4240d8ac726dd6ab41a5eaca515abdb84","34",""
"idf/esp32-cyd2usb-native/main/network_service.h","True","False","173","8","34890275fe5f3a8f1b6630f1d796dc0998e5e9f72319533d50b89b38429cc466","2",""
"idf/esp32-cyd2usb-native/main/web_service.c","True","False","9638","239","6ea19d87fa023b944c73e11484bdf00056a4abef661dc7679f4ff0aec304d617","86",""
"idf/esp32-cyd2usb-native/main/web_service.h","True","False","122","7","8e01388cbdc78378fd44fcd9d370df36399351a3881d9576547b9f27d195ce66","2",""
"idf/esp32c3-oled-native/build-constants-audit/native-script.js.gz.S","False","True","70551","709","43e3aa8553d2aa4a4d7d62eab3b64a86ebf12ef02013d6976912b15f38a2174c","1",""
"idf/esp32c3-oled-native/build-constants-audit/project_elf_src_esp32c3.c","False","True","0","0","e3b0c44298fc1c149afbf4c8996fb92427ae41e4649b934ca495991b7852b855","0",""
"idf/esp32c3-oled-native/build-constants-audit/x509_crt_bundle.S","False","True","431166","4245","a5c8b3be54762aadc99cfe70c16d06913b6682b92a47d0c7d2db68fa1c51d6e1","1",""
"idf/esp32c3-oled-native/components/custom_flac/custom_flac_adapter.cpp","True","True","12496","305","cfd52df5752dc224d2835d2066d85bc4bc4ae1f85f5267b1f241272bb23ec9ce","15",""
"idf/esp32c3-oled-native/components/custom_flac/custom_flac_adapter.h","True","False","1291","44","096ede94cd87c051e40525ced0a53092eb1ff421b4cc9382d77474d9bf0382ad","1",""
"idf/esp32c3-oled-native/main/aac_decoder_config.h","True","False","385","16","63c4a73b52c547445a1f6684db83fd90cf5ff01fc24fcb2e3bd5be7b057243a9","2",""
"idf/esp32c3-oled-native/main/app_main.c","True","True","40631","1003","1b6108de6fe3d4334bd53b71f098d65c6958f8c7259db3edc18b0a44448b4fa1","82",""
"idf/esp32c3-oled-native/main/audio_completion.h","True","False","516","18","ea6929bf226c063dcc6a1b9cab96bf304c2dc15561f2ed24cd00e60b7edb728e","3",""
"idf/esp32c3-oled-native/main/audio_service.c","True","True","65939","1533","15cf4651cab7b131feec1c04df88dc0acacda8feb908b9383c77d72b5c643e74","144",""
"idf/esp32c3-oled-native/main/audio_service.h","True","False","566","21","e388ad8cc7e3ffb4af02b5ef7b4ead3a04fb62cd441e2aa052545fa1121b0a62","2",""
"idf/esp32c3-oled-native/main/board_config.h","True","False","2015","50","ed52aca5ec1d69be4f848fcec9b7031a60a7957656b4d1f00a58b2945dab0c6d","5",""
"idf/esp32c3-oled-native/main/boot_logo_72x40.h","True","False","2716","41","0e7eb6ef8e691fdb7fec58ad2c431924a7c6a54c62c29fbcadc626502fe27f72","0",""
"idf/esp32c3-oled-native/main/codec_memory_trace.c","True","True","4633","132","34921253927b1756b9c1d4e976a8fc13810317824a5ff9340b0e54aa0d8b6d81","9",""
"idf/esp32c3-oled-native/main/codec_memory_trace.h","True","False","217","9","66a39dbb7524b50314674dbd920b31371613009825eef2ea130e92f4747fef9f","1",""
"idf/esp32c3-oled-native/main/cpu_profiler.c","True","True","7201","185","043cdee3d22b3a117352b6f43170ee72cde798d6535c568bc3dba072ec429f5e","37",""
"idf/esp32c3-oled-native/main/cpu_profiler.h","True","False","426","14","9562e54f957d1e7f32c6b93a524fc249c55e42013bf4cc5f55587dd5b970736e","2",""
"idf/esp32c3-oled-native/main/decoder_pcm.h","True","False","1193","31","341fa876bd5589a3cb935a03b7daa21c981cf183dbd1b5d282469f28b1a97b89","0",""
"idf/esp32c3-oled-native/main/deep_sleep_clock.c","True","True","7778","192","e0f78c6bb5a8bac07f358acdb517eb0c4d17939b0e51739fc5a368957b46646c","23",""
"idf/esp32c3-oled-native/main/deep_sleep_clock.h","True","False","538","14","d03e1a5b42d40a4b109dec3915c7b0098c332303e2998f52f3978df500a22b0c","2",""
"idf/esp32c3-oled-native/main/display_settings.c","True","True","13043","311","c8303799f7884febb60dba10544976fed2a29e9a2f266ac0d0d925bcf38fbb99","50",""
"idf/esp32c3-oled-native/main/display_settings.h","True","False","1629","32","be6ea232068889d6883c32a2428d85d9c272339e4b0a585ada3827ac9f631b47","2",""
"idf/esp32c3-oled-native/main/encoder_input.c","True","True","12118","318","19799302ab9af83182370ab00134b0a749f370ef0d749c4020bc37ab3aec408d","33","73:IRAM_ATTR;112:IRAM_ATTR"
"idf/esp32c3-oled-native/main/encoder_input.h","True","False","429","16","f307cf11f1e263b618719b538bb6a995cfbdda2bdae7b54f6003ff8283c76080","1",""
"idf/esp32c3-oled-native/main/font5x7.h","True","False","8834","277","c67c5a7ae2016e4cfba067168ba08604c899884fde80a66d532eaff3d59e0b94","0","10:PROGMEM;15:PROGMEM"
"idf/esp32c3-oled-native/main/font8x15.h","True","False","25612","341","f0a363124d48c06fd256a1b1edfab3210d2c4a9d36c18e077c53670a46957f16","0","9:PROGMEM;332:PROGMEM"
"idf/esp32c3-oled-native/main/hardware_cache_test.c","True","False","13263","305","3de647f8f6a8c5cd6e4818bcfaac0eafffa399f04138874d900d2cf29c87d1b1","77","73:IRAM_ATTR;99:IRAM_ATTR;115:IRAM_ATTR"
"idf/esp32c3-oled-native/main/native_aac_decoder.c","True","True","6714","156","52057edb50ad112b9a672e6ae80677de39e55ae3e645cbc72c52fee395c2df01","18",""
"idf/esp32c3-oled-native/main/native_aac_decoder.h","True","False","778","16","95867ae7eb59f893b96db2fbce6928cf610746018c86abca058f52928a5188a1","1",""
"idf/esp32c3-oled-native/main/native_audio_normalizer.cpp","True","True","898","32","58702deb2e6c58b7298e57d3622b893054365ac980aa17451846bcbab228807f","7",""
"idf/esp32c3-oled-native/main/native_audio_normalizer.h","True","False","726","23","bc7f2add83c3872d62aee1e202ae04f55d230bd9ce3cbe19b4c2b2eb6f3f4320","1",""
"idf/esp32c3-oled-native/main/native_audio_output.c","True","True","17514","458","a8d1e97b165bcbb9fad600686e8a037a256dedc9fbef9f509940f117acb88eee","31",""
"idf/esp32c3-oled-native/main/native_audio_output.h","True","False","782","20","af571a856d3726704e428ba91105a70d51fc1c6ceab4ba364397ed122eb59418","1",""
"idf/esp32c3-oled-native/main/native_audio_output_qemu.c","True","False","9372","254","86f82ae1da838c5fa3547ef8d7374babd1799a6a74b761928a4e040297061d7b","15",""
"idf/esp32c3-oled-native/main/native_state.c","True","True","7451","182","4d8dee5a1c297bea3dd200782f4227f87ece79649d6b262d2fbb0debde89fb03","15",""
"idf/esp32c3-oled-native/main/native_state.h","True","False","2377","68","f18612014dc8a3d529a5c1f2cafe242c866b94ac82b60b4db18a5a0e2df32058","2",""
"idf/esp32c3-oled-native/main/network_service.c","True","True","15087","355","caecdab943be7a65779ab3b5f0ce61179ff25010026dc8829f521bd4aa0ffef9","72",""
"idf/esp32c3-oled-native/main/network_service.h","True","False","604","18","c457c16fb9728cd74a90cef5c16d6e7dd77e4c7b65605bad182c33caf1be1791","2",""
"idf/esp32c3-oled-native/main/oled_display.c","True","True","23686","581","5f61ab4ae6db0b602c961f854a798b4196d94da58769855d8073d387db078926","31",""
"idf/esp32c3-oled-native/main/oled_display.h","True","False","1898","44","f010ea2c5db8573463f6263735043e6486d94cba62d2caed5d7aaa1cb60cfd7e","1",""
"idf/esp32c3-oled-native/main/ota_upload.c","True","True","5659","144","7ef4df2ce884587c8c3115f9bf2fe413429e58a22fafc567b63c24edc92550f3","24",""
"idf/esp32c3-oled-native/main/ota_upload.h","True","False","786","23","b2ca457bb4b3c44e88f5010adf5b055e0c91ee0e825267cb6a26578971f1d8e1","2",""
"idf/esp32c3-oled-native/main/overclock_experiment.c","True","False","9646","250","d663e7fecbe6cfbc775f234a3e3671529847dac43f6cad5314db053cd25ca4d1","31","51:RTC_NOINIT_ATTR;88:IRAM_ATTR;101:IRAM_ATTR;124:IRAM_ATTR;130:IRAM_ATTR"
"idf/esp32c3-oled-native/main/qemu_aac_calibration.c","True","False","4926","102","db8b19269392590f9d7fbdc320d27a20b4bfcfd239ad452b918988ee833c4625","18",""
"idf/esp32c3-oled-native/main/qemu_aac_test.c","True","False","11683","236","1b52798545e5e62630308682843ca96f640fe1bbbea50f4603dc5e1885279c7d","64",""
"idf/esp32c3-oled-native/main/qemu_cache_test.c","True","False","4669","107","7d7f6a31e6e1c31effbc3e035b6d4197a24a6283f7e2a095315df31076551818","34",""
"idf/esp32c3-oled-native/main/qemu_codec_calibration.c","True","False","5564","122","db1ecad0ec422d1b7262bae104c88c2bde35204106af2be3d9c8ea696ee9b2b7","25",""
"idf/esp32c3-oled-native/main/radio_control.c","True","True","17441","461","01bc6309151998176f9c98c0ecd6ffecf42d98a7014ba8d2d9e15bc1d9d23771","60",""
"idf/esp32c3-oled-native/main/radio_control.h","True","False","653","20","42044cd8a4c8a4ab930cca3109e6d4257b81610b60c2c8a689572e76d69a166f","2",""
"idf/esp32c3-oled-native/main/rtc_clock_state.h","True","False","1573","46","e2e9199cbaa907507ae6b6b882132eb0306df969774c3fa6ca63dbe3b71027fe","0",""
"idf/esp32c3-oled-native/main/rtc_wake_stub_clock.c","True","True","6539","177","e9482268337a41d76b7c34d459d8e602dfcfac7427261b071a6a7c62cc4ef120","11",""
"idf/esp32c3-oled-native/main/runtime_settings.c","True","True","14205","334","1035c74402a40e5f8a4f43ec877653df73ccc7a40c14c8dbea029b523bf00ee9","50",""
"idf/esp32c3-oled-native/main/runtime_settings.h","True","False","2545","55","8ec8d73f8b22f5b0533be1cd358f9fc26b5cb461d99e4e1ccf0941578d7ae10c","4",""
"idf/esp32c3-oled-native/main/time_service.c","True","True","4283","106","bba95c0224185c4e93b3ca49a48f3827788bd27ccd53e832ae6ebc96f45bc8cb","14",""
"idf/esp32c3-oled-native/main/time_service.h","True","False","124","6","892a200df6f955d62fac3c80a172af557cd1e90b489928520422730e2cde298a","1",""
"idf/esp32c3-oled-native/main/web_multipart.h","True","False","4963","126","a27d908cd55df077abd5639068155fceb5e93b1d35967b0e87f92dd142d851a6","8",""
"idf/esp32c3-oled-native/main/web_ota.c","True","True","7603","179","b40115cb7a0046d5a2f46530b8bb2cdf7df03d0952ae8cbc5dc36c9b7dadfe6f","43",""
"idf/esp32c3-oled-native/main/web_ota.h","True","False","151","5","85f79981a20fc366af5fb6ebebef3c39f6edf466b83a9a85a0d5a3e158624d7d","1",""
"idf/esp32c3-oled-native/main/web_pages_bridge.cpp","True","True","384","17","e735d11e8832c36a198b020bdc6d9ce5f77932e479313dda9d42de787457ac15","5","2:PROGMEM"
"idf/esp32c3-oled-native/main/web_pages_bridge.h","True","False","216","13","bd05b306306552faae972cb3544b464aa0db061525f85b110e24f7cc3feb1703","1",""
"idf/esp32c3-oled-native/main/web_service.c","True","True","37201","913","2b3016d55266b7d780cae4c5ccd1cd6aeac4e504f1b34df5fdb2881913a5d814","261",""
"idf/esp32c3-oled-native/main/web_service.h","True","False","122","7","8e01388cbdc78378fd44fcd9d370df36399351a3881d9576547b9f27d195ce66","2",""
"idf/esp32c3-oled-native/main/websocket_service.c","True","True","30728","706","2046c19b95366971775fddf2e06ac10d33baa096ec00afc7fe93a30e6f12f54e","158",""
"idf/esp32c3-oled-native/main/websocket_service.h","True","False","275","9","3d155b81576383d8b499714893ebb88d22ea0ee732dc585b9b0ecf8f96080523","3",""
"tests/fixtures/helix_timing/helix_timing_fixtures.h","True","False","178570","1934","df56198d477d8d3f60b18325fa77a2b7cc6ef89f955eec0b9aa8a79b11a3692a","0",""
"tests/native/aac_eof_reference.cpp","True","False","2394","53","0debdba0fb2a3d1b43a0d0d6a1473c61a45f80b7d630593d834d913d44de2e93","4",""
"tests/native/codec_lifecycle/esp_heap_caps.h","True","False","336","10","5c908c90a4712c80f001e0eb7791e550d3b842423b640ffe35f674ec5fcda2cb","0",""
"tests/native/codec_lifecycle/esp_system.h","True","False","73","3","0ad1afba693aad741e88bd365e8ee5eb9dcda5c20438177ab9de57652b6f69a6","0",""
"tests/native/codec_lifecycle/freertos/FreeRTOS.h","True","False","205","5","e4ff5308617a8829b6496f23a415c3b9175bcbd5e6ee6568106ced9f7e82f2f8","0",""
"tests/native/codec_lifecycle/freertos/task.h","True","False","37","2","9ae1f7b2923c5cfedb70453e04e0d955f35726ae05e63ad8095f0c67c943fda6","1",""
"tests/native/codec_lifecycle/test.cpp","True","False","24281","512","b992267f0b36060006efb75be2f9bede0c6d60efaa849c2a77e6a3d44fc00fe1","30",""
"tests/native/custom_legacy_stream_format_test.cpp","True","False","3098","75","f49f49a6f3812da54ca2f4f0b148b3859381b4b9afafc9abcc0a90081fe25fef","3",""
"tests/native/esp32c3_aac_framing_test.c","True","False","3770","85","2566bc797a811468bab2f6efc91f36df0d9a418ce29e4d9d1f8b163df47051c2","4",""
"tests/native/esp32c3_aac_memory_test.c","True","False","6047","133","3c3bb23170156158b77bea73d99c9a93a1cb1174c358267e6a0d6edaf0856270","2",""
"tests/native/esp32c3_deep_sleep_clock_test.c","True","False","10065","237","5107a854b4483857719003f780464a2425dab0594a190cba8f80013c0702ac08","4",""
"tests/native/esp32c3_eof_test.c","True","False","4793","117","745cfd5051bd31aa5cb9f7a26c3e25abd1f52b71fcb1c73185b7c25a45e5ba76","13",""
"tests/native/esp32c3_ota_http_mock.h","True","False","1117","28","86ff81444ca9c9c9ecca2d7e7fd818e53c0be32573a5c32b67cde3499751c5da","1",""
"tests/native/esp32c3_ota_http_test.c","True","False","5915","116","c96fc931427f3b9b6ec8465f2456bff3614031ea96f934e6e7894851222c19a4","15",""
"tests/native/esp32c3_ota_mock.h","True","False","1545","36","a5be14f3ed1c7c915973a320067e52bcccd5c3f570be2b683f089e000b2cc277","0",""
"tests/native/esp32c3_ota_test.c","True","False","7169","137","e4c39e5760c3f5e65787c37279877fda82bdb5c48196ee4d6ddf8ea2aca823c6","32",""
"tests/native/esp32c3_pcm_workspace_test.c","True","False","1627","46","d4fc3026c03f5654c6f4aa2850c9a6859a07d0f697fcbab4a891211376ca2662","2",""
"tests/native/esp32c3_sleep_mock.h","True","False","1267","32","e2f7103fd7d5bc7ed7a336bdb500aab115a55f7d0bb9753a363793de6648652a","0",""
"tests/native/esp32c3_stream_format_test.c","True","False","9543","226","2c946a28eafc92a0f0249c75e5b0cbc95947fe7c60d3b1c7a6dfd79af354921e","19",""
"tests/native/esp8266_app_poll_test.c","True","False","6056","142","4cc750a78b359effbcb3cf202a33092d2fd9d87602f6324275ba57d8e4bd9476","1",""
"tests/native/esp8266_audio_health_json_test.c","True","False","3147","70","030925b9e585624a20235bf19c718f955a225582162cad908f9c7adb5965dcc6","7",""
"tests/native/esp8266_audio_stage_profile.c","True","False","2766","59","64079cb8c1066635df9d7b05034b4376cc7c6dbeae9405c39ca71a2f68fbad28","4",""
"tests/native/esp8266_audio_window_test.c","True","False","1554","30","8508c699b27a959306a5b19143161d33b0c60f57be3d5106cdba38c1b994a379","3",""
"tests/native/esp8266_direct_pdm_test.cpp","True","False","20790","471","bd8710124d9e25ce7fbb6ffa9a71cfaa031ff32a5f55a7f61b9a540186c6c834","16",""
"tests/native/esp8266_http_allocation_test.c","True","False","5182","130","409faf4c9ac22056f01bd11463efda058ca9855f19bbc13c208ac061030f1365","2",""
"tests/native/esp8266_http_connect_test.c","True","False","12695","251","384f6aceba69f7a3fee0d23dbb01cdd95261466a23dd443b8b8d153fd65d2f90","4",""
"tests/native/esp8266_http_headers_test.c","True","False","9288","173","959e43979f2dc3884c12701d2c5df6ee314e23859d002c8fcea13402ab163fca","40",""
"tests/native/esp8266_http_protocol_test.c","True","False","3846","95","509166b6a9021da2fdac69af3be933298acaa254460c529252765cc51efdc89c","35",""
"tests/native/esp8266_http_receive_test.c","True","False","6083","134","c2ecc007161601fb3596b74371b641d866b45f7a22da4c3b8d60de102359d8a1","2",""
"tests/native/esp8266_http_response_test.c","True","False","3262","74","5d3c196332896640fb98aefd9146f6cbaf0ff07c9364221e4cfc7d76b96d68a3","15",""
"tests/native/esp8266_http_stream_ownership_test.c","True","False","9461","209","e6dd8d6fa2f35b9936d2dcd6ec5c73350cf1e2e83faf970419dcd855e0b8b12f","28",""
"tests/native/esp8266_input/bridge_test.cpp","True","False","5207","121","ebe41587cc2fa464057447529e947d1f1693eeeb3ed3ad94cd02d3fcacd828f4","5",""
"tests/native/esp8266_input/stubs/esp_heap_caps.h","True","False","296","7","a01637cf80cbcd66ecaa5c68527504f93e81fbf12ed254133f44c72db7912757","0",""
"tests/native/esp8266_input/stubs/esp_log.h","True","False","113","4","5f123f4f05b28eb14a58e5f38474a81f31a4c424e8e1f2ced5e94865d364690c","0",""
"tests/native/esp8266_input/stubs/esp_system.h","True","False","105","3","d9ff09d40e3cfe562608796c6f38fcb69b86974b53d95ea534cd0c9040ad409e","0",""
"tests/native/esp8266_input/stubs/sdkconfig.h","True","False","128","4","0eb85553fa651e053bf7ba222b4824e4209954ce9c7153f2b0dd2fa3c4963700","1",""
"tests/native/esp8266_multipart_test.c","True","False","1974","49","44b6ce6f82f7356a6ea3abb1e269d517e63fddb9c887f8d335399c4617dffa3d","11",""
"tests/native/esp8266_native_opus_test.c","True","False","20310","387","1dc4c0eca035d9558154716db559ea80bf01cab0036861d632479655e37e5cdb","12",""
"tests/native/esp8266_nodac_buffer_test.c","True","False","3926","99","81d1238681615fe21a4120eb55f549f7738c52d9d766e4a2e117fb8a018ec0fd","2",""
"tests/native/esp8266_ogg_demux_test.c","True","False","29099","718","fea30d5fdf2a29259d4d49c585cf4a44c6b8dda343a73be363b5ec3c0a81fd6e","16",""
"tests/native/esp8266_opus_asm_entropy_test.c","True","False","1479","29","11642c5b55e4c8438741447df830144022bc4945c614cc32cf2a9ddb841d2e39","2",""
"tests/native/esp8266_opus_function_profile_test.c","True","False","2226","38","83fb5e4937a9413d9e7ab8c81a7c8c345dcd00056c997d14c8b0e0121151f097","1",""
"tests/native/esp8266_opus_fused_normalize_test.c","True","False","3257","79","670241a2dd9b7f3206bb1b9c067621d9aacb40dce9a4ee4dae1795792e3b16a2","4",""
"tests/native/esp8266_opus_icdf_flash_probe.c","True","False","8682","170","1ba4245699a6cab53e158eee90b3ad5ba0442257083048dbbceb62b02255e35f","6",""
"tests/native/esp8266_opus_pulse_inverse_test.c","True","False","1065","29","3537cfd731735448eee5f42525dabf4cf9b53ea122488140435a364dca6e2eb9","4",""
"tests/native/esp8266_opus_pulse_lookup_test.c","True","False","1605","39","3ec4f94f3e15818ed5df1bb3aaccd23787142dd9cbba0de484b68e48c0e40c70","5",""
"tests/native/esp8266_opus_reconnect_test.c","True","False","16352","362","00b1f443cf898c581341f5385b56bd7d7e3cc0cca1803003eab30fb3bde7bbd2","9",""
"tests/native/esp8266_opus_word_access_test.c","True","False","3129","67","20525874ee3344dc32caa57b8a9162a7b9801e2059ee1596245310e1d75d276e","2",""
"tests/native/esp8266_output_channel_dispatch.cpp","True","False","17452","340","2ea8dc22912ff21f61bd76ae1bd0840721af6e27ea4a4ddf4a5161cb78c47ff2","46",""
"tests/native/esp8266_pdm32_iram_probe.c","True","False","1995","52","830c68010c18ecffca1ef9396ab14a881d992aa5964648fd4f37a7bcfe3f45da","3","8:IRAM_ATTR"
"tests/native/esp8266_playlist_install_test.c","True","False","2371","53","443a4f2222c22a55764e0dffd00adc8336d0486ab4c1eba5647441dea7add708","23",""
"tests/native/esp8266_playlist_streaming_test.c","True","False","9019","188","593c642a2ed6b2b7357b436d166ec2a39077bdf7b6012580c67728314c6d88e9","48",""
"tests/native/esp8266_rcpdm_test.c","True","False","3685","93","36559b78f903a105de2d6e1ed9efee4a4f9fe3b7fbae2177a2fa7a7325f7d252","3",""
"tests/native/esp8266_small_gzip_test.c","True","False","1143","30","96b482a8ccab1271abbbd00f996ce2e0ca4be7ad4717978e960ad5fb12ba52a5","3",""
"tests/native/esp8266_spiffs_log_test.c","True","False","9947","187","e506fb0e13bfe78a1e308ae71732001f26e53913293912f7a75712ecb61999ce","23",""
"tests/native/esp8266_status_led_test.c","True","False","6426","122","0d09f10d455310604f22729b9c66f1b3069eeccf4c677556b3c0f05ff6214ec5","1",""
"tests/native/esp8266_stream_input_test.c","True","False","6847","144","97099b621286d4c14526e37fb08ea02e6f12f2ef8dc0e8bcbea5251c5506fb27","8",""
"tests/native/esp8266_stream_metadata_test.c","True","False","5174","115","ccbb6e27ad076455edd59f042522c5f5e3fbb0f69d46dd78f71a7b9c9ec59e18","13",""
"tests/native/esp8266_stream_wait_test.c","True","False","3727","77","aad75be562ca12267329cf9332c1ce8323e99857c7611452052405fa434a6998","3",""
"tests/native/esp8266_transport_health_test.c","True","False","4175","89","83ac7c376e1345008707cab3a3080b57582dc6a39f3ae394c4d7c4e6c1cb1650","3",""
"tests/native/esp8266_volume_scale_test.c","True","False","3607","84","198cd9de85ea64aa1178ededdc8aec6d8f21445847331d1d84c9f265108c1adf","1",""
"tests/native/esp8266_web_audio_pause_test.c","True","False","6803","169","5a3e5a45dc9dcffeb77b49d4033f7a8dd833e7b31c4c5bc2cef8fdbfc2d59ace","4",""
"tests/native/esp8266_web_spiffs_log_test.c","True","False","3856","62","2ec52ef9554d4f69c7bf19beb0abbc3b450de5324e0d21b7a70677dc7fd61f51","6",""
"tests/native/heap_diag/esp_heap_caps.h","True","False","503","16","9af8f00449bf48d5107997292f440e05a946f7e4c6cef1fc9b7c9e20436ba792","0",""
"tests/native/heap_diag/esp_heap_port.h","True","False","166","5","ec99a7f34dbe7f575aecd822fc990380ed247547892c4d98a537cb7d007f154c","0",""
"tests/native/heap_diag/priv/esp_heap_caps_priv.h","True","False","185","5","d8fcbfb600705d20108356281dcfa273118c6b15f5c7368c3fbebc76b55f57de","1",""
"tests/native/heap_diag/test.c","True","False","2432","44","170e8e95ebd1897ecb3714929e2a60ad3e8bc48d8b9824fb7f03866362aec7d6","3",""
"tests/native/helix_golden/Arduino.h","True","False","761","28","5fa3fd43cc1516a02998ea45897d0270f42b56bf3c02fe57d9b7d29ce47a44fd","0","8:PROGMEM;9:PROGMEM"
"tests/native/helix_golden/aac_bit_reader_test.cpp","True","False","1880","43","fb5391cf7253554c8b318c4b38e9f98045fd116ad393f350e682c815a29547ea","2",""
"tests/native/helix_golden/aac_block_state_test.cpp","True","False","7380","139","d9f9637a14cdc20f9a34f7fcaa523243e12df88e12c28a8f8e0d2cdc3b0fccdd","3",""
"tests/native/helix_golden/aac_huffman_state_test.cpp","True","False","1125","23","27b50a8dc2f438106dc8d8ecd7aba3b9c94427b3425f11e8079276ab4f937d6b","2",""
"tests/native/helix_golden/codec_arena_host.cpp","True","False","576","19","9d74dcceeef11c5399f81eacaaefade2b24f8590971d4756d61a457fe0cebf3a","1",""
"tests/native/helix_golden/decode_fixture.cpp","True","False","7858","190","3526e7a55f78138deeec8e7118e865aa8b1a7f226f81e84a8caf52b58c030cb5","29",""
"tests/native/helix_golden/mp3_block_state_test.cpp","True","False","3130","69","c34e00a532f19e982b7bebcb7348bf774fba858d6a40032da4d64dbf463a7297","2",""
"tests/native/helix_golden/mp3_mono_state_test.cpp","True","False","4543","114","0509f413b928f791d1690a165a6be6bf3c268f5238a18607ff52a1cbc3c6db13","2",""
"tests/native/helix_golden/mp3_reorder_state_test.cpp","True","False","6082","146","30dcfc97e006a7e9cf1934c453125005874fada1875a99923b96bd36dab2e88a","6",""
"tests/native/helix_timing/helix_timing_fixtures.h","True","False","502","10","b9db9bf95af383bfef0dfed50fe4adc9aa75c304f955c6f991811d71b3c7da7f","0",""
"tests/native/helix_timing/test.cpp","True","False","3190","56","d35fc184172dec735c8174a420dc63086171d84c3d6a3b74d2e7c62450b9e6e5","22",""
"tests/native/libmad_golden/decode_fixture.cpp","True","False","3156","87","fcfa1df200c0a0b9a3aafe955f57affdeb16fe3fa558d5eb8c4145c18e1b01bb","13",""
"tests/native/memory_tcp/lwip/priv/tcp_priv.h","True","False","351","10","34204805bac2e7448e322c21444d5961b6ef2e2b0bb3d7340146250d73e55d87","0",""
"tests/native/memory_tcp/test.c","True","False","4730","88","ede3fb07a3d21bcd456289a7ef4accf3a6e98430566c50936041eca79cd29853","14",""
"tests/native/opus_board_benchmark/CodecMemoryArena.h","True","False","324","7","2a20172115c5f356101b12fbfe8269253565bd72a36fcaea21f11e1a7fb594c5","0",""
"tests/native/opus_board_benchmark/codec_arena_native.h","True","False","184","6","6ce97be2b1558394503ce7a48caa2a43a7338d59b70e7940782d75e59ac6bb7a","0",""
"tests/native/opus_board_benchmark/esp_err.h","True","False","79","4","99caa2215075f84757a0bf925539266c28ffc3e9ab27eb096d3e32b0b036ebfe","0",""
"tests/native/opus_board_benchmark/esp_heap_caps.h","True","False","275","12","afb0fd9a9c182f1f5effcaaed4a7b0846be798eee8cb050e945cf7e39594375b","1",""
"tests/native/opus_board_benchmark/esp_timer.h","True","False","143","9","f0945ec54dfe010185ed1bc635453cd25891500d0a8f7ef588b080ad12b239dc","1",""
"tests/native/opus_board_benchmark/freertos/FreeRTOS.h","True","False","387","11","a22b058f3d030cad4daa8e561cbb888e664b00c4f5721eb03c7a8b0808f06764","0",""
"tests/native/opus_board_benchmark/freertos/task.h","True","False","351","8","f8bf8b19b124156b3b80ca8430acd2db29c0b8e8ddfcac99a6cf22197d6ac35e","1",""
"tests/native/opus_board_benchmark/opus.h","True","False","282","11","497667200e379e8735dddf3404703307894ab614d58198304f36f8c206ab884c","1",""
"tests/native/opus_board_benchmark/opus_board_fixtures.h","True","False","976","21","f578f16e9478e0628476f9f1edb199761d7063d832fc0200a810ff901c8d40a0","0",""
"tests/native/opus_board_benchmark/opus_memory.h","True","False","475","14","1e92a79d93341a72fbb31cf7c4f1eb25103de937b3878c7e666d6db2a9e5d17c","1",""
"tests/native/opus_board_benchmark/test.cpp","True","False","18242","400","2fe5e31748010db0cf1fc310f87ba8ebf4641950f78c957a83c06e81e9428004","37",""
"tests/native/opus_stream_request_test.cpp","True","False","4239","76","40fdc5f378f37d54a7bea8623eb6ae527fdc464b8fe595de8c5f0fcf98f6fd50","26",""
"tests/native/pcm_queue/esp_err.h","True","False","179","7","8756e1cac6de452654a6741d643cea7b8ffcc674fdf04f6c1805fdea07b3038b","0",""
"tests/native/pcm_queue/esp_timer.h","True","False","70","3","7d18e645f5bbf86bc5cd3562329efe893c1e9b91ea51c4cb9b5802224b5152ca","0",""
"tests/native/pcm_queue/freertos/FreeRTOS.h","True","False","353","12","99c207538e81909f015b9b526672b7015b033e0dff8aa9ad283210109487fa71","0",""
"tests/native/pcm_queue/freertos/task.h","True","False","531","11","064dffd51d02499cfb1cca1c9d3be583be5e7449fdfbc0f55c91d8b678cc38e7","1",""
"tests/native/pcm_queue/test.c","True","False","8812","164","0cc840dd8594256325c133d2f85d7f74ff6fcdd4191aadfd4fcbe5eb3e9c658b","4",""
"tests/native/rcpdm8.h","True","False","1474","36","5b5211524f97e54a49dae47d05c7cd77dceb67c43d806928cefd914b0894a4ef","1",""
"tests/native/rcpdm_feedback_codegen.c","True","False","341","8","568710c0e026b8796d3ec1d1b279f087e3639d9e35085eeefa0dc6253195f946","1",""
"tests/native/rcpdm_feedback_reference.h","True","False","2042","41","80c3b8d4c1f71726a6b407ff239721cfd8409914c12e50ee82b632103c8eec14","0",""
"tests/native/rcpdm_feedback_test.cpp","True","False","5288","89","dc26e3d8d0336ababc996027a3c1cf7994047f40251eeb6baea704b36db0497f","17",""
"tests/native/rcpdm_runs.h","True","False","3912","89","2ba2674e45e7c6f835f11824bdbd435380db61af7664381e9f6b13297b2f58eb","2",""
"tests/native/rcpdm_simple.h","True","False","5500","128","db9d61de06de04229b3fb3a074faf1fbceb9f432cd6ba9c193aaa0250c80ca86","28",""
"tests/native/rcpdm_simple_codegen.c","True","False","545","16","fe693d4af0642944d8841ca39140dd291d2a271afea95fedb82b175abe618185","2",""
"tests/native/rcpdm_simple_reference.h","True","False","665","18","6d7f68c446a8623a21467c0ea06979b5823f1c923143ea5169d5d4f4d9eb83cd","1",""
"tests/native/rcpdm_variants.h","True","False","3124","80","3122393b8877056f05e92f8d67d0ffb965b7fdd691d7f111594fcb15c915b177","1",""
"tests/native/sdk_rx_diag/freertos/FreeRTOS.h","True","False","85","3","fa694cac9601dfe9432dc902c6ab838f61df9d7e03e0d5a6a56135eaadbe36a8","0",""
"tests/native/sdk_rx_diag/freertos/task.h","True","False","122","3","fe52e97e35535f107fe31413532cde491ac93e80e6ab99d21ac3f18d892cd581","0",""
"tests/native/sdk_rx_diag/test.c","True","False","11473","292","6cf23029d42aea56f6784fdcbbd05e0550356a8d529fd278684bc236667824cc","5",""
"tests/test-esp32c3-cache-model.c","True","False","1893","44","235ada60ee9c38d133cc4c75d9228bbf075092afa36fa3b090e692f1aaefc951","2",""
"tools/codec_benchmark/cache/cache_model.h","True","False","2415","65","290032bcf1171a46cde25a3990b8f8f89dc6bb99e49f262708edbe80d2b4b5ee","0",""
"tools/codec_benchmark/cache/esp32c3_cache.c","True","False","7292","163","76481759f0826b637317ea8d5944a3221b1b6c0c9fc8f71d0fbd0e70707f720a","34",""
"tools/esp8266_audio_profile/pdm_matrix_quality.cpp","True","False","7051","147","832b50ce98d1e75d71a67b3d9c0fa90714342887ab6c6dcaf9831f652eb0dc68","28",""
"tools/esp8266_audio_profile/rcpdm8_quality.cpp","True","False","6061","113","b019daa64f317f8c267a0dcd48e41508130b3b12a6e3bcc0abcfc0a4a755532a","28",""
"tools/esp8266_audio_profile/rcpdm_6144_quality.cpp","True","False","8147","141","70429e9479b84892ed612c58ffe6d5d4e2de6ef7436761bbf1cacd8c0ad644aa","33",""
"tools/esp8266_audio_profile/rcpdm_feedback_ab.cpp","True","False","13778","219","8c1df01e5b370c0d677cffb34f4032b6998b1387dc188feb538c3675a6a20272","61",""
"tools/esp8266_audio_profile/rcpdm_feedback_quality.cpp","True","False","2281","35","89ea1bfc52ed77cf085fb8d88f555021aa632af477d65cc128363322eda26338","13",""
"tools/esp8266_audio_profile/rcpdm_precision.cpp","True","False","7731","153","b6d8c1e7a4036961dc9c14bd5024111f7e5a09ad38609d106fe47eb6ac433ef0","32",""
"tools/esp8266_audio_profile/rcpdm_radio_benchmark.cpp","True","False","11007","197","61ba2074c56a9158eb1f9bd6151489797e9053806f45411781484a66b0b2f3d4","63",""
"tools/esp8266_audio_profile/rcpdm_simple_quality.cpp","True","False","6677","132","3f0a863cab2b053a797f3830a95981068f3e856c1352a8386d0fa4b87f8f539d","38",""
"tools/esp8266_audio_profile/tcp_info_addon.cc","True","False","4209","73","0864e0c80a40633356e17b26e9271bba3cee1f29a7665668d68b2105a2350dac","23",""
"tools/esp8266_opus_asm/allocation_byte.s","True","False","889","23","c68cd16c69ead2a9e08f56937fddb07aa724b9be35c81ff61651331a7783e96b","2",""
"tools/esp8266_opus_asm/bits1_fast.inc.s","True","False","1035","26","f20c041b0ab7fbcfe871102950c235e9a4635ccd802473e812399a6e3700735f","0",""
"tools/esp8266_opus_asm/bits_fifth.s","True","False","813","26","e8e92330a021a43a9b7691a656197684f55aae5cf188baac76a908e5433120f1","2",""
"tools/esp8266_opus_asm/bits_fifth_probe.inc.c","True","False","2057","47","845031601a27e13164216cb66d49f1a84e348a6f3182e1822a7ab848b0f627b1","10",""
"tools/esp8266_opus_asm/bits_fourth.s","True","False","903","26","e2a16a14ad6bc24d5bb8cf3402267ef10e6c4a99b1d169e0d7e000b5b254849f","1",""
"tools/esp8266_opus_asm/bits_fourth_probe.inc.c","True","False","2211","49","812c8095226ff417332c0bd6acc6af72dd74419b6a1feefb9ee1d43c210663fb","12",""
"tools/esp8266_opus_asm/ebands_final.s","True","False","1888","78","6d17fc902617d293ed9cdb1c252b902b418b381d8930bc3ceb7cac0acceee0ce","7",""
"tools/esp8266_opus_asm/ebands_more.s","True","False","1366","54","f2d86b95631a9462309e001b1374d1700dea383bfb41a92b2e7d68387484e5b1","4",""
"tools/esp8266_opus_asm/ebands_pair.s","True","False","973","31","65e53fbd6387be64a8892a308f754b3cde782ada801bb7979ef326616b280969","2",""
"tools/esp8266_opus_asm/ebands_probe.inc.c","True","False","1931","39","d67b8e42f067c1711f79808df0c4fe364e6ed3cae3c126051c0e8a59616ecd1d","15",""
"tools/esp8266_opus_asm/ebands_quant.s","True","False","653","15","9c41960691fd430b3838f176afc1d5d1b0dde47843f44af85fe37be8ec388aeb","1",""
"tools/esp8266_opus_asm/ebands_src.s","True","False","824","24","6a04b232e146d61503217b8a94895c79bf3b070b0625caec9bfb229d147b3340","1",""
"tools/esp8266_opus_asm/ebands_u16.s","True","False","2664","116","30264a57641d811eddce05c3a6366361523fa938ee4cd1b011016afb7130a001","7",""
"tools/esp8266_opus_asm/ebands_u16_aligned.s","True","False","3034","123","218aed8e07b3d4835ef8d6872a0cb1151cd0aae45e27db4909b24c0553c47e1a","7",""
"tools/esp8266_opus_asm/ec_bits.s","True","False","960","26","33828ffba2b3edd831b2de1688419bba5172cd786a4980cee75f99c7b4f2c253","1",""
"tools/esp8266_opus_asm/ec_dec_update.inc.s","True","False","2104","62","423a0368d93e6c5eb7fc3fabb562b613d95fabcfa8e3ba2a711fe7ae556aacfb","0",""
"tools/esp8266_opus_asm/endpoint_cost.s","True","False","1214","38","447c9ea2186e134e96997d57d8d39c0b94bddf3b1d5a9ccd5ec470e014930c9b","8",""
"tools/esp8266_opus_asm/endpoint_cost_probe.inc.c","True","False","1993","35","b01cf21c40be73a73275415e06a1346de2dcf5d153751c51767f3676866cfd62","9",""
"tools/esp8266_opus_asm/fft_load3.s","True","False","608","12","7a51373cd5042300c957b15c2d55e0ae284d86c3762e890834c42b76fe2b2151","1",""
"tools/esp8266_opus_asm/fft_schedule.s","True","False","780","17","dedf8fbb6a7314532edd0e21537179c11640cdf7190b4bb79b5fd0144c252080","1",""
"tools/esp8266_opus_asm/fused_normalize.inc.s","True","False","1547","53","5553bba3730d607ccc53304bffbcd1c4bef48c536d6d491eca1558c734cf7caf","0",""
"tools/esp8266_opus_asm/inner4_loop.inc.s","True","False","912","27","1d88e673bb48c8c8af2facf130aba11b2db833ae797ce92004a3c98e8261106c","0",""
"tools/esp8266_opus_asm/logp_prefix.inc.s","True","False","959","30","2a5b84cd9d28468a7a60b75a1fa95813c2cf068cc9888f84e7ac3da8d1049635","0",""
"tools/esp8266_opus_asm/mdct_post_pair.s","True","False","2782","121","12ba1a180eb8c219bea0db383607ed8b70476849e0616408dd02b4798b164dcf","1",""
"tools/esp8266_opus_asm/mdct_three_pair.s","True","False","2370","85","1b425b8e7f404664ba598ce59fd8c1f036646d29a9564f8b9468afe4b24e6749","1",""
"tools/esp8266_opus_asm/partition_points.s","True","False","1041","28","09afaa84cc406008a1830063ff0591696cb1b875d6baa0346629a13e94ac6ebe","5",""
"tools/esp8266_opus_asm/pulse_lookup.inc.s","True","False","1319","44","1af304ae6fd1dffb253cfee1a217cde66e058e998f372d6bc7118f9c192a688b","0",""
"tools/esp8266_opus_asm/pvq_a4_probe.inc.c","True","False","1412","29","678f4f9e133c2f811985c63091feddc82307cec168065fdd3c9165770c7cef71","10",""
"tools/esp8266_opus_asm/pvq_a4_word.s","True","False","772","26","0ebef92e2c8d9728c17a877410284734d61c78602b29d62c8f950dfaf1c01f06","3",""
"tools/esp8266_opus_asm/pvq_adjust_probe.inc.c","True","False","1649","28","a485fbcb2cf2735ce1b17b9577a16f3837717efd6d44110bd26522a84483be4a","11",""
"tools/esp8266_opus_asm/pvq_boundaries_probe.inc.c","True","False","1914","34","f6e187ee05b200d0f0a65127c799336d8289292b2089e2e2141351b190974ab8","9",""
"tools/esp8266_opus_asm/pvq_byte_phase.s","True","False","1561","53","72fdbe9b1db604fbbbf5607919d7ae036aaf21360133da05078ad7f3f9fcb6d2","7",""
"tools/esp8266_opus_asm/pvq_byte_word.s","True","False","1142","44","30bc0c05f49f7e6dc4b7fc56dd819ba6e0edaf83041e13f074cda22ab72deb22","6",""
"tools/esp8266_opus_asm/pvq_dim_pointer.s","True","False","2995","133","f13993f91db8bbbc6635ca2b88a6a802f59b2f3c397ed259ce199ee6694cc7dd","1",""
"tools/esp8266_opus_asm/pvq_endpoint_probe.inc.c","True","False","1642","24","8975efa030133d74806c633ec4dcadd12029ed266655cbb3935a10ea990155d8","14",""
"tools/esp8266_opus_asm/pvq_endpoint_word.s","True","False","1023","33","307922ab59db59ce4ab713f85f51ee34fdffc4bc92375a98cb8cecaf2d15b7cc","4",""
"tools/esp8266_opus_asm/pvq_exp2_table32.s","True","False","893","19","2cd28ad2ee621a48cb91f3a52f58b1c248b13db88c6cbbe59f1b738c2fd50b9a","4",""
"tools/esp8266_opus_asm/pvq_exp2_word.s","True","False","869","25","0d164399b559e1d4174a358ec1de97dc356280d2a5afe52b5d6a1b0f088cbedc","2",""
"tools/esp8266_opus_asm/pvq_index_half.s","True","False","985","29","d3413ff885faa9db61d5a734c07998990021990fc4facb27fdaa2e1798688b30","3",""
"tools/esp8266_opus_asm/pvq_index_probe.inc.c","True","False","1626","24","4ca3e7f3820ab9b23aef68be9775352c726d67315a42169e71303822a6f71647","15",""
"tools/esp8266_opus_asm/pvq_index_word.s","True","False","1009","30","a78e3c6fef83b81e851720b178c80c8456f1df74adf0ee2e688cb9edc5c26b87","3",""
"tools/esp8266_opus_asm/pvq_logn_word.s","True","False","870","25","29e4e46f7951956898e9c31926d0028f38086468ac65e452d4d30aaa9d43794e","2",""
"tools/esp8266_opus_asm/pvq_path_profile.c","True","False","3752","90","7fd86f5f0550e70c8a130081f677cf891961fb756023388e09efcfa8068091a0","21",""
"tools/esp8266_opus_asm/pvq_path_profile_test.c","True","False","2196","48","c9b0be12a3543085a2aed42cf9ce4ac13d7fb897a1f50f59ee589eb95f7800a6","2",""
"tools/esp8266_opus_asm/pvq_qn_probe.inc.c","True","False","1726","41","a1a8bcc6ff8e67f6d80953a4dfb2090f0f5e58f396caca9ee6b38608e38a180a","16",""
"tools/esp8266_opus_asm/pvq_qn_table.s","True","False","1141","27","687fecbb550bed715e393cfe9d27252594d4c01dcd3bfad9f26f86dbeba9e57b","3",""
"tools/esp8266_opus_asm/pvq_row_loop.s","True","False","888","23","ba889855bc660c23d8749c09b73f79ff49f50cc6d971700166d1a81ebd3f8377","1",""
"tools/esp8266_opus_asm/pvq_row_probe.inc.c","True","False","1335","23","2f751f9408ea824fcbc67db12ea43d535cdd1522473a7695b2235d0676de8ba5","10",""
"tools/esp8266_opus_asm/pvq_row_word.s","True","False","721","24","2468374f5c362265f538237473bb957b1023a8c4438117874314543fedbb2f4f","2",""
"tools/esp8266_opus_asm/qn_tables_probe.inc.c","True","False","1727","34","45dc4ad31377ebeab25a43e37f948a63a80696a1048feaece8bc5927b6e30303","15",""
"tools/esp8266_opus_asm/tell_inline.inc.s","True","False","1033","32","b3a16e868a31c63e0d692d0fdab79d1a7558c30d56eef1ed08e1b2708a2a57cf","0",""
"tools/esp8266_opus_asm/theta_reachability.c","True","False","4121","90","1edc429d933e03ef8498c32df40bc9c36ec3835b53e6ba308218ef3139638eaf","15",""
"tools/esp8266_opus_asm/update_fast.inc.s","True","False","1363","34","1c45e626f3a53108e5615da74e4c24001d49811e62659857235c464b1e6cd7ac","0",""
"tools/esp8266_opus_profile/autocorr_probe.c","True","False","2699","51","84a21e1d68bc88418a76971ba37388949d4da517401183092062466908ea0a0c","15",""
"tools/esp8266_opus_profile/block_probe.c","True","False","4563","82","aafb18e673c42c2c687f40214af3cf3db812bc768c7b820c017b26913fce273c","9",""
"tools/esp8266_opus_profile/celt_decode_guard.c","True","False","562","19","d01e4c76658570e74c141129ee317e27219bf62eaee87923e01114b68315f489","3",""
"tools/esp8266_opus_profile/fir_pair_probe.c","True","False","2596","58","1768bacf98ef8833657473b5bd9406ff1168cb1e9179421cdba3b01efe6e1df1","2",""
"tools/esp8266_opus_profile/function_host_clock.c","True","False","495","11","f9930d2c1325ff32f22785c0bedacb15b45cb721315eeadcc8e0fe0c03f9d10c","1",""
"tools/esp8266_opus_profile/hoist_reciprocal_probe.c","True","False","1804","62","035e8e2baa263e1348163dd9ccbeb99b542518cd3f0061afcd0a430daf7d23bd","3",""
"tools/esp8266_opus_profile/leased_probe.c","True","False","8239","153","040a136abb7fcf20e6497edc042c6eed55217b29deb85979669ae908bc57f56a","5",""
"tools/esp8266_opus_profile/phase_probe.c","True","False","9713","167","dfd96d75b24f573902448c1575273c8289b45154382bf1242ce1117cf04819a2","53",""
"tools/esp8266_opus_profile/probe.c","True","False","14484","261","2e58ee58902edacc8b8ecac240e6099c67ff8958314636e538e49e22aac097e7","85",""
"tools/esp8266_opus_profile/rotation_reference.c","True","False","2113","52","0dfc9ba28d3679db98cfde65d3fe2a37ce3d1633fc744a7fd76a3eee34e8b667","3",""
"tools/esp8266_opus_profile/silk_scratch_probe.c","True","False","4811","96","8f2cd4c77591670b7ea772a53dc8c0277a78449f3fbcd888516206fcaefc93a0","6",""
"tools/esp8266_opus_profile/stage_counter_probe.c","True","False","1067","26","871de3f3d5b4f566fbc7133042d119959219ef93eb7869773c79e537f8f413ed","1",""
"tools/esp8266_upstream_compare/aac_sizes.c","True","False","330","9","a1bba8470def194cde9e09a096845ebe0cf9614e28dbd7626a0bd2e982c637f9","1",""
"tools/esp8266_upstream_compare/mad_sizes.c","True","False","506","11","20ce631162682234ced58449b706f678aa894a79386490938195b97381bdfe19","2",""
"tools/esp8266_upstream_compare/stubs/Arduino.h","True","False","116","3","816982fa5181bfb1b4feb8232abbae8b1332af1a54cd7c59da93b0b6700c0776","0",""
"tools/esp8266_upstream_compare/stubs/pgmspace.h","True","False","112","3","e68f75070756082c7075ce9580bce19a93b1d6a26668955db37b540db78806ec","0","3:PROGMEM"
"yoRadio/boards/esp32c3_oled_042.h","True","False","2047","60","68f40fbff31c4db258d414cac38abfb2a4ec58f22b0be69c03848cb655950d4e","0",""
"yoRadio/fonts/glcdfont.c","True","False","8834","277","c67c5a7ae2016e4cfba067168ba08604c899884fde80a66d532eaff3d59e0b94","0","10:PROGMEM;15:PROGMEM"
"yoRadio/fonts/glcdfont_EN.c","True","False","10205","287","7c28fe06b4697cdc46b5ed8efbe18e150c97f42b0ac2ddedb1bf226b9639df15","0","14:PROGMEM;15:PROGMEM;17:PROGMEM;22:PROGMEM"
"yoRadio/locale/displayL10n_en.h","True","False","3659","82","2e904a21c5e4390d218fbe12ccc6f3fe363bef8cfc7d4800670498b800175955","59","9:PROGMEM;10:PROGMEM;11:PROGMEM;12:PROGMEM;13:PROGMEM;14:PROGMEM;15:PROGMEM;17:PROGMEM;18:PROGMEM;19:PROGMEM;20:PROGMEM;21:PROGMEM;22:PROGMEM;23:PROGMEM;25:PROGMEM;26:PROGMEM;27:PROGMEM;28:PROGMEM;29:PROGMEM;30:PROGMEM;31:PROGMEM;32:PROGMEM;33:PROGMEM;34:PROGMEM;35:PROGMEM;36:PROGMEM;38:PROGMEM;39:PROGMEM;40:PROGMEM;41:PROGMEM;42:PROGMEM;43:PROGMEM;44:PROGMEM;45:PROGMEM;46:PROGMEM;47:PROGMEM;48:PROGMEM;49:PROGMEM;50:PROGMEM;51:PROGMEM;52:PROGMEM;53:PROGMEM;55:PROGMEM;56:PROGMEM;57:PROGMEM;58:PROGMEM;60:PROGMEM;61:PROGMEM;62:PROGMEM;63:PROGMEM;64:PROGMEM;65:PROGMEM;66:PROGMEM;67:PROGMEM;68:PROGMEM;70:PROGMEM;71:PROGMEM;72:PROGMEM;73:PROGMEM;75:PROGMEM;77:PROGMEM;79:PROGMEM;80:PROGMEM"
"yoRadio/locale/displayL10n_ru.h","True","False","3990","82","d5b7659ebde2f274318242806771ba50c00145796dd4f1b059c77665157b52d2","59","9:PROGMEM;10:PROGMEM;11:PROGMEM;12:PROGMEM;13:PROGMEM;14:PROGMEM;15:PROGMEM;17:PROGMEM;18:PROGMEM;19:PROGMEM;20:PROGMEM;21:PROGMEM;22:PROGMEM;23:PROGMEM;25:PROGMEM;26:PROGMEM;27:PROGMEM;28:PROGMEM;29:PROGMEM;30:PROGMEM;31:PROGMEM;32:PROGMEM;33:PROGMEM;34:PROGMEM;35:PROGMEM;36:PROGMEM;38:PROGMEM;39:PROGMEM;40:PROGMEM;41:PROGMEM;42:PROGMEM;43:PROGMEM;44:PROGMEM;45:PROGMEM;46:PROGMEM;47:PROGMEM;48:PROGMEM;49:PROGMEM;50:PROGMEM;51:PROGMEM;52:PROGMEM;53:PROGMEM;55:PROGMEM;56:PROGMEM;57:PROGMEM;58:PROGMEM;60:PROGMEM;61:PROGMEM;62:PROGMEM;63:PROGMEM;64:PROGMEM;65:PROGMEM;66:PROGMEM;67:PROGMEM;68:PROGMEM;70:PROGMEM;71:PROGMEM;72:PROGMEM;73:PROGMEM;75:PROGMEM;77:PROGMEM;79:PROGMEM;80:PROGMEM"
"yoRadio/myoptions.h","True","False","1776","59","a76ef900fb876609683baa8869635a5f63cadf53c3af0ace01c796b2d0f59c87","1",""
"yoRadio/src/Adafruit_GC9106Ex/Adafruit_GC9106Ex.cpp","True","False","11884","314","7ff4c8c3b0e5a7be0f09cded321cf211bd17dd848a1831105dd7f13a1e991cf1","4","129:PROGMEM"
"yoRadio/src/Adafruit_GC9106Ex/Adafruit_GC9106Ex.h","True","False","5203","130","dc0fc81496c30bb0e8e2b91f9b4ab322b6030693310649642238cc4ba70dbefc","3",""
"yoRadio/src/Adafruit_GC9A01A/Adafruit_GC9A01A.cpp","True","False","9962","289","b8487d85b2055d370c09006ef77acb845aa0902b977a62803ef4223956f01670","4","133:PROGMEM"
"yoRadio/src/Adafruit_GC9A01A/Adafruit_GC9A01A.h","True","False","7327","170","6e0b42dd6db50319af7717497a9b2dcee51f433427a175d38eb931f4d3d1ed1f","3",""
"yoRadio/src/Adafruit_ILI9225/Adafruit_ILI9225.cpp","True","False","9566","272","c5a0bd76f8575d4047827805514a2eec6c8d6ab16483a24db3f60b550466366a","2","72:PROGMEM"
"yoRadio/src/Adafruit_ILI9225/Adafruit_ILI9225.h","True","False","6261","109","ecfd6154874f845809ea2efbc3e59fb230fb2e7ffa7a3d5b542741ef5b08cf28","3",""
"yoRadio/src/Adafruit_ST7796S/Adafruit_ST7796S_kbv.cpp","True","False","13652","341","98a0a68458a7d91a0d38157e4cda9cd367f8c77d9461dc29230238bfcafa30f8","4","129:PROGMEM"
"yoRadio/src/Adafruit_ST7796S/Adafruit_ST7796S_kbv.h","True","False","5234","129","ba35a0d65199f054798cf6809da9c668c8165891580de36cdaf8b008a034bd7b","3",""
"yoRadio/src/AsyncWebServer/AsyncEventSource.cpp","True","False","10485","371","5676e18215cd7a13a06437fb43c60f729bd95526fdb8a38f0b598cde18733b5d","26",""
"yoRadio/src/AsyncWebServer/AsyncEventSource.h","True","False","4462","135","c2659873ef0ba90da89f6387af0836a06ee622520d1619289b62e0f95e97061a","4",""
"yoRadio/src/AsyncWebServer/AsyncJson.h","True","False","7751","254","cfbc2cdb40b32741ba20da14a250f875173fbb7d958e29817567ab5b67e46012","4",""
"yoRadio/src/AsyncWebServer/AsyncTCP.cpp","True","False","37216","1385","60521e81386d72a593bab2adf23d49b5206d3eff827fedf87bef0a44f5d613f4","58",""
"yoRadio/src/AsyncWebServer/AsyncTCP.h","True","False","8340","239","8e3fcb0eaec103b09702195ebbf99921f3cf2dbc51c8aaf074c687e659ac72ea","7",""
"yoRadio/src/AsyncWebServer/AsyncWebSocket.cpp","True","False","36596","1340","679e40ca92133f8ee8b8a917fe83bc6c517be4e9a9ccc9afc97d778e0d20ca5f","21",""
"yoRadio/src/AsyncWebServer/AsyncWebSocket.h","True","False","13198","352","437dfa116b23584b8ebb1bc27b3e8f15216ada4342e241bfe6a315093aaa01c5","4",""
"yoRadio/src/AsyncWebServer/AsyncWebSynchronization.h","True","False","1601","91","ff01d517797562dc3dcfd0709343dc3d05ee7d23a26522c4d077e5cc0d1bc06f","1",""
"yoRadio/src/AsyncWebServer/ESPAsyncWebServer.h","True","False","19333","471","3579a0511574eb76bf83b9d52076fd0658d6cd45d2a642910f31768597549fe3","13",""
"yoRadio/src/AsyncWebServer/SPIFFSEditor.cpp","True","False","33367","544","4573779acefb24b0c500cd6dd9f7473b3999d47b06129c28d25fc2d15741344e","50","6:PROGMEM"
"yoRadio/src/AsyncWebServer/SPIFFSEditor.h","True","False","912","24","c1db96b998d52e68e33203ec23ef9359906e6d936e7aa5d50992052b5dd9ed42","1",""
"yoRadio/src/AsyncWebServer/StringArray.h","True","False","4957","193","23c5998f120fcf821a047654c164a2ca306278d8cb91235384aa7f0157a52b8d","2",""
"yoRadio/src/AsyncWebServer/WebAuthentication.cpp","True","False","7695","257","5f7fbabbce6aa0a53a56b531955672ba7eee4fa8d1cf6855f64c3c8d77c8d131","41",""
"yoRadio/src/AsyncWebServer/WebAuthentication.h","True","False","1577","34","5ea6557f0e459bda223ad556886835ad0055a8d3071d0af146345080ad1bc0a7","1",""
"yoRadio/src/AsyncWebServer/WebHandlerImpl.h","True","False","6062","151","0bfa571f954628e6d6e390bebe3b6bb2f0ad957606dea03252ae2b8d333a7395","14",""
"yoRadio/src/AsyncWebServer/WebHandlers.cpp","True","False","7875","220","4b8346054225ef39a9c6a476e96e38469484f25325c8a02c5de8cdd52fb67997","27",""
"yoRadio/src/AsyncWebServer/WebRequest.cpp","True","False","33970","1008","c96fe203a5a3ff71a0c194e176c381900f7c050bc3d199b8808ed92307deebdb","67",""
"yoRadio/src/AsyncWebServer/WebResponseImpl.h","True","False","5526","136","a908f1008df889c41efd883111b3c8233e1629a43baf0a4c1d75cf73247d799c","0",""
"yoRadio/src/AsyncWebServer/WebResponses.cpp","True","False","25378","699","15590685beeaf8b828e90a9496d1557ba61b7bbe8cd139e4d25261f83906b6f2","113",""
"yoRadio/src/AsyncWebServer/WebServer.cpp","True","False","5925","193","2241a022f36da642c1254fc7a9595ae5155bc7b0cc9a0e4018869b7807cda8bc","3",""
"yoRadio/src/GT911_Touchscreen/TAMC_GT911.cpp","True","False","5004","168","45df9cb1e28c9ab2dffb67d5faa2ea7cb5547aec99982610627d2fc2be72070c","2",""
"yoRadio/src/GT911_Touchscreen/TAMC_GT911.h","True","False","8467","189","2793d4c525bdeab3786e20fa2cfbc1dd7fff0718a79a0dec1d967d27dd8cd241","1",""
"yoRadio/src/ILI9488/GFXcanvas16T.h","True","False","2135","80","7daba22309e8ee8d3d98badff5fd55fe02fe9b457696aca7ce7fed06b018a862","14","52:PROGMEM"
"yoRadio/src/ILI9488/ILI9486_SPI.cpp","True","False","19743","725","87fb757fe7cc5c2987710bf5be35d0834b894e1b5f678a0694246bd1231a3624","2",""
"yoRadio/src/ILI9488/ILI9486_SPI.h","True","False","2879","69","cdc627d972305c27fb9d6b31fa3de1b64b2454f49bf7821c203a8a898b63f250","1",""
"yoRadio/src/ILI9488/test_canvas.h","True","False","100077","1699","149ed72abd26ec8ea36d4ecfe275159e918a66dabff49062142a853228c8535e","0","4:PROGMEM"
"yoRadio/src/IRremoteESP8266/IRac.cpp","True","False","194076","5063","23a4427ef916b5a64ef40037213a4db6739880e329cbb133834e33600907d991","46",""
"yoRadio/src/IRremoteESP8266/IRac.h","True","False","27744","581","df8329c3d4fbc80827d80e8c70b54ee31b439f81b99965ffcf4f91df482ee85f","42",""
"yoRadio/src/IRremoteESP8266/IRmacros.h","True","False","1615","53","c8cda1a7048ce44d213c6707838de5566d78a2fe8f348c0ba19d204db8100d8b","0",""
"yoRadio/src/IRremoteESP8266/IRrecv.cpp","True","False","90219","2100","550db45fa3091a564889b18d8f392beade11cdcd0d196cc51298f4ba48aa0e1f","177","31:IRAM_ATTR;32:IRAM_ATTR;38:IRAM_ATTR"
"yoRadio/src/IRremoteESP8266/IRrecv.h","True","False","41354","888","879abdc9c3c6a710ed17dad92116d918fb5c5acad065c24697b4855ccd925497","1",""
"yoRadio/src/IRremoteESP8266/IRremoteESP8266.h","True","False","53473","1524","5b6cf28220ae6794d0aa917daf8999474abdccba11f8d93a08988d5ce405142d","2",""
"yoRadio/src/IRremoteESP8266/IRsend.cpp","True","False","45461","1441","79c327a855eba4c0aefd521d87f47e635cfefc5e9f2a0d3d3ba8e5537cb6ea57","2",""
"yoRadio/src/IRremoteESP8266/IRsend.h","True","False","38962","921","c7ecb1bdffd3d5fabb7bddea5ce71aae691a9e064d2fd0bac2ccfbdf4ad661d8","1",""
"yoRadio/src/IRremoteESP8266/IRtext.cpp","True","False","29383","561","911cfd4983ff9e07efaffecb11319a8a2d293bd790839d8015296c362c6c3870","133","16:PROGMEM;17:PROGMEM;28:PROGMEM;36:PROGMEM"
"yoRadio/src/IRremoteESP8266/IRtext.h","True","False","9735","256","0b55bfe0ce8a011a8f01990b14749bf77e54a5297b1bd157ad6548d469e26f69","1",""
"yoRadio/src/IRremoteESP8266/IRtimer.cpp","True","False","2127","78","75270ee0d55cba952530e52287e25e6cce6e90a30e52f05330d92cdbd28ac0f8","1",""
"yoRadio/src/IRremoteESP8266/IRtimer.h","True","False","955","40","a2756ccdb05cb29be7d76c0b9e2d2ce46d57bdca8a080fc100ae8350d317f34d","0",""
"yoRadio/src/IRremoteESP8266/IRutils.cpp","True","False","58895","1438","ec41ba031050bf375680b235a8a2594784286a52da22ac183232c0ed91fbca4d","69",""
"yoRadio/src/IRremoteESP8266/IRutils.h","True","False","8349","155","7ec0ba8a673247da31ccaf1e183ebdff568ae228e8106d53d1ce201ebccbb650","2",""
"yoRadio/src/IRremoteESP8266/i18n.h","True","False","623","25","6ac362916b701dcbb8caa75dd1d444b0491d8d0247b9b3798dbfe3f1bed4af39","2",""
"yoRadio/src/IRremoteESP8266/ir_Airton.cpp","True","False","14103","362","488b6f71baf92f342bfafff9117e4b7169ccb4df6bde82727e3c91de75f4cb16","6",""
"yoRadio/src/IRremoteESP8266/ir_Airton.h","True","False","4480","134","9750769fd997209f56b42bae45cb4bfabf692e5df377068f9d12d9602c001cdd","3",""
"yoRadio/src/IRremoteESP8266/ir_Airwell.cpp","True","False","10446","286","6e7001dcfafe7513f5e3c77d68ed347b4cfcfd0fb020fb833db76806a21d68d1","6",""
"yoRadio/src/IRremoteESP8266/ir_Airwell.h","True","False","3231","101","13e32c05a977890926b06d56964b277a779be8be8e4d11b982c772ecb74f897e","3",""
"yoRadio/src/IRremoteESP8266/ir_Aiwa.cpp","True","False","4490","105","9efa488fe6094e9c7b1a9405789fc4b085ef3af152034c019996286fc4f87260","2",""
"yoRadio/src/IRremoteESP8266/ir_Amcor.cpp","True","False","12085","354","a2b194400d9db20ac0b28c8ee12641efd37da8a44990d9f957e3356356e3d4c9","6",""
"yoRadio/src/IRremoteESP8266/ir_Amcor.h","True","False","3982","141","de1c80eb579a29fc9917c82d0cbb9b47e9fe069d2eda908a2d924a52ed1dfdc4","3",""
"yoRadio/src/IRremoteESP8266/ir_Argo.cpp","True","False","70332","1822","b6b0c35c44fcb161d6576e952836aa595afb720478b07208b4987bd5c77e7bbd","6",""
"yoRadio/src/IRremoteESP8266/ir_Argo.h","True","False","18248","521","836a2982f5c65a3d366e44c2ee751b9c2b2c5b83d5bf91428a67896ebfa7bfc0","3",""
"yoRadio/src/IRremoteESP8266/ir_Arris.cpp","True","False","5162","123","efb9880f685a61af65ceb2276aa07458896794d1565b8658227130b1c893b75e","3",""
"yoRadio/src/IRremoteESP8266/ir_Bosch.cpp","True","False","12537","331","bb0878b6b868d17c72544c04c6cdc878498487e7c9e78ed92d5209ba46ebf1c6","2",""
"yoRadio/src/IRremoteESP8266/ir_Bosch.h","True","False","7363","193","3c579d9f9374830955566e46375b0980873a3d24dcfac47c70e648cddbce2c07","6",""
"yoRadio/src/IRremoteESP8266/ir_Bose.cpp","True","False","2486","69","b45daa5f280be44ae0a3c80b5553bc8ded0ba515b96c05963020efe15047072c","2",""
"yoRadio/src/IRremoteESP8266/ir_Carrier.cpp","True","False","30665","747","f7ccd03e853a63f360de3e21fbdf13c5042e84abdec084357e6ac9cfe4948c72","7",""
"yoRadio/src/IRremoteESP8266/ir_Carrier.h","True","False","4720","146","80aff4cc9f900a0dbb666998048e023cd6cb345799663acb4121ac9f707070c0","3",""
"yoRadio/src/IRremoteESP8266/ir_ClimaButler.cpp","True","False","3618","86","f39674952b4cb1d1ce0b56f0a76e14f49d982193bea7dd5dabc89ee275348682","3",""
"yoRadio/src/IRremoteESP8266/ir_Coolix.cpp","True","False","27702","760","5700df78ab8fbd7f8c1ec5bb9b109c7a629fb5c5b6fcb5fc4cad076de6d16d68","6",""
"yoRadio/src/IRremoteESP8266/ir_Coolix.h","True","False","7563","200","c9e0a5120a626930c8ec6fd1842e15060b0507710d00e63609a653fcdccff47b","3",""
"yoRadio/src/IRremoteESP8266/ir_Corona.cpp","True","False","21862","575","3e2b03622795110981206083b5f5f15ef9a373adaad51825cfb022cb12f1a893","18",""
"yoRadio/src/IRremoteESP8266/ir_Corona.h","True","False","5632","168","87302c64307d16f151960dea930eb89348ceb00b72bae4b04305dee46be8a6ec","3",""
"yoRadio/src/IRremoteESP8266/ir_Daikin.cpp","True","False","153357","3926","20f84dc0bd01fc226c22d8b7b66b14e1d8031d0112276490d438a5252392e21a","15",""
"yoRadio/src/IRremoteESP8266/ir_Daikin.h","True","False","44796","1263","18fe195b9ccaa9a2847050cf65b9d7280fa80c76115ea549b5fe4db41bec5982","4",""
"yoRadio/src/IRremoteESP8266/ir_Delonghi.cpp","True","False","16683","470","4bcfe738c58f82a98cea6245158f66f36a2d4b7749605592394019383f234233","6",""
"yoRadio/src/IRremoteESP8266/ir_Delonghi.h","True","False","4605","136","5a209dc984d8563e7b605a101145c9c8dafcd5e1f6a3a4ba50196b7ffe4ba360","3",""
"yoRadio/src/IRremoteESP8266/ir_Denon.cpp","True","False","4674","122","44b98cf01bfe29318511084b1822b50b4bf7cc29a82950e15cc5151f01c782d5","3",""
"yoRadio/src/IRremoteESP8266/ir_Dish.cpp","True","False","4328","103","ae3a36933455e03f4a3af0f8a40d4df111cf3cbf90fc774f0d892ddebdf67344","3",""
"yoRadio/src/IRremoteESP8266/ir_Doshisha.cpp","True","False","4886","124","66c8443720a7cc373517239ae69d64a524dc98335428918793ccdf3b02fa319b","7",""
"yoRadio/src/IRremoteESP8266/ir_Ecoclim.cpp","True","False","15695","424","333818bfc1a72af056248f8513195481d774bc0eb9dea74a513b679fe183491e","8",""
"yoRadio/src/IRremoteESP8266/ir_Ecoclim.h","True","False","5037","142","b3d480164d7a8eef169d983fb76a65b22bef60a6b3eb5279b0c598181fd8a50d","3",""
"yoRadio/src/IRremoteESP8266/ir_Electra.cpp","True","False","17135","457","c036ff6bcb734ee32425b67665bf9273b079b46148be810f96a0d3d9c7842d8b","6",""
"yoRadio/src/IRremoteESP8266/ir_Electra.h","True","False","5979","179","0fdb38d0f16b848d4becdbba7af07beb63dff2570c6af6dfb1cfb42ad8990106","3",""
"yoRadio/src/IRremoteESP8266/ir_EliteScreens.cpp","True","False","3268","89","c566cb76ef6baec3c627089841546b5995b268265b089e2cc5246048512aafe1","3",""
"yoRadio/src/IRremoteESP8266/ir_Epson.cpp","True","False","4600","111","dc1ec86a09bc00f8906502d00c71d96e58ea6cd80f86d3f90ad5fdc8fd1c1525","4",""
"yoRadio/src/IRremoteESP8266/ir_Fujitsu.cpp","True","False","39835","1100","1a6179d147ade66aae83627dfeeae7d7f3309fd1fe629d64311fc494b4a0a804","5",""
"yoRadio/src/IRremoteESP8266/ir_Fujitsu.h","True","False","10571","266","bc6c9852cce49c0949e0f1b72ff40f1f51858ce74b7c353d9507d13684c8df48","4",""
"yoRadio/src/IRremoteESP8266/ir_GICable.cpp","True","False","3707","95","ecb5f5e08a75086b16dfd995f8afb32e52527e2ab20815399d03f35eda15cc87","3",""
"yoRadio/src/IRremoteESP8266/ir_GlobalCache.cpp","True","False","2618","63","42b033cd7598f538ba0e843cc62a6adefaf43fe6e107952ab15adfc12084a830","1",""
"yoRadio/src/IRremoteESP8266/ir_Goodweather.cpp","True","False","17571","499","897a2333944ad6fda6fe3518ff5acb4a403c73666706e1ab48fdf35162916fcb","12",""
"yoRadio/src/IRremoteESP8266/ir_Goodweather.h","True","False","4975","154","7d81ea1dab59e2fa3ecb77146a4a3579bd600406ea01cc966e761e52c350e333","3",""
"yoRadio/src/IRremoteESP8266/ir_Gorenje.cpp","True","False","2894","71","815465445291f885ce6bb0f2cd23e63690441c49d3192fa44a6413b85293deff","3",""
"yoRadio/src/IRremoteESP8266/ir_Gree.cpp","True","False","29178","750","45c6bae7f16a99ce3a03626614f833fb351abf2c96461fb713c25c7f83655a64","8",""
"yoRadio/src/IRremoteESP8266/ir_Gree.h","True","False","8462","240","efacdbcd6393030a13dc24200a350deccb6f09b38457cc9055d9def93b2ebea0","3",""
"yoRadio/src/IRremoteESP8266/ir_Haier.cpp","True","False","79321","2169","7c635689904e8f3a41ff2045d853b44b3fb6e98f20ec91ebb496014ed56ea024","7",""
"yoRadio/src/IRremoteESP8266/ir_Haier.h","True","False","22522","653","9d05463b71daefa7b5973b5932cc9e7addbafa26a412ea5107ce9ef3614b611d","3",""
"yoRadio/src/IRremoteESP8266/ir_Hitachi.cpp","True","False","77941","1996","4680bb8f9f439c1c48dac59d21f08f724707704ab640836182e40b47631d4b6b","10",""
"yoRadio/src/IRremoteESP8266/ir_Hitachi.h","True","False","24780","667","1befc63b58f8515ef554e074f34bec89faa3bf766981074c9325f69b485c9304","3",""
"yoRadio/src/IRremoteESP8266/ir_Inax.cpp","True","False","2826","73","b45741e271f86400c2e1b7052a709a80b8e0495d2bd3f00c54ca6b24d28b12ac","3",""
"yoRadio/src/IRremoteESP8266/ir_JVC.cpp","True","False","5200","131","d98cf84a445bb689ece9e425c28a90a0460f0c44864d85293c601f8e991545a8","4",""
"yoRadio/src/IRremoteESP8266/ir_Kelon.cpp","True","False","20718","551","ad0ea6a8f45c3fcda9f4a053d5429280a60e11a26a19718f60e1f9238dec16fd","6",""
"yoRadio/src/IRremoteESP8266/ir_Kelon.h","True","False","4781","142","653243fbc856f9e8aebe1faab63db8aea19d117ac10a87efa26c461c08e410ec","4",""
"yoRadio/src/IRremoteESP8266/ir_Kelvinator.cpp","True","False","21731","581","f355d19de403a73e6272bdd8b5b8a0ff43bf0947847bc0c442a92ebcb142fbb6","7",""
"yoRadio/src/IRremoteESP8266/ir_Kelvinator.h","True","False","7186","198","1b1d16e8f59fa49420558e93e4b62b67ac11f1888b6cda4bc1eddae0e816bb91","3",""
"yoRadio/src/IRremoteESP8266/ir_LG.cpp","True","False","34377","862","af38a361d9c8abde18ce0cbcdd2f67d0093ef6f12304d40b4994fc281201a4b4","7",""
"yoRadio/src/IRremoteESP8266/ir_LG.h","True","False","7973","202","d99a888315b16b877bd44a78c79e376d88d0f71d33cb5ce8fc377950c7c07d3a","4",""
"yoRadio/src/IRremoteESP8266/ir_Lasertag.cpp","True","False","4183","116","5c44fd61cd3ba9d5ec9ed1342cf344c842d09f0713ff6759ffe594f173c33fab","3",""
"yoRadio/src/IRremoteESP8266/ir_Lego.cpp","True","False","4199","106","aaa1584f133ab0b0ca713c5610b1a976d6a03a3b23feae6218ccfaa0dd75c90a","3",""
"yoRadio/src/IRremoteESP8266/ir_Lutron.cpp","True","False","5702","143","2a4f7549821752d508cbf2c39420013dad4cd6b17aa36f16687a85d451a8960d","17",""
"yoRadio/src/IRremoteESP8266/ir_MWM.cpp","True","False","6135","197","715044711be2898155cb34eff54ca3afc60d6f955b76a0f78b27b522c1e1afe0","18",""
"yoRadio/src/IRremoteESP8266/ir_Magiquest.cpp","True","False","5619","154","020c4188c5c3a4e90116a0e6c7804761baa4bedab1f9e0fb608772ef07d16c84","10",""
"yoRadio/src/IRremoteESP8266/ir_Magiquest.h","True","False","1235","43","2cfba08b3d100ae8beb057abe868ab172591ac11b0c7241b26751b2a2bca9b90","2",""
"yoRadio/src/IRremoteESP8266/ir_Metz.cpp","True","False","4248","101","7abdfcfe232c3637cf3da83151b433f47f66d08599615bceeef62035229ab893","3",""
"yoRadio/src/IRremoteESP8266/ir_Midea.cpp","True","False","33564","886","33ece3e1cd679905928b160c3b925a5c3a137930e54dd011445facb76708beda","7",""
"yoRadio/src/IRremoteESP8266/ir_Midea.h","True","False","11069","276","02b6d187ec1258d811ef8d8d27c7a1abb03dd4975c4b2c6dd7bc78a98efc449e","3",""
"yoRadio/src/IRremoteESP8266/ir_MilesTag2.cpp","True","False","4445","113","b36b173bf589b6859a0696ef9059c87cd3af403f2428f7fe6304c1c4e14eb112","4",""
"yoRadio/src/IRremoteESP8266/ir_Mirage.cpp","True","False","31582","853","b5aa455449c06a9f0707bc860bec5f195ea7bb78375bc7f231cd4554c220de46","6",""
"yoRadio/src/IRremoteESP8266/ir_Mirage.h","True","False","9817","277","335e9fdb095ae2500336823ad2a619760cad3d5cd363eca5060d9bd504b5c6a5","3",""
"yoRadio/src/IRremoteESP8266/ir_Mitsubishi.cpp","True","False","72228","1727","1996fa2278d3580e3f2780641be864315657e4b1e4541afd958f7b8154d513a5","10",""
"yoRadio/src/IRremoteESP8266/ir_Mitsubishi.h","True","False","18139","456","0ee65b1c9aa9259e037a1c7992ea41a029dede967a9882d5c1fb986627822f29","3",""
"yoRadio/src/IRremoteESP8266/ir_MitsubishiHeavy.cpp","True","False","43071","1050","fa29deffb5711c0c15b810581ece2eb89f96fc76bf7915299f92132601c691dd","6",""
"yoRadio/src/IRremoteESP8266/ir_MitsubishiHeavy.h","True","False","12209","346","459a38904ac45f765db70cfbf0a3b8ea7dcdc6d0e4afe1a70a7ff486bd9c5fda","3",""
"yoRadio/src/IRremoteESP8266/ir_Multibrackets.cpp","True","False","4350","115","34e2bcfa2a1b31c49ec69f02e5f6ea3d6e6c4c69a9dc57029b78d21b4747b595","2",""
"yoRadio/src/IRremoteESP8266/ir_NEC.cpp","True","False","6359","140","8aaa92273402d88c736b4a50096c17d73705963e9deaa895fa37b1c41213d47e","4",""
"yoRadio/src/IRremoteESP8266/ir_NEC.h","True","False","3342","80","918da51b81337b6d7a5f560b32ca95eead9a63a8f305dff54b9fd7f0d9b80071","1",""
"yoRadio/src/IRremoteESP8266/ir_Neoclima.cpp","True","False","22111","608","8f7a5c37dd2dbe25b7c67da9109276fb500925fc29dd24362a1b0e639d669352","6",""
"yoRadio/src/IRremoteESP8266/ir_Neoclima.h","True","False","6581","198","d2905d11431d9b7364d8f3e0e97ff37c78d6e6330fc974fdfec4a9bfe8b606fc","3",""
"yoRadio/src/IRremoteESP8266/ir_Nikai.cpp","True","False","2848","74","91a404aa73ba54be5ae0c553efd1da59ce045d097ba49a622687288e82a03dd1","3",""
"yoRadio/src/IRremoteESP8266/ir_Panasonic.cpp","True","False","56997","1350","fe1c9a9980d0313b643ed2b403b458fe2bca06069570d9fe06f1318b6dfbc79e","7",""
"yoRadio/src/IRremoteESP8266/ir_Panasonic.h","True","False","11624","271","cf507068af19f35f3ede89960769aad43120b1b0625b221107afe38271e90161","3",""
"yoRadio/src/IRremoteESP8266/ir_Pioneer.cpp","True","False","6273","143","83a77bcd1b2d7fe2f535f9fcc52341801943797a6ff9548518590ca38f3db9a6","3",""
"yoRadio/src/IRremoteESP8266/ir_Pronto.cpp","True","False","4328","107","3f82699d24d91c394bdfcfceeb50c732abeacbb24bfca8e78b088853057b47e9","1",""
"yoRadio/src/IRremoteESP8266/ir_RC5_RC6.cpp","True","False","17879","454","b01536e6e71bc35c3db6e3dd8da3fb2846f13717159f106d6b758f05a6a6baa0","11",""
"yoRadio/src/IRremoteESP8266/ir_RCMM.cpp","True","False","5991","164","7d1fa92f2c2b687eead919a9dfbacb140118b022bdc701edabbbd45f3c8be4f4","4",""
"yoRadio/src/IRremoteESP8266/ir_Rhoss.cpp","True","False","12330","364","3d904adc42968be31566b9a9967f034cc21a10d439699fa9728c12b0bb84eabf","6",""
"yoRadio/src/IRremoteESP8266/ir_Rhoss.h","True","False","4224","145","f8e50c2790751b17dbf267e9d38b281d3e3a588c9579df7a5f7963033ffcf86d","3",""
"yoRadio/src/IRremoteESP8266/ir_Samsung.cpp","True","False","41270","996","7e8c7ef134f43977232a4ab24c0da30fc5dd8cde545949e3751b0b8c66a6cb0f","7",""
"yoRadio/src/IRremoteESP8266/ir_Samsung.h","True","False","9548","280","de1c9dc991f7dabbd7c6d02af0179cef6caeb0901379cdd1a2af0e4755f1593e","3",""
"yoRadio/src/IRremoteESP8266/ir_Sanyo.cpp","True","False","42765","1046","58ab3191c3511b6713bd9e4b17dcd577c2f8473a4c0c9164f9ffdbd336a72286","7",""
"yoRadio/src/IRremoteESP8266/ir_Sanyo.h","True","False","10691","285","5da14b22284161b98810cb598084cfaf3f37c40586acfd4b85e57b35acba72d6","3",""
"yoRadio/src/IRremoteESP8266/ir_Sharp.cpp","True","False","38840","976","a7f411b337e0c37c320892ef2a1f03287e04ef7da5534847f4faa96d26db584b","7",""
"yoRadio/src/IRremoteESP8266/ir_Sharp.h","True","False","10117","241","19ec3a375bfdd53ef4d58d3c1178dcf5a8cae746adcfbd8a18dd9b9c27d0edc8","5",""
"yoRadio/src/IRremoteESP8266/ir_Sherwood.cpp","True","False","853","24","c9cc87f50e5dd6562cb34f4de5fcd6075b2f8d52bec0396e0e37a345424dccd0","1",""
"yoRadio/src/IRremoteESP8266/ir_Sony.cpp","True","False","8106","192","755f4ba6e01ad7c4a24d3cc8a5322e912a30b7320ba700b72217ed594b5d8ac3","3",""
"yoRadio/src/IRremoteESP8266/ir_Symphony.cpp","True","False","3684","95","4fdf02e51fb334d760345d18babcdc436707d77c25709b95acfa7dc8518c70d7","4",""
"yoRadio/src/IRremoteESP8266/ir_Tcl.cpp","True","False","24148","616","e68d3ec28f4328343e820ea4575b61c6ebb21bdd4d781a3f808dd499f7e2e089","5",""
"yoRadio/src/IRremoteESP8266/ir_Tcl.h","True","False","6954","201","2d84bfe9a13704d107aeb5a2476a09d1c671ffaba0a68b08e0c0fafa462c3aa4","4",""
"yoRadio/src/IRremoteESP8266/ir_Technibel.cpp","True","False","14795","408","dfe53ee59b41b829d4bc6696eb10372a2390f5710435fcdd2171bf05779934e6","6",""
"yoRadio/src/IRremoteESP8266/ir_Technibel.h","True","False","4308","135","0bff70134a113f8637c1a53c74f7d3279a7736056c9848e1215e227158959010","3",""
"yoRadio/src/IRremoteESP8266/ir_Teco.cpp","True","False","12869","375","5343054015f38d6ffdf0e4b00cdc6c11c754038bb480f21ec86d69303f566412","5",""
"yoRadio/src/IRremoteESP8266/ir_Teco.h","True","False","3717","131","1d6cc010c24d0a0d35d4bd4e5b9d39737fa1d35455dcbd6a03c8995f3de81a42","3",""
"yoRadio/src/IRremoteESP8266/ir_Teknopoint.cpp","True","False","3471","81","34540343c616720d69baee9ab5ac39b81ad12dcf5bef5a7b3a76a374fa4a70d7","3",""
"yoRadio/src/IRremoteESP8266/ir_Toshiba.cpp","True","False","20934","541","fcc4d3e76781268ef56295bc9a39bb88b2b68ce5257ee8301a5d46ac3977ce39","6",""
"yoRadio/src/IRremoteESP8266/ir_Toshiba.h","True","False","7536","195","503b0d0e2a3151c753a5dfa04cd1c42e1ea4fe01021ff20fb24052c8ea2a45fa","3",""
"yoRadio/src/IRremoteESP8266/ir_Toto.cpp","True","False","5566","131","f5f86298e623619c9212a459f8db246502af9da0744537ea9d9e9267d1e1b3fe","3",""
"yoRadio/src/IRremoteESP8266/ir_Transcold.cpp","True","False","17336","500","4484cd93a9f0b21e50032163c9b587964dabc3eaaf953089fb9938cc09d80b2f","6",""
"yoRadio/src/IRremoteESP8266/ir_Transcold.h","True","False","7074","174","beec3a29a2553ccc4ff080dfd20694fa9e4d135141705f38d39f642ac4a928e1","3",""
"yoRadio/src/IRremoteESP8266/ir_Trotec.cpp","True","False","24488","642","447ee8febb1f26d64702c7dc73edff0eea051e30300961f9e90413361b5e8b6d","6",""
"yoRadio/src/IRremoteESP8266/ir_Trotec.h","True","False","7979","252","02d870e60edd591168fa5b270d89b0e2fd171072d63fdf93c068befe9fc5f38b","3",""
"yoRadio/src/IRremoteESP8266/ir_Truma.cpp","True","False","12283","340","bf840aea2a12342ed4b7ac3740b80cc1b7c87d721de3541d8727709f9a7c0ce6","6",""
"yoRadio/src/IRremoteESP8266/ir_Truma.h","True","False","3822","126","ce79b33ec623f41e1a8ded95d74d2e3c51b8661253243c25452ef157669c0b01","3",""
"yoRadio/src/IRremoteESP8266/ir_Vestel.cpp","True","False","19070","572","782b145b9a5453ede9af23bd090ba337e36097a0c122de0c9a13261c49356000","8",""
"yoRadio/src/IRremoteESP8266/ir_Vestel.h","True","False","5342","172","95d44e976853f50c1d4b2b69b42943bcc1c8bb0434accf03ef8f10b0121aa5d2","3",""
"yoRadio/src/IRremoteESP8266/ir_Voltas.cpp","True","False","19013","516","f39e7993fe6282ccd81df622aaaf8d5380a9cff2342cb7293e991dbbe751bfb0","6",""
"yoRadio/src/IRremoteESP8266/ir_Voltas.h","True","False","5809","162","219ee96181db06d183b2472b14848c9f01fd6120da3d579233748583b5e48763","3",""
"yoRadio/src/IRremoteESP8266/ir_Whirlpool.cpp","True","False","23840","657","b9db1dcb69f572e9c93ac452d62310fe5b62c4df5a83a4e7f3284a1be63a6cab","9",""
"yoRadio/src/IRremoteESP8266/ir_Whirlpool.h","True","False","7033","205","2145e1b6fbd651fefc58ae795bc64fa9d3bec5af785e78000998edee7c8b5623","3",""
"yoRadio/src/IRremoteESP8266/ir_Whynter.cpp","True","False","4321","103","b4f34dd9b4786dce38fca7576cedc6c5e82a1989fdda8fa16ced2c6b99ae0b68","3",""
"yoRadio/src/IRremoteESP8266/ir_Wowwee.cpp","True","False","3305","91","cb3a508740931e3d7fec9471c4c452fb9a42c51c3ede78bdb328bbfe2ec3d2d7","3",""
"yoRadio/src/IRremoteESP8266/ir_Xmp.cpp","True","False","9085","226","e2ebce392a2c19332ce9dcbbaa14ad71744208136b455ae0f7353a4c7a0c5b6f","3",""
"yoRadio/src/IRremoteESP8266/ir_York.cpp","True","False","11960","357","bb127d2d12ef573910a244add84a6ad1447ca4b6fbce65d3ab0d201dfb838d49","8",""
"yoRadio/src/IRremoteESP8266/ir_York.h","True","False","4660","137","0d3d565d591cb4a0abb75b43fd5c49a9df29cf5769383d698ff70a7e5d678ef6","3",""
"yoRadio/src/IRremoteESP8266/ir_Zepeal.cpp","True","False","3654","94","6a8e802a1856ae117d7c0e1ebc4df8a7f9a69eaf6957c6f829de6cad5f3bb56f","3",""
"yoRadio/src/IRremoteESP8266/locale/de-CH.h","True","False","4197","158","b664e651cae718b2fc6af2b8d5162b86705564b6e578ff1dfd1c698e7c95c5b1","65",""
"yoRadio/src/IRremoteESP8266/locale/de-DE.h","True","False","4424","135","ac2ebf6b625f2332e3ef85d0a7cd6a76944596d95c1f4340e2a143b012bd5bfa","113",""
"yoRadio/src/IRremoteESP8266/locale/defaults.h","True","False","33128","1148","bed2ad3c6c62b6f11cc1a16b993a19ca06852ca81760b15f9a00e282539fb1d8","366",""
"yoRadio/src/IRremoteESP8266/locale/en-AU.h","True","False","343","8","a6705822569c25c37f6cbe49fce1662943686c94659351f78e49c5e308141c48","0",""
"yoRadio/src/IRremoteESP8266/locale/en-IE.h","True","False","369","8","9e7daf13bf9958712f0b7df768b17aa22a7cdb7b31a8b495210bab1ab370685f","0",""
"yoRadio/src/IRremoteESP8266/locale/en-UK.h","True","False","376","8","a157b33f1c3e6e4846fde044fe04951fadd9a4a2fee72454973e95da3819a279","0",""
"yoRadio/src/IRremoteESP8266/locale/en-US.h","True","False","454","13","9f85ad9400362416b65c260b2528e62a56fbf4a029f50eb73a8958cc73814514","2",""
"yoRadio/src/IRremoteESP8266/locale/es-ES.h","True","False","4544","136","20713d07d9a24cf6f73e761b16e615c898277eccba36bfaf0ede24036c044e83","117",""
"yoRadio/src/IRremoteESP8266/locale/fr-FR.h","True","False","3770","117","dd704ed390531288f4552d25cb25322bdf90569e3c09bae41f5ac4201ef4d8ce","97",""
"yoRadio/src/IRremoteESP8266/locale/it-IT.h","True","False","5518","159","adc0b4a67bbca37387b1945083fd064e4ddfae30f132d4439df004ff14d6f7f4","127",""
"yoRadio/src/IRremoteESP8266/locale/nl-NL.h","True","False","4331","136","bc0f6d6690454e19744fb7c34355d108960e71dd54797841aea4ead3e1f67a25","115",""
"yoRadio/src/IRremoteESP8266/locale/pt-BR.h","True","False","5732","177","8ac40f36209f2cb53b6be51c5ff25e2385806d6c1958eddc9455b1a029a049b8","152",""
"yoRadio/src/IRremoteESP8266/locale/ru-RU.h","True","False","5976","152","391b727f1de9ae198a2ffd4d4f1c0cb733734f1b3f89bb5954f84463e333931c","139",""
"yoRadio/src/IRremoteESP8266/locale/sv-SE.h","True","False","6067","189","eb4f5cf717c93a1ef5fa2e8185ddef3c4b39276b4b9537d13cde0c3e2b7995bc","164",""
"yoRadio/src/IRremoteESP8266/locale/zh-CN.h","True","False","12761","465","6a00f44bc4bfe927a3eb111c203991946d3b0e38edba61a2c409d85ddee5f070","144",""
"yoRadio/src/LiquidCrystalI2C/LiquidCrystalI2CEx.cpp","True","False","8944","323","560a1bc35c138a134e3be261ee7a2011cd4901edad786a04c553d049230d70db","5",""
"yoRadio/src/LiquidCrystalI2C/LiquidCrystalI2CEx.h","True","False","3499","127","f63083bccfd6cd33b36efca9ecb94d93ec95bdfabdb77960036be1d4f83851d0","1",""
"yoRadio/src/OneButton/OneButton.cpp","True","False","9345","333","0eeafa176b3838e04484d232308b40d50f9be3a3b8143f7eda61c205b0dce6ff","1",""
"yoRadio/src/OneButton/OneButton.h","True","False","7202","212","944b3bdcd19089402ef9ae44ea1b07c4e627d55589cfa2b8efc2fa62be2ae761","2",""
"yoRadio/src/SSD1322/SSD1322.cpp","True","False","19892","559","b5e16dfe66d6ed77f7394486c6819b948102256542205c547e7b6ab48df28ae8","2",""
"yoRadio/src/SSD1322/SSD1322.h","True","False","3283","92","44d182dbd8a44af6a0b2933ef721ab8db749f9422d2f6349c89219227c2b7376","1",""
"yoRadio/src/ST7920/ST7920.cpp","True","False","4050","140","f1821522397a8bab4798f049efbf889e5ea778825532bfe621b94dd94a500db0","3",""
"yoRadio/src/ST7920/ST7920.h","True","False","1196","37","4ebe64dad7afae5a27ffbe63dd53d9451826cbac41aefae91cb70eb61597e72f","0",""
"yoRadio/src/async-mqtt-client/AsyncMqttClient.cpp","True","False","27455","757","129158586ac3fdd7f43e85044dbdb1d23f31a0239f3c8906607a1cd6b25117e5","44",""
"yoRadio/src/async-mqtt-client/AsyncMqttClient.h","True","False","135","6","b6363c5e1e957536b0f7702026827ea058b16727e1f4cd1ebb6d000caf324afa","1",""
"yoRadio/src/async-mqtt-client/AsyncMqttClient.hpp","True","False","6511","179","fd4243a0889253e4b4731e08b1e72b73250e3abeb547393b74d9118a42c1b13d","26",""
"yoRadio/src/async-mqtt-client/AsyncMqttClient/Callbacks.hpp","True","False","1810","30","ae91b2a2d31166c2779f64b62da341f6bbaef18542970d047966830fa5c1ab34","3",""
"yoRadio/src/async-mqtt-client/AsyncMqttClient/DisconnectReasons.hpp","True","False","338","15","c2ca23f27ee46cea7339fdf98be43b0f6ee7db7c677f41e9891c8dc26660265c","0",""
"yoRadio/src/async-mqtt-client/AsyncMqttClient/Errors.hpp","True","False","106","6","74677ba9944c6c444b86ef43905e9a5a49d6eae4418b10a9d223e0fb62644193","0",""
"yoRadio/src/async-mqtt-client/AsyncMqttClient/Flags.hpp","True","False","2026","57","69e703e557acaca64ab3c424ad68212a6c5385327cc17d03495da5bdb6d1b5fa","0",""
"yoRadio/src/async-mqtt-client/AsyncMqttClient/Helpers.hpp","True","False","1911","61","6802a8248bebc81328b1abab8366ac6a129339baa5eb98a2f9dde12161aba202","4",""
"yoRadio/src/async-mqtt-client/AsyncMqttClient/MessageProperties.hpp","True","False","108","7","7fc331ddad4c1f8ed5cb7112942c736930ad1dbe2bacc013c4f48ad03026f320","0",""
"yoRadio/src/async-mqtt-client/AsyncMqttClient/Packets/ConnAckPacket.cpp","True","False","911","30","6a8cea4f5115a45d6d2d57c40cf963f678e4addc9019c3909b1135c62a5dab51","1",""
"yoRadio/src/async-mqtt-client/AsyncMqttClient/Packets/ConnAckPacket.hpp","True","False","727","25","bbbb1952f2ba5ccab5e8fa341eee457d631afcc9154d48fcc491843293df3261","4",""
"yoRadio/src/async-mqtt-client/AsyncMqttClient/Packets/Out/Connect.cpp","True","False","5936","162","8069550fc04fb80910445980ea8879f5b430342229e1a808afc9023a36355e66","1",""
"yoRadio/src/async-mqtt-client/AsyncMqttClient/Packets/Out/Connect.hpp","True","False","825","29","a42abb9154782fe1562e38c8eecbcc5665600d6dc8e7479f37032ec9bbebcab7","3",""
"yoRadio/src/async-mqtt-client/AsyncMqttClient/Packets/Out/Disconn.cpp","True","False","464","18","98e60b048687b824a1ec60947fb84acb22c2880f2cca5048841bf1f893fb12b6","1",""
"yoRadio/src/async-mqtt-client/AsyncMqttClient/Packets/Out/Disconn.hpp","True","False","370","17","e8dfc65d99020ea4e9d985d22370568f05bff9e150ac3b978f089d6a23ca2c21","3",""
"yoRadio/src/async-mqtt-client/AsyncMqttClient/Packets/Out/OutPacket.cpp","True","False","804","44","417247721e51e34d4147c2878c1f8da8d3680866559e6935967b206f191a338b","1",""
"yoRadio/src/async-mqtt-client/AsyncMqttClient/Packets/Out/OutPacket.hpp","True","False","744","35","188935d1911cda23328327026e8f9208ce9f94d916733898d74090c59c136d47","1",""
"yoRadio/src/async-mqtt-client/AsyncMqttClient/Packets/Out/PingReq.cpp","True","False","459","18","433fe7f2aadac754b2841f1212ff5f4044ac662b94d5a51c04f621c9fd60abfd","1",""
"yoRadio/src/async-mqtt-client/AsyncMqttClient/Packets/Out/PingReq.hpp","True","False","370","17","9c7a9ba4439608f6f84a186091d254e09febdfdccdd280e5eecbffe38faf78e9","3",""
"yoRadio/src/async-mqtt-client/AsyncMqttClient/Packets/Out/PubAck.cpp","True","False","705","25","bdd6a62ddcda9eb52ddc269b6ee3085ca5fdd0e1b1fffdeee8b34a775ad59127","1",""
"yoRadio/src/async-mqtt-client/AsyncMqttClient/Packets/Out/PubAck.hpp","True","False","428","18","2d035608a6177d5e642c9b1688a1fe8991ba96e7c02c8fa17246202f047530b4","4",""
"yoRadio/src/async-mqtt-client/AsyncMqttClient/Packets/Out/Publish.cpp","True","False","2441","69","1a23670e5ae387a13205ef489a5f2aa297ab6e426a9d83e21e494588e387705d","1",""
"yoRadio/src/async-mqtt-client/AsyncMqttClient/Packets/Out/Publish.hpp","True","False","586","23","b16aef63d2d6ab8c2ec137751eed5ba5ba447ef7a1f66409b39c5d07d1cbddd6","4",""
"yoRadio/src/async-mqtt-client/AsyncMqttClient/Packets/Out/Subscribe.cpp","True","False","1573","49","37f52204953899d8e161fbfab0e503f762824c4f86e6c71ab7b0fd9782bf65ce","1",""
"yoRadio/src/async-mqtt-client/AsyncMqttClient/Packets/Out/Subscribe.hpp","True","False","496","21","8630709112405c4f8fa7678e4eda59ce4a5e3f30082c4c58d12bcef77010cd61","4",""
"yoRadio/src/async-mqtt-client/AsyncMqttClient/Packets/Out/Unsubscribe.cpp","True","False","1443","42","63077525ceb7073a15677cf038086b5748b62e8a2a996f52c55fd5d830804a0d","1",""
"yoRadio/src/async-mqtt-client/AsyncMqttClient/Packets/Out/Unsubscribe.hpp","True","False","496","21","8fe5be0bd9eb9877dfb885f5714d033a146d33ff7859d262448e5900230d54ed","4",""
"yoRadio/src/async-mqtt-client/AsyncMqttClient/Packets/Packet.hpp","True","False","333","11","166d935a8ef41ea4fae122f4000fefec19874e60bdde89dcb7d045f1facbb494","0",""
"yoRadio/src/async-mqtt-client/AsyncMqttClient/Packets/PingRespPacket.cpp","True","False","593","21","46eea631840db48806b0b0c6cea459cc1fc716bbed4feaf554bb71078c22e92a","1",""
"yoRadio/src/async-mqtt-client/AsyncMqttClient/Packets/PingRespPacket.hpp","True","False","648","21","0a0592f90e52ef36c8279082d4f9578e68e3d00772da064d00c9365d038e2a20","4",""
"yoRadio/src/async-mqtt-client/AsyncMqttClient/Packets/PubAckPacket.cpp","True","False","856","30","484dda0408bc283caedcf1b8ab91d8f6a9570e83e8c86fb39ea8ceccc026067c","1",""
"yoRadio/src/async-mqtt-client/AsyncMqttClient/Packets/PubAckPacket.hpp","True","False","711","25","38137e646174ae54080bb3b4b1604edc4cd1664f4881951030824aae224f8505","4",""
"yoRadio/src/async-mqtt-client/AsyncMqttClient/Packets/PubCompPacket.cpp","True","False","865","30","cd775633c8e70ea8e9509072d462ee22f4746016cfc7b265f03d653165a5f425","1",""
"yoRadio/src/async-mqtt-client/AsyncMqttClient/Packets/PubCompPacket.hpp","True","False","716","25","bf4a3c6e43db2431b85f1f999092710d88c3d1ff011c8984e9fe6dca60022f2c","4",""
"yoRadio/src/async-mqtt-client/AsyncMqttClient/Packets/PubRecPacket.cpp","True","False","856","30","731ba8f13904826e735b9f63265684d34dd6d54a928c3a85d6bf609742a19a4c","1",""
"yoRadio/src/async-mqtt-client/AsyncMqttClient/Packets/PubRecPacket.hpp","True","False","711","25","408e5a1e8bcb138222b2a9cd0178c50c5f33d952d9e50b8b82bc5be81a328c76","4",""
"yoRadio/src/async-mqtt-client/AsyncMqttClient/Packets/PubRelPacket.cpp","True","False","856","30","85b9d56927eb17451bb6e027e1063f26c38d94a5bf9b674a48ff28850f877e2b","1",""
"yoRadio/src/async-mqtt-client/AsyncMqttClient/Packets/PubRelPacket.hpp","True","False","711","25","72a94b59c4a4550826bd38c0180a76732d764b7c7e8b6951d58e56fce17f4001","4",""
"yoRadio/src/async-mqtt-client/AsyncMqttClient/Packets/PublishPacket.cpp","True","False","3321","91","1107bff3113ed2a376dab359a618eda26be545077be49ab3a1e31091d7af7844","1",""
"yoRadio/src/async-mqtt-client/AsyncMqttClient/Packets/PublishPacket.hpp","True","False","1077","38","281b0d55b40e6cbf3ad27ef3161d1144d5a564850891d2957dfb70382b2ef381","5",""
"yoRadio/src/async-mqtt-client/AsyncMqttClient/Packets/SubAckPacket.cpp","True","False","1227","46","a34bb3c875329fe47d4756cc403a9b34fb293c7a6797bc3a4bc2039750c970b6","1",""
"yoRadio/src/async-mqtt-client/AsyncMqttClient/Packets/SubAckPacket.hpp","True","False","711","25","7b3f47b069c64b2f0db4239edff557eca8b6346230da69f9f49f3e1a4dcf9797","4",""
"yoRadio/src/async-mqtt-client/AsyncMqttClient/Packets/UnsubAckPacket.cpp","True","False","874","30","0604edc185c55a2c0060e738967fe56516dbe219156a90fe6f1b3d098b228301","1",""
"yoRadio/src/async-mqtt-client/AsyncMqttClient/Packets/UnsubAckPacket.hpp","True","False","721","25","6eef9989e16927b514807c4947cc97a32ba3c513ef1d6ad0b38090a33d61b542","4",""
"yoRadio/src/async-mqtt-client/AsyncMqttClient/ParsingInformation.hpp","True","False","407","21","1be871da079b668347a99325e65211c233dc389852ad541cd9f82f4a6efbd4c6","0",""
"yoRadio/src/async-mqtt-client/AsyncMqttClient/Storage.hpp","True","False","241","13","e7d4147f25404d23b4dcc2d8a6d202a4894f291f0384898397d44430f2b7fc92","0",""
"yoRadio/src/audioI2S/Audio.cpp","True","False","264638","6045","9ea3bb88ff7747710f59d4262d198a6f706c940f24e9c18d1c2604420f144b35","831",""
"yoRadio/src/audioI2S/AudioEx.h","True","False","29434","638","2ec062f38bf4d2aed606bf8a6b07df303d87dc03078c9d726068344cdcbc6e4f","17",""
"yoRadio/src/audioI2S/AudioNormalizer.cpp","True","True","5570","137","6f63381940380c24a667cfdc6b984ea761bf87a21efcf6c9029a6fb2c52cb67e","2",""
"yoRadio/src/audioI2S/AudioNormalizer.h","True","False","4048","103","56cedb155a270a8914fc87ff33126b1b57e82fbda4389743c45fe49f323f7515","0",""
"yoRadio/src/audioI2S/CodecMemoryArena.cpp","True","True","3946","125","893f3b0b21f7d40caffba119ce54ce67911434fc5d2c7352c46fc0542e1884aa","6",""
"yoRadio/src/audioI2S/CodecMemoryArena.h","True","False","902","27","f5bebd05568968cb0e12e84db7f5ed87983393294cafae1741e47bceccb3478c","0",""
"yoRadio/src/audioI2S/OggDecoder.cpp","True","False","4894","139","9bbf2a6239310f063b79d6de926763d4d5fc3ef70ab003e03ce4e6ff7c9b6c0e","4",""
"yoRadio/src/audioI2S/OggDecoder.h","True","False","785","26","f21af29ea8d58de5c4cae9ba50ee87e8e0ceab49fa10371bce025b44212daaf3","0",""
"yoRadio/src/audioI2S/PdmOutput.cpp","True","False","14674","409","df66930e157e50d887264377377ebedcde68fac89407b68c4da9d4e49f8d6068","5",""
"yoRadio/src/audioI2S/PdmOutput.h","True","False","522","15","dd3a7e1c77d2863cae7e8e413bffd40f972d96586fad0a12518c4c3c1103cffb","0",""
"yoRadio/src/audioI2S/aac_decoder/aac_decoder.cpp","True","False","471447","10397","590bcbfc8df44a09dcc06f7af17015ea9ec21688ca6ac8336e2171d9e4c190f0","13","183:PROGMEM;332:PROGMEM;401:PROGMEM;403:PROGMEM;552:PROGMEM;554:PROGMEM;703:PROGMEM;704:PROGMEM;722:PROGMEM;851:PROGMEM;918:PROGMEM;930:PROGMEM;945:PROGMEM;1049:PROGMEM;1116:PROGMEM;1120:PROGMEM;1132:PROGMEM;1264:PROGMEM;1270:PROGMEM;1275:PROGMEM;1282:PROGMEM;1287:PROGMEM;1291:PROGMEM;1296:PROGMEM;1298:PROGMEM;1315:PROGMEM;1317:PROGMEM;1355:PROGMEM;1357:PROGMEM;1362:PROGMEM;1364:PROGMEM;1366:PROGMEM;1371:PROGMEM;1406:PROGMEM;1420:PROGMEM;1478:PROGMEM;1512:PROGMEM;1530:PROGMEM;1564:PROGMEM;1576:PROGMEM;1587:PROGMEM;1588:PROGMEM;1591:PROGMEM;1594:PROGMEM;1600:PROGMEM;1607:PROGMEM;1635:PROGMEM;1651:PROGMEM;1657:PROGMEM;1662:PROGMEM;5398:PROGMEM;5655:PROGMEM;7013:PROGMEM;7016:PROGMEM;7619:PROGMEM;8023:PROGMEM;8730:PROGMEM;9004:PROGMEM"
"yoRadio/src/audioI2S/aac_decoder/aac_decoder.h","True","False","26599","611","0f77ef26df29ebafb75481a9a8f9178cd594be64f6a3bf2a0f4165267ebbb1f2","1",""
"yoRadio/src/audioI2S/aac_decoder/aac_huffman_prefix.inc","True","False","10618","126","7aa208294a416690ea235c845924527b4c16b368b39d4b0f83b26e20070f0896","0","5:PROGMEM"
"yoRadio/src/audioI2S/aac_decoder/aac_pcm_blocks.inc","True","False","6943","153","9803d11cb3c684c93376451e7f77c96bf386393ea73fc1421da678b1dfa2b01b","0",""
"yoRadio/src/audioI2S/flac_decoder/flac_decoder.cpp","True","True","26334","650","4c511d120d23bdd04b28d44e3fe99068a474af9da9bb45c45a41f3c19f8a38b4","12",""
"yoRadio/src/audioI2S/flac_decoder/flac_decoder.h","True","False","9855","175","255e9f0ad4569cb5aa40af64b4a587e0bd3e9ba2bd4c14ebaedeb053ab6d0534","2",""
"yoRadio/src/audioI2S/helix_lx106_fixed.h","True","False","2611","63","5ea99948b4691d897aedc64553d95b47cb039ae46a4708ebd0ddb909b5ce5219","0",""
"yoRadio/src/audioI2S/helix_stage_profile.h","True","False","767","29","1d0d5b89a960c4a8464a632f76ecdcf7bc07d78d1c9cd1d9f7955baafed6ab6c","1",""
"yoRadio/src/audioI2S/minimp3/minimp3.h","True","False","79495","1897","83702147dca85eb2075b57176a4107970960a554fadbfc9c579d9931ef6cde5c","22",""
"yoRadio/src/audioI2S/mp3_decoder/Mp3DecoderSelector.cpp","True","False","6872","192","aab58ff5646a00f99eddf6f2dc268c47e5318b035a5cad0175f05d7c643bc91d","6",""
"yoRadio/src/audioI2S/mp3_decoder/Mp3DecoderSelector.h","True","False","708","25","f79b8b19b71dec20e007221fefb0f589f062be1b69e79c6806584b4a28b2a679","1",""
"yoRadio/src/audioI2S/mp3_decoder/mp3_decoder.cpp","True","False","195170","4124","c8f3faac7b43fe6ae7bd742c6e4d3ade1d860b6968c8817a32acb6474a4eca14","13","105:PROGMEM;484:PROGMEM;503:PROGMEM;514:PROGMEM;563:PROGMEM;575:PROGMEM;586:PROGMEM;601:PROGMEM;622:PROGMEM;640:PROGMEM;667:PROGMEM;672:PROGMEM;719:PROGMEM"
"yoRadio/src/audioI2S/mp3_decoder/mp3_decoder.h","True","False","23743","560","1a534a7a6563df55eec77018306504b23460ef9f75aa5f374fe694ab77be5d36","3","281:PROGMEM;294:PROGMEM;295:PROGMEM;298:PROGMEM;300:PROGMEM;321:PROGMEM;331:PROGMEM;367:PROGMEM;368:PROGMEM;373:PROGMEM;384:PROGMEM;395:PROGMEM;404:PROGMEM;434:PROGMEM;445:PROGMEM"
"yoRadio/src/audioI2S/mp3_decoder/mp3_mono.h","True","False","3023","76","4e1dd2890ee8057738e3066b38fbf0bb369dc7d2b275436ba85b4ee151523037","0",""
"yoRadio/src/audioVS1053/audioVS1053Ex.cpp","True","False","111098","2644","d29f706fdc6a82ba695c57cfc682b2187efc72aa05544ab15e6718c1414bc0db","447",""
"yoRadio/src/audioVS1053/audioVS1053Ex.h","True","False","23230","462","ad6251ae12f8b600e23f05992126efd88450a1279931ea179787d30d4b293f66","14",""
"yoRadio/src/audioVS1053/vs1053b-patches-flac.h","True","False","62800","1104","7f142324666b960792cbae592e43f968fd66e026d7080fea42767321a2e7c9db","0",""
"yoRadio/src/core/audiohandlers.h","True","False","5061","152","1ab382e65ae03ea9bd77f5baf231b5a50c39d5ff9d377536168500d9fbbf8d30","21",""
"yoRadio/src/core/audiolevelled.cpp","True","False","1970","72","ccceb6cfb40c4d26a6fd412b0da48a2136b9a0c73d796358f0354a14bb5d8397","6",""
"yoRadio/src/core/audiolevelled.h","True","False","79","6","e626aedc46700e1a2f9cb9144a8adbba74b8f42d50e22de1ad1e25e7fe406e79","0",""
"yoRadio/src/core/commandhandler.cpp","True","False","12384","179","dd8de4467cd337b140a72003249926448c7d0b2168cfecf3d11e8fbc522f1a8f","91",""
"yoRadio/src/core/commandhandler.h","True","False","305","16","4c86a7f91ca26d03e6747b8b900d935e8e1004f5f1e7247a9e78a74e67446e7b","0",""
"yoRadio/src/core/common.h","True","False","819","19","23e973005c790d09c53aad89321b29eeae3f6e52cbce3395adc30b30d7a9fc0c","0",""
"yoRadio/src/core/config.cpp","True","False","36709","1144","192aaf367fa9c7a2e4bf1c49e86b3d5ddf6cd07bc5686d751b57636079fc8aaa","155",""
"yoRadio/src/core/config.h","True","False","9417","327","3c780e81b804247ea2a1cdef881a1e0f915f0b812890b8874a976e0b03cdca51","9",""
"yoRadio/src/core/controls.cpp","True","False","18629","629","c20b817be73d4b4e05d1878800c2b392206b83b99672c554eb1b268a198fcb44","18","74:IRAM_ATTR;81:IRAM_ATTR"
"yoRadio/src/core/controls.h","True","False","1008","36","25cf1550be49fce29be6ea3b93ad6113be14a70580c255263ab656fffd55ad24","1",""
"yoRadio/src/core/display.cpp","True","False","25378","745","50ca37bd40fb8b85332222d00e0a10d0f0750a29bd1f8ac96ce38d80dc72de01","51",""
"yoRadio/src/core/display.h","True","False","2923","116","c28980471baaea218e2233f7d4a4b04269e7f5c3a76e5efc8d69fef30cca3075","1",""
"yoRadio/src/core/fixedpoint.h","True","False","414","17","e728572251ec5a7c4f3e89f6c07b0a0ab7081c40a63981b7f24f9300ba99a596","0",""
"yoRadio/src/core/mqtt.cpp","True","False","3874","128","27e1acd65e43b255a95bf35e8637a6e4341d0ac15c5b583c2e928d9907e85418","23",""
"yoRadio/src/core/mqtt.h","True","False","543","20","a2443fa4a8772c8b1b7c02e777f006096739377ac997496bacc42687f031a030","1",""
"yoRadio/src/core/netserver.cpp","True","False","32619","750","dfd3c5d7c5c5947ef5b2183bb4e201196e116de4a057e12c7407971cdc54f9e7","222",""
"yoRadio/src/core/netserver.h","True","False","11621","211","6017d7b1ddf6bbfe697bc35d34b00a1088cf3ba4e898434c1ea697ac40cb6522","10","10:PROGMEM;65:PROGMEM;155:PROGMEM"
"yoRadio/src/core/network.cpp","True","False","8518","269","da6703a65b9566b5fd8b514e4ec3cceba8525ee27e9a4b71ed3afc53b30f90b5","37",""
"yoRadio/src/core/network.h","True","False","1002","34","ab0df283a3007ac403cb9d87f3c20328eb2caa8737f023c488ca29fd3ae461e4","0",""
"yoRadio/src/core/options.h","True","False","18801","592","280cfff7e41a85102d5c2947e4f1fb168e33fe56bfedd3db562284c2b0f61239","11",""
"yoRadio/src/core/optionschecker.h","True","False","1016","30","4507786f4be0aa7df9040df526eca998af365b894f4f6fff5b590360d4978e71","3",""
"yoRadio/src/core/player.cpp","True","False","11249","398","ffa84052bd35b19d933f8a44c1ebe802ece9d6be1151721d817243dd4e44edf2","22",""
"yoRadio/src/core/player.h","True","False","2544","85","a70c2917050b48b5b0140462cca8ba990d4085d8e622c420018e8bd676819f8e","2",""
"yoRadio/src/core/rtcsupport.cpp","True","False","928","44","5ece683946c90cd83f4cabf8a5469f73c6e5773cca289d198b49bb71a155ac2d","2",""
"yoRadio/src/core/rtcsupport.h","True","False","526","25","5af4b1256ddebf7745502bbfc0f218bc9d3ccc6d5271ea047dd6ec1857a7a02e","1",""
"yoRadio/src/core/sdmanager.cpp","True","False","4122","142","e364000c910a62455c0cccbd566cd09a9babdc9af1f823bf47d9797af8589b3f","28",""
"yoRadio/src/core/sdmanager.h","True","False","600","25","e356be55a7758ce98d022c3a865c665e4ea5aa678f7735eb1ed15264bd8a382e","0",""
"yoRadio/src/core/softxpt2046.cpp","True","False","3472","121","9a27190cfef13470758781e47b6dd6aad8ea0f6543bf64865560ba74780a0a24","1",""
"yoRadio/src/core/softxpt2046.h","True","False","1257","48","b21c995cbe39fff6b65b2830908bef218c8725c0beca71a7957a835ce3fc3957","0",""
"yoRadio/src/core/telnet.cpp","True","False","18705","522","1b8f5213a377f455355ff17de6d4eee1c2833f20860a751ec97d4bca0b23c9ef","194",""
"yoRadio/src/core/telnet.h","True","False","1016","37","352622582545358a0e1fdcc81f88988edb6327dc37cc2329ebd09d324a00bcb4","1",""
"yoRadio/src/core/timekeeper.cpp","True","False","13571","390","80148248d473a1959829cea32a1fca761fb9942402928c0aca135f4d745bdf51","64",""
"yoRadio/src/core/timekeeper.h","True","False","863","39","670499c529c65d2dcf925d6b7b96281d64262dbd7b6f6c889be282b5f90e23ea","0",""
"yoRadio/src/core/touchscreen.cpp","True","False","5510","215","5ee3ac44ca351dd4ce5a3734b1e3ad82e447afa388b036247797369b16eea41d","12",""
"yoRadio/src/core/touchscreen.h","True","False","540","22","a3104bd4ace14f3cf31a16e5fb7b376d596b794ff336e71394a66f3bfbb475f5","0",""
"yoRadio/src/displays/SSD1306_72x40.cpp","True","False","3587","110","b91205dd32a86288c3e99aba66cedf0987bce2f75fb6b000a07fe24ff77bfc36","2",""
"yoRadio/src/displays/SSD1306_72x40.h","True","False","1184","47","4b1b40518d36686a78a954e7c23e919684640fe9527990d9338925c979d926c0","0",""
"yoRadio/src/displays/conf/displayGC9106conf.h","True","False","4206","69","a44ae2aaadb4a3196e65611750188652b3cf54d73aef4df6881270fb5f2e57f9","3","22:PROGMEM;23:PROGMEM;25:PROGMEM;26:PROGMEM;27:PROGMEM;28:PROGMEM;31:PROGMEM;32:PROGMEM;33:PROGMEM;34:PROGMEM;35:PROGMEM;38:PROGMEM;39:PROGMEM;42:PROGMEM;43:PROGMEM;44:PROGMEM;45:PROGMEM;46:PROGMEM;47:PROGMEM;48:PROGMEM;49:PROGMEM;51:PROGMEM;52:PROGMEM;55:PROGMEM;58:PROGMEM;59:PROGMEM;62:PROGMEM;65:PROGMEM;66:PROGMEM;67:PROGMEM"
"yoRadio/src/displays/conf/displayGC9A01Aconf.h","True","False","4275","66","f7310af3c8309c5f225b79888c9f02b15227f6ac8f415bea2e5faa96275103ee","5","20:PROGMEM;21:PROGMEM;22:PROGMEM;23:PROGMEM;24:PROGMEM;25:PROGMEM;26:PROGMEM;28:PROGMEM;29:PROGMEM;30:PROGMEM;31:PROGMEM;32:PROGMEM;35:PROGMEM;36:PROGMEM;37:PROGMEM;38:PROGMEM;39:PROGMEM;40:PROGMEM;41:PROGMEM;42:PROGMEM;43:PROGMEM;44:PROGMEM;45:PROGMEM;46:PROGMEM;48:PROGMEM;49:PROGMEM;52:PROGMEM;55:PROGMEM;56:PROGMEM;57:PROGMEM;58:PROGMEM;59:PROGMEM;62:PROGMEM;63:PROGMEM;64:PROGMEM"
"yoRadio/src/displays/conf/displayILI9225conf.h","True","False","4531","71","7ae4fb4edb373ab326ceae397b1acd7f7c74afedaf213b564cca94d91b9fbd43","5","24:PROGMEM;25:PROGMEM;26:PROGMEM;27:PROGMEM;28:PROGMEM;29:PROGMEM;30:PROGMEM;33:PROGMEM;34:PROGMEM;35:PROGMEM;36:PROGMEM;37:PROGMEM;40:PROGMEM;41:PROGMEM;42:PROGMEM;43:PROGMEM;44:PROGMEM;45:PROGMEM;46:PROGMEM;47:PROGMEM;48:PROGMEM;49:PROGMEM;50:PROGMEM;51:PROGMEM;53:PROGMEM;54:PROGMEM;55:PROGMEM;58:PROGMEM;60:PROGMEM;61:PROGMEM;62:PROGMEM;63:PROGMEM;64:PROGMEM;67:PROGMEM;68:PROGMEM;69:PROGMEM"
"yoRadio/src/displays/conf/displayILI9341conf.h","True","False","4336","71","7e35dd258c1131385daec174e561d0b29b7f2e2ec8b5e18628539a42d7fb34fb","5","23:PROGMEM;24:PROGMEM;25:PROGMEM;26:PROGMEM;27:PROGMEM;28:PROGMEM;29:PROGMEM;32:PROGMEM;33:PROGMEM;34:PROGMEM;35:PROGMEM;36:PROGMEM;39:PROGMEM;40:PROGMEM;41:PROGMEM;42:PROGMEM;43:PROGMEM;44:PROGMEM;45:PROGMEM;46:PROGMEM;47:PROGMEM;48:PROGMEM;49:PROGMEM;50:PROGMEM;52:PROGMEM;53:PROGMEM;54:PROGMEM;57:PROGMEM;60:PROGMEM;61:PROGMEM;62:PROGMEM;63:PROGMEM;64:PROGMEM;67:PROGMEM;68:PROGMEM;69:PROGMEM"
"yoRadio/src/displays/conf/displayILI9488conf.h","True","False","4440","72","7b1940a135e08fe846497807dba0abce5858f0551a52f9462b00bc16d2ecb90a","5","24:PROGMEM;25:PROGMEM;26:PROGMEM;27:PROGMEM;28:PROGMEM;29:PROGMEM;30:PROGMEM;33:PROGMEM;34:PROGMEM;35:PROGMEM;36:PROGMEM;37:PROGMEM;40:PROGMEM;41:PROGMEM;42:PROGMEM;43:PROGMEM;44:PROGMEM;45:PROGMEM;46:PROGMEM;47:PROGMEM;48:PROGMEM;49:PROGMEM;50:PROGMEM;51:PROGMEM;53:PROGMEM;54:PROGMEM;55:PROGMEM;58:PROGMEM;61:PROGMEM;62:PROGMEM;63:PROGMEM;64:PROGMEM;65:PROGMEM;68:PROGMEM;69:PROGMEM;70:PROGMEM"
"yoRadio/src/displays/conf/displayLCD1602conf.h","True","False","2248","54","d9d37cc23d275980bc41afdab2f4aee313dbc63e057927dbdcde8e69d10e7154","2","34:PROGMEM;35:PROGMEM;36:PROGMEM;39:PROGMEM;40:PROGMEM;41:PROGMEM;42:PROGMEM;43:PROGMEM;44:PROGMEM;47:PROGMEM;48:PROGMEM;53:PROGMEM"
"yoRadio/src/displays/conf/displayLCD2004conf.h","True","False","2442","51","dae65259f73962f2d7c677ffabf19225d45504e340dd7df478d8f2ea2067c31d","3","26:PROGMEM;27:PROGMEM;28:PROGMEM;29:PROGMEM;30:PROGMEM;33:PROGMEM;34:PROGMEM;36:PROGMEM;37:PROGMEM;38:PROGMEM;39:PROGMEM;40:PROGMEM;41:PROGMEM;44:PROGMEM;45:PROGMEM;50:PROGMEM"
"yoRadio/src/displays/conf/displayN5110conf.h","True","False","3541","65","d1abd1e46d260db4036ae27f2578919c2374b3e8f1b994047417d0c3ea9c3e82","5","26:PROGMEM;27:PROGMEM;28:PROGMEM;29:PROGMEM;30:PROGMEM;31:PROGMEM;34:PROGMEM;36:PROGMEM;39:PROGMEM;40:PROGMEM;41:PROGMEM;42:PROGMEM;43:PROGMEM;44:PROGMEM;45:PROGMEM;46:PROGMEM;47:PROGMEM;48:PROGMEM;50:PROGMEM;51:PROGMEM;54:PROGMEM;55:PROGMEM;56:PROGMEM;57:PROGMEM;58:PROGMEM;61:PROGMEM;62:PROGMEM;63:PROGMEM"
"yoRadio/src/displays/conf/displaySH1106conf.h","True","False","4047","69","b19eca52e3105aaa880776236be996ab4319bc720f8abc944a4d86255c6feec6","4","22:PROGMEM;23:PROGMEM;24:PROGMEM;25:PROGMEM;26:PROGMEM;27:PROGMEM;28:PROGMEM;31:PROGMEM;32:PROGMEM;33:PROGMEM;34:PROGMEM;35:PROGMEM;38:PROGMEM;39:PROGMEM;41:PROGMEM;42:PROGMEM;43:PROGMEM;44:PROGMEM;45:PROGMEM;46:PROGMEM;47:PROGMEM;48:PROGMEM;49:PROGMEM;51:PROGMEM;52:PROGMEM;55:PROGMEM;58:PROGMEM;59:PROGMEM;60:PROGMEM;62:PROGMEM;65:PROGMEM;66:PROGMEM;67:PROGMEM"
"yoRadio/src/displays/conf/displaySSD1305conf.h","True","False","4036","69","3948ce8ffa03fe1bbd35fbb57c122b0147ccf107f763bb46536e6e823b8b9116","4","22:PROGMEM;23:PROGMEM;24:PROGMEM;25:PROGMEM;26:PROGMEM;27:PROGMEM;28:PROGMEM;31:PROGMEM;32:PROGMEM;33:PROGMEM;34:PROGMEM;35:PROGMEM;38:PROGMEM;39:PROGMEM;41:PROGMEM;42:PROGMEM;43:PROGMEM;44:PROGMEM;45:PROGMEM;46:PROGMEM;47:PROGMEM;48:PROGMEM;49:PROGMEM;51:PROGMEM;52:PROGMEM;55:PROGMEM;58:PROGMEM;59:PROGMEM;60:PROGMEM;62:PROGMEM;65:PROGMEM;66:PROGMEM;67:PROGMEM"
"yoRadio/src/displays/conf/displaySSD1306_72x40conf.h","True","False","2938","63","4021258c7ea1c41a2103802076d3c453d0ee0a977254be4cfd45d41f38486264","5","23:PROGMEM;24:PROGMEM;25:PROGMEM;26:PROGMEM;27:PROGMEM;28:PROGMEM;30:PROGMEM;31:PROGMEM;32:PROGMEM;33:PROGMEM;35:PROGMEM;36:PROGMEM;37:PROGMEM;38:PROGMEM;39:PROGMEM;40:PROGMEM;41:PROGMEM;42:PROGMEM;43:PROGMEM;44:PROGMEM;45:PROGMEM;46:PROGMEM;48:PROGMEM;49:PROGMEM;51:PROGMEM;53:PROGMEM;54:PROGMEM;55:PROGMEM;56:PROGMEM;57:PROGMEM;59:PROGMEM;60:PROGMEM;61:PROGMEM"
"yoRadio/src/displays/conf/displaySSD1306conf.h","True","False","4002","69","e5326f357dc70827b051ae2691963af2ccda48b0f316d647199efd188f5b1d74","4","22:PROGMEM;23:PROGMEM;24:PROGMEM;25:PROGMEM;26:PROGMEM;27:PROGMEM;28:PROGMEM;31:PROGMEM;32:PROGMEM;33:PROGMEM;34:PROGMEM;35:PROGMEM;38:PROGMEM;39:PROGMEM;41:PROGMEM;42:PROGMEM;43:PROGMEM;44:PROGMEM;45:PROGMEM;46:PROGMEM;47:PROGMEM;48:PROGMEM;49:PROGMEM;51:PROGMEM;52:PROGMEM;55:PROGMEM;58:PROGMEM;59:PROGMEM;60:PROGMEM;62:PROGMEM;65:PROGMEM;66:PROGMEM;67:PROGMEM"
"yoRadio/src/displays/conf/displaySSD1306x32conf.h","True","False","4043","70","28e58512e520cde0fd1be55eeb82c3de8a8d02a3e2eca49acde55904e53b8d8b","5","23:PROGMEM;24:PROGMEM;26:PROGMEM;27:PROGMEM;28:PROGMEM;29:PROGMEM;32:PROGMEM;33:PROGMEM;34:PROGMEM;35:PROGMEM;39:PROGMEM;40:PROGMEM;41:PROGMEM;42:PROGMEM;43:PROGMEM;44:PROGMEM;45:PROGMEM;46:PROGMEM;47:PROGMEM;48:PROGMEM;49:PROGMEM;52:PROGMEM;53:PROGMEM;56:PROGMEM;59:PROGMEM;60:PROGMEM;61:PROGMEM;62:PROGMEM;63:PROGMEM;66:PROGMEM;67:PROGMEM;68:PROGMEM"
"yoRadio/src/displays/conf/displaySSD1322conf.h","True","False","4170","71","c09dbb2a83c0c6289c364d877bf64ca6ec6981222ef8ba0c2f9b74cda42791bc","4","23:PROGMEM;24:PROGMEM;25:PROGMEM;26:PROGMEM;27:PROGMEM;28:PROGMEM;29:PROGMEM;32:PROGMEM;33:PROGMEM;34:PROGMEM;35:PROGMEM;36:PROGMEM;39:PROGMEM;40:PROGMEM;42:PROGMEM;43:PROGMEM;44:PROGMEM;45:PROGMEM;46:PROGMEM;47:PROGMEM;48:PROGMEM;50:PROGMEM;51:PROGMEM;53:PROGMEM;54:PROGMEM;57:PROGMEM;60:PROGMEM;61:PROGMEM;62:PROGMEM;64:PROGMEM;67:PROGMEM;68:PROGMEM;69:PROGMEM"
"yoRadio/src/displays/conf/displaySSD1327conf.h","True","False","4201","69","50a1e9e794b6913514cc37bc94e856c69b6f99a6e0141f95883ab0b1141a2c9c","5","21:PROGMEM;22:PROGMEM;23:PROGMEM;24:PROGMEM;25:PROGMEM;26:PROGMEM;27:PROGMEM;30:PROGMEM;31:PROGMEM;32:PROGMEM;33:PROGMEM;34:PROGMEM;37:PROGMEM;38:PROGMEM;40:PROGMEM;41:PROGMEM;42:PROGMEM;43:PROGMEM;44:PROGMEM;45:PROGMEM;46:PROGMEM;47:PROGMEM;48:PROGMEM;49:PROGMEM;51:PROGMEM;52:PROGMEM;55:PROGMEM;58:PROGMEM;59:PROGMEM;60:PROGMEM;61:PROGMEM;62:PROGMEM;65:PROGMEM;66:PROGMEM;67:PROGMEM"
"yoRadio/src/displays/conf/displayST7735_144conf.h","True","False","4156","66","c472ffd2db997a16eefa0b19e385600895a7d6755cd56b5dc244ae0fe4cf299f","5","18:PROGMEM;19:PROGMEM;20:PROGMEM;21:PROGMEM;22:PROGMEM;23:PROGMEM;24:PROGMEM;27:PROGMEM;28:PROGMEM;29:PROGMEM;30:PROGMEM;31:PROGMEM;34:PROGMEM;35:PROGMEM;37:PROGMEM;38:PROGMEM;39:PROGMEM;40:PROGMEM;41:PROGMEM;42:PROGMEM;43:PROGMEM;44:PROGMEM;45:PROGMEM;46:PROGMEM;48:PROGMEM;49:PROGMEM;52:PROGMEM;55:PROGMEM;56:PROGMEM;57:PROGMEM;58:PROGMEM;59:PROGMEM;62:PROGMEM;63:PROGMEM;64:PROGMEM"
"yoRadio/src/displays/conf/displayST7735_blackconf.h","True","False","4363","70","cffc53ae06119ba3b1942a64605193b7e47e378d9b254aa7c659388f90c6403e","5","22:PROGMEM;23:PROGMEM;24:PROGMEM;25:PROGMEM;26:PROGMEM;27:PROGMEM;28:PROGMEM;31:PROGMEM;32:PROGMEM;33:PROGMEM;34:PROGMEM;35:PROGMEM;38:PROGMEM;39:PROGMEM;41:PROGMEM;42:PROGMEM;43:PROGMEM;44:PROGMEM;45:PROGMEM;46:PROGMEM;47:PROGMEM;48:PROGMEM;49:PROGMEM;50:PROGMEM;52:PROGMEM;53:PROGMEM;54:PROGMEM;57:PROGMEM;60:PROGMEM;61:PROGMEM;62:PROGMEM;63:PROGMEM;64:PROGMEM;66:PROGMEM;67:PROGMEM;68:PROGMEM"
"yoRadio/src/displays/conf/displayST7735_miniconf.h","True","False","4160","69","da9f873f20c97bca61a3242d04003fe42c5a261a2bd9645c0bd8b7536d1a21cc","3","22:PROGMEM;23:PROGMEM;25:PROGMEM;26:PROGMEM;27:PROGMEM;28:PROGMEM;31:PROGMEM;32:PROGMEM;33:PROGMEM;34:PROGMEM;35:PROGMEM;38:PROGMEM;39:PROGMEM;42:PROGMEM;43:PROGMEM;44:PROGMEM;45:PROGMEM;46:PROGMEM;47:PROGMEM;48:PROGMEM;49:PROGMEM;51:PROGMEM;52:PROGMEM;55:PROGMEM;58:PROGMEM;59:PROGMEM;62:PROGMEM;65:PROGMEM;66:PROGMEM;67:PROGMEM"
"yoRadio/src/displays/conf/displayST7789_170conf.h","True","False","4588","77","446f3696f3461e0b6594b4033cff6c284d25a4f5ed70d2b7f135cc2dffd7e785","5","29:PROGMEM;30:PROGMEM;31:PROGMEM;32:PROGMEM;33:PROGMEM;34:PROGMEM;35:PROGMEM;38:PROGMEM;39:PROGMEM;40:PROGMEM;41:PROGMEM;42:PROGMEM;45:PROGMEM;46:PROGMEM;47:PROGMEM;48:PROGMEM;49:PROGMEM;50:PROGMEM;51:PROGMEM;52:PROGMEM;53:PROGMEM;54:PROGMEM;55:PROGMEM;56:PROGMEM;58:PROGMEM;59:PROGMEM;60:PROGMEM;63:PROGMEM;66:PROGMEM;67:PROGMEM;68:PROGMEM;69:PROGMEM;70:PROGMEM;73:PROGMEM;74:PROGMEM;75:PROGMEM"
"yoRadio/src/displays/conf/displayST7789_240conf.h","True","False","4216","67","ef2c62288d357a0aed329e0d6b41984e28969dba7063f34f0f6622ee3ba974b3","5","21:PROGMEM;22:PROGMEM;23:PROGMEM;24:PROGMEM;25:PROGMEM;26:PROGMEM;27:PROGMEM;29:PROGMEM;30:PROGMEM;31:PROGMEM;32:PROGMEM;33:PROGMEM;36:PROGMEM;37:PROGMEM;38:PROGMEM;39:PROGMEM;40:PROGMEM;41:PROGMEM;42:PROGMEM;43:PROGMEM;44:PROGMEM;45:PROGMEM;46:PROGMEM;47:PROGMEM;49:PROGMEM;50:PROGMEM;53:PROGMEM;56:PROGMEM;57:PROGMEM;58:PROGMEM;59:PROGMEM;60:PROGMEM;63:PROGMEM;64:PROGMEM;65:PROGMEM"
"yoRadio/src/displays/conf/displayST7789_76conf.h","True","False","4307","71","e4030cee365de703ecf2090f457d2585b722f3daa63098d5511362d30f9087e6","4","24:PROGMEM;25:PROGMEM;26:PROGMEM;27:PROGMEM;28:PROGMEM;29:PROGMEM;30:PROGMEM;33:PROGMEM;34:PROGMEM;35:PROGMEM;36:PROGMEM;37:PROGMEM;40:PROGMEM;41:PROGMEM;43:PROGMEM;44:PROGMEM;45:PROGMEM;46:PROGMEM;47:PROGMEM;48:PROGMEM;49:PROGMEM;50:PROGMEM;51:PROGMEM;53:PROGMEM;54:PROGMEM;57:PROGMEM;60:PROGMEM;61:PROGMEM;62:PROGMEM;64:PROGMEM;67:PROGMEM;68:PROGMEM;69:PROGMEM"
"yoRadio/src/displays/conf/displayST7789conf.h","True","False","4407","74","4229a728140fd7db01ca4fe17967bb78186185f1ff4aa86f0dfb17e3c6475f8c","5","26:PROGMEM;27:PROGMEM;28:PROGMEM;29:PROGMEM;30:PROGMEM;31:PROGMEM;32:PROGMEM;35:PROGMEM;36:PROGMEM;37:PROGMEM;38:PROGMEM;39:PROGMEM;42:PROGMEM;43:PROGMEM;44:PROGMEM;45:PROGMEM;46:PROGMEM;47:PROGMEM;48:PROGMEM;49:PROGMEM;50:PROGMEM;51:PROGMEM;52:PROGMEM;53:PROGMEM;55:PROGMEM;56:PROGMEM;57:PROGMEM;60:PROGMEM;63:PROGMEM;64:PROGMEM;65:PROGMEM;66:PROGMEM;67:PROGMEM;70:PROGMEM;71:PROGMEM;72:PROGMEM"
"yoRadio/src/displays/conf/displayST7796conf.h","True","False","4438","72","d1904e4c5eddfbe81a6e56830633a0a71bff7b70817faa90866d58e56de1458e","5","24:PROGMEM;25:PROGMEM;26:PROGMEM;27:PROGMEM;28:PROGMEM;29:PROGMEM;30:PROGMEM;33:PROGMEM;34:PROGMEM;35:PROGMEM;36:PROGMEM;37:PROGMEM;40:PROGMEM;41:PROGMEM;42:PROGMEM;43:PROGMEM;44:PROGMEM;45:PROGMEM;46:PROGMEM;47:PROGMEM;48:PROGMEM;49:PROGMEM;50:PROGMEM;51:PROGMEM;53:PROGMEM;54:PROGMEM;55:PROGMEM;58:PROGMEM;61:PROGMEM;62:PROGMEM;63:PROGMEM;64:PROGMEM;65:PROGMEM;68:PROGMEM;69:PROGMEM;70:PROGMEM"
"yoRadio/src/displays/conf/displayST7920conf.h","True","False","4043","69","b6be58e20052f4046e9db741e5f3a7e52b7f26aec3e4dbc4140952cadac71408","4","22:PROGMEM;23:PROGMEM;24:PROGMEM;25:PROGMEM;26:PROGMEM;27:PROGMEM;28:PROGMEM;31:PROGMEM;32:PROGMEM;33:PROGMEM;34:PROGMEM;35:PROGMEM;38:PROGMEM;39:PROGMEM;41:PROGMEM;42:PROGMEM;43:PROGMEM;44:PROGMEM;45:PROGMEM;46:PROGMEM;47:PROGMEM;48:PROGMEM;49:PROGMEM;51:PROGMEM;52:PROGMEM;55:PROGMEM;58:PROGMEM;59:PROGMEM;60:PROGMEM;62:PROGMEM;65:PROGMEM;66:PROGMEM;67:PROGMEM"
"yoRadio/src/displays/displayGC9106.cpp","True","False","843","26","0c61cf0027c18c3bb54cabd323fa7c862145821fe942c4ef6b0cc05125e17c39","3",""
"yoRadio/src/displays/displayGC9106.h","True","False","576","22","9def783c5b1235d8c830c4f9b791e456cd2e5a064cb9815b76599f465b344cfd","9",""
"yoRadio/src/displays/displayGC9A01A.cpp","True","False","915","28","7ab8070b088afde69055df729e2aadefe31c09a70456a665f1b6f427e1aac4bb","3",""
"yoRadio/src/displays/displayGC9A01A.h","True","False","516","22","f0576e6732b0f13db2f455920c378ae48ceea24b80c70ac66dfa568885fbb99f","9",""
"yoRadio/src/displays/displayILI9225.cpp","True","False","739","28","9168f7b9b0ebcdcdc102e92add8810a0d47ed357907c34b99345b31fa3bd2aaf","3",""
"yoRadio/src/displays/displayILI9225.h","True","False","541","21","ff0e14636af850e86c48cfc35bcc129f03395d9fbc0b5e7019080ca1db9e26f2","9",""
"yoRadio/src/displays/displayILI9341.cpp","True","False","888","26","2fb462230bd91bd52fceaa18d6dd74c5ab838338a9796572042107a6d6070475","3",""
"yoRadio/src/displays/displayILI9341.h","True","False","466","21","06ebb39e1b8ad9862fe8f22cafa8431fe97e8afb656fba13a84a1ab1a7010d86","7",""
"yoRadio/src/displays/displayILI9488.cpp","True","False","931","29","aa6e81f3c7425db9f2f43620993bc2f64dbabc8288c41e3e814cb667206e1416","3",""
"yoRadio/src/displays/displayILI9488.h","True","False","597","26","14e2a7f29f77ff094d415887350326ec9150b8e752666a8779b0f11b080399e2","8",""
"yoRadio/src/displays/displayLC1602.cpp","True","False","1885","86","1b48c73fca7bec227160cf37504e188c4924906d7abb57dc63fd4f8c98c2d4e9","6",""
"yoRadio/src/displays/displayLC1602.h","True","False","1933","67","6fc2a3bfb0036f1bfc750cab903198db7c012fb739d6e3b188cd3b4464cd7ecd","13","59:PROGMEM;60:PROGMEM;61:PROGMEM;62:PROGMEM;63:PROGMEM;64:PROGMEM;65:PROGMEM"
"yoRadio/src/displays/displayN5110.cpp","True","False","1547","49","9fe1a910098fc1e6558b762d4bc81b0de19c890e597a0684d8eb5a6941a63c55","3",""
"yoRadio/src/displays/displayN5110.h","True","False","739","33","d905e15d7b803794fa3672dde94351c5bf958cfb0383481cbd2ae5517268643d","9",""
"yoRadio/src/displays/displaySH1106.cpp","True","False","1439","52","5e9aa0af3935b787f547bc0730d00a0c94dabee6f333afc215fc782c5efc1470","5",""
"yoRadio/src/displays/displaySH1106.h","True","False","817","36","2d66eea924923a4091995e11aaaa060b834e67185d0fe1cae0b9f298cce2c612","6",""
"yoRadio/src/displays/displaySSD1305.cpp","True","False","1429","46","933fb0b99ce15e560b5520654e91ba9f5235ca8dee7d098a756620a281eaf7f6","5",""
"yoRadio/src/displays/displaySSD1305.h","True","False","694","31","0aa99e7a18f87837b97fc1982babbdf5a75557adb9ccf92c2dc1d95743b9481c","6",""
"yoRadio/src/displays/displaySSD1306.cpp","True","False","1842","58","9528787fe39f02bf9915838c5c127f0a361a9e6aae3a944e116bb9fe43c28b96","5",""
"yoRadio/src/displays/displaySSD1306.h","True","False","1084","48","7c92b99bfa9e4191de1e855e00fefadfef89692fc8bd4a119bc1d9c889f38a85","9",""
"yoRadio/src/displays/displaySSD1322.cpp","True","False","1927","62","8f161c592b4aaf75a68d8377ec22a81c8c76eb73cfa0289988348ba499798cfa","4",""
"yoRadio/src/displays/displaySSD1322.h","True","False","625","30","b19c4086fc3e6e3c18d824664acad9ab82bf6628eec5fdb3061cb9fb4916a839","8",""
"yoRadio/src/displays/displaySSD1327.cpp","True","False","2085","62","7324c9acbea6273acf53a5a54f3068b656826e98b47f6ce1df07a8a998730efc","4",""
"yoRadio/src/displays/displaySSD1327.h","True","False","801","38","4c1f0e34d30533c1bf60fff5fb2403d9b272c24b7f0f76cfb714fe616113f7fb","7",""
"yoRadio/src/displays/displayST7735.cpp","True","False","935","26","4de2dd643a00a1d60622e1ac18a59cf64d13f12e346f92652a9b50c25ba19c9c","3",""
"yoRadio/src/displays/displayST7735.h","True","False","646","29","7b25015cda713812879f874abcd139a646c01ccc868d2b1794f8d79b9b98c9b8","9",""
"yoRadio/src/displays/displayST7789.cpp","True","False","1475","52","f2ef53710b7cad2df71d7c9c0a50823ec0609aa058bfeef7f415536e37020aaa","3",""
"yoRadio/src/displays/displayST7789.h","True","False","830","35","0a8856aefb7c6951b2aa14bdb18ccd68e619c5436f84303b29cbf7a1700738dd","12",""
"yoRadio/src/displays/displayST7796.cpp","True","False","895","28","20dd4feee1fdb0517f52fc3399dc9b0c969a89109d830332726dec48aa7c7160","3",""
"yoRadio/src/displays/displayST7796.h","True","False","489","21","892d063704470a26d00f6003e431d7a36efb56813d6c4f3326da6dc6a8c797d2","8",""
"yoRadio/src/displays/displayST7920.cpp","True","False","676","27","0616b424c7c9fbef43dc1457390ada432d626ccf2f21c83b13168b4071d6b19e","4",""
"yoRadio/src/displays/displayST7920.h","True","False","679","31","c1680389a121f18d2bf7315dfb82461c0cf062203f6cf652645e4e9075c57809","7",""
"yoRadio/src/displays/dspcore.h","True","False","4042","114","02d2d1a849ab5f9ee3aed48f769686eb980746a65abf81a1a8053a3a51642841","20",""
"yoRadio/src/displays/fonts/C3Terminal15.h","True","False","34806","596","b408bcb733ad18c78fae4eb5d9aa9b1a6b8eeee27ac7f9619d94198616495a04","0","8:PROGMEM;331:PROGMEM;590:PROGMEM"
"yoRadio/src/displays/fonts/DS_DIGI15pt7b.h","True","False","3430","60","4cc2d61c57cd8b7971c143131b9631358ee46556c7d86a23e30ba82d24cc0c15","0","1:PROGMEM;26:PROGMEM;56:PROGMEM"
"yoRadio/src/displays/fonts/DS_DIGI15pt7b_mono.h","True","False","3432","60","c334db189930991d6ef28a2335d83b7f2815d8e267e4188a617514b3d4ba50d7","0","1:PROGMEM;26:PROGMEM;56:PROGMEM"
"yoRadio/src/displays/fonts/DS_DIGI28pt7b.h","True","False","7192","109","c2232ebf526c31713b609d51a83b52e6afdfc3db66a2e99ba978b05fd4166c54","0","1:PROGMEM;77:PROGMEM;107:PROGMEM"
"yoRadio/src/displays/fonts/DS_DIGI28pt7b_mono.h","True","False","7268","109","d6b28730cbe78045956df30f0df3e95df5cc2aca8cf1aec0b1c50d8da5008d7c","0","1:PROGMEM;77:PROGMEM;107:PROGMEM"
"yoRadio/src/displays/fonts/DS_DIGI42pt7b.h","True","False","13763","199","3a4d73bcdc4fdc51cba0a341d4036260dd23ad5914e17706e313e58e823ad4f1","0","1:PROGMEM;165:PROGMEM;195:PROGMEM"
"yoRadio/src/displays/fonts/DS_DIGI42pt7b_mono.h","True","False","13927","199","f982fdfa491375e1b0b1d63fe4a6f18f50f37217a469765cb86a5b4cff0a7e2e","0","1:PROGMEM;165:PROGMEM;195:PROGMEM"
"yoRadio/src/displays/fonts/DS_DIGI56pt7b.h","True","False","23121","320","bf14282f59672412bd1d8c8fa3c3a2cb48e59c0d62ed9ed7fe45cbb80c4db2b4","0","1:PROGMEM;286:PROGMEM;316:PROGMEM"
"yoRadio/src/displays/fonts/DS_DIGI56pt7b_mono.h","True","False","25453","350","9f57a670e0e534c29243c74d3b4787dea25dcf600dbf491292cf6d49a85ad979","0","1:PROGMEM;316:PROGMEM;346:PROGMEM"
"yoRadio/src/displays/fonts/TinyFont5.h","True","False","12590","209","55d760b41fb03cc20d00351b780ce16b6e2fb632b2560c9a9e90064d94104953","0","1:PROGMEM;44:PROGMEM;209:PROGMEM"
"yoRadio/src/displays/fonts/TinyFont6.h","True","False","11718","198","f9bad1dbde0d90a9142bb28bf49ccb3219cf9d20ea740e164655c18041956be9","0","1:PROGMEM;33:PROGMEM;198:PROGMEM"
"yoRadio/src/displays/fonts/bootlogo21x28.h","True","False","1275","38","d2c80eca9170d146afd13c10eea85b07a7aa17ac69c07b8cced0d6912c5accd1","0","28:PROGMEM"
"yoRadio/src/displays/fonts/bootlogo21x32.h","True","False","1387","40","913fb2b590fa546a7bd05b1747039ff342c187581d025c2fa555b910cf9010e1","0","28:PROGMEM"
"yoRadio/src/displays/fonts/bootlogo62x40.h","True","False","20733","71","c7be479a9c03e4afd6fdb4ec90951f6063d3f157812a293d2546fc76feba4fa4","0","28:PROGMEM"
"yoRadio/src/displays/fonts/bootlogo99x64.h","True","False","71361","159","5e7cf568d417e4e5aaf0dad8b1c83c259a0326c20d699e2ee777e0e641ed6b65","0","28:PROGMEM"
"yoRadio/src/displays/fonts/dsfont19.h","True","False","148","10","0067ebfa348712899f6f3469cb5c0ac755a5b6558f6b8cf118db957acdccc351","2",""
"yoRadio/src/displays/fonts/dsfont35.h","True","False","231","10","83e79ac65a6965efb9d6198b6f7f8aee4d47c9c3f7c5a7af3ad23c36ebe836e9","2",""
"yoRadio/src/displays/fonts/dsfont52.h","True","False","213","10","919f4c9a9515fd24c88509f285cf27ffd938eed4f0dcc1be782207726a509c8e","2",""
"yoRadio/src/displays/fonts/dsfont70.h","True","False","213","10","7f7637ee68a658fec99ede2151a5bad4942211fc708b9e5019702b26eef7be6c","2",""
"yoRadio/src/displays/fonts/yofont10x14.c","True","False","32837","274","01e51138582c0c85818c686c8d26468b28d248a590ccb073b55bfbba11506f9c","0","10:PROGMEM;15:PROGMEM"
"yoRadio/src/displays/fonts/yofont5x7.c","True","False","10051","272","8cd7fc1918151c742dc67c35f1577c69249bdff5d6528a9b0e018f0915c670c1","0","10:PROGMEM;13:PROGMEM"
"yoRadio/src/displays/nextion.cpp","True","False","19212","619","722678ac6908c6b1a0c1fc5aade38b7a0b76e543f1d0875b5c56d03afb7204a0","127",""
"yoRadio/src/displays/nextion.h","True","False","2110","71","d40dc7a7984a1601b66008ebe08379389a404951ce350449143b02d71dba4fd0","1",""
"yoRadio/src/displays/tools/commongfx.h","True","False","3550","105","fb99836a83407b895f0737dd54f329dcc48824b3724d37b2cbd3de49de11f53b","4",""
"yoRadio/src/displays/tools/l10n.h","True","False","485","18","51df02b2bb3c504193f2458b364f7a085046e1c4e49e86f163e3ffe70af91dfb","4",""
"yoRadio/src/displays/tools/oledcolorfix.h","True","False","1079","35","77c408c4a7a10095da47fc60e8d0255a87564cd22e77b57f9d1e2d4751a583c7","0",""
"yoRadio/src/displays/tools/psframebuffer.h","True","False","2180","79","935c47afafb3dbbc0dc5dd3efec9ab44baee10285a8cea5ad00a76ca3e4f3514","0",""
"yoRadio/src/displays/tools/tftinverttitle.h","True","False","343","13","af0b4b416ce54a9577b468ccb9f92bc6761a2d3149a8800deb8e7b75d617545e","0",""
"yoRadio/src/displays/tools/utf8Rus.cpp","True","False","10208","284","aead18d24e1f167a374f960f2dbc16a22113a9749d579fb8d472d5b43fe7025e","120","208:PROGMEM"
"yoRadio/src/displays/tools/utf8Rus.h","True","False","136","7","57a242375102cba746bd9031c85a8e4c3f6fb38c72d9c085481dc3c459679ff5","0",""
"yoRadio/src/displays/widgets/pages.cpp","True","False","2451","105","f157c82c8ec31be5f641023a9807855b21277f9eef8ccd7060bda1f1a8992fdd","4",""
"yoRadio/src/displays/widgets/pages.h","True","False","798","39","07b6ad1ca50efd9ce139b47250d16f780fac20c1fbab3ebb9e9ae8c5cb6d9ac4","0",""
"yoRadio/src/displays/widgets/widgets.cpp","True","False","34503","1057","420dc77a844ed9904b4544d998a3dbb6640a5a5425c16340ae19abcea72e6bde","44",""
"yoRadio/src/displays/widgets/widgets.h","True","False","8613","282","9c9e7c87eba1c1cc3770db4004d85dce98cbe62c8fdfaa4ccf4628f89e7d60c2","2",""
"yoRadio/src/displays/widgets/widgetsconfig.h","True","False","1006","57","ece15ad36fe013c5bdbe14bfb81eaaf3a2ce48fa637a5034a0ddbdb77324f294","0",""
"yoRadio/src/main.cpp","True","False","4480","153","f53a806f62e02c0258d67735514cc03f75122fee3a1d56d0c25b7a8cc995a48b","27",""
"yoRadio/src/pluginsManager/pluginsManager.cpp","True","False","418","26","70488cdd0fb07c49e8867e5f81b9db72fc79e5a46625c25e8f4439e494ebd117","1",""
"yoRadio/src/pluginsManager/pluginsManager.h","True","False","4748","149","b07c80cac19a7fa7648bfec3206655eb2d0397a87e2d8b4f03dced77468c7374","1",""
"yoRadio/src/yoEncoder/yoEncoder.cpp","True","False","4581","151","d65a5719822fdf3704cfe1ba6cf273742fc4ae1471e529d2eb0f17b53a5628fb","3","10:IRAM_ATTR"
"yoRadio/src/yoEncoder/yoEncoder.h","True","False","1713","69","83866fc1b4179cde724e7073aa7625d2f943cd5c8a19031a3dfbb3fb24764b65","1",""
"yoRadio/yoRadio.ino","True","False","3983","63","1291e54022a64eece0c9e1c8d9a216e00aecf536f09212883cb047cba5c5a573","0",""
